state_name,district_name,block_name,mandal_name,village_name,location_name,latitude,longitude,observation_year,observation_month,observation_period,groundwater_depth_m,gwra_year,gwra_category,annual_groundwater_recharge_bcm,annual_extractable_groundwater_resource_bcm,annual_groundwater_extraction_bcm,stage_of_groundwater_extraction_percent,rainfall_mm,rainfall_period,geography_match_type,confidence_score,data_quality_status,data_source_groundwater,data_source_gwra,data_source_rainfall,groundwater_source_type,gwra_source_type,rainfall_source_type,groundwater_extraction_method,gwra_extraction_method,rainfall_extraction_method,groundwater_source_page,gwra_source_page,rainfall_source_page,source_url
arunachal pradesh,changlang,changlang,changlang,Jairampur,Jairampur Station,27.20833,96.04166,2025,8,August,3.0,2025.0,Safe,0.3010752,0.2709675,0.0024762,0.91,334.0229797363281,monthly,normalized_exact,0.7,valid,August_WL_1994-2025.pdf,GWRA_2025.pdf,IMD Gridded Rainfall (0.25x0.25 deg),local_pdf,local_pdf,official_web_fallback,pdf_text,pdf_table,netcdf_spatial_lookup,16,NULL,NULL,https://cgwb.gov.in
arunachal pradesh,changlang,changlang,changlang,Namchik,Namchik Station,27.41667,96.04583,2025,8,August,1.39,2025.0,Safe,0.3010752,0.2709675,0.0024762,0.91,334.0502319335937,monthly,normalized_exact,0.7,valid,August_WL_1994-2025.pdf,GWRA_2025.pdf,IMD Gridded Rainfall (0.25x0.25 deg),local_pdf,local_pdf,official_web_fallback,pdf_text,pdf_table,netcdf_spatial_lookup,16,NULL,NULL,https://cgwb.gov.in
arunachal pradesh,changlang,khagam-miao,khagam-miao,Namphai,Namphai Station,27.45833,96.10833,2025,8,August,1.56,2025.0,Safe,0.3010752,0.2709675,0.0024762,0.91,334.0502319335937,monthly,normalized_exact,0.7,valid,August_WL_1994-2025.pdf,GWRA_2025.pdf,IMD Gridded Rainfall (0.25x0.25 deg),local_pdf,local_pdf,official_web_fallback,pdf_text,pdf_table,netcdf_spatial_lookup,16,NULL,NULL,https://cgwb.gov.in
arunachal pradesh,changlang,khagam-miao,khagam-miao,Newlisan Kharsang,Newlisan Kharsang Station,27.5,96.13333,2025,8,August,3.92,2025.0,Safe,0.3010752,0.2709675,0.0024762,0.91,260.1230773925781,monthly,normalized_exact,0.7,valid,August_WL_1994-2025.pdf,GWRA_2025.pdf,IMD Gridded Rainfall (0.25x0.25 deg),local_pdf,local_pdf,official_web_fallback,pdf_text,pdf_table,netcdf_spatial_lookup,16,NULL,NULL,https://cgwb.gov.in
arunachal pradesh,east siang,pasighat,pasighat,Pasighat,Pasighat Station,28.15139,95.29583,2025,8,August,5.67,2025.0,Safe,0.8026644000000001,0.71985,0.0017902,0.25,515.3174438476562,monthly,normalized_exact,0.7,valid,August_WL_1994-2025.pdf,GWRA_2025.pdf,IMD Gridded Rainfall (0.25x0.25 deg),local_pdf,local_pdf,official_web_fallback,pdf_text,pdf_table,netcdf_spatial_lookup,16,NULL,NULL,https://cgwb.gov.in
arunachal pradesh,east siang,pasighat,pasighat,Satmile,Satmile Station,27.97672,95.33163,2025,8,August,1.25,2025.0,Safe,0.8026644000000001,0.71985,0.0017902,0.25,437.1961059570313,monthly,normalized_exact,0.7,valid,August_WL_1994-2025.pdf,GWRA_2025.pdf,IMD Gridded Rainfall (0.25x0.25 deg),local_pdf,local_pdf,official_web_fallback,pdf_text,pdf_table,netcdf_spatial_lookup,16,NULL,NULL,https://cgwb.gov.in
arunachal pradesh,east siang,ruksin,ruksin,Oyan,Oyan Station,27.89022,95.31833,2025,8,August,6.24,2025.0,Safe,0.8026644000000001,0.71985,0.0017902,0.25,437.1961059570313,monthly,normalized_exact,0.7,valid,August_WL_1994-2025.pdf,GWRA_2025.pdf,IMD Gridded Rainfall (0.25x0.25 deg),local_pdf,local_pdf,official_web_fallback,pdf_text,pdf_table,netcdf_spatial_lookup,16,NULL,NULL,https://cgwb.gov.in
arunachal pradesh,east siang,ruksin,ruksin,Ruksin,Ruksin Station,27.83778,95.21817,2025,8,August,0.5,2025.0,Safe,0.8026644000000001,0.71985,0.0017902,0.25,131.05258178710938,monthly,normalized_exact,0.7,valid,August_WL_1994-2025.pdf,GWRA_2025.pdf,IMD Gridded Rainfall (0.25x0.25 deg),local_pdf,local_pdf,official_web_fallback,pdf_text,pdf_table,netcdf_spatial_lookup,16,NULL,NULL,https://cgwb.gov.in
arunachal pradesh,east siang,ruksin,ruksin,Sika Baman Todee 1,Sika Baman Todee 1 Station,27.89778,95.32389,2025,8,August,1.86,2025.0,Safe,0.8026644000000001,0.71985,0.0017902,0.25,437.1961059570313,monthly,normalized_exact,0.7,valid,August_WL_1994-2025.pdf,GWRA_2025.pdf,IMD Gridded Rainfall (0.25x0.25 deg),local_pdf,local_pdf,official_web_fallback,pdf_text,pdf_table,netcdf_spatial_lookup,16,NULL,NULL,https://cgwb.gov.in
arunachal pradesh,kamle,tamen-raga,tamen-raga,Bomte,Bomte Station,27.4895,94.19442,2025,8,August,0.43,NULL,Safe,NULL,NULL,NULL,NULL,806.2515258789062,monthly,unmatched,0.0,valid,August_WL_1994-2025.pdf,NULL,IMD Gridded Rainfall (0.25x0.25 deg),local_pdf,official_web_fallback,official_web_fallback,pdf_text,NULL,netcdf_spatial_lookup,16,NULL,NULL,https://cgwb.gov.in
arunachal pradesh,lohit,wakro,wakro,Medo,Medo Station,27.79096,96.17737,2025,8,August,0.17,2025.0,Safe,1.2295016,1.0937697,0.0027372,0.25,184.21543884277344,monthly,normalized_exact,0.7,valid,August_WL_1994-2025.pdf,GWRA_2025.pdf,IMD Gridded Rainfall (0.25x0.25 deg),local_pdf,local_pdf,official_web_fallback,pdf_text,pdf_table,netcdf_spatial_lookup,16,NULL,NULL,https://cgwb.gov.in
arunachal pradesh,lower dibang valley,roing,roing,Kangklong,Kangklong Station,27.97171,95.75741,2025,8,August,1.6,2025.0,Safe,0.7962549000000001,0.7166294,0.0024813,0.35,254.6231689453125,monthly,normalized_exact,0.7,valid,August_WL_1994-2025.pdf,GWRA_2025.pdf,IMD Gridded Rainfall (0.25x0.25 deg),local_pdf,local_pdf,official_web_fallback,pdf_text,pdf_table,netcdf_spatial_lookup,16,NULL,NULL,https://cgwb.gov.in
arunachal pradesh,lower subansiri,ziro-i,ziro-i,Rajgarh,Rajgarh Station,27.40475,94.15225,2025,8,August,0.47,2025.0,Safe,0.0524143999999999,0.0448554,0.0003978999999999,0.89,806.2515258789062,monthly,normalized_exact,0.7,valid,August_WL_1994-2025.pdf,GWRA_2025.pdf,IMD Gridded Rainfall (0.25x0.25 deg),local_pdf,local_pdf,official_web_fallback,pdf_text,pdf_table,netcdf_spatial_lookup,16,NULL,NULL,https://cgwb.gov.in
arunachal pradesh,namsai,namsai,namsai,Adi Ningroo,Adi Ningroo Station,27.63561,95.90167,2025,8,August,2.88,NULL,Safe,NULL,NULL,NULL,NULL,283.7877197265625,monthly,unmatched,0.0,valid,August_WL_1994-2025.pdf,NULL,IMD Gridded Rainfall (0.25x0.25 deg),local_pdf,official_web_fallback,official_web_fallback,pdf_text,NULL,netcdf_spatial_lookup,16,NULL,NULL,https://cgwb.gov.in
arunachal pradesh,namsai,namsai,namsai,Lathow,Lathow Station,27.66667,95.875,2025,8,August,4.67,NULL,Safe,NULL,NULL,NULL,NULL,263.51837158203125,monthly,unmatched,0.0,valid,August_WL_1994-2025.pdf,NULL,IMD Gridded Rainfall (0.25x0.25 deg),local_pdf,official_web_fallback,official_web_fallback,pdf_text,NULL,netcdf_spatial_lookup,16,NULL,NULL,https://cgwb.gov.in
arunachal pradesh,namsai,namsai,namsai,Wingko,Wingko Station,27.63077,95.9492,2025,8,August,0.41,NULL,Safe,NULL,NULL,NULL,NULL,283.7877197265625,monthly,unmatched,0.0,valid,August_WL_1994-2025.pdf,NULL,IMD Gridded Rainfall (0.25x0.25 deg),local_pdf,official_web_fallback,official_web_fallback,pdf_text,NULL,netcdf_spatial_lookup,16,NULL,NULL,https://cgwb.gov.in
arunachal pradesh,papum pare,balijan,balijan,Holangi,Holangi Station,26.96228,93.59205,2025,8,August,1.27,2025.0,Safe,0.1230744,0.0959323,0.0014868,1.55,316.4803771972656,monthly,normalized_exact,0.7,valid,August_WL_1994-2025.pdf,GWRA_2025.pdf,IMD Gridded Rainfall (0.25x0.25 deg),local_pdf,local_pdf,official_web_fallback,pdf_text,pdf_table,netcdf_spatial_lookup,16,NULL,NULL,https://cgwb.gov.in
arunachal pradesh,papum pare,balijan,balijan,Sonajuli,Sonajuli Station,27.02814,93.7413,2025,8,August,0.98,2025.0,Safe,0.1230744,0.0959323,0.0014868,1.55,365.2341003417969,monthly,normalized_exact,0.7,valid,August_WL_1994-2025.pdf,GWRA_2025.pdf,IMD Gridded Rainfall (0.25x0.25 deg),local_pdf,local_pdf,official_web_fallback,pdf_text,pdf_table,netcdf_spatial_lookup,16,NULL,NULL,https://cgwb.gov.in
arunachal pradesh,papum pare,borum,borum,Naharlagun,Naharlagun Station,27.10306,93.69473,2025,8,August,5.53,2025.0,Safe,0.1230744,0.0959323,0.0014868,1.55,365.2341003417969,monthly,normalized_exact,0.7,valid,August_WL_1994-2025.pdf,GWRA_2025.pdf,IMD Gridded Rainfall (0.25x0.25 deg),local_pdf,local_pdf,official_web_fallback,pdf_text,pdf_table,netcdf_spatial_lookup,16,NULL,NULL,https://cgwb.gov.in
arunachal pradesh,papum pare,borum,borum,Nirjuli,Nirjuli Station,27.13111,93.73306,2025,8,August,0.38,2025.0,Safe,0.1230744,0.0959323,0.0014868,1.55,739.8558349609375,monthly,normalized_exact,0.7,valid,August_WL_1994-2025.pdf,GWRA_2025.pdf,IMD Gridded Rainfall (0.25x0.25 deg),local_pdf,local_pdf,official_web_fallback,pdf_text,pdf_table,netcdf_spatial_lookup,16,NULL,NULL,https://cgwb.gov.in
arunachal pradesh,papum pare,doimukh,doimukh,Banderdewa,Banderdewa Station,27.10528,93.82584,2025,8,August,11.13,2025.0,Safe,0.1230744,0.0959323,0.0014868,1.55,365.2341003417969,monthly,normalized_exact,0.7,valid,August_WL_1994-2025.pdf,GWRA_2025.pdf,IMD Gridded Rainfall (0.25x0.25 deg),local_pdf,local_pdf,official_web_fallback,pdf_text,pdf_table,netcdf_spatial_lookup,16,NULL,NULL,https://cgwb.gov.in
arunachal pradesh,papum pare,doimukh,doimukh,Doimukh,Doimukh Station,27.15,93.75,2025,8,August,0.89,2025.0,Safe,0.1230744,0.0959323,0.0014868,1.55,739.8558349609375,monthly,normalized_exact,0.7,valid,August_WL_1994-2025.pdf,GWRA_2025.pdf,IMD Gridded Rainfall (0.25x0.25 deg),local_pdf,local_pdf,official_web_fallback,pdf_text,pdf_table,netcdf_spatial_lookup,16,NULL,NULL,https://cgwb.gov.in
arunachal pradesh,papum pare,kimin,kimin,Kimin,Kimin Station,27.30428,93.97071,2025,8,August,0.14,2025.0,Safe,0.1230744,0.0959323,0.0014868,1.55,714.258056640625,monthly,normalized_exact,0.7,valid,August_WL_1994-2025.pdf,GWRA_2025.pdf,IMD Gridded Rainfall (0.25x0.25 deg),local_pdf,local_pdf,official_web_fallback,pdf_text,pdf_table,netcdf_spatial_lookup,16,NULL,NULL,https://cgwb.gov.in
arunachal pradesh,tirap,borduria,borduria,Borduria,Borduria Station,27.01667,95.46667,2025,8,August,4.32,2025.0,Safe,0.0866897,0.0780207,0.0005554,0.71,273.92645263671875,monthly,normalized_exact,0.7,valid,August_WL_1994-2025.pdf,GWRA_2025.pdf,IMD Gridded Rainfall (0.25x0.25 deg),local_pdf,local_pdf,official_web_fallback,pdf_text,pdf_table,netcdf_spatial_lookup,16,NULL,NULL,https://cgwb.gov.in
arunachal pradesh,tirap,borduria,borduria,Hukanjuri,Hukanjuri Station,27.00833,95.46667,2025,8,August,3.93,2025.0,Safe,0.0866897,0.0780207,0.0005554,0.71,273.92645263671875,monthly,normalized_exact,0.7,valid,August_WL_1994-2025.pdf,GWRA_2025.pdf,IMD Gridded Rainfall (0.25x0.25 deg),local_pdf,local_pdf,official_web_fallback,pdf_text,pdf_table,netcdf_spatial_lookup,16,NULL,NULL,https://cgwb.gov.in
arunachal pradesh,tirap,namsang,namsang,Deomali,Deomali Station,27.2,95.525,2025,8,August,3.05,2025.0,Safe,0.0866897,0.0780207,0.0005554,0.71,280.0774230957031,monthly,normalized_exact,0.7,valid,August_WL_1994-2025.pdf,GWRA_2025.pdf,IMD Gridded Rainfall (0.25x0.25 deg),local_pdf,local_pdf,official_web_fallback,pdf_text,pdf_table,netcdf_spatial_lookup,16,NULL,NULL,https://cgwb.gov.in
arunachal pradesh,changlang,changlang,changlang,Jairampur,Jairampur Station,27.20833,96.04167,2024,8,August,3.2,2025.0,Safe,0.3010752,0.2709675,0.0024762,0.91,NULL,NULL,normalized_exact,0.7,valid,August_WL_1994-2025.pdf,GWRA_2025.pdf,NULL,local_pdf,local_pdf,official_web_fallback,pdf_text,pdf_table,NULL,370,NULL,NULL,https://cgwb.gov.in
arunachal pradesh,changlang,changlang,changlang,Namchik,Namchik Station,27.41667,96.04583,2024,8,August,2.3,2025.0,Safe,0.3010752,0.2709675,0.0024762,0.91,NULL,NULL,normalized_exact,0.7,valid,August_WL_1994-2025.pdf,GWRA_2025.pdf,NULL,local_pdf,local_pdf,official_web_fallback,pdf_text,pdf_table,NULL,370,NULL,NULL,https://cgwb.gov.in
arunachal pradesh,changlang,khagam-miao,khagam-miao,Namphai,Namphai Station,27.45833,96.10833,2024,8,August,1.5,2025.0,Safe,0.3010752,0.2709675,0.0024762,0.91,NULL,NULL,normalized_exact,0.7,valid,August_WL_1994-2025.pdf,GWRA_2025.pdf,NULL,local_pdf,local_pdf,official_web_fallback,pdf_text,pdf_table,NULL,370,NULL,NULL,https://cgwb.gov.in
arunachal pradesh,changlang,khagam-miao,khagam-miao,Newlisan Kharsang,Newlisan Kharsang Station,27.5,96.13333,2024,8,August,3.9,2025.0,Safe,0.3010752,0.2709675,0.0024762,0.91,NULL,NULL,normalized_exact,0.7,valid,August_WL_1994-2025.pdf,GWRA_2025.pdf,NULL,local_pdf,local_pdf,official_web_fallback,pdf_text,pdf_table,NULL,370,NULL,NULL,https://cgwb.gov.in
arunachal pradesh,east siang,pasighat,pasighat,Pasighat,Pasighat Station,28.15139,95.29583,2024,8,August,5.6,2025.0,Safe,0.8026644000000001,0.71985,0.0017902,0.25,NULL,NULL,normalized_exact,0.7,valid,August_WL_1994-2025.pdf,GWRA_2025.pdf,NULL,local_pdf,local_pdf,official_web_fallback,pdf_text,pdf_table,NULL,370,NULL,NULL,https://cgwb.gov.in
arunachal pradesh,east siang,pasighat,pasighat,Satmile,Satmile Station,27.97672,95.33163,2024,8,August,0.9,2025.0,Safe,0.8026644000000001,0.71985,0.0017902,0.25,NULL,NULL,normalized_exact,0.7,valid,August_WL_1994-2025.pdf,GWRA_2025.pdf,NULL,local_pdf,local_pdf,official_web_fallback,pdf_text,pdf_table,NULL,370,NULL,NULL,https://cgwb.gov.in
arunachal pradesh,east siang,ruksin,ruksin,Oyan,Oyan Station,27.89022,95.31833,2024,8,August,1.5,2025.0,Safe,0.8026644000000001,0.71985,0.0017902,0.25,NULL,NULL,normalized_exact,0.7,valid,August_WL_1994-2025.pdf,GWRA_2025.pdf,NULL,local_pdf,local_pdf,official_web_fallback,pdf_text,pdf_table,NULL,371,NULL,NULL,https://cgwb.gov.in
arunachal pradesh,east siang,ruksin,ruksin,Ruksin,Ruksin Station,27.83778,95.21817,2024,8,August,1.5,2025.0,Safe,0.8026644000000001,0.71985,0.0017902,0.25,NULL,NULL,normalized_exact,0.7,valid,August_WL_1994-2025.pdf,GWRA_2025.pdf,NULL,local_pdf,local_pdf,official_web_fallback,pdf_text,pdf_table,NULL,371,NULL,NULL,https://cgwb.gov.in
arunachal pradesh,east siang,ruksin,ruksin,Sika Baman Todee,Sika Baman Todee Station,27.91333,95.34361,2024,8,August,1.3,2025.0,Safe,0.8026644000000001,0.71985,0.0017902,0.25,NULL,NULL,normalized_exact,0.7,valid,August_WL_1994-2025.pdf,GWRA_2025.pdf,NULL,local_pdf,local_pdf,official_web_fallback,pdf_text,pdf_table,NULL,371,NULL,NULL,https://cgwb.gov.in
arunachal pradesh,kamle,tamen-raga,tamen-raga,Bomte,Bomte Station,27.81667,94.31667,2024,8,August,0.9,NULL,Safe,NULL,NULL,NULL,NULL,NULL,NULL,unmatched,0.0,valid,August_WL_1994-2025.pdf,NULL,NULL,local_pdf,official_web_fallback,official_web_fallback,pdf_text,NULL,NULL,371,NULL,NULL,https://cgwb.gov.in
arunachal pradesh,lohit,wakro,wakro,Medo,Medo Station,27.79096,96.17737,2024,8,August,1.3,2025.0,Safe,1.2295016,1.0937697,0.0027372,0.25,NULL,NULL,normalized_exact,0.7,valid,August_WL_1994-2025.pdf,GWRA_2025.pdf,NULL,local_pdf,local_pdf,official_web_fallback,pdf_text,pdf_table,NULL,371,NULL,NULL,https://cgwb.gov.in
arunachal pradesh,lower dibang valley,roing,roing,Kangklong,Kangklong Station,27.97171,95.75741,2024,8,August,1.8,2025.0,Safe,0.7962549000000001,0.7166294,0.0024813,0.35,NULL,NULL,normalized_exact,0.7,valid,August_WL_1994-2025.pdf,GWRA_2025.pdf,NULL,local_pdf,local_pdf,official_web_fallback,pdf_text,pdf_table,NULL,371,NULL,NULL,https://cgwb.gov.in
arunachal pradesh,lower subansiri,ziro-i,ziro-i,Rajgarh,Rajgarh Station,27.40475,94.15225,2024,8,August,1.3,2025.0,Safe,0.0524143999999999,0.0448554,0.0003978999999999,0.89,NULL,NULL,normalized_exact,0.7,valid,August_WL_1994-2025.pdf,GWRA_2025.pdf,NULL,local_pdf,local_pdf,official_web_fallback,pdf_text,pdf_table,NULL,371,NULL,NULL,https://cgwb.gov.in
arunachal pradesh,namsai,namsai,namsai,Adi Ningroo,Adi Ningroo Station,27.63561,95.90167,2024,8,August,2.3,NULL,Safe,NULL,NULL,NULL,NULL,NULL,NULL,unmatched,0.0,valid,August_WL_1994-2025.pdf,NULL,NULL,local_pdf,official_web_fallback,official_web_fallback,pdf_text,NULL,NULL,371,NULL,NULL,https://cgwb.gov.in
arunachal pradesh,namsai,namsai,namsai,Lathow,Lathow Station,27.66667,95.875,2024,8,August,4.4,NULL,Safe,NULL,NULL,NULL,NULL,NULL,NULL,unmatched,0.0,valid,August_WL_1994-2025.pdf,NULL,NULL,local_pdf,official_web_fallback,official_web_fallback,pdf_text,NULL,NULL,371,NULL,NULL,https://cgwb.gov.in
arunachal pradesh,papum pare,balijan,balijan,Sonajuli,Sonajuli Station,27.02814,93.74131,2024,8,August,1.9,2025.0,Safe,0.1230744,0.0959323,0.0014868,1.55,NULL,NULL,normalized_exact,0.7,valid,August_WL_1994-2025.pdf,GWRA_2025.pdf,NULL,local_pdf,local_pdf,official_web_fallback,pdf_text,pdf_table,NULL,371,NULL,NULL,https://cgwb.gov.in
arunachal pradesh,papum pare,borum,borum,Chimpu,Chimpu Station,27.07,93.6,2024,8,August,4.0,2025.0,Safe,0.1230744,0.0959323,0.0014868,1.55,NULL,NULL,normalized_exact,0.7,valid,August_WL_1994-2025.pdf,GWRA_2025.pdf,NULL,local_pdf,local_pdf,official_web_fallback,pdf_text,pdf_table,NULL,371,NULL,NULL,https://cgwb.gov.in
arunachal pradesh,papum pare,borum,borum,Naharlagun,Naharlagun Station,27.10306,93.69472,2024,8,August,5.5,2025.0,Safe,0.1230744,0.0959323,0.0014868,1.55,NULL,NULL,normalized_exact,0.7,valid,August_WL_1994-2025.pdf,GWRA_2025.pdf,NULL,local_pdf,local_pdf,official_web_fallback,pdf_text,pdf_table,NULL,371,NULL,NULL,https://cgwb.gov.in
arunachal pradesh,papum pare,borum,borum,Nirjuli,Nirjuli Station,27.13111,93.73306,2024,8,August,0.2,2025.0,Safe,0.1230744,0.0959323,0.0014868,1.55,NULL,NULL,normalized_exact,0.7,valid,August_WL_1994-2025.pdf,GWRA_2025.pdf,NULL,local_pdf,local_pdf,official_web_fallback,pdf_text,pdf_table,NULL,371,NULL,NULL,https://cgwb.gov.in
arunachal pradesh,papum pare,borum,borum,Papu Nallah,Papu Nallah Station,27.0986,93.66948,2024,8,August,5.3,2025.0,Safe,0.1230744,0.0959323,0.0014868,1.55,NULL,NULL,normalized_exact,0.7,valid,August_WL_1994-2025.pdf,GWRA_2025.pdf,NULL,local_pdf,local_pdf,official_web_fallback,pdf_text,pdf_table,NULL,371,NULL,NULL,https://cgwb.gov.in
arunachal pradesh,papum pare,doimukh,doimukh,Banderdewa,Banderdewa Station,27.10528,93.82583,2024,8,August,10.5,2025.0,Safe,0.1230744,0.0959323,0.0014868,1.55,NULL,NULL,normalized_exact,0.7,valid,August_WL_1994-2025.pdf,GWRA_2025.pdf,NULL,local_pdf,local_pdf,official_web_fallback,pdf_text,pdf_table,NULL,371,NULL,NULL,https://cgwb.gov.in
arunachal pradesh,papum pare,doimukh,doimukh,Doimukh,Doimukh Station,27.15,93.75,2024,8,August,0.7,2025.0,Safe,0.1230744,0.0959323,0.0014868,1.55,NULL,NULL,normalized_exact,0.7,valid,August_WL_1994-2025.pdf,GWRA_2025.pdf,NULL,local_pdf,local_pdf,official_web_fallback,pdf_text,pdf_table,NULL,371,NULL,NULL,https://cgwb.gov.in
arunachal pradesh,papum pare,kimin,kimin,Kimin,Kimin Station,27.30428,93.97071,2024,8,August,0.5,2025.0,Safe,0.1230744,0.0959323,0.0014868,1.55,NULL,NULL,normalized_exact,0.7,valid,August_WL_1994-2025.pdf,GWRA_2025.pdf,NULL,local_pdf,local_pdf,official_web_fallback,pdf_text,pdf_table,NULL,371,NULL,NULL,https://cgwb.gov.in
arunachal pradesh,tirap,borduria,borduria,Borduria,Borduria Station,27.01667,95.46667,2024,8,August,4.3,2025.0,Safe,0.0866897,0.0780207,0.0005554,0.71,NULL,NULL,normalized_exact,0.7,valid,August_WL_1994-2025.pdf,GWRA_2025.pdf,NULL,local_pdf,local_pdf,official_web_fallback,pdf_text,pdf_table,NULL,371,NULL,NULL,https://cgwb.gov.in
arunachal pradesh,tirap,borduria,borduria,Hukanjuri,Hukanjuri Station,27.00833,95.46667,2024,8,August,4.3,2025.0,Safe,0.0866897,0.0780207,0.0005554,0.71,NULL,NULL,normalized_exact,0.7,valid,August_WL_1994-2025.pdf,GWRA_2025.pdf,NULL,local_pdf,local_pdf,official_web_fallback,pdf_text,pdf_table,NULL,371,NULL,NULL,https://cgwb.gov.in
arunachal pradesh,tirap,namsang,namsang,Deomali,Deomali Station,27.2,95.525,2024,8,August,3.4,2025.0,Safe,0.0866897,0.0780207,0.0005554,0.71,NULL,NULL,normalized_exact,0.7,valid,August_WL_1994-2025.pdf,GWRA_2025.pdf,NULL,local_pdf,local_pdf,official_web_fallback,pdf_text,pdf_table,NULL,371,NULL,NULL,https://cgwb.gov.in
arunachal pradesh,changlang,changlang,changlang,Jairampur,Jairampur Station,27.20833,96.04167,2023,8,August,0.8,2025.0,Safe,0.3010752,0.2709675,0.0024762,0.91,NULL,NULL,normalized_exact,0.7,valid,August_WL_1994-2025.pdf,GWRA_2025.pdf,NULL,local_pdf,local_pdf,official_web_fallback,pdf_text,pdf_table,NULL,724,NULL,NULL,https://cgwb.gov.in
arunachal pradesh,changlang,changlang,changlang,Namchik,Namchik Station,27.41667,96.04583,2023,8,August,1.6,2025.0,Safe,0.3010752,0.2709675,0.0024762,0.91,NULL,NULL,normalized_exact,0.7,valid,August_WL_1994-2025.pdf,GWRA_2025.pdf,NULL,local_pdf,local_pdf,official_web_fallback,pdf_text,pdf_table,NULL,724,NULL,NULL,https://cgwb.gov.in
arunachal pradesh,changlang,khagam-miao,khagam-miao,Namphai,Namphai Station,27.45833,96.10833,2023,8,August,1.5,2025.0,Safe,0.3010752,0.2709675,0.0024762,0.91,NULL,NULL,normalized_exact,0.7,valid,August_WL_1994-2025.pdf,GWRA_2025.pdf,NULL,local_pdf,local_pdf,official_web_fallback,pdf_text,pdf_table,NULL,724,NULL,NULL,https://cgwb.gov.in
arunachal pradesh,changlang,khagam-miao,khagam-miao,Newlisan Kharsang,Newlisan Kharsang Station,27.5,96.13333,2023,8,August,1.4,2025.0,Safe,0.3010752,0.2709675,0.0024762,0.91,NULL,NULL,normalized_exact,0.7,valid,August_WL_1994-2025.pdf,GWRA_2025.pdf,NULL,local_pdf,local_pdf,official_web_fallback,pdf_text,pdf_table,NULL,724,NULL,NULL,https://cgwb.gov.in
arunachal pradesh,east siang,pasighat,pasighat,Pasighat,Pasighat Station,28.15139,95.29583,2023,8,August,3.4,2025.0,Safe,0.8026644000000001,0.71985,0.0017902,0.25,NULL,NULL,normalized_exact,0.7,valid,August_WL_1994-2025.pdf,GWRA_2025.pdf,NULL,local_pdf,local_pdf,official_web_fallback,pdf_text,pdf_table,NULL,724,NULL,NULL,https://cgwb.gov.in
arunachal pradesh,east siang,pasighat,pasighat,Satmile,Satmile Station,27.97672,95.33163,2023,8,August,1.3,2025.0,Safe,0.8026644000000001,0.71985,0.0017902,0.25,NULL,NULL,normalized_exact,0.7,valid,August_WL_1994-2025.pdf,GWRA_2025.pdf,NULL,local_pdf,local_pdf,official_web_fallback,pdf_text,pdf_table,NULL,724,NULL,NULL,https://cgwb.gov.in
arunachal pradesh,east siang,ruksin,ruksin,Oyan,Oyan Station,27.89022,95.31833,2023,8,August,5.3,2025.0,Safe,0.8026644000000001,0.71985,0.0017902,0.25,NULL,NULL,normalized_exact,0.7,valid,August_WL_1994-2025.pdf,GWRA_2025.pdf,NULL,local_pdf,local_pdf,official_web_fallback,pdf_text,pdf_table,NULL,724,NULL,NULL,https://cgwb.gov.in
arunachal pradesh,east siang,ruksin,ruksin,Ruksin,Ruksin Station,27.83778,95.21817,2023,8,August,0.2,2025.0,Safe,0.8026644000000001,0.71985,0.0017902,0.25,NULL,NULL,normalized_exact,0.7,valid,August_WL_1994-2025.pdf,GWRA_2025.pdf,NULL,local_pdf,local_pdf,official_web_fallback,pdf_text,pdf_table,NULL,724,NULL,NULL,https://cgwb.gov.in
arunachal pradesh,east siang,ruksin,ruksin,Sika Baman Todee,Sika Baman Todee Station,27.91333,95.34361,2023,8,August,0.9,2025.0,Safe,0.8026644000000001,0.71985,0.0017902,0.25,NULL,NULL,normalized_exact,0.7,valid,August_WL_1994-2025.pdf,GWRA_2025.pdf,NULL,local_pdf,local_pdf,official_web_fallback,pdf_text,pdf_table,NULL,724,NULL,NULL,https://cgwb.gov.in
arunachal pradesh,kamle,tamen-raga,tamen-raga,Bomte,Bomte Station,27.81667,94.31667,2023,8,August,0.5,NULL,Safe,NULL,NULL,NULL,NULL,NULL,NULL,unmatched,0.0,valid,August_WL_1994-2025.pdf,NULL,NULL,local_pdf,official_web_fallback,official_web_fallback,pdf_text,NULL,NULL,724,NULL,NULL,https://cgwb.gov.in
arunachal pradesh,lohit,wakro,wakro,Medo,Medo Station,27.79096,96.17737,2023,8,August,0.3,2025.0,Safe,1.2295016,1.0937697,0.0027372,0.25,NULL,NULL,normalized_exact,0.7,valid,August_WL_1994-2025.pdf,GWRA_2025.pdf,NULL,local_pdf,local_pdf,official_web_fallback,pdf_text,pdf_table,NULL,724,NULL,NULL,https://cgwb.gov.in
arunachal pradesh,lower dibang valley,roing,roing,Kangklong,Kangklong Station,27.97171,95.75741,2023,8,August,8.8,2025.0,Safe,0.7962549000000001,0.7166294,0.0024813,0.35,NULL,NULL,normalized_exact,0.7,valid,August_WL_1994-2025.pdf,GWRA_2025.pdf,NULL,local_pdf,local_pdf,official_web_fallback,pdf_text,pdf_table,NULL,724,NULL,NULL,https://cgwb.gov.in
arunachal pradesh,lower subansiri,ziro-i,ziro-i,Rajgarh,Rajgarh Station,27.40475,94.15225,2023,8,August,0.6,2025.0,Safe,0.0524143999999999,0.0448554,0.0003978999999999,0.89,NULL,NULL,normalized_exact,0.7,valid,August_WL_1994-2025.pdf,GWRA_2025.pdf,NULL,local_pdf,local_pdf,official_web_fallback,pdf_text,pdf_table,NULL,724,NULL,NULL,https://cgwb.gov.in
arunachal pradesh,namsai,namsai,namsai,Adi Ningroo,Adi Ningroo Station,27.63561,95.90167,2023,8,August,1.9,NULL,Safe,NULL,NULL,NULL,NULL,NULL,NULL,unmatched,0.0,valid,August_WL_1994-2025.pdf,NULL,NULL,local_pdf,official_web_fallback,official_web_fallback,pdf_text,NULL,NULL,724,NULL,NULL,https://cgwb.gov.in
arunachal pradesh,namsai,namsai,namsai,Lathow,Lathow Station,27.66667,95.875,2023,8,August,3.1,NULL,Safe,NULL,NULL,NULL,NULL,NULL,NULL,unmatched,0.0,valid,August_WL_1994-2025.pdf,NULL,NULL,local_pdf,official_web_fallback,official_web_fallback,pdf_text,NULL,NULL,724,NULL,NULL,https://cgwb.gov.in
arunachal pradesh,namsai,namsai,namsai,Wingko,Wingko Station,27.63077,95.94921,2023,8,August,0.1,NULL,Safe,NULL,NULL,NULL,NULL,NULL,NULL,unmatched,0.0,valid,August_WL_1994-2025.pdf,NULL,NULL,local_pdf,official_web_fallback,official_web_fallback,pdf_text,NULL,NULL,724,NULL,NULL,https://cgwb.gov.in
arunachal pradesh,papum pare,balijan,balijan,Holangi,Holangi Station,26.96228,93.59205,2023,8,August,0.5,2025.0,Safe,0.1230744,0.0959323,0.0014868,1.55,NULL,NULL,normalized_exact,0.7,valid,August_WL_1994-2025.pdf,GWRA_2025.pdf,NULL,local_pdf,local_pdf,official_web_fallback,pdf_text,pdf_table,NULL,724,NULL,NULL,https://cgwb.gov.in
arunachal pradesh,papum pare,balijan,balijan,Sonajuli,Sonajuli Station,27.02814,93.74131,2023,8,August,1.0,2025.0,Safe,0.1230744,0.0959323,0.0014868,1.55,NULL,NULL,normalized_exact,0.7,valid,August_WL_1994-2025.pdf,GWRA_2025.pdf,NULL,local_pdf,local_pdf,official_web_fallback,pdf_text,pdf_table,NULL,724,NULL,NULL,https://cgwb.gov.in
arunachal pradesh,papum pare,borum,borum,Chimpu,Chimpu Station,27.07,93.6,2023,8,August,1.3,2025.0,Safe,0.1230744,0.0959323,0.0014868,1.55,NULL,NULL,normalized_exact,0.7,valid,August_WL_1994-2025.pdf,GWRA_2025.pdf,NULL,local_pdf,local_pdf,official_web_fallback,pdf_text,pdf_table,NULL,725,NULL,NULL,https://cgwb.gov.in
arunachal pradesh,papum pare,borum,borum,Naharlagun,Naharlagun Station,27.10306,93.69472,2023,8,August,5.6,2025.0,Safe,0.1230744,0.0959323,0.0014868,1.55,NULL,NULL,normalized_exact,0.7,valid,August_WL_1994-2025.pdf,GWRA_2025.pdf,NULL,local_pdf,local_pdf,official_web_fallback,pdf_text,pdf_table,NULL,725,NULL,NULL,https://cgwb.gov.in
arunachal pradesh,papum pare,borum,borum,Nirjuli,Nirjuli Station,27.13111,93.73306,2023,8,August,0.0,2025.0,Safe,0.1230744,0.0959323,0.0014868,1.55,NULL,NULL,normalized_exact,0.7,valid,August_WL_1994-2025.pdf,GWRA_2025.pdf,NULL,local_pdf,local_pdf,official_web_fallback,pdf_text,pdf_table,NULL,725,NULL,NULL,https://cgwb.gov.in
arunachal pradesh,papum pare,borum,borum,Papu Nallah,Papu Nallah Station,27.0986,93.66948,2023,8,August,1.8,2025.0,Safe,0.1230744,0.0959323,0.0014868,1.55,NULL,NULL,normalized_exact,0.7,valid,August_WL_1994-2025.pdf,GWRA_2025.pdf,NULL,local_pdf,local_pdf,official_web_fallback,pdf_text,pdf_table,NULL,725,NULL,NULL,https://cgwb.gov.in
arunachal pradesh,papum pare,doimukh,doimukh,Banderdewa,Banderdewa Station,27.10528,93.82583,2023,8,August,11.5,2025.0,Safe,0.1230744,0.0959323,0.0014868,1.55,NULL,NULL,normalized_exact,0.7,valid,August_WL_1994-2025.pdf,GWRA_2025.pdf,NULL,local_pdf,local_pdf,official_web_fallback,pdf_text,pdf_table,NULL,725,NULL,NULL,https://cgwb.gov.in
arunachal pradesh,papum pare,doimukh,doimukh,Doimukh,Doimukh Station,27.15,93.75,2023,8,August,0.7,2025.0,Safe,0.1230744,0.0959323,0.0014868,1.55,NULL,NULL,normalized_exact,0.7,valid,August_WL_1994-2025.pdf,GWRA_2025.pdf,NULL,local_pdf,local_pdf,official_web_fallback,pdf_text,pdf_table,NULL,725,NULL,NULL,https://cgwb.gov.in
arunachal pradesh,papum pare,kimin,kimin,Kimin,Kimin Station,27.30428,93.97071,2023,8,August,0.3,2025.0,Safe,0.1230744,0.0959323,0.0014868,1.55,NULL,NULL,normalized_exact,0.7,valid,August_WL_1994-2025.pdf,GWRA_2025.pdf,NULL,local_pdf,local_pdf,official_web_fallback,pdf_text,pdf_table,NULL,725,NULL,NULL,https://cgwb.gov.in
arunachal pradesh,tirap,borduria,borduria,Borduria,Borduria Station,27.01667,95.46667,2023,8,August,3.0,2025.0,Safe,0.0866897,0.0780207,0.0005554,0.71,NULL,NULL,normalized_exact,0.7,valid,August_WL_1994-2025.pdf,GWRA_2025.pdf,NULL,local_pdf,local_pdf,official_web_fallback,pdf_text,pdf_table,NULL,725,NULL,NULL,https://cgwb.gov.in
arunachal pradesh,tirap,borduria,borduria,Hukanjuri,Hukanjuri Station,27.00833,95.46667,2023,8,August,1.5,2025.0,Safe,0.0866897,0.0780207,0.0005554,0.71,NULL,NULL,normalized_exact,0.7,valid,August_WL_1994-2025.pdf,GWRA_2025.pdf,NULL,local_pdf,local_pdf,official_web_fallback,pdf_text,pdf_table,NULL,725,NULL,NULL,https://cgwb.gov.in
arunachal pradesh,tirap,namsang,namsang,Deomali,Deomali Station,27.2,95.525,2023,8,August,2.2,2025.0,Safe,0.0866897,0.0780207,0.0005554,0.71,NULL,NULL,normalized_exact,0.7,valid,August_WL_1994-2025.pdf,GWRA_2025.pdf,NULL,local_pdf,local_pdf,official_web_fallback,pdf_text,pdf_table,NULL,725,NULL,NULL,https://cgwb.gov.in
arunachal pradesh,changlang,changlang,changlang,Jairampur,Jairampur Station,27.20833,96.04167,2022,8,August,2.6,2025.0,Safe,0.3010752,0.2709675,0.0024762,0.91,NULL,NULL,normalized_exact,0.7,valid,August_WL_1994-2025.pdf,GWRA_2025.pdf,NULL,local_pdf,local_pdf,official_web_fallback,pdf_text,pdf_table,NULL,1120,NULL,NULL,https://cgwb.gov.in
arunachal pradesh,changlang,khagam-miao,khagam-miao,Namphai,Namphai Station,27.45833,96.10833,2022,8,August,2.6,2025.0,Safe,0.3010752,0.2709675,0.0024762,0.91,NULL,NULL,normalized_exact,0.7,valid,August_WL_1994-2025.pdf,GWRA_2025.pdf,NULL,local_pdf,local_pdf,official_web_fallback,pdf_text,pdf_table,NULL,1120,NULL,NULL,https://cgwb.gov.in
arunachal pradesh,changlang,khagam-miao,khagam-miao,Newlisan Kharsang,Newlisan Kharsang Station,27.5,96.13333,2022,8,August,1.9,2025.0,Safe,0.3010752,0.2709675,0.0024762,0.91,NULL,NULL,normalized_exact,0.7,valid,August_WL_1994-2025.pdf,GWRA_2025.pdf,NULL,local_pdf,local_pdf,official_web_fallback,pdf_text,pdf_table,NULL,1120,NULL,NULL,https://cgwb.gov.in
arunachal pradesh,east siang,pasighat,pasighat,Pasighat,Pasighat Station,28.15139,95.29583,2022,8,August,3.5,2025.0,Safe,0.8026644000000001,0.71985,0.0017902,0.25,NULL,NULL,normalized_exact,0.7,valid,August_WL_1994-2025.pdf,GWRA_2025.pdf,NULL,local_pdf,local_pdf,official_web_fallback,pdf_text,pdf_table,NULL,1120,NULL,NULL,https://cgwb.gov.in
arunachal pradesh,east siang,pasighat,pasighat,Satmile,Satmile Station,27.97672,95.33163,2022,8,August,1.4,2025.0,Safe,0.8026644000000001,0.71985,0.0017902,0.25,NULL,NULL,normalized_exact,0.7,valid,August_WL_1994-2025.pdf,GWRA_2025.pdf,NULL,local_pdf,local_pdf,official_web_fallback,pdf_text,pdf_table,NULL,1120,NULL,NULL,https://cgwb.gov.in
arunachal pradesh,east siang,ruksin,ruksin,Oyan,Oyan Station,27.89022,95.31833,2022,8,August,5.4,2025.0,Safe,0.8026644000000001,0.71985,0.0017902,0.25,NULL,NULL,normalized_exact,0.7,valid,August_WL_1994-2025.pdf,GWRA_2025.pdf,NULL,local_pdf,local_pdf,official_web_fallback,pdf_text,pdf_table,NULL,1120,NULL,NULL,https://cgwb.gov.in
arunachal pradesh,east siang,ruksin,ruksin,Ruksin,Ruksin Station,27.83778,95.21817,2022,8,August,0.8,2025.0,Safe,0.8026644000000001,0.71985,0.0017902,0.25,NULL,NULL,normalized_exact,0.7,valid,August_WL_1994-2025.pdf,GWRA_2025.pdf,NULL,local_pdf,local_pdf,official_web_fallback,pdf_text,pdf_table,NULL,1120,NULL,NULL,https://cgwb.gov.in
arunachal pradesh,east siang,ruksin,ruksin,Sika Baman Todee,Sika Baman Todee Station,27.91333,95.34361,2022,8,August,2.5,2025.0,Safe,0.8026644000000001,0.71985,0.0017902,0.25,NULL,NULL,normalized_exact,0.7,valid,August_WL_1994-2025.pdf,GWRA_2025.pdf,NULL,local_pdf,local_pdf,official_web_fallback,pdf_text,pdf_table,NULL,1120,NULL,NULL,https://cgwb.gov.in
arunachal pradesh,kamle,tamen-raga,tamen-raga,Bomte,Bomte Station,27.81667,94.31667,2022,8,August,0.7,NULL,Safe,NULL,NULL,NULL,NULL,NULL,NULL,unmatched,0.0,valid,August_WL_1994-2025.pdf,NULL,NULL,local_pdf,official_web_fallback,official_web_fallback,pdf_text,NULL,NULL,1120,NULL,NULL,https://cgwb.gov.in
arunachal pradesh,lower dibang valley,roing,roing,Kangklong,Kangklong Station,27.97171,95.75741,2022,8,August,8.5,2025.0,Safe,0.7962549000000001,0.7166294,0.0024813,0.35,NULL,NULL,normalized_exact,0.7,valid,August_WL_1994-2025.pdf,GWRA_2025.pdf,NULL,local_pdf,local_pdf,official_web_fallback,pdf_text,pdf_table,NULL,1120,NULL,NULL,https://cgwb.gov.in
arunachal pradesh,lower subansiri,ziro-i,ziro-i,Kolaputkar,Kolaputkar Station,27.86667,94.41667,2022,8,August,2.6,2025.0,Safe,0.0524143999999999,0.0448554,0.0003978999999999,0.89,NULL,NULL,normalized_exact,0.7,valid,August_WL_1994-2025.pdf,GWRA_2025.pdf,NULL,local_pdf,local_pdf,official_web_fallback,pdf_text,pdf_table,NULL,1120,NULL,NULL,https://cgwb.gov.in
arunachal pradesh,lower subansiri,ziro-i,ziro-i,Rajgarh,Rajgarh Station,27.40475,94.15225,2022,8,August,1.2,2025.0,Safe,0.0524143999999999,0.0448554,0.0003978999999999,0.89,NULL,NULL,normalized_exact,0.7,valid,August_WL_1994-2025.pdf,GWRA_2025.pdf,NULL,local_pdf,local_pdf,official_web_fallback,pdf_text,pdf_table,NULL,1120,NULL,NULL,https://cgwb.gov.in
arunachal pradesh,namsai,namsai,namsai,Adi Ningroo,Adi Ningroo Station,27.63561,95.90167,2022,8,August,2.1,NULL,Safe,NULL,NULL,NULL,NULL,NULL,NULL,unmatched,0.0,valid,August_WL_1994-2025.pdf,NULL,NULL,local_pdf,official_web_fallback,official_web_fallback,pdf_text,NULL,NULL,1120,NULL,NULL,https://cgwb.gov.in
arunachal pradesh,namsai,namsai,namsai,Lathow,Lathow Station,27.66667,95.875,2022,8,August,3.9,NULL,Safe,NULL,NULL,NULL,NULL,NULL,NULL,unmatched,0.0,valid,August_WL_1994-2025.pdf,NULL,NULL,local_pdf,official_web_fallback,official_web_fallback,pdf_text,NULL,NULL,1120,NULL,NULL,https://cgwb.gov.in
arunachal pradesh,namsai,namsai,namsai,Wingko,Wingko Station,27.63077,95.94921,2022,8,August,2.4,NULL,Safe,NULL,NULL,NULL,NULL,NULL,NULL,unmatched,0.0,valid,August_WL_1994-2025.pdf,NULL,NULL,local_pdf,official_web_fallback,official_web_fallback,pdf_text,NULL,NULL,1120,NULL,NULL,https://cgwb.gov.in
arunachal pradesh,papum pare,balijan,balijan,Holangi,Holangi Station,26.96228,93.59205,2022,8,August,0.5,2025.0,Safe,0.1230744,0.0959323,0.0014868,1.55,NULL,NULL,normalized_exact,0.7,valid,August_WL_1994-2025.pdf,GWRA_2025.pdf,NULL,local_pdf,local_pdf,official_web_fallback,pdf_text,pdf_table,NULL,1120,NULL,NULL,https://cgwb.gov.in
arunachal pradesh,papum pare,balijan,balijan,Sonajuli,Sonajuli Station,27.02814,93.74131,2022,8,August,1.6,2025.0,Safe,0.1230744,0.0959323,0.0014868,1.55,NULL,NULL,normalized_exact,0.7,valid,August_WL_1994-2025.pdf,GWRA_2025.pdf,NULL,local_pdf,local_pdf,official_web_fallback,pdf_text,pdf_table,NULL,1121,NULL,NULL,https://cgwb.gov.in
arunachal pradesh,papum pare,borum,borum,Naharlagun,Naharlagun Station,27.10306,93.69472,2022,8,August,5.5,2025.0,Safe,0.1230744,0.0959323,0.0014868,1.55,NULL,NULL,normalized_exact,0.7,valid,August_WL_1994-2025.pdf,GWRA_2025.pdf,NULL,local_pdf,local_pdf,official_web_fallback,pdf_text,pdf_table,NULL,1121,NULL,NULL,https://cgwb.gov.in
arunachal pradesh,papum pare,borum,borum,Nirjuli,Nirjuli Station,27.13111,93.73306,2022,8,August,0.0,2025.0,Safe,0.1230744,0.0959323,0.0014868,1.55,NULL,NULL,normalized_exact,0.7,valid,August_WL_1994-2025.pdf,GWRA_2025.pdf,NULL,local_pdf,local_pdf,official_web_fallback,pdf_text,pdf_table,NULL,1121,NULL,NULL,https://cgwb.gov.in
arunachal pradesh,papum pare,borum,borum,Papu Nallah,Papu Nallah Station,27.0986,93.66948,2022,8,August,4.8,2025.0,Safe,0.1230744,0.0959323,0.0014868,1.55,NULL,NULL,normalized_exact,0.7,valid,August_WL_1994-2025.pdf,GWRA_2025.pdf,NULL,local_pdf,local_pdf,official_web_fallback,pdf_text,pdf_table,NULL,1121,NULL,NULL,https://cgwb.gov.in
arunachal pradesh,papum pare,doimukh,doimukh,Banderdewa,Banderdewa Station,27.10528,93.82583,2022,8,August,13.0,2025.0,Safe,0.1230744,0.0959323,0.0014868,1.55,NULL,NULL,normalized_exact,0.7,valid,August_WL_1994-2025.pdf,GWRA_2025.pdf,NULL,local_pdf,local_pdf,official_web_fallback,pdf_text,pdf_table,NULL,1121,NULL,NULL,https://cgwb.gov.in
arunachal pradesh,papum pare,doimukh,doimukh,Doimukh,Doimukh Station,27.15,93.75,2022,8,August,0.5,2025.0,Safe,0.1230744,0.0959323,0.0014868,1.55,NULL,NULL,normalized_exact,0.7,valid,August_WL_1994-2025.pdf,GWRA_2025.pdf,NULL,local_pdf,local_pdf,official_web_fallback,pdf_text,pdf_table,NULL,1121,NULL,NULL,https://cgwb.gov.in
arunachal pradesh,papum pare,kimin,kimin,Kimin,Kimin Station,27.30428,93.97071,2022,8,August,0.3,2025.0,Safe,0.1230744,0.0959323,0.0014868,1.55,NULL,NULL,normalized_exact,0.7,valid,August_WL_1994-2025.pdf,GWRA_2025.pdf,NULL,local_pdf,local_pdf,official_web_fallback,pdf_text,pdf_table,NULL,1121,NULL,NULL,https://cgwb.gov.in
arunachal pradesh,tirap,borduria,borduria,Borduria,Borduria Station,27.01667,95.46667,2022,8,August,3.2,2025.0,Safe,0.0866897,0.0780207,0.0005554,0.71,NULL,NULL,normalized_exact,0.7,valid,August_WL_1994-2025.pdf,GWRA_2025.pdf,NULL,local_pdf,local_pdf,official_web_fallback,pdf_text,pdf_table,NULL,1121,NULL,NULL,https://cgwb.gov.in
arunachal pradesh,tirap,borduria,borduria,Hukanjuri,Hukanjuri Station,27.00833,95.46667,2022,8,August,2.5,2025.0,Safe,0.0866897,0.0780207,0.0005554,0.71,NULL,NULL,normalized_exact,0.7,valid,August_WL_1994-2025.pdf,GWRA_2025.pdf,NULL,local_pdf,local_pdf,official_web_fallback,pdf_text,pdf_table,NULL,1121,NULL,NULL,https://cgwb.gov.in
arunachal pradesh,tirap,namsang,namsang,Deomali,Deomali Station,27.2,95.525,2022,8,August,2.8,2025.0,Safe,0.0866897,0.0780207,0.0005554,0.71,NULL,NULL,normalized_exact,0.7,valid,August_WL_1994-2025.pdf,GWRA_2025.pdf,NULL,local_pdf,local_pdf,official_web_fallback,pdf_text,pdf_table,NULL,1121,NULL,NULL,https://cgwb.gov.in
arunachal pradesh,changlang,changlang,changlang,Jairampur,Jairampur Station,27.20833,96.04167,2021,8,August,2.8,2025.0,Safe,0.3010752,0.2709675,0.0024762,0.91,NULL,NULL,normalized_exact,0.7,valid,August_WL_1994-2025.pdf,GWRA_2025.pdf,NULL,local_pdf,local_pdf,official_web_fallback,pdf_text,pdf_table,NULL,1506,NULL,NULL,https://cgwb.gov.in
arunachal pradesh,changlang,changlang,changlang,Namchik,Namchik Station,27.41667,96.04583,2021,8,August,2.0,2025.0,Safe,0.3010752,0.2709675,0.0024762,0.91,NULL,NULL,normalized_exact,0.7,valid,August_WL_1994-2025.pdf,GWRA_2025.pdf,NULL,local_pdf,local_pdf,official_web_fallback,pdf_text,pdf_table,NULL,1506,NULL,NULL,https://cgwb.gov.in
arunachal pradesh,changlang,khagam-miao,khagam-miao,Namphai,Namphai Station,27.45833,96.10833,2021,8,August,2.3,2025.0,Safe,0.3010752,0.2709675,0.0024762,0.91,NULL,NULL,normalized_exact,0.7,valid,August_WL_1994-2025.pdf,GWRA_2025.pdf,NULL,local_pdf,local_pdf,official_web_fallback,pdf_text,pdf_table,NULL,1506,NULL,NULL,https://cgwb.gov.in
arunachal pradesh,changlang,khagam-miao,khagam-miao,Newlisan Kharsang,Newlisan Kharsang Station,27.5,96.13333,2021,8,August,1.9,2025.0,Safe,0.3010752,0.2709675,0.0024762,0.91,NULL,NULL,normalized_exact,0.7,valid,August_WL_1994-2025.pdf,GWRA_2025.pdf,NULL,local_pdf,local_pdf,official_web_fallback,pdf_text,pdf_table,NULL,1506,NULL,NULL,https://cgwb.gov.in
arunachal pradesh,east siang,pasighat,pasighat,Pasighat,Pasighat Station,28.15139,95.29583,2021,8,August,3.6,2025.0,Safe,0.8026644000000001,0.71985,0.0017902,0.25,NULL,NULL,normalized_exact,0.7,valid,August_WL_1994-2025.pdf,GWRA_2025.pdf,NULL,local_pdf,local_pdf,official_web_fallback,pdf_text,pdf_table,NULL,1506,NULL,NULL,https://cgwb.gov.in
arunachal pradesh,east siang,pasighat,pasighat,Satmile,Satmile Station,27.97672,95.33163,2021,8,August,1.3,2025.0,Safe,0.8026644000000001,0.71985,0.0017902,0.25,NULL,NULL,normalized_exact,0.7,valid,August_WL_1994-2025.pdf,GWRA_2025.pdf,NULL,local_pdf,local_pdf,official_web_fallback,pdf_text,pdf_table,NULL,1506,NULL,NULL,https://cgwb.gov.in
arunachal pradesh,east siang,ruksin,ruksin,Oyan,Oyan Station,27.89022,95.31833,2021,8,August,4.8,2025.0,Safe,0.8026644000000001,0.71985,0.0017902,0.25,NULL,NULL,normalized_exact,0.7,valid,August_WL_1994-2025.pdf,GWRA_2025.pdf,NULL,local_pdf,local_pdf,official_web_fallback,pdf_text,pdf_table,NULL,1506,NULL,NULL,https://cgwb.gov.in
arunachal pradesh,east siang,ruksin,ruksin,Ruksin,Ruksin Station,27.83778,95.21817,2021,8,August,0.7,2025.0,Safe,0.8026644000000001,0.71985,0.0017902,0.25,NULL,NULL,normalized_exact,0.7,valid,August_WL_1994-2025.pdf,GWRA_2025.pdf,NULL,local_pdf,local_pdf,official_web_fallback,pdf_text,pdf_table,NULL,1506,NULL,NULL,https://cgwb.gov.in
arunachal pradesh,kamle,tamen-raga,tamen-raga,Bomte,Bomte Station,27.81667,94.31667,2021,8,August,0.7,NULL,Safe,NULL,NULL,NULL,NULL,NULL,NULL,unmatched,0.0,valid,August_WL_1994-2025.pdf,NULL,NULL,local_pdf,official_web_fallback,official_web_fallback,pdf_text,NULL,NULL,1506,NULL,NULL,https://cgwb.gov.in
arunachal pradesh,lower subansiri,ziro-i,ziro-i,Rajgarh,Rajgarh Station,27.40475,94.15225,2021,8,August,0.9,2025.0,Safe,0.0524143999999999,0.0448554,0.0003978999999999,0.89,NULL,NULL,normalized_exact,0.7,valid,August_WL_1994-2025.pdf,GWRA_2025.pdf,NULL,local_pdf,local_pdf,official_web_fallback,pdf_text,pdf_table,NULL,1506,NULL,NULL,https://cgwb.gov.in
arunachal pradesh,namsai,namsai,namsai,Adi Ningroo,Adi Ningroo Station,27.63561,95.90167,2021,8,August,3.1,NULL,Safe,NULL,NULL,NULL,NULL,NULL,NULL,unmatched,0.0,valid,August_WL_1994-2025.pdf,NULL,NULL,local_pdf,official_web_fallback,official_web_fallback,pdf_text,NULL,NULL,1506,NULL,NULL,https://cgwb.gov.in
arunachal pradesh,namsai,namsai,namsai,Lathow,Lathow Station,27.66667,95.875,2021,8,August,3.8,NULL,Safe,NULL,NULL,NULL,NULL,NULL,NULL,unmatched,0.0,valid,August_WL_1994-2025.pdf,NULL,NULL,local_pdf,official_web_fallback,official_web_fallback,pdf_text,NULL,NULL,1506,NULL,NULL,https://cgwb.gov.in
arunachal pradesh,namsai,namsai,namsai,Wingko,Wingko Station,27.63077,95.94921,2021,8,August,2.7,NULL,Safe,NULL,NULL,NULL,NULL,NULL,NULL,unmatched,0.0,valid,August_WL_1994-2025.pdf,NULL,NULL,local_pdf,official_web_fallback,official_web_fallback,pdf_text,NULL,NULL,1506,NULL,NULL,https://cgwb.gov.in
arunachal pradesh,papum pare,balijan,balijan,Sonajuli,Sonajuli Station,27.02814,93.74131,2021,8,August,0.6,2025.0,Safe,0.1230744,0.0959323,0.0014868,1.55,NULL,NULL,normalized_exact,0.7,valid,August_WL_1994-2025.pdf,GWRA_2025.pdf,NULL,local_pdf,local_pdf,official_web_fallback,pdf_text,pdf_table,NULL,1506,NULL,NULL,https://cgwb.gov.in
arunachal pradesh,papum pare,borum,borum,Chimpu,Chimpu Station,27.07,93.6,2021,8,August,1.4,2025.0,Safe,0.1230744,0.0959323,0.0014868,1.55,NULL,NULL,normalized_exact,0.7,valid,August_WL_1994-2025.pdf,GWRA_2025.pdf,NULL,local_pdf,local_pdf,official_web_fallback,pdf_text,pdf_table,NULL,1506,NULL,NULL,https://cgwb.gov.in
arunachal pradesh,papum pare,borum,borum,Itanagar,Itanagar Station,27.10389,93.64167,2021,8,August,0.9,2025.0,Safe,0.1230744,0.0959323,0.0014868,1.55,NULL,NULL,normalized_exact,0.7,valid,August_WL_1994-2025.pdf,GWRA_2025.pdf,NULL,local_pdf,local_pdf,official_web_fallback,pdf_text,pdf_table,NULL,1506,NULL,NULL,https://cgwb.gov.in
arunachal pradesh,papum pare,borum,borum,Naharlagun,Naharlagun Station,27.10306,93.69472,2021,8,August,5.1,2025.0,Safe,0.1230744,0.0959323,0.0014868,1.55,NULL,NULL,normalized_exact,0.7,valid,August_WL_1994-2025.pdf,GWRA_2025.pdf,NULL,local_pdf,local_pdf,official_web_fallback,pdf_text,pdf_table,NULL,1506,NULL,NULL,https://cgwb.gov.in
arunachal pradesh,papum pare,borum,borum,Nirjuli,Nirjuli Station,27.13111,93.73306,2021,8,August,0.0,2025.0,Safe,0.1230744,0.0959323,0.0014868,1.55,NULL,NULL,normalized_exact,0.7,valid,August_WL_1994-2025.pdf,GWRA_2025.pdf,NULL,local_pdf,local_pdf,official_web_fallback,pdf_text,pdf_table,NULL,1506,NULL,NULL,https://cgwb.gov.in
arunachal pradesh,papum pare,doimukh,doimukh,Banderdewa,Banderdewa Station,27.10528,93.82583,2021,8,August,10.3,2025.0,Safe,0.1230744,0.0959323,0.0014868,1.55,NULL,NULL,normalized_exact,0.7,valid,August_WL_1994-2025.pdf,GWRA_2025.pdf,NULL,local_pdf,local_pdf,official_web_fallback,pdf_text,pdf_table,NULL,1507,NULL,NULL,https://cgwb.gov.in
arunachal pradesh,papum pare,doimukh,doimukh,Doimukh,Doimukh Station,27.15,93.75,2021,8,August,0.1,2025.0,Safe,0.1230744,0.0959323,0.0014868,1.55,NULL,NULL,normalized_exact,0.7,valid,August_WL_1994-2025.pdf,GWRA_2025.pdf,NULL,local_pdf,local_pdf,official_web_fallback,pdf_text,pdf_table,NULL,1507,NULL,NULL,https://cgwb.gov.in
arunachal pradesh,papum pare,kimin,kimin,Kimin,Kimin Station,27.30833,93.96944,2021,8,August,0.2,2025.0,Safe,0.1230744,0.0959323,0.0014868,1.55,NULL,NULL,normalized_exact,0.7,valid,August_WL_1994-2025.pdf,GWRA_2025.pdf,NULL,local_pdf,local_pdf,official_web_fallback,pdf_text,pdf_table,NULL,1507,NULL,NULL,https://cgwb.gov.in
arunachal pradesh,tirap,borduria,borduria,Borduria,Borduria Station,27.01667,95.46667,2021,8,August,3.0,2025.0,Safe,0.0866897,0.0780207,0.0005554,0.71,NULL,NULL,normalized_exact,0.7,valid,August_WL_1994-2025.pdf,GWRA_2025.pdf,NULL,local_pdf,local_pdf,official_web_fallback,pdf_text,pdf_table,NULL,1507,NULL,NULL,https://cgwb.gov.in
arunachal pradesh,tirap,borduria,borduria,Hukanjuri,Hukanjuri Station,27.00833,95.46667,2021,8,August,2.8,2025.0,Safe,0.0866897,0.0780207,0.0005554,0.71,NULL,NULL,normalized_exact,0.7,valid,August_WL_1994-2025.pdf,GWRA_2025.pdf,NULL,local_pdf,local_pdf,official_web_fallback,pdf_text,pdf_table,NULL,1507,NULL,NULL,https://cgwb.gov.in
arunachal pradesh,tirap,namsang,namsang,Deomali,Deomali Station,27.2,95.525,2021,8,August,2.4,2025.0,Safe,0.0866897,0.0780207,0.0005554,0.71,NULL,NULL,normalized_exact,0.7,valid,August_WL_1994-2025.pdf,GWRA_2025.pdf,NULL,local_pdf,local_pdf,official_web_fallback,pdf_text,pdf_table,NULL,1507,NULL,NULL,https://cgwb.gov.in
arunachal pradesh,papum pare,borum,borum,Chimpu,Chimpu Station,27.07,93.6,2020,8,August,1.6,2025.0,Safe,0.1230744,0.0959323,0.0014868,1.55,NULL,NULL,normalized_exact,0.7,valid,August_WL_1994-2025.pdf,GWRA_2025.pdf,NULL,local_pdf,local_pdf,official_web_fallback,pdf_text,pdf_table,NULL,1855,NULL,NULL,https://cgwb.gov.in
arunachal pradesh,papum pare,borum,borum,Itanagar,Itanagar Station,27.10389,93.64167,2020,8,August,1.4,2025.0,Safe,0.1230744,0.0959323,0.0014868,1.55,NULL,NULL,normalized_exact,0.7,valid,August_WL_1994-2025.pdf,GWRA_2025.pdf,NULL,local_pdf,local_pdf,official_web_fallback,pdf_text,pdf_table,NULL,1855,NULL,NULL,https://cgwb.gov.in
arunachal pradesh,papum pare,borum,borum,Naharlagun,Naharlagun Station,27.10306,93.69472,2020,8,August,4.6,2025.0,Safe,0.1230744,0.0959323,0.0014868,1.55,NULL,NULL,normalized_exact,0.7,valid,August_WL_1994-2025.pdf,GWRA_2025.pdf,NULL,local_pdf,local_pdf,official_web_fallback,pdf_text,pdf_table,NULL,1855,NULL,NULL,https://cgwb.gov.in
arunachal pradesh,papum pare,borum,borum,Nirjuli,Nirjuli Station,27.13111,93.73306,2020,8,August,0.0,2025.0,Safe,0.1230744,0.0959323,0.0014868,1.55,NULL,NULL,normalized_exact,0.7,valid,August_WL_1994-2025.pdf,GWRA_2025.pdf,NULL,local_pdf,local_pdf,official_web_fallback,pdf_text,pdf_table,NULL,1855,NULL,NULL,https://cgwb.gov.in
arunachal pradesh,papum pare,doimukh,doimukh,Banderdewa,Banderdewa Station,27.10528,93.82583,2020,8,August,10.8,2025.0,Safe,0.1230744,0.0959323,0.0014868,1.55,NULL,NULL,normalized_exact,0.7,valid,August_WL_1994-2025.pdf,GWRA_2025.pdf,NULL,local_pdf,local_pdf,official_web_fallback,pdf_text,pdf_table,NULL,1855,NULL,NULL,https://cgwb.gov.in
arunachal pradesh,papum pare,doimukh,doimukh,Doimukh,Doimukh Station,27.15,93.75,2020,8,August,0.5,2025.0,Safe,0.1230744,0.0959323,0.0014868,1.55,NULL,NULL,normalized_exact,0.7,valid,August_WL_1994-2025.pdf,GWRA_2025.pdf,NULL,local_pdf,local_pdf,official_web_fallback,pdf_text,pdf_table,NULL,1855,NULL,NULL,https://cgwb.gov.in
arunachal pradesh,changlang,changlang,changlang,Jairampur,Jairampur Station,27.20833,96.04167,2019,8,August,1.1,2025.0,Safe,0.3010752,0.2709675,0.0024762,0.91,NULL,NULL,normalized_exact,0.7,valid,August_WL_1994-2025.pdf,GWRA_2025.pdf,NULL,local_pdf,local_pdf,official_web_fallback,pdf_text,pdf_table,NULL,2090,NULL,NULL,https://cgwb.gov.in
arunachal pradesh,changlang,changlang,changlang,Namchik,Namchik Station,27.41667,96.04583,2019,8,August,2.6,2025.0,Safe,0.3010752,0.2709675,0.0024762,0.91,NULL,NULL,normalized_exact,0.7,valid,August_WL_1994-2025.pdf,GWRA_2025.pdf,NULL,local_pdf,local_pdf,official_web_fallback,pdf_text,pdf_table,NULL,2090,NULL,NULL,https://cgwb.gov.in
arunachal pradesh,changlang,khagam-miao,khagam-miao,Namphai,Namphai Station,27.45833,96.10833,2019,8,August,1.8,2025.0,Safe,0.3010752,0.2709675,0.0024762,0.91,NULL,NULL,normalized_exact,0.7,valid,August_WL_1994-2025.pdf,GWRA_2025.pdf,NULL,local_pdf,local_pdf,official_web_fallback,pdf_text,pdf_table,NULL,2090,NULL,NULL,https://cgwb.gov.in
arunachal pradesh,changlang,khagam-miao,khagam-miao,Newlisan Kharsang,Newlisan Kharsang Station,27.5,96.13333,2019,8,August,4.8,2025.0,Safe,0.3010752,0.2709675,0.0024762,0.91,NULL,NULL,normalized_exact,0.7,valid,August_WL_1994-2025.pdf,GWRA_2025.pdf,NULL,local_pdf,local_pdf,official_web_fallback,pdf_text,pdf_table,NULL,2090,NULL,NULL,https://cgwb.gov.in
arunachal pradesh,east siang,pasighat,pasighat,Pasighat,Pasighat Station,28.05083,95.33611,2019,8,August,3.2,2025.0,Safe,0.8026644000000001,0.71985,0.0017902,0.25,NULL,NULL,normalized_exact,0.7,valid,August_WL_1994-2025.pdf,GWRA_2025.pdf,NULL,local_pdf,local_pdf,official_web_fallback,pdf_text,pdf_table,NULL,2090,NULL,NULL,https://cgwb.gov.in
arunachal pradesh,east siang,pasighat,pasighat,Satmile,Satmile Station,27.97778,95.33111,2019,8,August,1.0,2025.0,Safe,0.8026644000000001,0.71985,0.0017902,0.25,NULL,NULL,normalized_exact,0.7,valid,August_WL_1994-2025.pdf,GWRA_2025.pdf,NULL,local_pdf,local_pdf,official_web_fallback,pdf_text,pdf_table,NULL,2090,NULL,NULL,https://cgwb.gov.in
arunachal pradesh,east siang,ruksin,ruksin,Kemi,Kemi Station,27.85694,95.33778,2019,8,August,1.0,2025.0,Safe,0.8026644000000001,0.71985,0.0017902,0.25,NULL,NULL,normalized_exact,0.7,valid,August_WL_1994-2025.pdf,GWRA_2025.pdf,NULL,local_pdf,local_pdf,official_web_fallback,pdf_text,pdf_table,NULL,2090,NULL,NULL,https://cgwb.gov.in
arunachal pradesh,east siang,ruksin,ruksin,Oyen,Oyen Station,27.87556,95.31139,2019,8,August,5.0,2025.0,Safe,0.8026644000000001,0.71985,0.0017902,0.25,NULL,NULL,normalized_exact,0.7,valid,August_WL_1994-2025.pdf,GWRA_2025.pdf,NULL,local_pdf,local_pdf,official_web_fallback,pdf_text,pdf_table,NULL,2090,NULL,NULL,https://cgwb.gov.in
arunachal pradesh,east siang,ruksin,ruksin,Ruksin,Ruksin Station,27.83778,95.21817,2019,8,August,0.6,2025.0,Safe,0.8026644000000001,0.71985,0.0017902,0.25,NULL,NULL,normalized_exact,0.7,valid,August_WL_1994-2025.pdf,GWRA_2025.pdf,NULL,local_pdf,local_pdf,official_web_fallback,pdf_text,pdf_table,NULL,2090,NULL,NULL,https://cgwb.gov.in
arunachal pradesh,east siang,ruksin,ruksin,Sika Baman Todee,Sika Baman Todee Station,27.91333,95.34361,2019,8,August,0.3,2025.0,Safe,0.8026644000000001,0.71985,0.0017902,0.25,NULL,NULL,normalized_exact,0.7,valid,August_WL_1994-2025.pdf,GWRA_2025.pdf,NULL,local_pdf,local_pdf,official_web_fallback,pdf_text,pdf_table,NULL,2090,NULL,NULL,https://cgwb.gov.in
arunachal pradesh,kamle,tamen-raga,tamen-raga,Bomte,Bomte Station,27.81667,94.31667,2019,8,August,0.7,NULL,Safe,NULL,NULL,NULL,NULL,NULL,NULL,unmatched,0.0,valid,August_WL_1994-2025.pdf,NULL,NULL,local_pdf,official_web_fallback,official_web_fallback,pdf_text,NULL,NULL,2090,NULL,NULL,https://cgwb.gov.in
arunachal pradesh,lower subansiri,ziro-i,ziro-i,Kolaputkar,Kolaputkar Station,27.86667,94.41667,2019,8,August,2.4,2025.0,Safe,0.0524143999999999,0.0448554,0.0003978999999999,0.89,NULL,NULL,normalized_exact,0.7,valid,August_WL_1994-2025.pdf,GWRA_2025.pdf,NULL,local_pdf,local_pdf,official_web_fallback,pdf_text,pdf_table,NULL,2090,NULL,NULL,https://cgwb.gov.in
arunachal pradesh,lower subansiri,ziro-i,ziro-i,Rajgarh,Rajgarh Station,27.40475,94.15225,2019,8,August,1.0,2025.0,Safe,0.0524143999999999,0.0448554,0.0003978999999999,0.89,NULL,NULL,normalized_exact,0.7,valid,August_WL_1994-2025.pdf,GWRA_2025.pdf,NULL,local_pdf,local_pdf,official_web_fallback,pdf_text,pdf_table,NULL,2090,NULL,NULL,https://cgwb.gov.in
arunachal pradesh,namsai,namsai,namsai,Adi Ningroo,Adi Ningroo Station,27.63561,95.90167,2019,8,August,3.0,NULL,Safe,NULL,NULL,NULL,NULL,NULL,NULL,unmatched,0.0,valid,August_WL_1994-2025.pdf,NULL,NULL,local_pdf,official_web_fallback,official_web_fallback,pdf_text,NULL,NULL,2090,NULL,NULL,https://cgwb.gov.in
arunachal pradesh,namsai,namsai,namsai,Lathow,Lathow Station,27.66667,95.875,2019,8,August,3.1,NULL,Safe,NULL,NULL,NULL,NULL,NULL,NULL,unmatched,0.0,valid,August_WL_1994-2025.pdf,NULL,NULL,local_pdf,official_web_fallback,official_web_fallback,pdf_text,NULL,NULL,2090,NULL,NULL,https://cgwb.gov.in
arunachal pradesh,namsai,namsai,namsai,Wingko,Wingko Station,27.63077,95.94921,2019,8,August,1.2,NULL,Safe,NULL,NULL,NULL,NULL,NULL,NULL,unmatched,0.0,valid,August_WL_1994-2025.pdf,NULL,NULL,local_pdf,official_web_fallback,official_web_fallback,pdf_text,NULL,NULL,2090,NULL,NULL,https://cgwb.gov.in
arunachal pradesh,papum pare,balijan,balijan,Holangi,Holangi Station,26.97186,93.59753,2019,8,August,6.6,2025.0,Safe,0.1230744,0.0959323,0.0014868,1.55,NULL,NULL,normalized_exact,0.7,valid,August_WL_1994-2025.pdf,GWRA_2025.pdf,NULL,local_pdf,local_pdf,official_web_fallback,pdf_text,pdf_table,NULL,2090,NULL,NULL,https://cgwb.gov.in
arunachal pradesh,papum pare,balijan,balijan,Sonajuli,Sonajuli Station,27.02814,93.74131,2019,8,August,1.5,2025.0,Safe,0.1230744,0.0959323,0.0014868,1.55,NULL,NULL,normalized_exact,0.7,valid,August_WL_1994-2025.pdf,GWRA_2025.pdf,NULL,local_pdf,local_pdf,official_web_fallback,pdf_text,pdf_table,NULL,2090,NULL,NULL,https://cgwb.gov.in
arunachal pradesh,papum pare,borum,borum,Chimpu,Chimpu Station,27.07,93.6,2019,8,August,2.2,2025.0,Safe,0.1230744,0.0959323,0.0014868,1.55,NULL,NULL,normalized_exact,0.7,valid,August_WL_1994-2025.pdf,GWRA_2025.pdf,NULL,local_pdf,local_pdf,official_web_fallback,pdf_text,pdf_table,NULL,2090,NULL,NULL,https://cgwb.gov.in
arunachal pradesh,papum pare,borum,borum,Itanagar,Itanagar Station,27.10389,93.64167,2019,8,August,2.1,2025.0,Safe,0.1230744,0.0959323,0.0014868,1.55,NULL,NULL,normalized_exact,0.7,valid,August_WL_1994-2025.pdf,GWRA_2025.pdf,NULL,local_pdf,local_pdf,official_web_fallback,pdf_text,pdf_table,NULL,2090,NULL,NULL,https://cgwb.gov.in
arunachal pradesh,papum pare,borum,borum,Nirjuli,Nirjuli Station,27.13111,93.73306,2019,8,August,0.3,2025.0,Safe,0.1230744,0.0959323,0.0014868,1.55,NULL,NULL,normalized_exact,0.7,valid,August_WL_1994-2025.pdf,GWRA_2025.pdf,NULL,local_pdf,local_pdf,official_web_fallback,pdf_text,pdf_table,NULL,2090,NULL,NULL,https://cgwb.gov.in
arunachal pradesh,papum pare,doimukh,doimukh,Banderdewa,Banderdewa Station,27.10528,93.82583,2019,8,August,10.9,2025.0,Safe,0.1230744,0.0959323,0.0014868,1.55,NULL,NULL,normalized_exact,0.7,valid,August_WL_1994-2025.pdf,GWRA_2025.pdf,NULL,local_pdf,local_pdf,official_web_fallback,pdf_text,pdf_table,NULL,2090,NULL,NULL,https://cgwb.gov.in
arunachal pradesh,papum pare,doimukh,doimukh,Doimukh,Doimukh Station,27.15,93.75,2019,8,August,0.5,2025.0,Safe,0.1230744,0.0959323,0.0014868,1.55,NULL,NULL,normalized_exact,0.7,valid,August_WL_1994-2025.pdf,GWRA_2025.pdf,NULL,local_pdf,local_pdf,official_web_fallback,pdf_text,pdf_table,NULL,2090,NULL,NULL,https://cgwb.gov.in
arunachal pradesh,papum pare,kimin,kimin,Kimin,Kimin Station,27.30833,93.96944,2019,8,August,1.1,2025.0,Safe,0.1230744,0.0959323,0.0014868,1.55,NULL,NULL,normalized_exact,0.7,valid,August_WL_1994-2025.pdf,GWRA_2025.pdf,NULL,local_pdf,local_pdf,official_web_fallback,pdf_text,pdf_table,NULL,2090,NULL,NULL,https://cgwb.gov.in
arunachal pradesh,tirap,borduria,borduria,Borduria,Borduria Station,27.01667,95.46667,2019,8,August,3.4,2025.0,Safe,0.0866897,0.0780207,0.0005554,0.71,NULL,NULL,normalized_exact,0.7,valid,August_WL_1994-2025.pdf,GWRA_2025.pdf,NULL,local_pdf,local_pdf,official_web_fallback,pdf_text,pdf_table,NULL,2090,NULL,NULL,https://cgwb.gov.in
arunachal pradesh,tirap,borduria,borduria,Hukanjuri,Hukanjuri Station,27.00833,95.46667,2019,8,August,1.8,2025.0,Safe,0.0866897,0.0780207,0.0005554,0.71,NULL,NULL,normalized_exact,0.7,valid,August_WL_1994-2025.pdf,GWRA_2025.pdf,NULL,local_pdf,local_pdf,official_web_fallback,pdf_text,pdf_table,NULL,2090,NULL,NULL,https://cgwb.gov.in
arunachal pradesh,tirap,namsang,namsang,Deomali,Deomali Station,27.2,95.525,2019,8,August,2.7,2025.0,Safe,0.0866897,0.0780207,0.0005554,0.71,NULL,NULL,normalized_exact,0.7,valid,August_WL_1994-2025.pdf,GWRA_2025.pdf,NULL,local_pdf,local_pdf,official_web_fallback,pdf_text,pdf_table,NULL,2090,NULL,NULL,https://cgwb.gov.in
arunachal pradesh,changlang,changlang,changlang,Jairampur,Jairampur Station,27.20833,96.04167,2018,8,August,1.1,2025.0,Safe,0.3010752,0.2709675,0.0024762,0.91,NULL,NULL,normalized_exact,0.7,valid,August_WL_1994-2025.pdf,GWRA_2025.pdf,NULL,local_pdf,local_pdf,official_web_fallback,pdf_text,pdf_table,NULL,2448,NULL,NULL,https://cgwb.gov.in
arunachal pradesh,changlang,changlang,changlang,Namchik,Namchik Station,27.41667,96.04583,2018,8,August,2.9,2025.0,Safe,0.3010752,0.2709675,0.0024762,0.91,NULL,NULL,normalized_exact,0.7,valid,August_WL_1994-2025.pdf,GWRA_2025.pdf,NULL,local_pdf,local_pdf,official_web_fallback,pdf_text,pdf_table,NULL,2448,NULL,NULL,https://cgwb.gov.in
arunachal pradesh,changlang,khagam-miao,khagam-miao,Namphai,Namphai Station,27.45833,96.10833,2018,8,August,2.5,2025.0,Safe,0.3010752,0.2709675,0.0024762,0.91,NULL,NULL,normalized_exact,0.7,valid,August_WL_1994-2025.pdf,GWRA_2025.pdf,NULL,local_pdf,local_pdf,official_web_fallback,pdf_text,pdf_table,NULL,2448,NULL,NULL,https://cgwb.gov.in
arunachal pradesh,changlang,khagam-miao,khagam-miao,Newlisan Kharsang,Newlisan Kharsang Station,27.5,96.13333,2018,8,August,2.7,2025.0,Safe,0.3010752,0.2709675,0.0024762,0.91,NULL,NULL,normalized_exact,0.7,valid,August_WL_1994-2025.pdf,GWRA_2025.pdf,NULL,local_pdf,local_pdf,official_web_fallback,pdf_text,pdf_table,NULL,2448,NULL,NULL,https://cgwb.gov.in
arunachal pradesh,east siang,pasighat,pasighat,Pasighat,Pasighat Station,28.05083,95.33611,2018,8,August,5.3,2025.0,Safe,0.8026644000000001,0.71985,0.0017902,0.25,NULL,NULL,normalized_exact,0.7,valid,August_WL_1994-2025.pdf,GWRA_2025.pdf,NULL,local_pdf,local_pdf,official_web_fallback,pdf_text,pdf_table,NULL,2448,NULL,NULL,https://cgwb.gov.in
arunachal pradesh,east siang,pasighat,pasighat,Satmile,Satmile Station,27.97778,95.33111,2018,8,August,1.6,2025.0,Safe,0.8026644000000001,0.71985,0.0017902,0.25,NULL,NULL,normalized_exact,0.7,valid,August_WL_1994-2025.pdf,GWRA_2025.pdf,NULL,local_pdf,local_pdf,official_web_fallback,pdf_text,pdf_table,NULL,2448,NULL,NULL,https://cgwb.gov.in
arunachal pradesh,east siang,ruksin,ruksin,Kemi,Kemi Station,27.85694,95.33778,2018,8,August,1.6,2025.0,Safe,0.8026644000000001,0.71985,0.0017902,0.25,NULL,NULL,normalized_exact,0.7,valid,August_WL_1994-2025.pdf,GWRA_2025.pdf,NULL,local_pdf,local_pdf,official_web_fallback,pdf_text,pdf_table,NULL,2448,NULL,NULL,https://cgwb.gov.in
arunachal pradesh,east siang,ruksin,ruksin,Oyen,Oyen Station,27.87556,95.31139,2018,8,August,6.4,2025.0,Safe,0.8026644000000001,0.71985,0.0017902,0.25,NULL,NULL,normalized_exact,0.7,valid,August_WL_1994-2025.pdf,GWRA_2025.pdf,NULL,local_pdf,local_pdf,official_web_fallback,pdf_text,pdf_table,NULL,2448,NULL,NULL,https://cgwb.gov.in
arunachal pradesh,east siang,ruksin,ruksin,Ruksin,Ruksin Station,27.83778,95.21817,2018,8,August,1.4,2025.0,Safe,0.8026644000000001,0.71985,0.0017902,0.25,NULL,NULL,normalized_exact,0.7,valid,August_WL_1994-2025.pdf,GWRA_2025.pdf,NULL,local_pdf,local_pdf,official_web_fallback,pdf_text,pdf_table,NULL,2448,NULL,NULL,https://cgwb.gov.in
arunachal pradesh,east siang,ruksin,ruksin,Sika Baman Todee,Sika Baman Todee Station,27.91333,95.34361,2018,8,August,0.8,2025.0,Safe,0.8026644000000001,0.71985,0.0017902,0.25,NULL,NULL,normalized_exact,0.7,valid,August_WL_1994-2025.pdf,GWRA_2025.pdf,NULL,local_pdf,local_pdf,official_web_fallback,pdf_text,pdf_table,NULL,2448,NULL,NULL,https://cgwb.gov.in
arunachal pradesh,kamle,tamen-raga,tamen-raga,Bomte,Bomte Station,27.81667,94.31667,2018,8,August,0.8,NULL,Safe,NULL,NULL,NULL,NULL,NULL,NULL,unmatched,0.0,valid,August_WL_1994-2025.pdf,NULL,NULL,local_pdf,official_web_fallback,official_web_fallback,pdf_text,NULL,NULL,2448,NULL,NULL,https://cgwb.gov.in
arunachal pradesh,lower subansiri,ziro-i,ziro-i,Rajgarh,Rajgarh Station,27.40475,94.15225,2018,8,August,7.4,2025.0,Safe,0.0524143999999999,0.0448554,0.0003978999999999,0.89,NULL,NULL,normalized_exact,0.7,valid,August_WL_1994-2025.pdf,GWRA_2025.pdf,NULL,local_pdf,local_pdf,official_web_fallback,pdf_text,pdf_table,NULL,2448,NULL,NULL,https://cgwb.gov.in
arunachal pradesh,namsai,namsai,namsai,Lathow,Lathow Station,27.66667,95.875,2018,8,August,3.8,NULL,Safe,NULL,NULL,NULL,NULL,NULL,NULL,unmatched,0.0,valid,August_WL_1994-2025.pdf,NULL,NULL,local_pdf,official_web_fallback,official_web_fallback,pdf_text,NULL,NULL,2448,NULL,NULL,https://cgwb.gov.in
arunachal pradesh,papum pare,balijan,balijan,Holangi,Holangi Station,26.97186,93.59753,2018,8,August,8.1,2025.0,Safe,0.1230744,0.0959323,0.0014868,1.55,NULL,NULL,normalized_exact,0.7,valid,August_WL_1994-2025.pdf,GWRA_2025.pdf,NULL,local_pdf,local_pdf,official_web_fallback,pdf_text,pdf_table,NULL,2448,NULL,NULL,https://cgwb.gov.in
arunachal pradesh,papum pare,borum,borum,Chimpu,Chimpu Station,27.07,93.6,2018,8,August,1.8,2025.0,Safe,0.1230744,0.0959323,0.0014868,1.55,NULL,NULL,normalized_exact,0.7,valid,August_WL_1994-2025.pdf,GWRA_2025.pdf,NULL,local_pdf,local_pdf,official_web_fallback,pdf_text,pdf_table,NULL,2448,NULL,NULL,https://cgwb.gov.in
arunachal pradesh,papum pare,borum,borum,Itanagar,Itanagar Station,27.10389,93.64167,2018,8,August,1.5,2025.0,Safe,0.1230744,0.0959323,0.0014868,1.55,NULL,NULL,normalized_exact,0.7,valid,August_WL_1994-2025.pdf,GWRA_2025.pdf,NULL,local_pdf,local_pdf,official_web_fallback,pdf_text,pdf_table,NULL,2448,NULL,NULL,https://cgwb.gov.in
arunachal pradesh,papum pare,borum,borum,Naharlagun,Naharlagun Station,27.10306,93.69472,2018,8,August,1.0,2025.0,Safe,0.1230744,0.0959323,0.0014868,1.55,NULL,NULL,normalized_exact,0.7,valid,August_WL_1994-2025.pdf,GWRA_2025.pdf,NULL,local_pdf,local_pdf,official_web_fallback,pdf_text,pdf_table,NULL,2448,NULL,NULL,https://cgwb.gov.in
arunachal pradesh,papum pare,borum,borum,Nirjuli,Nirjuli Station,27.13111,93.73306,2018,8,August,0.5,2025.0,Safe,0.1230744,0.0959323,0.0014868,1.55,NULL,NULL,normalized_exact,0.7,valid,August_WL_1994-2025.pdf,GWRA_2025.pdf,NULL,local_pdf,local_pdf,official_web_fallback,pdf_text,pdf_table,NULL,2448,NULL,NULL,https://cgwb.gov.in
arunachal pradesh,papum pare,doimukh,doimukh,Banderdewa,Banderdewa Station,27.10528,93.82583,2018,8,August,10.6,2025.0,Safe,0.1230744,0.0959323,0.0014868,1.55,NULL,NULL,normalized_exact,0.7,valid,August_WL_1994-2025.pdf,GWRA_2025.pdf,NULL,local_pdf,local_pdf,official_web_fallback,pdf_text,pdf_table,NULL,2448,NULL,NULL,https://cgwb.gov.in
arunachal pradesh,papum pare,doimukh,doimukh,Doimukh,Doimukh Station,27.15,93.75,2018,8,August,0.5,2025.0,Safe,0.1230744,0.0959323,0.0014868,1.55,NULL,NULL,normalized_exact,0.7,valid,August_WL_1994-2025.pdf,GWRA_2025.pdf,NULL,local_pdf,local_pdf,official_web_fallback,pdf_text,pdf_table,NULL,2448,NULL,NULL,https://cgwb.gov.in
arunachal pradesh,tirap,borduria,borduria,Borduria,Borduria Station,27.01667,95.46667,2018,8,August,3.9,2025.0,Safe,0.0866897,0.0780207,0.0005554,0.71,NULL,NULL,normalized_exact,0.7,valid,August_WL_1994-2025.pdf,GWRA_2025.pdf,NULL,local_pdf,local_pdf,official_web_fallback,pdf_text,pdf_table,NULL,2448,NULL,NULL,https://cgwb.gov.in
arunachal pradesh,tirap,borduria,borduria,Hukanjuri,Hukanjuri Station,27.00833,95.46667,2018,8,August,5.2,2025.0,Safe,0.0866897,0.0780207,0.0005554,0.71,NULL,NULL,normalized_exact,0.7,valid,August_WL_1994-2025.pdf,GWRA_2025.pdf,NULL,local_pdf,local_pdf,official_web_fallback,pdf_text,pdf_table,NULL,2448,NULL,NULL,https://cgwb.gov.in
arunachal pradesh,tirap,namsang,namsang,Deomali,Deomali Station,27.2,95.525,2018,8,August,3.2,2025.0,Safe,0.0866897,0.0780207,0.0005554,0.71,NULL,NULL,normalized_exact,0.7,valid,August_WL_1994-2025.pdf,GWRA_2025.pdf,NULL,local_pdf,local_pdf,official_web_fallback,pdf_text,pdf_table,NULL,2448,NULL,NULL,https://cgwb.gov.in
arunachal pradesh,changlang,changlang,changlang,Jairampur,Jairampur Station,27.20833,96.04167,2017,8,August,0.4,2025.0,Safe,0.3010752,0.2709675,0.0024762,0.91,NULL,NULL,normalized_exact,0.7,valid,August_WL_1994-2025.pdf,GWRA_2025.pdf,NULL,local_pdf,local_pdf,official_web_fallback,pdf_text,pdf_table,NULL,2818,NULL,NULL,https://cgwb.gov.in
arunachal pradesh,changlang,changlang,changlang,Namchik,Namchik Station,27.41667,96.04583,2017,8,August,1.6,2025.0,Safe,0.3010752,0.2709675,0.0024762,0.91,NULL,NULL,normalized_exact,0.7,valid,August_WL_1994-2025.pdf,GWRA_2025.pdf,NULL,local_pdf,local_pdf,official_web_fallback,pdf_text,pdf_table,NULL,2818,NULL,NULL,https://cgwb.gov.in
arunachal pradesh,changlang,khagam-miao,khagam-miao,Namphai,Namphai Station,27.45833,96.10833,2017,8,August,1.8,2025.0,Safe,0.3010752,0.2709675,0.0024762,0.91,NULL,NULL,normalized_exact,0.7,valid,August_WL_1994-2025.pdf,GWRA_2025.pdf,NULL,local_pdf,local_pdf,official_web_fallback,pdf_text,pdf_table,NULL,2818,NULL,NULL,https://cgwb.gov.in
arunachal pradesh,changlang,khagam-miao,khagam-miao,Newlisan Kharsang,Newlisan Kharsang Station,27.5,96.13333,2017,8,August,1.3,2025.0,Safe,0.3010752,0.2709675,0.0024762,0.91,NULL,NULL,normalized_exact,0.7,valid,August_WL_1994-2025.pdf,GWRA_2025.pdf,NULL,local_pdf,local_pdf,official_web_fallback,pdf_text,pdf_table,NULL,2818,NULL,NULL,https://cgwb.gov.in
arunachal pradesh,east siang,pasighat,pasighat,Pasighat,Pasighat Station,28.05083,95.33611,2017,8,August,1.8,2025.0,Safe,0.8026644000000001,0.71985,0.0017902,0.25,NULL,NULL,normalized_exact,0.7,valid,August_WL_1994-2025.pdf,GWRA_2025.pdf,NULL,local_pdf,local_pdf,official_web_fallback,pdf_text,pdf_table,NULL,2818,NULL,NULL,https://cgwb.gov.in
arunachal pradesh,east siang,pasighat,pasighat,Satmile,Satmile Station,27.97778,95.33111,2017,8,August,1.3,2025.0,Safe,0.8026644000000001,0.71985,0.0017902,0.25,NULL,NULL,normalized_exact,0.7,valid,August_WL_1994-2025.pdf,GWRA_2025.pdf,NULL,local_pdf,local_pdf,official_web_fallback,pdf_text,pdf_table,NULL,2818,NULL,NULL,https://cgwb.gov.in
arunachal pradesh,east siang,ruksin,ruksin,Kemi,Kemi Station,27.85694,95.33778,2017,8,August,1.3,2025.0,Safe,0.8026644000000001,0.71985,0.0017902,0.25,NULL,NULL,normalized_exact,0.7,valid,August_WL_1994-2025.pdf,GWRA_2025.pdf,NULL,local_pdf,local_pdf,official_web_fallback,pdf_text,pdf_table,NULL,2818,NULL,NULL,https://cgwb.gov.in
arunachal pradesh,east siang,ruksin,ruksin,Oyen,Oyen Station,27.87556,95.31139,2017,8,August,3.7,2025.0,Safe,0.8026644000000001,0.71985,0.0017902,0.25,NULL,NULL,normalized_exact,0.7,valid,August_WL_1994-2025.pdf,GWRA_2025.pdf,NULL,local_pdf,local_pdf,official_web_fallback,pdf_text,pdf_table,NULL,2818,NULL,NULL,https://cgwb.gov.in
arunachal pradesh,east siang,ruksin,ruksin,Ruksin,Ruksin Station,27.83778,95.21817,2017,8,August,0.7,2025.0,Safe,0.8026644000000001,0.71985,0.0017902,0.25,NULL,NULL,normalized_exact,0.7,valid,August_WL_1994-2025.pdf,GWRA_2025.pdf,NULL,local_pdf,local_pdf,official_web_fallback,pdf_text,pdf_table,NULL,2818,NULL,NULL,https://cgwb.gov.in
arunachal pradesh,kamle,tamen-raga,tamen-raga,Bomte,Bomte Station,27.81667,94.31667,2017,8,August,0.7,NULL,Safe,NULL,NULL,NULL,NULL,NULL,NULL,unmatched,0.0,valid,August_WL_1994-2025.pdf,NULL,NULL,local_pdf,official_web_fallback,official_web_fallback,pdf_text,NULL,NULL,2818,NULL,NULL,https://cgwb.gov.in
arunachal pradesh,lower subansiri,ziro-i,ziro-i,Rajgarh,Rajgarh Station,27.40475,94.15225,2017,8,August,0.9,2025.0,Safe,0.0524143999999999,0.0448554,0.0003978999999999,0.89,NULL,NULL,normalized_exact,0.7,valid,August_WL_1994-2025.pdf,GWRA_2025.pdf,NULL,local_pdf,local_pdf,official_web_fallback,pdf_text,pdf_table,NULL,2818,NULL,NULL,https://cgwb.gov.in
arunachal pradesh,namsai,namsai,namsai,Lathow,Lathow Station,27.66667,95.875,2017,8,August,2.6,NULL,Safe,NULL,NULL,NULL,NULL,NULL,NULL,unmatched,0.0,valid,August_WL_1994-2025.pdf,NULL,NULL,local_pdf,official_web_fallback,official_web_fallback,pdf_text,NULL,NULL,2818,NULL,NULL,https://cgwb.gov.in
arunachal pradesh,papum pare,balijan,balijan,Sonajuli,Sonajuli Station,27.02814,93.74131,2017,8,August,1.4,2025.0,Safe,0.1230744,0.0959323,0.0014868,1.55,NULL,NULL,normalized_exact,0.7,valid,August_WL_1994-2025.pdf,GWRA_2025.pdf,NULL,local_pdf,local_pdf,official_web_fallback,pdf_text,pdf_table,NULL,2818,NULL,NULL,https://cgwb.gov.in
arunachal pradesh,papum pare,borum,borum,Chimpu,Chimpu Station,27.07,93.6,2017,8,August,1.3,2025.0,Safe,0.1230744,0.0959323,0.0014868,1.55,NULL,NULL,normalized_exact,0.7,valid,August_WL_1994-2025.pdf,GWRA_2025.pdf,NULL,local_pdf,local_pdf,official_web_fallback,pdf_text,pdf_table,NULL,2818,NULL,NULL,https://cgwb.gov.in
arunachal pradesh,papum pare,borum,borum,Itanagar,Itanagar Station,27.10389,93.64167,2017,8,August,1.0,2025.0,Safe,0.1230744,0.0959323,0.0014868,1.55,NULL,NULL,normalized_exact,0.7,valid,August_WL_1994-2025.pdf,GWRA_2025.pdf,NULL,local_pdf,local_pdf,official_web_fallback,pdf_text,pdf_table,NULL,2818,NULL,NULL,https://cgwb.gov.in
arunachal pradesh,papum pare,borum,borum,Naharlagun,Naharlagun Station,27.10306,93.69472,2017,8,August,4.9,2025.0,Safe,0.1230744,0.0959323,0.0014868,1.55,NULL,NULL,normalized_exact,0.7,valid,August_WL_1994-2025.pdf,GWRA_2025.pdf,NULL,local_pdf,local_pdf,official_web_fallback,pdf_text,pdf_table,NULL,2818,NULL,NULL,https://cgwb.gov.in
arunachal pradesh,papum pare,borum,borum,Nirjuli,Nirjuli Station,27.13111,93.73306,2017,8,August,0.4,2025.0,Safe,0.1230744,0.0959323,0.0014868,1.55,NULL,NULL,normalized_exact,0.7,valid,August_WL_1994-2025.pdf,GWRA_2025.pdf,NULL,local_pdf,local_pdf,official_web_fallback,pdf_text,pdf_table,NULL,2818,NULL,NULL,https://cgwb.gov.in
arunachal pradesh,papum pare,doimukh,doimukh,Banderdewa,Banderdewa Station,27.10528,93.82583,2017,8,August,11.6,2025.0,Safe,0.1230744,0.0959323,0.0014868,1.55,NULL,NULL,normalized_exact,0.7,valid,August_WL_1994-2025.pdf,GWRA_2025.pdf,NULL,local_pdf,local_pdf,official_web_fallback,pdf_text,pdf_table,NULL,2818,NULL,NULL,https://cgwb.gov.in
arunachal pradesh,papum pare,doimukh,doimukh,Doimukh,Doimukh Station,27.15,93.75,2017,8,August,0.5,2025.0,Safe,0.1230744,0.0959323,0.0014868,1.55,NULL,NULL,normalized_exact,0.7,valid,August_WL_1994-2025.pdf,GWRA_2025.pdf,NULL,local_pdf,local_pdf,official_web_fallback,pdf_text,pdf_table,NULL,2818,NULL,NULL,https://cgwb.gov.in
arunachal pradesh,papum pare,kimin,kimin,Kimin,Kimin Station,27.30833,93.96944,2017,8,August,1.1,2025.0,Safe,0.1230744,0.0959323,0.0014868,1.55,NULL,NULL,normalized_exact,0.7,valid,August_WL_1994-2025.pdf,GWRA_2025.pdf,NULL,local_pdf,local_pdf,official_web_fallback,pdf_text,pdf_table,NULL,2818,NULL,NULL,https://cgwb.gov.in
arunachal pradesh,tirap,borduria,borduria,Borduria,Borduria Station,27.01667,95.46667,2017,8,August,3.8,2025.0,Safe,0.0866897,0.0780207,0.0005554,0.71,NULL,NULL,normalized_exact,0.7,valid,August_WL_1994-2025.pdf,GWRA_2025.pdf,NULL,local_pdf,local_pdf,official_web_fallback,pdf_text,pdf_table,NULL,2818,NULL,NULL,https://cgwb.gov.in
arunachal pradesh,tirap,borduria,borduria,Hukanjuri,Hukanjuri Station,27.00833,95.46667,2017,8,August,3.7,2025.0,Safe,0.0866897,0.0780207,0.0005554,0.71,NULL,NULL,normalized_exact,0.7,valid,August_WL_1994-2025.pdf,GWRA_2025.pdf,NULL,local_pdf,local_pdf,official_web_fallback,pdf_text,pdf_table,NULL,2818,NULL,NULL,https://cgwb.gov.in
arunachal pradesh,tirap,namsang,namsang,Deomali,Deomali Station,27.2,95.525,2017,8,August,3.0,2025.0,Safe,0.0866897,0.0780207,0.0005554,0.71,NULL,NULL,normalized_exact,0.7,valid,August_WL_1994-2025.pdf,GWRA_2025.pdf,NULL,local_pdf,local_pdf,official_web_fallback,pdf_text,pdf_table,NULL,2818,NULL,NULL,https://cgwb.gov.in
arunachal pradesh,east siang,pasighat,pasighat,Pasighat,Pasighat Station,28.05083,95.33611,2016,8,August,4.8,2025.0,Safe,0.8026644000000001,0.71985,0.0017902,0.25,NULL,NULL,normalized_exact,0.7,valid,August_WL_1994-2025.pdf,GWRA_2025.pdf,NULL,local_pdf,local_pdf,official_web_fallback,pdf_text,pdf_table,NULL,3181,NULL,NULL,https://cgwb.gov.in
arunachal pradesh,east siang,pasighat,pasighat,Satmile,Satmile Station,27.97778,95.33111,2016,8,August,1.8,2025.0,Safe,0.8026644000000001,0.71985,0.0017902,0.25,NULL,NULL,normalized_exact,0.7,valid,August_WL_1994-2025.pdf,GWRA_2025.pdf,NULL,local_pdf,local_pdf,official_web_fallback,pdf_text,pdf_table,NULL,3181,NULL,NULL,https://cgwb.gov.in
arunachal pradesh,east siang,ruksin,ruksin,Kemi,Kemi Station,27.85694,95.33778,2016,8,August,1.8,2025.0,Safe,0.8026644000000001,0.71985,0.0017902,0.25,NULL,NULL,normalized_exact,0.7,valid,August_WL_1994-2025.pdf,GWRA_2025.pdf,NULL,local_pdf,local_pdf,official_web_fallback,pdf_text,pdf_table,NULL,3181,NULL,NULL,https://cgwb.gov.in
arunachal pradesh,east siang,ruksin,ruksin,Ruksin,Ruksin Station,27.83778,95.21817,2016,8,August,1.2,2025.0,Safe,0.8026644000000001,0.71985,0.0017902,0.25,NULL,NULL,normalized_exact,0.7,valid,August_WL_1994-2025.pdf,GWRA_2025.pdf,NULL,local_pdf,local_pdf,official_web_fallback,pdf_text,pdf_table,NULL,3181,NULL,NULL,https://cgwb.gov.in
arunachal pradesh,east siang,ruksin,ruksin,Sika Baman Todee,Sika Baman Todee Station,27.91333,95.34361,2016,8,August,0.8,2025.0,Safe,0.8026644000000001,0.71985,0.0017902,0.25,NULL,NULL,normalized_exact,0.7,valid,August_WL_1994-2025.pdf,GWRA_2025.pdf,NULL,local_pdf,local_pdf,official_web_fallback,pdf_text,pdf_table,NULL,3181,NULL,NULL,https://cgwb.gov.in
arunachal pradesh,kamle,tamen-raga,tamen-raga,Bomte,Bomte Station,27.81667,94.31667,2016,8,August,0.9,NULL,Safe,NULL,NULL,NULL,NULL,NULL,NULL,unmatched,0.0,valid,August_WL_1994-2025.pdf,NULL,NULL,local_pdf,official_web_fallback,official_web_fallback,pdf_text,NULL,NULL,3181,NULL,NULL,https://cgwb.gov.in
arunachal pradesh,lower subansiri,ziro-i,ziro-i,Kolaputkar,Kolaputkar Station,27.86667,94.41667,2016,8,August,3.0,2025.0,Safe,0.0524143999999999,0.0448554,0.0003978999999999,0.89,NULL,NULL,normalized_exact,0.7,valid,August_WL_1994-2025.pdf,GWRA_2025.pdf,NULL,local_pdf,local_pdf,official_web_fallback,pdf_text,pdf_table,NULL,3181,NULL,NULL,https://cgwb.gov.in
arunachal pradesh,lower subansiri,ziro-i,ziro-i,Rajgarh,Rajgarh Station,27.40475,94.15225,2016,8,August,1.4,2025.0,Safe,0.0524143999999999,0.0448554,0.0003978999999999,0.89,NULL,NULL,normalized_exact,0.7,valid,August_WL_1994-2025.pdf,GWRA_2025.pdf,NULL,local_pdf,local_pdf,official_web_fallback,pdf_text,pdf_table,NULL,3181,NULL,NULL,https://cgwb.gov.in
arunachal pradesh,namsai,namsai,namsai,Lathow,Lathow Station,27.66667,95.875,2016,8,August,1.2,NULL,Safe,NULL,NULL,NULL,NULL,NULL,NULL,unmatched,0.0,valid,August_WL_1994-2025.pdf,NULL,NULL,local_pdf,official_web_fallback,official_web_fallback,pdf_text,NULL,NULL,3181,NULL,NULL,https://cgwb.gov.in
arunachal pradesh,papum pare,balijan,balijan,Sonajuli,Sonajuli Station,27.02814,93.74131,2016,8,August,1.9,2025.0,Safe,0.1230744,0.0959323,0.0014868,1.55,NULL,NULL,normalized_exact,0.7,valid,August_WL_1994-2025.pdf,GWRA_2025.pdf,NULL,local_pdf,local_pdf,official_web_fallback,pdf_text,pdf_table,NULL,3181,NULL,NULL,https://cgwb.gov.in
arunachal pradesh,papum pare,borum,borum,Chimpu,Chimpu Station,27.07,93.6,2016,8,August,2.0,2025.0,Safe,0.1230744,0.0959323,0.0014868,1.55,NULL,NULL,normalized_exact,0.7,valid,August_WL_1994-2025.pdf,GWRA_2025.pdf,NULL,local_pdf,local_pdf,official_web_fallback,pdf_text,pdf_table,NULL,3181,NULL,NULL,https://cgwb.gov.in
arunachal pradesh,papum pare,borum,borum,Itanagar,Itanagar Station,27.10389,93.64167,2016,8,August,1.5,2025.0,Safe,0.1230744,0.0959323,0.0014868,1.55,NULL,NULL,normalized_exact,0.7,valid,August_WL_1994-2025.pdf,GWRA_2025.pdf,NULL,local_pdf,local_pdf,official_web_fallback,pdf_text,pdf_table,NULL,3181,NULL,NULL,https://cgwb.gov.in
arunachal pradesh,papum pare,borum,borum,Naharlagun,Naharlagun Station,27.10306,93.69472,2016,8,August,4.9,2025.0,Safe,0.1230744,0.0959323,0.0014868,1.55,NULL,NULL,normalized_exact,0.7,valid,August_WL_1994-2025.pdf,GWRA_2025.pdf,NULL,local_pdf,local_pdf,official_web_fallback,pdf_text,pdf_table,NULL,3181,NULL,NULL,https://cgwb.gov.in
arunachal pradesh,papum pare,borum,borum,Nirjuli,Nirjuli Station,27.13111,93.73306,2016,8,August,0.8,2025.0,Safe,0.1230744,0.0959323,0.0014868,1.55,NULL,NULL,normalized_exact,0.7,valid,August_WL_1994-2025.pdf,GWRA_2025.pdf,NULL,local_pdf,local_pdf,official_web_fallback,pdf_text,pdf_table,NULL,3181,NULL,NULL,https://cgwb.gov.in
arunachal pradesh,papum pare,doimukh,doimukh,Banderdewa,Banderdewa Station,27.10528,93.82583,2016,8,August,10.6,2025.0,Safe,0.1230744,0.0959323,0.0014868,1.55,NULL,NULL,normalized_exact,0.7,valid,August_WL_1994-2025.pdf,GWRA_2025.pdf,NULL,local_pdf,local_pdf,official_web_fallback,pdf_text,pdf_table,NULL,3181,NULL,NULL,https://cgwb.gov.in
arunachal pradesh,papum pare,doimukh,doimukh,Doimukh,Doimukh Station,27.15,93.75,2016,8,August,0.9,2025.0,Safe,0.1230744,0.0959323,0.0014868,1.55,NULL,NULL,normalized_exact,0.7,valid,August_WL_1994-2025.pdf,GWRA_2025.pdf,NULL,local_pdf,local_pdf,official_web_fallback,pdf_text,pdf_table,NULL,3181,NULL,NULL,https://cgwb.gov.in
arunachal pradesh,papum pare,kimin,kimin,Kimin,Kimin Station,27.30833,93.96944,2016,8,August,1.1,2025.0,Safe,0.1230744,0.0959323,0.0014868,1.55,NULL,NULL,normalized_exact,0.7,valid,August_WL_1994-2025.pdf,GWRA_2025.pdf,NULL,local_pdf,local_pdf,official_web_fallback,pdf_text,pdf_table,NULL,3181,NULL,NULL,https://cgwb.gov.in
arunachal pradesh,tirap,borduria,borduria,Borduria,Borduria Station,27.01667,95.46667,2016,8,August,1.4,2025.0,Safe,0.0866897,0.0780207,0.0005554,0.71,NULL,NULL,normalized_exact,0.7,valid,August_WL_1994-2025.pdf,GWRA_2025.pdf,NULL,local_pdf,local_pdf,official_web_fallback,pdf_text,pdf_table,NULL,3181,NULL,NULL,https://cgwb.gov.in
arunachal pradesh,tirap,borduria,borduria,Hukanjuri,Hukanjuri Station,27.00833,95.46667,2016,8,August,2.2,2025.0,Safe,0.0866897,0.0780207,0.0005554,0.71,NULL,NULL,normalized_exact,0.7,valid,August_WL_1994-2025.pdf,GWRA_2025.pdf,NULL,local_pdf,local_pdf,official_web_fallback,pdf_text,pdf_table,NULL,3181,NULL,NULL,https://cgwb.gov.in
arunachal pradesh,tirap,namsang,namsang,Deomali,Deomali Station,27.2,95.525,2016,8,August,1.6,2025.0,Safe,0.0866897,0.0780207,0.0005554,0.71,NULL,NULL,normalized_exact,0.7,valid,August_WL_1994-2025.pdf,GWRA_2025.pdf,NULL,local_pdf,local_pdf,official_web_fallback,pdf_text,pdf_table,NULL,3181,NULL,NULL,https://cgwb.gov.in
arunachal pradesh,changlang,changlang,changlang,Jairampur,Jairampur Station,27.20833,96.04167,2015,8,August,1.0,2025.0,Safe,0.3010752,0.2709675,0.0024762,0.91,NULL,NULL,normalized_exact,0.7,valid,August_WL_1994-2025.pdf,GWRA_2025.pdf,NULL,local_pdf,local_pdf,official_web_fallback,pdf_text,pdf_table,NULL,3547,NULL,NULL,https://cgwb.gov.in
arunachal pradesh,changlang,changlang,changlang,Namchik,Namchik Station,27.41667,96.04583,2015,8,August,1.0,2025.0,Safe,0.3010752,0.2709675,0.0024762,0.91,NULL,NULL,normalized_exact,0.7,valid,August_WL_1994-2025.pdf,GWRA_2025.pdf,NULL,local_pdf,local_pdf,official_web_fallback,pdf_text,pdf_table,NULL,3547,NULL,NULL,https://cgwb.gov.in
arunachal pradesh,changlang,khagam-miao,khagam-miao,Namphai,Namphai Station,27.45833,96.10833,2015,8,August,1.0,2025.0,Safe,0.3010752,0.2709675,0.0024762,0.91,NULL,NULL,normalized_exact,0.7,valid,August_WL_1994-2025.pdf,GWRA_2025.pdf,NULL,local_pdf,local_pdf,official_web_fallback,pdf_text,pdf_table,NULL,3547,NULL,NULL,https://cgwb.gov.in
arunachal pradesh,changlang,khagam-miao,khagam-miao,Newlisan Kharsang,Newlisan Kharsang Station,27.5,96.13333,2015,8,August,1.2,2025.0,Safe,0.3010752,0.2709675,0.0024762,0.91,NULL,NULL,normalized_exact,0.7,valid,August_WL_1994-2025.pdf,GWRA_2025.pdf,NULL,local_pdf,local_pdf,official_web_fallback,pdf_text,pdf_table,NULL,3547,NULL,NULL,https://cgwb.gov.in
arunachal pradesh,east siang,pasighat,pasighat,Pasighat,Pasighat Station,28.05083,95.33611,2015,8,August,3.2,2025.0,Safe,0.8026644000000001,0.71985,0.0017902,0.25,NULL,NULL,normalized_exact,0.7,valid,August_WL_1994-2025.pdf,GWRA_2025.pdf,NULL,local_pdf,local_pdf,official_web_fallback,pdf_text,pdf_table,NULL,3547,NULL,NULL,https://cgwb.gov.in
arunachal pradesh,east siang,ruksin,ruksin,Ruksin,Ruksin Station,27.83778,95.21817,2015,8,August,0.3,2025.0,Safe,0.8026644000000001,0.71985,0.0017902,0.25,NULL,NULL,normalized_exact,0.7,valid,August_WL_1994-2025.pdf,GWRA_2025.pdf,NULL,local_pdf,local_pdf,official_web_fallback,pdf_text,pdf_table,NULL,3547,NULL,NULL,https://cgwb.gov.in
arunachal pradesh,east siang,ruksin,ruksin,Sika Baman Todee,Sika Baman Todee Station,27.91333,95.34361,2015,8,August,0.2,2025.0,Safe,0.8026644000000001,0.71985,0.0017902,0.25,NULL,NULL,normalized_exact,0.7,valid,August_WL_1994-2025.pdf,GWRA_2025.pdf,NULL,local_pdf,local_pdf,official_web_fallback,pdf_text,pdf_table,NULL,3547,NULL,NULL,https://cgwb.gov.in
arunachal pradesh,kamle,tamen-raga,tamen-raga,Bomte,Bomte Station,27.81667,94.31667,2015,8,August,0.6,NULL,Safe,NULL,NULL,NULL,NULL,NULL,NULL,unmatched,0.0,valid,August_WL_1994-2025.pdf,NULL,NULL,local_pdf,official_web_fallback,official_web_fallback,pdf_text,NULL,NULL,3547,NULL,NULL,https://cgwb.gov.in
arunachal pradesh,lower subansiri,ziro-i,ziro-i,Kolaputkar,Kolaputkar Station,27.86667,94.41667,2015,8,August,2.0,2025.0,Safe,0.0524143999999999,0.0448554,0.0003978999999999,0.89,NULL,NULL,normalized_exact,0.7,valid,August_WL_1994-2025.pdf,GWRA_2025.pdf,NULL,local_pdf,local_pdf,official_web_fallback,pdf_text,pdf_table,NULL,3547,NULL,NULL,https://cgwb.gov.in
arunachal pradesh,lower subansiri,ziro-i,ziro-i,Rajgarh,Rajgarh Station,27.40475,94.15225,2015,8,August,0.8,2025.0,Safe,0.0524143999999999,0.0448554,0.0003978999999999,0.89,NULL,NULL,normalized_exact,0.7,valid,August_WL_1994-2025.pdf,GWRA_2025.pdf,NULL,local_pdf,local_pdf,official_web_fallback,pdf_text,pdf_table,NULL,3547,NULL,NULL,https://cgwb.gov.in
arunachal pradesh,namsai,namsai,namsai,Lathow,Lathow Station,27.66667,95.875,2015,8,August,0.9,NULL,Safe,NULL,NULL,NULL,NULL,NULL,NULL,unmatched,0.0,valid,August_WL_1994-2025.pdf,NULL,NULL,local_pdf,official_web_fallback,official_web_fallback,pdf_text,NULL,NULL,3547,NULL,NULL,https://cgwb.gov.in
arunachal pradesh,papum pare,balijan,balijan,Sonajuli,Sonajuli Station,27.02814,93.74131,2015,8,August,1.7,2025.0,Safe,0.1230744,0.0959323,0.0014868,1.55,NULL,NULL,normalized_exact,0.7,valid,August_WL_1994-2025.pdf,GWRA_2025.pdf,NULL,local_pdf,local_pdf,official_web_fallback,pdf_text,pdf_table,NULL,3547,NULL,NULL,https://cgwb.gov.in
arunachal pradesh,papum pare,borum,borum,Chimpu,Chimpu Station,27.07,93.6,2015,8,August,1.9,2025.0,Safe,0.1230744,0.0959323,0.0014868,1.55,NULL,NULL,normalized_exact,0.7,valid,August_WL_1994-2025.pdf,GWRA_2025.pdf,NULL,local_pdf,local_pdf,official_web_fallback,pdf_text,pdf_table,NULL,3547,NULL,NULL,https://cgwb.gov.in
arunachal pradesh,papum pare,borum,borum,Itanagar,Itanagar Station,27.10389,93.64167,2015,8,August,2.1,2025.0,Safe,0.1230744,0.0959323,0.0014868,1.55,NULL,NULL,normalized_exact,0.7,valid,August_WL_1994-2025.pdf,GWRA_2025.pdf,NULL,local_pdf,local_pdf,official_web_fallback,pdf_text,pdf_table,NULL,3547,NULL,NULL,https://cgwb.gov.in
arunachal pradesh,papum pare,borum,borum,Nirjuli,Nirjuli Station,27.13111,93.73306,2015,8,August,0.8,2025.0,Safe,0.1230744,0.0959323,0.0014868,1.55,NULL,NULL,normalized_exact,0.7,valid,August_WL_1994-2025.pdf,GWRA_2025.pdf,NULL,local_pdf,local_pdf,official_web_fallback,pdf_text,pdf_table,NULL,3547,NULL,NULL,https://cgwb.gov.in
arunachal pradesh,papum pare,doimukh,doimukh,Banderdewa,Banderdewa Station,27.10528,93.82583,2015,8,August,10.7,2025.0,Safe,0.1230744,0.0959323,0.0014868,1.55,NULL,NULL,normalized_exact,0.7,valid,August_WL_1994-2025.pdf,GWRA_2025.pdf,NULL,local_pdf,local_pdf,official_web_fallback,pdf_text,pdf_table,NULL,3547,NULL,NULL,https://cgwb.gov.in
arunachal pradesh,papum pare,kimin,kimin,Kimin,Kimin Station,27.30833,93.96944,2015,8,August,1.0,2025.0,Safe,0.1230744,0.0959323,0.0014868,1.55,NULL,NULL,normalized_exact,0.7,valid,August_WL_1994-2025.pdf,GWRA_2025.pdf,NULL,local_pdf,local_pdf,official_web_fallback,pdf_text,pdf_table,NULL,3547,NULL,NULL,https://cgwb.gov.in
arunachal pradesh,tirap,borduria,borduria,Borduria,Borduria Station,27.01667,95.46667,2015,8,August,1.5,2025.0,Safe,0.0866897,0.0780207,0.0005554,0.71,NULL,NULL,normalized_exact,0.7,valid,August_WL_1994-2025.pdf,GWRA_2025.pdf,NULL,local_pdf,local_pdf,official_web_fallback,pdf_text,pdf_table,NULL,3547,NULL,NULL,https://cgwb.gov.in
arunachal pradesh,tirap,borduria,borduria,Hukanjuri,Hukanjuri Station,27.00833,95.46667,2015,8,August,2.3,2025.0,Safe,0.0866897,0.0780207,0.0005554,0.71,NULL,NULL,normalized_exact,0.7,valid,August_WL_1994-2025.pdf,GWRA_2025.pdf,NULL,local_pdf,local_pdf,official_web_fallback,pdf_text,pdf_table,NULL,3548,NULL,NULL,https://cgwb.gov.in
arunachal pradesh,tirap,namsang,namsang,Deomali,Deomali Station,27.2,95.525,2015,8,August,1.3,2025.0,Safe,0.0866897,0.0780207,0.0005554,0.71,NULL,NULL,normalized_exact,0.7,valid,August_WL_1994-2025.pdf,GWRA_2025.pdf,NULL,local_pdf,local_pdf,official_web_fallback,pdf_text,pdf_table,NULL,3548,NULL,NULL,https://cgwb.gov.in
arunachal pradesh,changlang,changlang,changlang,Jairampur,Jairampur Station,27.20833,96.04167,2014,8,August,0.7,2025.0,Safe,0.3010752,0.2709675,0.0024762,0.91,NULL,NULL,normalized_exact,0.7,valid,August_WL_1994-2025.pdf,GWRA_2025.pdf,NULL,local_pdf,local_pdf,official_web_fallback,pdf_text,pdf_table,NULL,3896,NULL,NULL,https://cgwb.gov.in
arunachal pradesh,changlang,changlang,changlang,Namchik,Namchik Station,27.41667,96.04583,2014,8,August,1.1,2025.0,Safe,0.3010752,0.2709675,0.0024762,0.91,NULL,NULL,normalized_exact,0.7,valid,August_WL_1994-2025.pdf,GWRA_2025.pdf,NULL,local_pdf,local_pdf,official_web_fallback,pdf_text,pdf_table,NULL,3896,NULL,NULL,https://cgwb.gov.in
arunachal pradesh,changlang,khagam-miao,khagam-miao,Namphai,Namphai Station,27.45833,96.10833,2014,8,August,0.8,2025.0,Safe,0.3010752,0.2709675,0.0024762,0.91,NULL,NULL,normalized_exact,0.7,valid,August_WL_1994-2025.pdf,GWRA_2025.pdf,NULL,local_pdf,local_pdf,official_web_fallback,pdf_text,pdf_table,NULL,3896,NULL,NULL,https://cgwb.gov.in
arunachal pradesh,changlang,khagam-miao,khagam-miao,Newlisan Kharsang,Newlisan Kharsang Station,27.5,96.13333,2014,8,August,1.0,2025.0,Safe,0.3010752,0.2709675,0.0024762,0.91,NULL,NULL,normalized_exact,0.7,valid,August_WL_1994-2025.pdf,GWRA_2025.pdf,NULL,local_pdf,local_pdf,official_web_fallback,pdf_text,pdf_table,NULL,3896,NULL,NULL,https://cgwb.gov.in
arunachal pradesh,east siang,pasighat,pasighat,Pasighat,Pasighat Station,27.06444,95.31028,2014,8,August,5.3,2025.0,Safe,0.8026644000000001,0.71985,0.0017902,0.25,NULL,NULL,normalized_exact,0.7,valid,August_WL_1994-2025.pdf,GWRA_2025.pdf,NULL,local_pdf,local_pdf,official_web_fallback,pdf_text,pdf_table,NULL,3896,NULL,NULL,https://cgwb.gov.in
arunachal pradesh,east siang,ruksin,ruksin,Oyen,Oyen Station,27.87556,95.31139,2014,8,August,0.6,2025.0,Safe,0.8026644000000001,0.71985,0.0017902,0.25,NULL,NULL,normalized_exact,0.7,valid,August_WL_1994-2025.pdf,GWRA_2025.pdf,NULL,local_pdf,local_pdf,official_web_fallback,pdf_text,pdf_table,NULL,3896,NULL,NULL,https://cgwb.gov.in
arunachal pradesh,east siang,ruksin,ruksin,Ruksin,Ruksin Station,27.83778,95.21817,2014,8,August,0.3,2025.0,Safe,0.8026644000000001,0.71985,0.0017902,0.25,NULL,NULL,normalized_exact,0.7,valid,August_WL_1994-2025.pdf,GWRA_2025.pdf,NULL,local_pdf,local_pdf,official_web_fallback,pdf_text,pdf_table,NULL,3896,NULL,NULL,https://cgwb.gov.in
arunachal pradesh,east siang,ruksin,ruksin,Sika Baman Todee,Sika Baman Todee Station,27.91333,95.34361,2014,8,August,0.2,2025.0,Safe,0.8026644000000001,0.71985,0.0017902,0.25,NULL,NULL,normalized_exact,0.7,valid,August_WL_1994-2025.pdf,GWRA_2025.pdf,NULL,local_pdf,local_pdf,official_web_fallback,pdf_text,pdf_table,NULL,3896,NULL,NULL,https://cgwb.gov.in
arunachal pradesh,namsai,namsai,namsai,Lathow,Lathow Station,27.66667,95.875,2014,8,August,0.6,NULL,Safe,NULL,NULL,NULL,NULL,NULL,NULL,unmatched,0.0,valid,August_WL_1994-2025.pdf,NULL,NULL,local_pdf,official_web_fallback,official_web_fallback,pdf_text,NULL,NULL,3896,NULL,NULL,https://cgwb.gov.in
arunachal pradesh,papum pare,borum,borum,Chimpu,Chimpu Station,27.07,93.6,2014,8,August,0.6,2025.0,Safe,0.1230744,0.0959323,0.0014868,1.55,NULL,NULL,normalized_exact,0.7,valid,August_WL_1994-2025.pdf,GWRA_2025.pdf,NULL,local_pdf,local_pdf,official_web_fallback,pdf_text,pdf_table,NULL,3896,NULL,NULL,https://cgwb.gov.in
arunachal pradesh,papum pare,borum,borum,Itanagar,Itanagar Station,27.10389,93.64167,2014,8,August,0.9,2025.0,Safe,0.1230744,0.0959323,0.0014868,1.55,NULL,NULL,normalized_exact,0.7,valid,August_WL_1994-2025.pdf,GWRA_2025.pdf,NULL,local_pdf,local_pdf,official_web_fallback,pdf_text,pdf_table,NULL,3896,NULL,NULL,https://cgwb.gov.in
arunachal pradesh,papum pare,borum,borum,Naharlagun,Naharlagun Station,27.10306,93.69472,2014,8,August,4.4,2025.0,Safe,0.1230744,0.0959323,0.0014868,1.55,NULL,NULL,normalized_exact,0.7,valid,August_WL_1994-2025.pdf,GWRA_2025.pdf,NULL,local_pdf,local_pdf,official_web_fallback,pdf_text,pdf_table,NULL,3896,NULL,NULL,https://cgwb.gov.in
arunachal pradesh,papum pare,borum,borum,Nirjuli,Nirjuli Station,27.13111,93.73306,2014,8,August,0.7,2025.0,Safe,0.1230744,0.0959323,0.0014868,1.55,NULL,NULL,normalized_exact,0.7,valid,August_WL_1994-2025.pdf,GWRA_2025.pdf,NULL,local_pdf,local_pdf,official_web_fallback,pdf_text,pdf_table,NULL,3896,NULL,NULL,https://cgwb.gov.in
arunachal pradesh,papum pare,doimukh,doimukh,Banderdewa,Banderdewa Station,27.10528,93.82583,2014,8,August,10.1,2025.0,Safe,0.1230744,0.0959323,0.0014868,1.55,NULL,NULL,normalized_exact,0.7,valid,August_WL_1994-2025.pdf,GWRA_2025.pdf,NULL,local_pdf,local_pdf,official_web_fallback,pdf_text,pdf_table,NULL,3896,NULL,NULL,https://cgwb.gov.in
arunachal pradesh,papum pare,kimin,kimin,Kimin,Kimin Station,27.30833,93.96944,2014,8,August,1.0,2025.0,Safe,0.1230744,0.0959323,0.0014868,1.55,NULL,NULL,normalized_exact,0.7,valid,August_WL_1994-2025.pdf,GWRA_2025.pdf,NULL,local_pdf,local_pdf,official_web_fallback,pdf_text,pdf_table,NULL,3896,NULL,NULL,https://cgwb.gov.in
arunachal pradesh,tirap,borduria,borduria,Borduria,Borduria Station,27.01667,95.46667,2014,8,August,1.2,2025.0,Safe,0.0866897,0.0780207,0.0005554,0.71,NULL,NULL,normalized_exact,0.7,valid,August_WL_1994-2025.pdf,GWRA_2025.pdf,NULL,local_pdf,local_pdf,official_web_fallback,pdf_text,pdf_table,NULL,3896,NULL,NULL,https://cgwb.gov.in
arunachal pradesh,tirap,borduria,borduria,Hukanjuri,Hukanjuri Station,27.00833,95.46667,2014,8,August,2.2,2025.0,Safe,0.0866897,0.0780207,0.0005554,0.71,NULL,NULL,normalized_exact,0.7,valid,August_WL_1994-2025.pdf,GWRA_2025.pdf,NULL,local_pdf,local_pdf,official_web_fallback,pdf_text,pdf_table,NULL,3896,NULL,NULL,https://cgwb.gov.in
arunachal pradesh,tirap,namsang,namsang,Deomali,Deomali Station,27.2,95.525,2014,8,August,1.4,2025.0,Safe,0.0866897,0.0780207,0.0005554,0.71,NULL,NULL,normalized_exact,0.7,valid,August_WL_1994-2025.pdf,GWRA_2025.pdf,NULL,local_pdf,local_pdf,official_web_fallback,pdf_text,pdf_table,NULL,3897,NULL,NULL,https://cgwb.gov.in
arunachal pradesh,changlang,changlang,changlang,Jairampur,Jairampur Station,27.20833,96.04167,2013,8,August,1.7,2025.0,Safe,0.3010752,0.2709675,0.0024762,0.91,NULL,NULL,normalized_exact,0.7,valid,August_WL_1994-2025.pdf,GWRA_2025.pdf,NULL,local_pdf,local_pdf,official_web_fallback,pdf_text,pdf_table,NULL,4223,NULL,NULL,https://cgwb.gov.in
arunachal pradesh,changlang,changlang,changlang,Namchik,Namchik Station,27.41667,96.04583,2013,8,August,1.8,2025.0,Safe,0.3010752,0.2709675,0.0024762,0.91,NULL,NULL,normalized_exact,0.7,valid,August_WL_1994-2025.pdf,GWRA_2025.pdf,NULL,local_pdf,local_pdf,official_web_fallback,pdf_text,pdf_table,NULL,4223,NULL,NULL,https://cgwb.gov.in
arunachal pradesh,changlang,khagam-miao,khagam-miao,Namphai,Namphai Station,27.45833,96.10833,2013,8,August,1.5,2025.0,Safe,0.3010752,0.2709675,0.0024762,0.91,NULL,NULL,normalized_exact,0.7,valid,August_WL_1994-2025.pdf,GWRA_2025.pdf,NULL,local_pdf,local_pdf,official_web_fallback,pdf_text,pdf_table,NULL,4223,NULL,NULL,https://cgwb.gov.in
arunachal pradesh,changlang,khagam-miao,khagam-miao,Newlisan Kharsang,Newlisan Kharsang Station,27.5,96.13333,2013,8,August,2.7,2025.0,Safe,0.3010752,0.2709675,0.0024762,0.91,NULL,NULL,normalized_exact,0.7,valid,August_WL_1994-2025.pdf,GWRA_2025.pdf,NULL,local_pdf,local_pdf,official_web_fallback,pdf_text,pdf_table,NULL,4223,NULL,NULL,https://cgwb.gov.in
arunachal pradesh,east siang,pasighat,pasighat,Pasighat,Pasighat Station,27.06444,95.31028,2013,8,August,9.1,2025.0,Safe,0.8026644000000001,0.71985,0.0017902,0.25,NULL,NULL,normalized_exact,0.7,valid,August_WL_1994-2025.pdf,GWRA_2025.pdf,NULL,local_pdf,local_pdf,official_web_fallback,pdf_text,pdf_table,NULL,4223,NULL,NULL,https://cgwb.gov.in
arunachal pradesh,east siang,pasighat,pasighat,Satmile,Satmile Station,27.97778,95.33111,2013,8,August,1.3,2025.0,Safe,0.8026644000000001,0.71985,0.0017902,0.25,NULL,NULL,normalized_exact,0.7,valid,August_WL_1994-2025.pdf,GWRA_2025.pdf,NULL,local_pdf,local_pdf,official_web_fallback,pdf_text,pdf_table,NULL,4223,NULL,NULL,https://cgwb.gov.in
arunachal pradesh,east siang,ruksin,ruksin,Kemi,Kemi Station,27.85694,95.33778,2013,8,August,1.3,2025.0,Safe,0.8026644000000001,0.71985,0.0017902,0.25,NULL,NULL,normalized_exact,0.7,valid,August_WL_1994-2025.pdf,GWRA_2025.pdf,NULL,local_pdf,local_pdf,official_web_fallback,pdf_text,pdf_table,NULL,4223,NULL,NULL,https://cgwb.gov.in
arunachal pradesh,east siang,ruksin,ruksin,Oyen,Oyen Station,27.87556,95.31139,2013,8,August,2.0,2025.0,Safe,0.8026644000000001,0.71985,0.0017902,0.25,NULL,NULL,normalized_exact,0.7,valid,August_WL_1994-2025.pdf,GWRA_2025.pdf,NULL,local_pdf,local_pdf,official_web_fallback,pdf_text,pdf_table,NULL,4223,NULL,NULL,https://cgwb.gov.in
arunachal pradesh,east siang,ruksin,ruksin,Ruksin,Ruksin Station,27.83778,95.21817,2013,8,August,1.1,2025.0,Safe,0.8026644000000001,0.71985,0.0017902,0.25,NULL,NULL,normalized_exact,0.7,valid,August_WL_1994-2025.pdf,GWRA_2025.pdf,NULL,local_pdf,local_pdf,official_web_fallback,pdf_text,pdf_table,NULL,4223,NULL,NULL,https://cgwb.gov.in
arunachal pradesh,east siang,ruksin,ruksin,Sika Baman Todee,Sika Baman Todee Station,27.91333,95.34361,2013,8,August,2.6,2025.0,Safe,0.8026644000000001,0.71985,0.0017902,0.25,NULL,NULL,normalized_exact,0.7,valid,August_WL_1994-2025.pdf,GWRA_2025.pdf,NULL,local_pdf,local_pdf,official_web_fallback,pdf_text,pdf_table,NULL,4223,NULL,NULL,https://cgwb.gov.in
arunachal pradesh,namsai,namsai,namsai,Lathow,Lathow Station,27.66667,95.875,2013,8,August,1.0,NULL,Safe,NULL,NULL,NULL,NULL,NULL,NULL,unmatched,0.0,valid,August_WL_1994-2025.pdf,NULL,NULL,local_pdf,official_web_fallback,official_web_fallback,pdf_text,NULL,NULL,4223,NULL,NULL,https://cgwb.gov.in
arunachal pradesh,papum pare,borum,borum,Chimpu,Chimpu Station,27.07,93.6,2013,8,August,1.7,2025.0,Safe,0.1230744,0.0959323,0.0014868,1.55,NULL,NULL,normalized_exact,0.7,valid,August_WL_1994-2025.pdf,GWRA_2025.pdf,NULL,local_pdf,local_pdf,official_web_fallback,pdf_text,pdf_table,NULL,4223,NULL,NULL,https://cgwb.gov.in
arunachal pradesh,papum pare,borum,borum,Itanagar,Itanagar Station,27.10389,93.64167,2013,8,August,1.5,2025.0,Safe,0.1230744,0.0959323,0.0014868,1.55,NULL,NULL,normalized_exact,0.7,valid,August_WL_1994-2025.pdf,GWRA_2025.pdf,NULL,local_pdf,local_pdf,official_web_fallback,pdf_text,pdf_table,NULL,4223,NULL,NULL,https://cgwb.gov.in
arunachal pradesh,papum pare,borum,borum,Naharlagun,Naharlagun Station,27.10028,93.7,2013,8,August,0.7,2025.0,Safe,0.1230744,0.0959323,0.0014868,1.55,NULL,NULL,normalized_exact,0.7,valid,August_WL_1994-2025.pdf,GWRA_2025.pdf,NULL,local_pdf,local_pdf,official_web_fallback,pdf_text,pdf_table,NULL,4223,NULL,NULL,https://cgwb.gov.in
arunachal pradesh,papum pare,borum,borum,Nirjuli,Nirjuli Station,27.13111,93.73306,2013,8,August,0.9,2025.0,Safe,0.1230744,0.0959323,0.0014868,1.55,NULL,NULL,normalized_exact,0.7,valid,August_WL_1994-2025.pdf,GWRA_2025.pdf,NULL,local_pdf,local_pdf,official_web_fallback,pdf_text,pdf_table,NULL,4224,NULL,NULL,https://cgwb.gov.in
arunachal pradesh,papum pare,doimukh,doimukh,Banderdewa,Banderdewa Station,27.09667,93.82722,2013,8,August,5.1,2025.0,Safe,0.1230744,0.0959323,0.0014868,1.55,NULL,NULL,normalized_exact,0.7,valid,August_WL_1994-2025.pdf,GWRA_2025.pdf,NULL,local_pdf,local_pdf,official_web_fallback,pdf_text,pdf_table,NULL,4224,NULL,NULL,https://cgwb.gov.in
arunachal pradesh,papum pare,kimin,kimin,Kimin,Kimin Station,27.30833,93.96944,2013,8,August,0.2,2025.0,Safe,0.1230744,0.0959323,0.0014868,1.55,NULL,NULL,normalized_exact,0.7,valid,August_WL_1994-2025.pdf,GWRA_2025.pdf,NULL,local_pdf,local_pdf,official_web_fallback,pdf_text,pdf_table,NULL,4224,NULL,NULL,https://cgwb.gov.in
arunachal pradesh,tirap,borduria,borduria,Borduria,Borduria Station,27.01667,95.46667,2013,8,August,3.5,2025.0,Safe,0.0866897,0.0780207,0.0005554,0.71,NULL,NULL,normalized_exact,0.7,valid,August_WL_1994-2025.pdf,GWRA_2025.pdf,NULL,local_pdf,local_pdf,official_web_fallback,pdf_text,pdf_table,NULL,4224,NULL,NULL,https://cgwb.gov.in
arunachal pradesh,tirap,borduria,borduria,Hukanjuri,Hukanjuri Station,27.00833,95.46667,2013,8,August,4.2,2025.0,Safe,0.0866897,0.0780207,0.0005554,0.71,NULL,NULL,normalized_exact,0.7,valid,August_WL_1994-2025.pdf,GWRA_2025.pdf,NULL,local_pdf,local_pdf,official_web_fallback,pdf_text,pdf_table,NULL,4224,NULL,NULL,https://cgwb.gov.in
arunachal pradesh,tirap,namsang,namsang,Deomali,Deomali Station,27.2,95.525,2013,8,August,2.4,2025.0,Safe,0.0866897,0.0780207,0.0005554,0.71,NULL,NULL,normalized_exact,0.7,valid,August_WL_1994-2025.pdf,GWRA_2025.pdf,NULL,local_pdf,local_pdf,official_web_fallback,pdf_text,pdf_table,NULL,4224,NULL,NULL,https://cgwb.gov.in
arunachal pradesh,changlang,changlang,changlang,Jairampur,Jairampur Station,27.20833,96.04167,2012,8,August,1.7,2025.0,Safe,0.3010752,0.2709675,0.0024762,0.91,NULL,NULL,normalized_exact,0.7,valid,August_WL_1994-2025.pdf,GWRA_2025.pdf,NULL,local_pdf,local_pdf,official_web_fallback,pdf_text,pdf_table,NULL,4507,NULL,NULL,https://cgwb.gov.in
arunachal pradesh,changlang,changlang,changlang,Namchik,Namchik Station,27.41667,96.04583,2012,8,August,1.8,2025.0,Safe,0.3010752,0.2709675,0.0024762,0.91,NULL,NULL,normalized_exact,0.7,valid,August_WL_1994-2025.pdf,GWRA_2025.pdf,NULL,local_pdf,local_pdf,official_web_fallback,pdf_text,pdf_table,NULL,4507,NULL,NULL,https://cgwb.gov.in
arunachal pradesh,changlang,khagam-miao,khagam-miao,Namphai,Namphai Station,27.45833,96.10833,2012,8,August,1.5,2025.0,Safe,0.3010752,0.2709675,0.0024762,0.91,NULL,NULL,normalized_exact,0.7,valid,August_WL_1994-2025.pdf,GWRA_2025.pdf,NULL,local_pdf,local_pdf,official_web_fallback,pdf_text,pdf_table,NULL,4507,NULL,NULL,https://cgwb.gov.in
arunachal pradesh,changlang,khagam-miao,khagam-miao,Newlisan Kharsang,Newlisan Kharsang Station,27.5,96.13333,2012,8,August,2.7,2025.0,Safe,0.3010752,0.2709675,0.0024762,0.91,NULL,NULL,normalized_exact,0.7,valid,August_WL_1994-2025.pdf,GWRA_2025.pdf,NULL,local_pdf,local_pdf,official_web_fallback,pdf_text,pdf_table,NULL,4507,NULL,NULL,https://cgwb.gov.in
arunachal pradesh,east siang,pasighat,pasighat,Pasighat,Pasighat Station,28.15139,95.29583,2012,8,August,4.8,2025.0,Safe,0.8026644000000001,0.71985,0.0017902,0.25,NULL,NULL,normalized_exact,0.7,valid,August_WL_1994-2025.pdf,GWRA_2025.pdf,NULL,local_pdf,local_pdf,official_web_fallback,pdf_text,pdf_table,NULL,4507,NULL,NULL,https://cgwb.gov.in
arunachal pradesh,east siang,ruksin,ruksin,Berung,Berung Station,27.98639,95.335,2012,8,August,0.1,2025.0,Safe,0.8026644000000001,0.71985,0.0017902,0.25,NULL,NULL,normalized_exact,0.7,valid,August_WL_1994-2025.pdf,GWRA_2025.pdf,NULL,local_pdf,local_pdf,official_web_fallback,pdf_text,pdf_table,NULL,4507,NULL,NULL,https://cgwb.gov.in
arunachal pradesh,namsai,namsai,namsai,Lathow,Lathow Station,27.66667,95.875,2012,8,August,1.0,NULL,Safe,NULL,NULL,NULL,NULL,NULL,NULL,unmatched,0.0,valid,August_WL_1994-2025.pdf,NULL,NULL,local_pdf,official_web_fallback,official_web_fallback,pdf_text,NULL,NULL,4507,NULL,NULL,https://cgwb.gov.in
arunachal pradesh,papum pare,balijan,balijan,Sonajuli,Sonajuli Station,27.02814,93.74131,2012,8,August,0.9,2025.0,Safe,0.1230744,0.0959323,0.0014868,1.55,NULL,NULL,normalized_exact,0.7,valid,August_WL_1994-2025.pdf,GWRA_2025.pdf,NULL,local_pdf,local_pdf,official_web_fallback,pdf_text,pdf_table,NULL,4507,NULL,NULL,https://cgwb.gov.in
arunachal pradesh,papum pare,kimin,kimin,Kimin,Kimin Station,27.30833,93.96944,2012,8,August,2.1,2025.0,Safe,0.1230744,0.0959323,0.0014868,1.55,NULL,NULL,normalized_exact,0.7,valid,August_WL_1994-2025.pdf,GWRA_2025.pdf,NULL,local_pdf,local_pdf,official_web_fallback,pdf_text,pdf_table,NULL,4507,NULL,NULL,https://cgwb.gov.in
arunachal pradesh,tirap,borduria,borduria,Borduria,Borduria Station,27.01667,95.46667,2012,8,August,3.5,2025.0,Safe,0.0866897,0.0780207,0.0005554,0.71,NULL,NULL,normalized_exact,0.7,valid,August_WL_1994-2025.pdf,GWRA_2025.pdf,NULL,local_pdf,local_pdf,official_web_fallback,pdf_text,pdf_table,NULL,4507,NULL,NULL,https://cgwb.gov.in
arunachal pradesh,tirap,borduria,borduria,Hukanjuri,Hukanjuri Station,27.00833,95.46667,2012,8,August,4.2,2025.0,Safe,0.0866897,0.0780207,0.0005554,0.71,NULL,NULL,normalized_exact,0.7,valid,August_WL_1994-2025.pdf,GWRA_2025.pdf,NULL,local_pdf,local_pdf,official_web_fallback,pdf_text,pdf_table,NULL,4507,NULL,NULL,https://cgwb.gov.in
arunachal pradesh,tirap,namsang,namsang,Deomali,Deomali Station,27.2,95.525,2012,8,August,2.4,2025.0,Safe,0.0866897,0.0780207,0.0005554,0.71,NULL,NULL,normalized_exact,0.7,valid,August_WL_1994-2025.pdf,GWRA_2025.pdf,NULL,local_pdf,local_pdf,official_web_fallback,pdf_text,pdf_table,NULL,4507,NULL,NULL,https://cgwb.gov.in
arunachal pradesh,changlang,changlang,changlang,Jairampur,Jairampur Station,27.20833,96.04167,2011,8,August,0.9,2025.0,Safe,0.3010752,0.2709675,0.0024762,0.91,NULL,NULL,normalized_exact,0.7,valid,August_WL_1994-2025.pdf,GWRA_2025.pdf,NULL,local_pdf,local_pdf,official_web_fallback,pdf_text,pdf_table,NULL,4754,NULL,NULL,https://cgwb.gov.in
arunachal pradesh,changlang,changlang,changlang,Namchik,Namchik Station,27.41667,96.04583,2011,8,August,2.9,2025.0,Safe,0.3010752,0.2709675,0.0024762,0.91,NULL,NULL,normalized_exact,0.7,valid,August_WL_1994-2025.pdf,GWRA_2025.pdf,NULL,local_pdf,local_pdf,official_web_fallback,pdf_text,pdf_table,NULL,4754,NULL,NULL,https://cgwb.gov.in
arunachal pradesh,changlang,khagam-miao,khagam-miao,Namphai,Namphai Station,27.45833,96.10833,2011,8,August,2.9,2025.0,Safe,0.3010752,0.2709675,0.0024762,0.91,NULL,NULL,normalized_exact,0.7,valid,August_WL_1994-2025.pdf,GWRA_2025.pdf,NULL,local_pdf,local_pdf,official_web_fallback,pdf_text,pdf_table,NULL,4754,NULL,NULL,https://cgwb.gov.in
arunachal pradesh,changlang,khagam-miao,khagam-miao,Newlisan Kharsang,Newlisan Kharsang Station,27.5,96.13333,2011,8,August,2.7,2025.0,Safe,0.3010752,0.2709675,0.0024762,0.91,NULL,NULL,normalized_exact,0.7,valid,August_WL_1994-2025.pdf,GWRA_2025.pdf,NULL,local_pdf,local_pdf,official_web_fallback,pdf_text,pdf_table,NULL,4754,NULL,NULL,https://cgwb.gov.in
arunachal pradesh,namsai,namsai,namsai,Lathow,Lathow Station,27.66667,95.875,2011,8,August,2.0,NULL,Safe,NULL,NULL,NULL,NULL,NULL,NULL,unmatched,0.0,valid,August_WL_1994-2025.pdf,NULL,NULL,local_pdf,official_web_fallback,official_web_fallback,pdf_text,NULL,NULL,4754,NULL,NULL,https://cgwb.gov.in
arunachal pradesh,papum pare,kimin,kimin,Kimin,Kimin Station,27.30833,93.96944,2011,8,August,1.4,2025.0,Safe,0.1230744,0.0959323,0.0014868,1.55,NULL,NULL,normalized_exact,0.7,valid,August_WL_1994-2025.pdf,GWRA_2025.pdf,NULL,local_pdf,local_pdf,official_web_fallback,pdf_text,pdf_table,NULL,4754,NULL,NULL,https://cgwb.gov.in
arunachal pradesh,changlang,changlang,changlang,Jairampur,Jairampur Station,27.20833,96.04167,2010,8,August,2.5,2025.0,Safe,0.3010752,0.2709675,0.0024762,0.91,NULL,NULL,normalized_exact,0.7,valid,August_WL_1994-2025.pdf,GWRA_2025.pdf,NULL,local_pdf,local_pdf,official_web_fallback,pdf_text,pdf_table,NULL,4998,NULL,NULL,https://cgwb.gov.in
arunachal pradesh,changlang,changlang,changlang,Namchik,Namchik Station,27.41667,96.04583,2010,8,August,2.3,2025.0,Safe,0.3010752,0.2709675,0.0024762,0.91,NULL,NULL,normalized_exact,0.7,valid,August_WL_1994-2025.pdf,GWRA_2025.pdf,NULL,local_pdf,local_pdf,official_web_fallback,pdf_text,pdf_table,NULL,4998,NULL,NULL,https://cgwb.gov.in
arunachal pradesh,changlang,khagam-miao,khagam-miao,Namphai,Namphai Station,27.45833,96.10833,2010,8,August,1.2,2025.0,Safe,0.3010752,0.2709675,0.0024762,0.91,NULL,NULL,normalized_exact,0.7,valid,August_WL_1994-2025.pdf,GWRA_2025.pdf,NULL,local_pdf,local_pdf,official_web_fallback,pdf_text,pdf_table,NULL,4998,NULL,NULL,https://cgwb.gov.in
arunachal pradesh,changlang,khagam-miao,khagam-miao,Newlisan Kharsang,Newlisan Kharsang Station,27.5,96.13333,2010,8,August,2.8,2025.0,Safe,0.3010752,0.2709675,0.0024762,0.91,NULL,NULL,normalized_exact,0.7,valid,August_WL_1994-2025.pdf,GWRA_2025.pdf,NULL,local_pdf,local_pdf,official_web_fallback,pdf_text,pdf_table,NULL,4998,NULL,NULL,https://cgwb.gov.in
arunachal pradesh,east siang,ruksin,ruksin,Berung,Berung Station,27.98639,95.335,2010,8,August,0.0,2025.0,Safe,0.8026644000000001,0.71985,0.0017902,0.25,NULL,NULL,normalized_exact,0.7,valid,August_WL_1994-2025.pdf,GWRA_2025.pdf,NULL,local_pdf,local_pdf,official_web_fallback,pdf_text,pdf_table,NULL,4998,NULL,NULL,https://cgwb.gov.in
arunachal pradesh,namsai,chowkham,chowkham,Chowkham,Chowkham Station,27.8,96.06667,2010,8,August,3.7,NULL,Safe,NULL,NULL,NULL,NULL,NULL,NULL,unmatched,0.0,valid,August_WL_1994-2025.pdf,NULL,NULL,local_pdf,official_web_fallback,official_web_fallback,pdf_text,NULL,NULL,4998,NULL,NULL,https://cgwb.gov.in
arunachal pradesh,namsai,namsai,namsai,Lathow,Lathow Station,27.66667,95.875,2010,8,August,1.7,NULL,Safe,NULL,NULL,NULL,NULL,NULL,NULL,unmatched,0.0,valid,August_WL_1994-2025.pdf,NULL,NULL,local_pdf,official_web_fallback,official_web_fallback,pdf_text,NULL,NULL,4998,NULL,NULL,https://cgwb.gov.in
arunachal pradesh,tirap,borduria,borduria,Borduria,Borduria Station,27.01667,95.46667,2010,8,August,3.5,2025.0,Safe,0.0866897,0.0780207,0.0005554,0.71,NULL,NULL,normalized_exact,0.7,valid,August_WL_1994-2025.pdf,GWRA_2025.pdf,NULL,local_pdf,local_pdf,official_web_fallback,pdf_text,pdf_table,NULL,4998,NULL,NULL,https://cgwb.gov.in
arunachal pradesh,tirap,borduria,borduria,Hukanjuri,Hukanjuri Station,27.00833,95.46667,2010,8,August,3.8,2025.0,Safe,0.0866897,0.0780207,0.0005554,0.71,NULL,NULL,normalized_exact,0.7,valid,August_WL_1994-2025.pdf,GWRA_2025.pdf,NULL,local_pdf,local_pdf,official_web_fallback,pdf_text,pdf_table,NULL,4998,NULL,NULL,https://cgwb.gov.in
arunachal pradesh,tirap,namsang,namsang,Deomali,Deomali Station,27.2,95.525,2010,8,August,3.4,2025.0,Safe,0.0866897,0.0780207,0.0005554,0.71,NULL,NULL,normalized_exact,0.7,valid,August_WL_1994-2025.pdf,GWRA_2025.pdf,NULL,local_pdf,local_pdf,official_web_fallback,pdf_text,pdf_table,NULL,4998,NULL,NULL,https://cgwb.gov.in
arunachal pradesh,changlang,changlang,changlang,Jairampur,Jairampur Station,27.20833,96.04167,2009,8,August,1.3,2025.0,Safe,0.3010752,0.2709675,0.0024762,0.91,NULL,NULL,normalized_exact,0.7,valid,August_WL_1994-2025.pdf,GWRA_2025.pdf,NULL,local_pdf,local_pdf,official_web_fallback,pdf_text,pdf_table,NULL,5241,NULL,NULL,https://cgwb.gov.in
arunachal pradesh,changlang,changlang,changlang,Namchik,Namchik Station,27.41667,96.04583,2009,8,August,1.8,2025.0,Safe,0.3010752,0.2709675,0.0024762,0.91,NULL,NULL,normalized_exact,0.7,valid,August_WL_1994-2025.pdf,GWRA_2025.pdf,NULL,local_pdf,local_pdf,official_web_fallback,pdf_text,pdf_table,NULL,5241,NULL,NULL,https://cgwb.gov.in
arunachal pradesh,changlang,khagam-miao,khagam-miao,Namphai,Namphai Station,27.45833,96.10833,2009,8,August,1.3,2025.0,Safe,0.3010752,0.2709675,0.0024762,0.91,NULL,NULL,normalized_exact,0.7,valid,August_WL_1994-2025.pdf,GWRA_2025.pdf,NULL,local_pdf,local_pdf,official_web_fallback,pdf_text,pdf_table,NULL,5241,NULL,NULL,https://cgwb.gov.in
arunachal pradesh,changlang,khagam-miao,khagam-miao,Newlisan Kharsang,Newlisan Kharsang Station,27.5,96.13333,2009,8,August,3.0,2025.0,Safe,0.3010752,0.2709675,0.0024762,0.91,NULL,NULL,normalized_exact,0.7,valid,August_WL_1994-2025.pdf,GWRA_2025.pdf,NULL,local_pdf,local_pdf,official_web_fallback,pdf_text,pdf_table,NULL,5241,NULL,NULL,https://cgwb.gov.in
arunachal pradesh,namsai,chowkham,chowkham,Chowkham,Chowkham Station,27.8,96.06667,2009,8,August,3.3,NULL,Safe,NULL,NULL,NULL,NULL,NULL,NULL,unmatched,0.0,valid,August_WL_1994-2025.pdf,NULL,NULL,local_pdf,official_web_fallback,official_web_fallback,pdf_text,NULL,NULL,5241,NULL,NULL,https://cgwb.gov.in
arunachal pradesh,namsai,namsai,namsai,Lathow,Lathow Station,27.66667,95.875,2009,8,August,1.1,NULL,Safe,NULL,NULL,NULL,NULL,NULL,NULL,unmatched,0.0,valid,August_WL_1994-2025.pdf,NULL,NULL,local_pdf,official_web_fallback,official_web_fallback,pdf_text,NULL,NULL,5241,NULL,NULL,https://cgwb.gov.in
arunachal pradesh,tirap,borduria,borduria,Borduria,Borduria Station,27.01667,95.46667,2009,8,August,3.8,2025.0,Safe,0.0866897,0.0780207,0.0005554,0.71,NULL,NULL,normalized_exact,0.7,valid,August_WL_1994-2025.pdf,GWRA_2025.pdf,NULL,local_pdf,local_pdf,official_web_fallback,pdf_text,pdf_table,NULL,5241,NULL,NULL,https://cgwb.gov.in
arunachal pradesh,tirap,borduria,borduria,Hukanjuri,Hukanjuri Station,27.00833,95.46667,2009,8,August,4.2,2025.0,Safe,0.0866897,0.0780207,0.0005554,0.71,NULL,NULL,normalized_exact,0.7,valid,August_WL_1994-2025.pdf,GWRA_2025.pdf,NULL,local_pdf,local_pdf,official_web_fallback,pdf_text,pdf_table,NULL,5241,NULL,NULL,https://cgwb.gov.in
arunachal pradesh,tirap,namsang,namsang,Deomali,Deomali Station,27.2,95.525,2009,8,August,2.8,2025.0,Safe,0.0866897,0.0780207,0.0005554,0.71,NULL,NULL,normalized_exact,0.7,valid,August_WL_1994-2025.pdf,GWRA_2025.pdf,NULL,local_pdf,local_pdf,official_web_fallback,pdf_text,pdf_table,NULL,5241,NULL,NULL,https://cgwb.gov.in
arunachal pradesh,changlang,changlang,changlang,Jairampur,Jairampur Station,27.20833,96.04167,2008,8,August,3.0,2025.0,Safe,0.3010752,0.2709675,0.0024762,0.91,NULL,NULL,normalized_exact,0.7,valid,August_WL_1994-2025.pdf,GWRA_2025.pdf,NULL,local_pdf,local_pdf,official_web_fallback,pdf_text,pdf_table,NULL,5491,NULL,NULL,https://cgwb.gov.in
arunachal pradesh,changlang,changlang,changlang,Namchik,Namchik Station,27.41667,96.04583,2008,8,August,2.3,2025.0,Safe,0.3010752,0.2709675,0.0024762,0.91,NULL,NULL,normalized_exact,0.7,valid,August_WL_1994-2025.pdf,GWRA_2025.pdf,NULL,local_pdf,local_pdf,official_web_fallback,pdf_text,pdf_table,NULL,5491,NULL,NULL,https://cgwb.gov.in
arunachal pradesh,changlang,khagam-miao,khagam-miao,Namphai,Namphai Station,27.45833,96.10833,2008,8,August,1.9,2025.0,Safe,0.3010752,0.2709675,0.0024762,0.91,NULL,NULL,normalized_exact,0.7,valid,August_WL_1994-2025.pdf,GWRA_2025.pdf,NULL,local_pdf,local_pdf,official_web_fallback,pdf_text,pdf_table,NULL,5491,NULL,NULL,https://cgwb.gov.in
arunachal pradesh,changlang,khagam-miao,khagam-miao,Newlisan Kharsang,Newlisan Kharsang Station,27.5,96.13333,2008,8,August,2.6,2025.0,Safe,0.3010752,0.2709675,0.0024762,0.91,NULL,NULL,normalized_exact,0.7,valid,August_WL_1994-2025.pdf,GWRA_2025.pdf,NULL,local_pdf,local_pdf,official_web_fallback,pdf_text,pdf_table,NULL,5491,NULL,NULL,https://cgwb.gov.in
arunachal pradesh,east siang,pasighat,pasighat,Pasighat,Pasighat Station,28.11806,95.29167,2008,8,August,1.8,2025.0,Safe,0.8026644000000001,0.71985,0.0017902,0.25,NULL,NULL,normalized_exact,0.7,valid,August_WL_1994-2025.pdf,GWRA_2025.pdf,NULL,local_pdf,local_pdf,official_web_fallback,pdf_text,pdf_table,NULL,5491,NULL,NULL,https://cgwb.gov.in
arunachal pradesh,east siang,ruksin,ruksin,Berung,Berung Station,27.98639,95.335,2008,8,August,0.0,2025.0,Safe,0.8026644000000001,0.71985,0.0017902,0.25,NULL,NULL,normalized_exact,0.7,valid,August_WL_1994-2025.pdf,GWRA_2025.pdf,NULL,local_pdf,local_pdf,official_web_fallback,pdf_text,pdf_table,NULL,5491,NULL,NULL,https://cgwb.gov.in
arunachal pradesh,namsai,chowkham,chowkham,Chowkham,Chowkham Station,27.8,96.06667,2008,8,August,2.1,NULL,Safe,NULL,NULL,NULL,NULL,NULL,NULL,unmatched,0.0,valid,August_WL_1994-2025.pdf,NULL,NULL,local_pdf,official_web_fallback,official_web_fallback,pdf_text,NULL,NULL,5491,NULL,NULL,https://cgwb.gov.in
arunachal pradesh,namsai,namsai,namsai,Lathow,Lathow Station,27.66667,95.875,2008,8,August,1.3,NULL,Safe,NULL,NULL,NULL,NULL,NULL,NULL,unmatched,0.0,valid,August_WL_1994-2025.pdf,NULL,NULL,local_pdf,official_web_fallback,official_web_fallback,pdf_text,NULL,NULL,5491,NULL,NULL,https://cgwb.gov.in
arunachal pradesh,papum pare,balijan,balijan,Sonajuli,Sonajuli Station,27.02814,93.74131,2008,8,August,0.9,2025.0,Safe,0.1230744,0.0959323,0.0014868,1.55,NULL,NULL,normalized_exact,0.7,valid,August_WL_1994-2025.pdf,GWRA_2025.pdf,NULL,local_pdf,local_pdf,official_web_fallback,pdf_text,pdf_table,NULL,5491,NULL,NULL,https://cgwb.gov.in
arunachal pradesh,papum pare,kimin,kimin,Kimin,Kimin Station,27.30833,93.96944,2008,8,August,1.3,2025.0,Safe,0.1230744,0.0959323,0.0014868,1.55,NULL,NULL,normalized_exact,0.7,valid,August_WL_1994-2025.pdf,GWRA_2025.pdf,NULL,local_pdf,local_pdf,official_web_fallback,pdf_text,pdf_table,NULL,5491,NULL,NULL,https://cgwb.gov.in
arunachal pradesh,tirap,borduria,borduria,Borduria,Borduria Station,27.01667,95.46667,2008,8,August,2.8,2025.0,Safe,0.0866897,0.0780207,0.0005554,0.71,NULL,NULL,normalized_exact,0.7,valid,August_WL_1994-2025.pdf,GWRA_2025.pdf,NULL,local_pdf,local_pdf,official_web_fallback,pdf_text,pdf_table,NULL,5491,NULL,NULL,https://cgwb.gov.in
arunachal pradesh,tirap,borduria,borduria,Hukanjuri,Hukanjuri Station,27.00833,95.46667,2008,8,August,3.2,2025.0,Safe,0.0866897,0.0780207,0.0005554,0.71,NULL,NULL,normalized_exact,0.7,valid,August_WL_1994-2025.pdf,GWRA_2025.pdf,NULL,local_pdf,local_pdf,official_web_fallback,pdf_text,pdf_table,NULL,5491,NULL,NULL,https://cgwb.gov.in
arunachal pradesh,tirap,namsang,namsang,Deomali,Deomali Station,27.2,95.525,2008,8,August,3.0,2025.0,Safe,0.0866897,0.0780207,0.0005554,0.71,NULL,NULL,normalized_exact,0.7,valid,August_WL_1994-2025.pdf,GWRA_2025.pdf,NULL,local_pdf,local_pdf,official_web_fallback,pdf_text,pdf_table,NULL,5491,NULL,NULL,https://cgwb.gov.in
arunachal pradesh,changlang,changlang,changlang,Jairampur,Jairampur Station,27.20833,96.04167,2007,8,August,1.0,2025.0,Safe,0.3010752,0.2709675,0.0024762,0.91,NULL,NULL,normalized_exact,0.7,valid,August_WL_1994-2025.pdf,GWRA_2025.pdf,NULL,local_pdf,local_pdf,official_web_fallback,pdf_text,pdf_table,NULL,5745,NULL,NULL,https://cgwb.gov.in
arunachal pradesh,changlang,changlang,changlang,Namchik,Namchik Station,27.41667,96.04583,2007,8,August,2.2,2025.0,Safe,0.3010752,0.2709675,0.0024762,0.91,NULL,NULL,normalized_exact,0.7,valid,August_WL_1994-2025.pdf,GWRA_2025.pdf,NULL,local_pdf,local_pdf,official_web_fallback,pdf_text,pdf_table,NULL,5745,NULL,NULL,https://cgwb.gov.in
arunachal pradesh,changlang,khagam-miao,khagam-miao,Namphai,Namphai Station,27.45833,96.10833,2007,8,August,7.2,2025.0,Safe,0.3010752,0.2709675,0.0024762,0.91,NULL,NULL,normalized_exact,0.7,valid,August_WL_1994-2025.pdf,GWRA_2025.pdf,NULL,local_pdf,local_pdf,official_web_fallback,pdf_text,pdf_table,NULL,5745,NULL,NULL,https://cgwb.gov.in
arunachal pradesh,changlang,khagam-miao,khagam-miao,Newlisan Kharsang,Newlisan Kharsang Station,27.5,96.13333,2007,8,August,4.4,2025.0,Safe,0.3010752,0.2709675,0.0024762,0.91,NULL,NULL,normalized_exact,0.7,valid,August_WL_1994-2025.pdf,GWRA_2025.pdf,NULL,local_pdf,local_pdf,official_web_fallback,pdf_text,pdf_table,NULL,5745,NULL,NULL,https://cgwb.gov.in
arunachal pradesh,namsai,namsai,namsai,Lathow,Lathow Station,27.66667,95.875,2007,8,August,1.5,NULL,Safe,NULL,NULL,NULL,NULL,NULL,NULL,unmatched,0.0,valid,August_WL_1994-2025.pdf,NULL,NULL,local_pdf,official_web_fallback,official_web_fallback,pdf_text,NULL,NULL,5745,NULL,NULL,https://cgwb.gov.in
arunachal pradesh,papum pare,kimin,kimin,Kimin,Kimin Station,27.30833,93.96944,2007,8,August,1.2,2025.0,Safe,0.1230744,0.0959323,0.0014868,1.55,NULL,NULL,normalized_exact,0.7,valid,August_WL_1994-2025.pdf,GWRA_2025.pdf,NULL,local_pdf,local_pdf,official_web_fallback,pdf_text,pdf_table,NULL,5745,NULL,NULL,https://cgwb.gov.in
arunachal pradesh,tirap,borduria,borduria,Borduria,Borduria Station,27.01667,95.46667,2007,8,August,4.5,2025.0,Safe,0.0866897,0.0780207,0.0005554,0.71,NULL,NULL,normalized_exact,0.7,valid,August_WL_1994-2025.pdf,GWRA_2025.pdf,NULL,local_pdf,local_pdf,official_web_fallback,pdf_text,pdf_table,NULL,5745,NULL,NULL,https://cgwb.gov.in
arunachal pradesh,tirap,borduria,borduria,Hukanjuri,Hukanjuri Station,27.00833,95.46667,2007,8,August,4.7,2025.0,Safe,0.0866897,0.0780207,0.0005554,0.71,NULL,NULL,normalized_exact,0.7,valid,August_WL_1994-2025.pdf,GWRA_2025.pdf,NULL,local_pdf,local_pdf,official_web_fallback,pdf_text,pdf_table,NULL,5745,NULL,NULL,https://cgwb.gov.in
arunachal pradesh,tirap,namsang,namsang,Deomali,Deomali Station,27.2,95.525,2007,8,August,3.6,2025.0,Safe,0.0866897,0.0780207,0.0005554,0.71,NULL,NULL,normalized_exact,0.7,valid,August_WL_1994-2025.pdf,GWRA_2025.pdf,NULL,local_pdf,local_pdf,official_web_fallback,pdf_text,pdf_table,NULL,5745,NULL,NULL,https://cgwb.gov.in
arunachal pradesh,changlang,changlang,changlang,Jairampur,Jairampur Station,27.20833,96.04167,2006,8,August,1.7,2025.0,Safe,0.3010752,0.2709675,0.0024762,0.91,NULL,NULL,normalized_exact,0.7,valid,August_WL_1994-2025.pdf,GWRA_2025.pdf,NULL,local_pdf,local_pdf,official_web_fallback,pdf_text,pdf_table,NULL,5998,NULL,NULL,https://cgwb.gov.in
arunachal pradesh,changlang,changlang,changlang,Namchik,Namchik Station,27.41667,96.04583,2006,8,August,2.8,2025.0,Safe,0.3010752,0.2709675,0.0024762,0.91,NULL,NULL,normalized_exact,0.7,valid,August_WL_1994-2025.pdf,GWRA_2025.pdf,NULL,local_pdf,local_pdf,official_web_fallback,pdf_text,pdf_table,NULL,5998,NULL,NULL,https://cgwb.gov.in
arunachal pradesh,changlang,khagam-miao,khagam-miao,Namphai,Namphai Station,27.45833,96.10833,2006,8,August,2.1,2025.0,Safe,0.3010752,0.2709675,0.0024762,0.91,NULL,NULL,normalized_exact,0.7,valid,August_WL_1994-2025.pdf,GWRA_2025.pdf,NULL,local_pdf,local_pdf,official_web_fallback,pdf_text,pdf_table,NULL,5998,NULL,NULL,https://cgwb.gov.in
arunachal pradesh,changlang,khagam-miao,khagam-miao,Newlisan Kharsang,Newlisan Kharsang Station,27.5,96.13333,2006,8,August,4.2,2025.0,Safe,0.3010752,0.2709675,0.0024762,0.91,NULL,NULL,normalized_exact,0.7,valid,August_WL_1994-2025.pdf,GWRA_2025.pdf,NULL,local_pdf,local_pdf,official_web_fallback,pdf_text,pdf_table,NULL,5998,NULL,NULL,https://cgwb.gov.in
arunachal pradesh,east siang,pasighat,pasighat,Pasighat,Pasighat Station,28.11806,95.29167,2006,8,August,4.0,2025.0,Safe,0.8026644000000001,0.71985,0.0017902,0.25,NULL,NULL,normalized_exact,0.7,valid,August_WL_1994-2025.pdf,GWRA_2025.pdf,NULL,local_pdf,local_pdf,official_web_fallback,pdf_text,pdf_table,NULL,5998,NULL,NULL,https://cgwb.gov.in
arunachal pradesh,east siang,ruksin,ruksin,Berung,Berung Station,27.98639,95.335,2006,8,August,0.0,2025.0,Safe,0.8026644000000001,0.71985,0.0017902,0.25,NULL,NULL,normalized_exact,0.7,valid,August_WL_1994-2025.pdf,GWRA_2025.pdf,NULL,local_pdf,local_pdf,official_web_fallback,pdf_text,pdf_table,NULL,5998,NULL,NULL,https://cgwb.gov.in
arunachal pradesh,east siang,ruksin,ruksin,Sille,Sille Station,27.86667,95.31667,2006,8,August,0.5,2025.0,Safe,0.8026644000000001,0.71985,0.0017902,0.25,NULL,NULL,normalized_exact,0.7,valid,August_WL_1994-2025.pdf,GWRA_2025.pdf,NULL,local_pdf,local_pdf,official_web_fallback,pdf_text,pdf_table,NULL,5998,NULL,NULL,https://cgwb.gov.in
arunachal pradesh,namsai,namsai,namsai,Lathow,Lathow Station,27.66667,95.875,2006,8,August,1.6,NULL,Safe,NULL,NULL,NULL,NULL,NULL,NULL,unmatched,0.0,valid,August_WL_1994-2025.pdf,NULL,NULL,local_pdf,official_web_fallback,official_web_fallback,pdf_text,NULL,NULL,5998,NULL,NULL,https://cgwb.gov.in
arunachal pradesh,papum pare,balijan,balijan,Sonajuli,Sonajuli Station,27.02814,93.74131,2006,8,August,3.1,2025.0,Safe,0.1230744,0.0959323,0.0014868,1.55,NULL,NULL,normalized_exact,0.7,valid,August_WL_1994-2025.pdf,GWRA_2025.pdf,NULL,local_pdf,local_pdf,official_web_fallback,pdf_text,pdf_table,NULL,5998,NULL,NULL,https://cgwb.gov.in
arunachal pradesh,papum pare,kimin,kimin,Kimin,Kimin Station,27.30833,93.96944,2006,8,August,2.0,2025.0,Safe,0.1230744,0.0959323,0.0014868,1.55,NULL,NULL,normalized_exact,0.7,valid,August_WL_1994-2025.pdf,GWRA_2025.pdf,NULL,local_pdf,local_pdf,official_web_fallback,pdf_text,pdf_table,NULL,5998,NULL,NULL,https://cgwb.gov.in
arunachal pradesh,tirap,borduria,borduria,Borduria,Borduria Station,27.01667,95.46667,2006,8,August,4.6,2025.0,Safe,0.0866897,0.0780207,0.0005554,0.71,NULL,NULL,normalized_exact,0.7,valid,August_WL_1994-2025.pdf,GWRA_2025.pdf,NULL,local_pdf,local_pdf,official_web_fallback,pdf_text,pdf_table,NULL,5998,NULL,NULL,https://cgwb.gov.in
arunachal pradesh,tirap,borduria,borduria,Hukanjuri,Hukanjuri Station,27.00833,95.46667,2006,8,August,5.0,2025.0,Safe,0.0866897,0.0780207,0.0005554,0.71,NULL,NULL,normalized_exact,0.7,valid,August_WL_1994-2025.pdf,GWRA_2025.pdf,NULL,local_pdf,local_pdf,official_web_fallback,pdf_text,pdf_table,NULL,5998,NULL,NULL,https://cgwb.gov.in
arunachal pradesh,tirap,namsang,namsang,Deomali,Deomali Station,27.2,95.525,2006,8,August,3.7,2025.0,Safe,0.0866897,0.0780207,0.0005554,0.71,NULL,NULL,normalized_exact,0.7,valid,August_WL_1994-2025.pdf,GWRA_2025.pdf,NULL,local_pdf,local_pdf,official_web_fallback,pdf_text,pdf_table,NULL,5998,NULL,NULL,https://cgwb.gov.in
arunachal pradesh,changlang,changlang,changlang,Jairampur,Jairampur Station,27.20833,96.04167,2005,8,August,1.9,2025.0,Safe,0.3010752,0.2709675,0.0024762,0.91,NULL,NULL,normalized_exact,0.7,valid,August_WL_1994-2025.pdf,GWRA_2025.pdf,NULL,local_pdf,local_pdf,official_web_fallback,pdf_text,pdf_table,NULL,6251,NULL,NULL,https://cgwb.gov.in
arunachal pradesh,changlang,changlang,changlang,Namchik,Namchik Station,27.41667,96.04583,2005,8,August,2.3,2025.0,Safe,0.3010752,0.2709675,0.0024762,0.91,NULL,NULL,normalized_exact,0.7,valid,August_WL_1994-2025.pdf,GWRA_2025.pdf,NULL,local_pdf,local_pdf,official_web_fallback,pdf_text,pdf_table,NULL,6251,NULL,NULL,https://cgwb.gov.in
arunachal pradesh,changlang,khagam-miao,khagam-miao,Namphai,Namphai Station,27.45833,96.10833,2005,8,August,1.8,2025.0,Safe,0.3010752,0.2709675,0.0024762,0.91,NULL,NULL,normalized_exact,0.7,valid,August_WL_1994-2025.pdf,GWRA_2025.pdf,NULL,local_pdf,local_pdf,official_web_fallback,pdf_text,pdf_table,NULL,6251,NULL,NULL,https://cgwb.gov.in
arunachal pradesh,changlang,khagam-miao,khagam-miao,Newlisan Kharsang,Newlisan Kharsang Station,27.5,96.13333,2005,8,August,1.7,2025.0,Safe,0.3010752,0.2709675,0.0024762,0.91,NULL,NULL,normalized_exact,0.7,valid,August_WL_1994-2025.pdf,GWRA_2025.pdf,NULL,local_pdf,local_pdf,official_web_fallback,pdf_text,pdf_table,NULL,6251,NULL,NULL,https://cgwb.gov.in
arunachal pradesh,east siang,pasighat,pasighat,Pasighat,Pasighat Station,28.11806,95.29167,2005,8,August,3.8,2025.0,Safe,0.8026644000000001,0.71985,0.0017902,0.25,NULL,NULL,normalized_exact,0.7,valid,August_WL_1994-2025.pdf,GWRA_2025.pdf,NULL,local_pdf,local_pdf,official_web_fallback,pdf_text,pdf_table,NULL,6251,NULL,NULL,https://cgwb.gov.in
arunachal pradesh,east siang,ruksin,ruksin,Berung,Berung Station,27.98639,95.335,2005,8,August,0.7,2025.0,Safe,0.8026644000000001,0.71985,0.0017902,0.25,NULL,NULL,normalized_exact,0.7,valid,August_WL_1994-2025.pdf,GWRA_2025.pdf,NULL,local_pdf,local_pdf,official_web_fallback,pdf_text,pdf_table,NULL,6251,NULL,NULL,https://cgwb.gov.in
arunachal pradesh,east siang,ruksin,ruksin,Sille,Sille Station,27.86667,95.31667,2005,8,August,0.3,2025.0,Safe,0.8026644000000001,0.71985,0.0017902,0.25,NULL,NULL,normalized_exact,0.7,valid,August_WL_1994-2025.pdf,GWRA_2025.pdf,NULL,local_pdf,local_pdf,official_web_fallback,pdf_text,pdf_table,NULL,6251,NULL,NULL,https://cgwb.gov.in
arunachal pradesh,namsai,chowkham,chowkham,Chowkham,Chowkham Station,27.8,96.06667,2005,8,August,3.8,NULL,Safe,NULL,NULL,NULL,NULL,NULL,NULL,unmatched,0.0,valid,August_WL_1994-2025.pdf,NULL,NULL,local_pdf,official_web_fallback,official_web_fallback,pdf_text,NULL,NULL,6251,NULL,NULL,https://cgwb.gov.in
arunachal pradesh,namsai,namsai,namsai,Lathow,Lathow Station,27.66667,95.875,2005,8,August,1.4,NULL,Safe,NULL,NULL,NULL,NULL,NULL,NULL,unmatched,0.0,valid,August_WL_1994-2025.pdf,NULL,NULL,local_pdf,official_web_fallback,official_web_fallback,pdf_text,NULL,NULL,6251,NULL,NULL,https://cgwb.gov.in
arunachal pradesh,papum pare,balijan,balijan,Sonajuli,Sonajuli Station,27.02814,93.74131,2005,8,August,1.8,2025.0,Safe,0.1230744,0.0959323,0.0014868,1.55,NULL,NULL,normalized_exact,0.7,valid,August_WL_1994-2025.pdf,GWRA_2025.pdf,NULL,local_pdf,local_pdf,official_web_fallback,pdf_text,pdf_table,NULL,6251,NULL,NULL,https://cgwb.gov.in
arunachal pradesh,tirap,borduria,borduria,Borduria,Borduria Station,27.01667,95.46667,2005,8,August,1.6,2025.0,Safe,0.0866897,0.0780207,0.0005554,0.71,NULL,NULL,normalized_exact,0.7,valid,August_WL_1994-2025.pdf,GWRA_2025.pdf,NULL,local_pdf,local_pdf,official_web_fallback,pdf_text,pdf_table,NULL,6251,NULL,NULL,https://cgwb.gov.in
arunachal pradesh,tirap,borduria,borduria,Hukanjuri,Hukanjuri Station,27.00833,95.46667,2005,8,August,2.1,2025.0,Safe,0.0866897,0.0780207,0.0005554,0.71,NULL,NULL,normalized_exact,0.7,valid,August_WL_1994-2025.pdf,GWRA_2025.pdf,NULL,local_pdf,local_pdf,official_web_fallback,pdf_text,pdf_table,NULL,6251,NULL,NULL,https://cgwb.gov.in
arunachal pradesh,tirap,namsang,namsang,Deomali,Deomali Station,27.2,95.525,2005,8,August,2.4,2025.0,Safe,0.0866897,0.0780207,0.0005554,0.71,NULL,NULL,normalized_exact,0.7,valid,August_WL_1994-2025.pdf,GWRA_2025.pdf,NULL,local_pdf,local_pdf,official_web_fallback,pdf_text,pdf_table,NULL,6251,NULL,NULL,https://cgwb.gov.in
arunachal pradesh,changlang,changlang,changlang,Jairampur,Jairampur Station,27.20833,96.04167,2004,8,August,1.2,2025.0,Safe,0.3010752,0.2709675,0.0024762,0.91,NULL,NULL,normalized_exact,0.7,valid,August_WL_1994-2025.pdf,GWRA_2025.pdf,NULL,local_pdf,local_pdf,official_web_fallback,pdf_text,pdf_table,NULL,6506,NULL,NULL,https://cgwb.gov.in
arunachal pradesh,changlang,changlang,changlang,Namchik,Namchik Station,27.41667,96.04583,2004,8,August,1.5,2025.0,Safe,0.3010752,0.2709675,0.0024762,0.91,NULL,NULL,normalized_exact,0.7,valid,August_WL_1994-2025.pdf,GWRA_2025.pdf,NULL,local_pdf,local_pdf,official_web_fallback,pdf_text,pdf_table,NULL,6506,NULL,NULL,https://cgwb.gov.in
arunachal pradesh,changlang,khagam-miao,khagam-miao,Namphai,Namphai Station,27.45833,96.10833,2004,8,August,1.3,2025.0,Safe,0.3010752,0.2709675,0.0024762,0.91,NULL,NULL,normalized_exact,0.7,valid,August_WL_1994-2025.pdf,GWRA_2025.pdf,NULL,local_pdf,local_pdf,official_web_fallback,pdf_text,pdf_table,NULL,6506,NULL,NULL,https://cgwb.gov.in
arunachal pradesh,changlang,khagam-miao,khagam-miao,Newlisan Kharsang,Newlisan Kharsang Station,27.5,96.13333,2004,8,August,3.4,2025.0,Safe,0.3010752,0.2709675,0.0024762,0.91,NULL,NULL,normalized_exact,0.7,valid,August_WL_1994-2025.pdf,GWRA_2025.pdf,NULL,local_pdf,local_pdf,official_web_fallback,pdf_text,pdf_table,NULL,6506,NULL,NULL,https://cgwb.gov.in
arunachal pradesh,east siang,pasighat,pasighat,Pasighat,Pasighat Station,28.11806,95.29167,2004,8,August,3.6,2025.0,Safe,0.8026644000000001,0.71985,0.0017902,0.25,NULL,NULL,normalized_exact,0.7,valid,August_WL_1994-2025.pdf,GWRA_2025.pdf,NULL,local_pdf,local_pdf,official_web_fallback,pdf_text,pdf_table,NULL,6506,NULL,NULL,https://cgwb.gov.in
arunachal pradesh,east siang,ruksin,ruksin,Berung,Berung Station,27.98639,95.335,2004,8,August,1.3,2025.0,Safe,0.8026644000000001,0.71985,0.0017902,0.25,NULL,NULL,normalized_exact,0.7,valid,August_WL_1994-2025.pdf,GWRA_2025.pdf,NULL,local_pdf,local_pdf,official_web_fallback,pdf_text,pdf_table,NULL,6506,NULL,NULL,https://cgwb.gov.in
arunachal pradesh,east siang,ruksin,ruksin,Sille,Sille Station,27.86667,95.31667,2004,8,August,1.5,2025.0,Safe,0.8026644000000001,0.71985,0.0017902,0.25,NULL,NULL,normalized_exact,0.7,valid,August_WL_1994-2025.pdf,GWRA_2025.pdf,NULL,local_pdf,local_pdf,official_web_fallback,pdf_text,pdf_table,NULL,6506,NULL,NULL,https://cgwb.gov.in
arunachal pradesh,namsai,chowkham,chowkham,Chowkham,Chowkham Station,27.8,96.06667,2004,8,August,2.3,NULL,Safe,NULL,NULL,NULL,NULL,NULL,NULL,unmatched,0.0,valid,August_WL_1994-2025.pdf,NULL,NULL,local_pdf,official_web_fallback,official_web_fallback,pdf_text,NULL,NULL,6506,NULL,NULL,https://cgwb.gov.in
arunachal pradesh,namsai,namsai,namsai,Lathow,Lathow Station,27.66667,95.875,2004,8,August,2.1,NULL,Safe,NULL,NULL,NULL,NULL,NULL,NULL,unmatched,0.0,valid,August_WL_1994-2025.pdf,NULL,NULL,local_pdf,official_web_fallback,official_web_fallback,pdf_text,NULL,NULL,6506,NULL,NULL,https://cgwb.gov.in
arunachal pradesh,papum pare,balijan,balijan,Sonajuli,Sonajuli Station,27.02814,93.74131,2004,8,August,1.8,2025.0,Safe,0.1230744,0.0959323,0.0014868,1.55,NULL,NULL,normalized_exact,0.7,valid,August_WL_1994-2025.pdf,GWRA_2025.pdf,NULL,local_pdf,local_pdf,official_web_fallback,pdf_text,pdf_table,NULL,6506,NULL,NULL,https://cgwb.gov.in
arunachal pradesh,papum pare,doimukh,doimukh,Doimukh,Doimukh Station,27.15,93.75,2004,8,August,1.3,2025.0,Safe,0.1230744,0.0959323,0.0014868,1.55,NULL,NULL,normalized_exact,0.7,valid,August_WL_1994-2025.pdf,GWRA_2025.pdf,NULL,local_pdf,local_pdf,official_web_fallback,pdf_text,pdf_table,NULL,6506,NULL,NULL,https://cgwb.gov.in
arunachal pradesh,papum pare,kimin,kimin,Kimin,Kimin Station,27.30833,93.96944,2004,8,August,0.7,2025.0,Safe,0.1230744,0.0959323,0.0014868,1.55,NULL,NULL,normalized_exact,0.7,valid,August_WL_1994-2025.pdf,GWRA_2025.pdf,NULL,local_pdf,local_pdf,official_web_fallback,pdf_text,pdf_table,NULL,6506,NULL,NULL,https://cgwb.gov.in
arunachal pradesh,tirap,borduria,borduria,Borduria,Borduria Station,27.01667,95.46667,2004,8,August,4.3,2025.0,Safe,0.0866897,0.0780207,0.0005554,0.71,NULL,NULL,normalized_exact,0.7,valid,August_WL_1994-2025.pdf,GWRA_2025.pdf,NULL,local_pdf,local_pdf,official_web_fallback,pdf_text,pdf_table,NULL,6506,NULL,NULL,https://cgwb.gov.in
arunachal pradesh,tirap,borduria,borduria,Hukanjuri,Hukanjuri Station,27.00833,95.46667,2004,8,August,4.0,2025.0,Safe,0.0866897,0.0780207,0.0005554,0.71,NULL,NULL,normalized_exact,0.7,valid,August_WL_1994-2025.pdf,GWRA_2025.pdf,NULL,local_pdf,local_pdf,official_web_fallback,pdf_text,pdf_table,NULL,6506,NULL,NULL,https://cgwb.gov.in
arunachal pradesh,tirap,namsang,namsang,Deomali,Deomali Station,27.2,95.525,2004,8,August,3.5,2025.0,Safe,0.0866897,0.0780207,0.0005554,0.71,NULL,NULL,normalized_exact,0.7,valid,August_WL_1994-2025.pdf,GWRA_2025.pdf,NULL,local_pdf,local_pdf,official_web_fallback,pdf_text,pdf_table,NULL,6506,NULL,NULL,https://cgwb.gov.in
arunachal pradesh,changlang,changlang,changlang,Jairampur,Jairampur Station,27.20833,96.04167,2003,8,August,1.2,2025.0,Safe,0.3010752,0.2709675,0.0024762,0.91,NULL,NULL,normalized_exact,0.7,valid,August_WL_1994-2025.pdf,GWRA_2025.pdf,NULL,local_pdf,local_pdf,official_web_fallback,pdf_text,pdf_table,NULL,6768,NULL,NULL,https://cgwb.gov.in
arunachal pradesh,changlang,changlang,changlang,Namchik,Namchik Station,27.41667,96.04583,2003,8,August,1.5,2025.0,Safe,0.3010752,0.2709675,0.0024762,0.91,NULL,NULL,normalized_exact,0.7,valid,August_WL_1994-2025.pdf,GWRA_2025.pdf,NULL,local_pdf,local_pdf,official_web_fallback,pdf_text,pdf_table,NULL,6768,NULL,NULL,https://cgwb.gov.in
arunachal pradesh,changlang,khagam-miao,khagam-miao,Namphai,Namphai Station,27.45833,96.10833,2003,8,August,1.5,2025.0,Safe,0.3010752,0.2709675,0.0024762,0.91,NULL,NULL,normalized_exact,0.7,valid,August_WL_1994-2025.pdf,GWRA_2025.pdf,NULL,local_pdf,local_pdf,official_web_fallback,pdf_text,pdf_table,NULL,6768,NULL,NULL,https://cgwb.gov.in
arunachal pradesh,changlang,khagam-miao,khagam-miao,Newlisan Kharsang,Newlisan Kharsang Station,27.5,96.13333,2003,8,August,3.6,2025.0,Safe,0.3010752,0.2709675,0.0024762,0.91,NULL,NULL,normalized_exact,0.7,valid,August_WL_1994-2025.pdf,GWRA_2025.pdf,NULL,local_pdf,local_pdf,official_web_fallback,pdf_text,pdf_table,NULL,6768,NULL,NULL,https://cgwb.gov.in
arunachal pradesh,east siang,pasighat,pasighat,Pasighat,Pasighat Station,28.11806,95.29167,2003,8,August,1.6,2025.0,Safe,0.8026644000000001,0.71985,0.0017902,0.25,NULL,NULL,normalized_exact,0.7,valid,August_WL_1994-2025.pdf,GWRA_2025.pdf,NULL,local_pdf,local_pdf,official_web_fallback,pdf_text,pdf_table,NULL,6768,NULL,NULL,https://cgwb.gov.in
arunachal pradesh,east siang,ruksin,ruksin,Berung,Berung Station,27.98639,95.335,2003,8,August,0.7,2025.0,Safe,0.8026644000000001,0.71985,0.0017902,0.25,NULL,NULL,normalized_exact,0.7,valid,August_WL_1994-2025.pdf,GWRA_2025.pdf,NULL,local_pdf,local_pdf,official_web_fallback,pdf_text,pdf_table,NULL,6768,NULL,NULL,https://cgwb.gov.in
arunachal pradesh,east siang,ruksin,ruksin,Puranajelam,Puranajelam Station,27.79583,95.25278,2003,8,August,1.9,2025.0,Safe,0.8026644000000001,0.71985,0.0017902,0.25,NULL,NULL,normalized_exact,0.7,valid,August_WL_1994-2025.pdf,GWRA_2025.pdf,NULL,local_pdf,local_pdf,official_web_fallback,pdf_text,pdf_table,NULL,6768,NULL,NULL,https://cgwb.gov.in
arunachal pradesh,east siang,ruksin,ruksin,Rukching,Rukching Station,27.85,95.23333,2003,8,August,1.4,2025.0,Safe,0.8026644000000001,0.71985,0.0017902,0.25,NULL,NULL,normalized_exact,0.7,valid,August_WL_1994-2025.pdf,GWRA_2025.pdf,NULL,local_pdf,local_pdf,official_web_fallback,pdf_text,pdf_table,NULL,6768,NULL,NULL,https://cgwb.gov.in
arunachal pradesh,east siang,ruksin,ruksin,Sille,Sille Station,27.86667,95.31667,2003,8,August,0.7,2025.0,Safe,0.8026644000000001,0.71985,0.0017902,0.25,NULL,NULL,normalized_exact,0.7,valid,August_WL_1994-2025.pdf,GWRA_2025.pdf,NULL,local_pdf,local_pdf,official_web_fallback,pdf_text,pdf_table,NULL,6768,NULL,NULL,https://cgwb.gov.in
arunachal pradesh,namsai,chowkham,chowkham,Chowkham,Chowkham Station,27.8,96.06667,2003,8,August,2.2,NULL,Safe,NULL,NULL,NULL,NULL,NULL,NULL,unmatched,0.0,valid,August_WL_1994-2025.pdf,NULL,NULL,local_pdf,official_web_fallback,official_web_fallback,pdf_text,NULL,NULL,6768,NULL,NULL,https://cgwb.gov.in
arunachal pradesh,namsai,namsai,namsai,Lathow,Lathow Station,27.66667,95.875,2003,8,August,1.6,NULL,Safe,NULL,NULL,NULL,NULL,NULL,NULL,unmatched,0.0,valid,August_WL_1994-2025.pdf,NULL,NULL,local_pdf,official_web_fallback,official_web_fallback,pdf_text,NULL,NULL,6768,NULL,NULL,https://cgwb.gov.in
arunachal pradesh,papum pare,doimukh,doimukh,Doimukh,Doimukh Station,27.15,93.75,2003,8,August,1.1,2025.0,Safe,0.1230744,0.0959323,0.0014868,1.55,NULL,NULL,normalized_exact,0.7,valid,August_WL_1994-2025.pdf,GWRA_2025.pdf,NULL,local_pdf,local_pdf,official_web_fallback,pdf_text,pdf_table,NULL,6768,NULL,NULL,https://cgwb.gov.in
arunachal pradesh,papum pare,kimin,kimin,Kimin,Kimin Station,27.30833,93.96944,2003,8,August,1.3,2025.0,Safe,0.1230744,0.0959323,0.0014868,1.55,NULL,NULL,normalized_exact,0.7,valid,August_WL_1994-2025.pdf,GWRA_2025.pdf,NULL,local_pdf,local_pdf,official_web_fallback,pdf_text,pdf_table,NULL,6768,NULL,NULL,https://cgwb.gov.in
arunachal pradesh,tirap,borduria,borduria,Borduria,Borduria Station,27.01667,95.46667,2003,8,August,4.4,2025.0,Safe,0.0866897,0.0780207,0.0005554,0.71,NULL,NULL,normalized_exact,0.7,valid,August_WL_1994-2025.pdf,GWRA_2025.pdf,NULL,local_pdf,local_pdf,official_web_fallback,pdf_text,pdf_table,NULL,6768,NULL,NULL,https://cgwb.gov.in
arunachal pradesh,tirap,borduria,borduria,Hukanjuri,Hukanjuri Station,27.00833,95.46667,2003,8,August,5.4,2025.0,Safe,0.0866897,0.0780207,0.0005554,0.71,NULL,NULL,normalized_exact,0.7,valid,August_WL_1994-2025.pdf,GWRA_2025.pdf,NULL,local_pdf,local_pdf,official_web_fallback,pdf_text,pdf_table,NULL,6768,NULL,NULL,https://cgwb.gov.in
arunachal pradesh,tirap,namsang,namsang,Deomali,Deomali Station,27.2,95.525,2003,8,August,3.2,2025.0,Safe,0.0866897,0.0780207,0.0005554,0.71,NULL,NULL,normalized_exact,0.7,valid,August_WL_1994-2025.pdf,GWRA_2025.pdf,NULL,local_pdf,local_pdf,official_web_fallback,pdf_text,pdf_table,NULL,6768,NULL,NULL,https://cgwb.gov.in
arunachal pradesh,changlang,changlang,changlang,Jairampur,Jairampur Station,27.20833,96.04167,2002,8,August,3.1,2025.0,Safe,0.3010752,0.2709675,0.0024762,0.91,NULL,NULL,normalized_exact,0.7,valid,August_WL_1994-2025.pdf,GWRA_2025.pdf,NULL,local_pdf,local_pdf,official_web_fallback,pdf_text,pdf_table,NULL,7031,NULL,NULL,https://cgwb.gov.in
arunachal pradesh,changlang,changlang,changlang,Namchik,Namchik Station,27.41667,96.04583,2002,8,August,1.2,2025.0,Safe,0.3010752,0.2709675,0.0024762,0.91,NULL,NULL,normalized_exact,0.7,valid,August_WL_1994-2025.pdf,GWRA_2025.pdf,NULL,local_pdf,local_pdf,official_web_fallback,pdf_text,pdf_table,NULL,7031,NULL,NULL,https://cgwb.gov.in
arunachal pradesh,changlang,khagam-miao,khagam-miao,Namphai,Namphai Station,27.45833,96.10833,2002,8,August,1.7,2025.0,Safe,0.3010752,0.2709675,0.0024762,0.91,NULL,NULL,normalized_exact,0.7,valid,August_WL_1994-2025.pdf,GWRA_2025.pdf,NULL,local_pdf,local_pdf,official_web_fallback,pdf_text,pdf_table,NULL,7031,NULL,NULL,https://cgwb.gov.in
arunachal pradesh,changlang,khagam-miao,khagam-miao,Newlisan Kharsang,Newlisan Kharsang Station,27.5,96.13333,2002,8,August,4.5,2025.0,Safe,0.3010752,0.2709675,0.0024762,0.91,NULL,NULL,normalized_exact,0.7,valid,August_WL_1994-2025.pdf,GWRA_2025.pdf,NULL,local_pdf,local_pdf,official_web_fallback,pdf_text,pdf_table,NULL,7031,NULL,NULL,https://cgwb.gov.in
arunachal pradesh,namsai,chowkham,chowkham,Chowkham,Chowkham Station,27.8,96.06667,2002,8,August,0.1,NULL,Safe,NULL,NULL,NULL,NULL,NULL,NULL,unmatched,0.0,valid,August_WL_1994-2025.pdf,NULL,NULL,local_pdf,official_web_fallback,official_web_fallback,pdf_text,NULL,NULL,7031,NULL,NULL,https://cgwb.gov.in
arunachal pradesh,namsai,namsai,namsai,Lathow,Lathow Station,27.66667,95.875,2002,8,August,1.5,NULL,Safe,NULL,NULL,NULL,NULL,NULL,NULL,unmatched,0.0,valid,August_WL_1994-2025.pdf,NULL,NULL,local_pdf,official_web_fallback,official_web_fallback,pdf_text,NULL,NULL,7031,NULL,NULL,https://cgwb.gov.in
arunachal pradesh,papum pare,balijan,balijan,Sonajuli,Sonajuli Station,27.02814,93.74131,2002,8,August,2.6,2025.0,Safe,0.1230744,0.0959323,0.0014868,1.55,NULL,NULL,normalized_exact,0.7,valid,August_WL_1994-2025.pdf,GWRA_2025.pdf,NULL,local_pdf,local_pdf,official_web_fallback,pdf_text,pdf_table,NULL,7031,NULL,NULL,https://cgwb.gov.in
arunachal pradesh,papum pare,doimukh,doimukh,Doimukh,Doimukh Station,27.15,93.75,2002,8,August,0.7,2025.0,Safe,0.1230744,0.0959323,0.0014868,1.55,NULL,NULL,normalized_exact,0.7,valid,August_WL_1994-2025.pdf,GWRA_2025.pdf,NULL,local_pdf,local_pdf,official_web_fallback,pdf_text,pdf_table,NULL,7031,NULL,NULL,https://cgwb.gov.in
arunachal pradesh,papum pare,kimin,kimin,Kimin,Kimin Station,27.30833,93.96944,2002,8,August,1.4,2025.0,Safe,0.1230744,0.0959323,0.0014868,1.55,NULL,NULL,normalized_exact,0.7,valid,August_WL_1994-2025.pdf,GWRA_2025.pdf,NULL,local_pdf,local_pdf,official_web_fallback,pdf_text,pdf_table,NULL,7031,NULL,NULL,https://cgwb.gov.in
arunachal pradesh,tirap,borduria,borduria,Borduria,Borduria Station,27.01667,95.46667,2002,8,August,4.4,2025.0,Safe,0.0866897,0.0780207,0.0005554,0.71,NULL,NULL,normalized_exact,0.7,valid,August_WL_1994-2025.pdf,GWRA_2025.pdf,NULL,local_pdf,local_pdf,official_web_fallback,pdf_text,pdf_table,NULL,7031,NULL,NULL,https://cgwb.gov.in
arunachal pradesh,tirap,borduria,borduria,Hukanjuri,Hukanjuri Station,27.00833,95.46667,2002,8,August,6.0,2025.0,Safe,0.0866897,0.0780207,0.0005554,0.71,NULL,NULL,normalized_exact,0.7,valid,August_WL_1994-2025.pdf,GWRA_2025.pdf,NULL,local_pdf,local_pdf,official_web_fallback,pdf_text,pdf_table,NULL,7031,NULL,NULL,https://cgwb.gov.in
arunachal pradesh,tirap,namsang,namsang,Deomali,Deomali Station,27.2,95.525,2002,8,August,3.3,2025.0,Safe,0.0866897,0.0780207,0.0005554,0.71,NULL,NULL,normalized_exact,0.7,valid,August_WL_1994-2025.pdf,GWRA_2025.pdf,NULL,local_pdf,local_pdf,official_web_fallback,pdf_text,pdf_table,NULL,7031,NULL,NULL,https://cgwb.gov.in
arunachal pradesh,changlang,changlang,changlang,Jairampur,Jairampur Station,27.20833,96.04167,2001,8,August,1.8,2025.0,Safe,0.3010752,0.2709675,0.0024762,0.91,NULL,NULL,normalized_exact,0.7,valid,August_WL_1994-2025.pdf,GWRA_2025.pdf,NULL,local_pdf,local_pdf,official_web_fallback,pdf_text,pdf_table,NULL,7283,NULL,NULL,https://cgwb.gov.in
arunachal pradesh,changlang,changlang,changlang,Namchik,Namchik Station,27.41667,96.04583,2001,8,August,1.5,2025.0,Safe,0.3010752,0.2709675,0.0024762,0.91,NULL,NULL,normalized_exact,0.7,valid,August_WL_1994-2025.pdf,GWRA_2025.pdf,NULL,local_pdf,local_pdf,official_web_fallback,pdf_text,pdf_table,NULL,7283,NULL,NULL,https://cgwb.gov.in
arunachal pradesh,changlang,khagam-miao,khagam-miao,Namphai,Namphai Station,27.45833,96.10833,2001,8,August,1.5,2025.0,Safe,0.3010752,0.2709675,0.0024762,0.91,NULL,NULL,normalized_exact,0.7,valid,August_WL_1994-2025.pdf,GWRA_2025.pdf,NULL,local_pdf,local_pdf,official_web_fallback,pdf_text,pdf_table,NULL,7283,NULL,NULL,https://cgwb.gov.in
arunachal pradesh,changlang,khagam-miao,khagam-miao,Newlisan Kharsang,Newlisan Kharsang Station,27.5,96.13333,2001,8,August,3.9,2025.0,Safe,0.3010752,0.2709675,0.0024762,0.91,NULL,NULL,normalized_exact,0.7,valid,August_WL_1994-2025.pdf,GWRA_2025.pdf,NULL,local_pdf,local_pdf,official_web_fallback,pdf_text,pdf_table,NULL,7283,NULL,NULL,https://cgwb.gov.in
arunachal pradesh,papum pare,balijan,balijan,Sonajuli,Sonajuli Station,27.02814,93.74131,2001,8,August,2.5,2025.0,Safe,0.1230744,0.0959323,0.0014868,1.55,NULL,NULL,normalized_exact,0.7,valid,August_WL_1994-2025.pdf,GWRA_2025.pdf,NULL,local_pdf,local_pdf,official_web_fallback,pdf_text,pdf_table,NULL,7283,NULL,NULL,https://cgwb.gov.in
arunachal pradesh,papum pare,doimukh,doimukh,Doimukh,Doimukh Station,27.15,93.75,2001,8,August,0.8,2025.0,Safe,0.1230744,0.0959323,0.0014868,1.55,NULL,NULL,normalized_exact,0.7,valid,August_WL_1994-2025.pdf,GWRA_2025.pdf,NULL,local_pdf,local_pdf,official_web_fallback,pdf_text,pdf_table,NULL,7283,NULL,NULL,https://cgwb.gov.in
arunachal pradesh,papum pare,kimin,kimin,Kimin,Kimin Station,27.30833,93.96944,2001,8,August,1.2,2025.0,Safe,0.1230744,0.0959323,0.0014868,1.55,NULL,NULL,normalized_exact,0.7,valid,August_WL_1994-2025.pdf,GWRA_2025.pdf,NULL,local_pdf,local_pdf,official_web_fallback,pdf_text,pdf_table,NULL,7284,NULL,NULL,https://cgwb.gov.in
arunachal pradesh,tirap,borduria,borduria,Borduria,Borduria Station,27.01667,95.46667,2001,8,August,4.4,2025.0,Safe,0.0866897,0.0780207,0.0005554,0.71,NULL,NULL,normalized_exact,0.7,valid,August_WL_1994-2025.pdf,GWRA_2025.pdf,NULL,local_pdf,local_pdf,official_web_fallback,pdf_text,pdf_table,NULL,7284,NULL,NULL,https://cgwb.gov.in
arunachal pradesh,tirap,borduria,borduria,Hukanjuri,Hukanjuri Station,27.00833,95.46667,2001,8,August,4.1,2025.0,Safe,0.0866897,0.0780207,0.0005554,0.71,NULL,NULL,normalized_exact,0.7,valid,August_WL_1994-2025.pdf,GWRA_2025.pdf,NULL,local_pdf,local_pdf,official_web_fallback,pdf_text,pdf_table,NULL,7284,NULL,NULL,https://cgwb.gov.in
arunachal pradesh,tirap,namsang,namsang,Deomali,Deomali Station,27.2,95.525,2001,8,August,3.0,2025.0,Safe,0.0866897,0.0780207,0.0005554,0.71,NULL,NULL,normalized_exact,0.7,valid,August_WL_1994-2025.pdf,GWRA_2025.pdf,NULL,local_pdf,local_pdf,official_web_fallback,pdf_text,pdf_table,NULL,7284,NULL,NULL,https://cgwb.gov.in
arunachal pradesh,changlang,changlang,changlang,Jairampur,Jairampur Station,27.20833,96.04167,2000,8,August,1.9,2025.0,Safe,0.3010752,0.2709675,0.0024762,0.91,NULL,NULL,normalized_exact,0.7,valid,August_WL_1994-2025.pdf,GWRA_2025.pdf,NULL,local_pdf,local_pdf,official_web_fallback,pdf_text,pdf_table,NULL,7547,NULL,NULL,https://cgwb.gov.in
arunachal pradesh,changlang,changlang,changlang,Namchik,Namchik Station,27.41667,96.04583,2000,8,August,2.6,2025.0,Safe,0.3010752,0.2709675,0.0024762,0.91,NULL,NULL,normalized_exact,0.7,valid,August_WL_1994-2025.pdf,GWRA_2025.pdf,NULL,local_pdf,local_pdf,official_web_fallback,pdf_text,pdf_table,NULL,7547,NULL,NULL,https://cgwb.gov.in
arunachal pradesh,changlang,khagam-miao,khagam-miao,Namphai,Namphai Station,27.45833,96.10833,2000,8,August,1.9,2025.0,Safe,0.3010752,0.2709675,0.0024762,0.91,NULL,NULL,normalized_exact,0.7,valid,August_WL_1994-2025.pdf,GWRA_2025.pdf,NULL,local_pdf,local_pdf,official_web_fallback,pdf_text,pdf_table,NULL,7547,NULL,NULL,https://cgwb.gov.in
arunachal pradesh,changlang,khagam-miao,khagam-miao,Newlisan Kharsang,Newlisan Kharsang Station,27.5,96.13333,2000,8,August,2.6,2025.0,Safe,0.3010752,0.2709675,0.0024762,0.91,NULL,NULL,normalized_exact,0.7,valid,August_WL_1994-2025.pdf,GWRA_2025.pdf,NULL,local_pdf,local_pdf,official_web_fallback,pdf_text,pdf_table,NULL,7547,NULL,NULL,https://cgwb.gov.in
arunachal pradesh,east siang,pasighat,pasighat,Pasighat,Pasighat Station,28.11806,95.29167,2000,8,August,2.4,2025.0,Safe,0.8026644000000001,0.71985,0.0017902,0.25,NULL,NULL,normalized_exact,0.7,valid,August_WL_1994-2025.pdf,GWRA_2025.pdf,NULL,local_pdf,local_pdf,official_web_fallback,pdf_text,pdf_table,NULL,7547,NULL,NULL,https://cgwb.gov.in
arunachal pradesh,east siang,ruksin,ruksin,Puranajelam,Puranajelam Station,27.79583,95.25278,2000,8,August,1.8,2025.0,Safe,0.8026644000000001,0.71985,0.0017902,0.25,NULL,NULL,normalized_exact,0.7,valid,August_WL_1994-2025.pdf,GWRA_2025.pdf,NULL,local_pdf,local_pdf,official_web_fallback,pdf_text,pdf_table,NULL,7547,NULL,NULL,https://cgwb.gov.in
arunachal pradesh,east siang,ruksin,ruksin,Rukching,Rukching Station,27.85,95.23333,2000,8,August,0.7,2025.0,Safe,0.8026644000000001,0.71985,0.0017902,0.25,NULL,NULL,normalized_exact,0.7,valid,August_WL_1994-2025.pdf,GWRA_2025.pdf,NULL,local_pdf,local_pdf,official_web_fallback,pdf_text,pdf_table,NULL,7547,NULL,NULL,https://cgwb.gov.in
arunachal pradesh,east siang,ruksin,ruksin,Sille,Sille Station,27.86667,95.31667,2000,8,August,1.3,2025.0,Safe,0.8026644000000001,0.71985,0.0017902,0.25,NULL,NULL,normalized_exact,0.7,valid,August_WL_1994-2025.pdf,GWRA_2025.pdf,NULL,local_pdf,local_pdf,official_web_fallback,pdf_text,pdf_table,NULL,7547,NULL,NULL,https://cgwb.gov.in
arunachal pradesh,papum pare,balijan,balijan,Sonajuli,Sonajuli Station,27.02814,93.74131,2000,8,August,1.5,2025.0,Safe,0.1230744,0.0959323,0.0014868,1.55,NULL,NULL,normalized_exact,0.7,valid,August_WL_1994-2025.pdf,GWRA_2025.pdf,NULL,local_pdf,local_pdf,official_web_fallback,pdf_text,pdf_table,NULL,7547,NULL,NULL,https://cgwb.gov.in
arunachal pradesh,papum pare,doimukh,doimukh,Doimukh,Doimukh Station,27.15,93.75,2000,8,August,0.8,2025.0,Safe,0.1230744,0.0959323,0.0014868,1.55,NULL,NULL,normalized_exact,0.7,valid,August_WL_1994-2025.pdf,GWRA_2025.pdf,NULL,local_pdf,local_pdf,official_web_fallback,pdf_text,pdf_table,NULL,7547,NULL,NULL,https://cgwb.gov.in
arunachal pradesh,changlang,changlang,changlang,Jairampur,Jairampur Station,27.20833,96.04167,1999,8,August,3.1,2025.0,Safe,0.3010752,0.2709675,0.0024762,0.91,NULL,NULL,normalized_exact,0.7,valid,August_WL_1994-2025.pdf,GWRA_2025.pdf,NULL,local_pdf,local_pdf,official_web_fallback,pdf_text,pdf_table,NULL,7808,NULL,NULL,https://cgwb.gov.in
arunachal pradesh,changlang,changlang,changlang,Namchik,Namchik Station,27.41667,96.04583,1999,8,August,3.4,2025.0,Safe,0.3010752,0.2709675,0.0024762,0.91,NULL,NULL,normalized_exact,0.7,valid,August_WL_1994-2025.pdf,GWRA_2025.pdf,NULL,local_pdf,local_pdf,official_web_fallback,pdf_text,pdf_table,NULL,7808,NULL,NULL,https://cgwb.gov.in
arunachal pradesh,changlang,khagam-miao,khagam-miao,Namphai,Namphai Station,27.45833,96.10833,1999,8,August,2.1,2025.0,Safe,0.3010752,0.2709675,0.0024762,0.91,NULL,NULL,normalized_exact,0.7,valid,August_WL_1994-2025.pdf,GWRA_2025.pdf,NULL,local_pdf,local_pdf,official_web_fallback,pdf_text,pdf_table,NULL,7808,NULL,NULL,https://cgwb.gov.in
arunachal pradesh,changlang,khagam-miao,khagam-miao,Newlisan Kharsang,Newlisan Kharsang Station,27.5,96.13333,1999,8,August,3.6,2025.0,Safe,0.3010752,0.2709675,0.0024762,0.91,NULL,NULL,normalized_exact,0.7,valid,August_WL_1994-2025.pdf,GWRA_2025.pdf,NULL,local_pdf,local_pdf,official_web_fallback,pdf_text,pdf_table,NULL,7808,NULL,NULL,https://cgwb.gov.in
arunachal pradesh,papum pare,kimin,kimin,Kimin,Kimin Station,27.30833,93.96944,1999,8,August,1.7,2025.0,Safe,0.1230744,0.0959323,0.0014868,1.55,NULL,NULL,normalized_exact,0.7,valid,August_WL_1994-2025.pdf,GWRA_2025.pdf,NULL,local_pdf,local_pdf,official_web_fallback,pdf_text,pdf_table,NULL,7808,NULL,NULL,https://cgwb.gov.in
arunachal pradesh,tirap,borduria,borduria,Borduria,Borduria Station,27.01667,95.46667,1999,8,August,4.2,2025.0,Safe,0.0866897,0.0780207,0.0005554,0.71,NULL,NULL,normalized_exact,0.7,valid,August_WL_1994-2025.pdf,GWRA_2025.pdf,NULL,local_pdf,local_pdf,official_web_fallback,pdf_text,pdf_table,NULL,7808,NULL,NULL,https://cgwb.gov.in
arunachal pradesh,tirap,borduria,borduria,Hukanjuri,Hukanjuri Station,27.00833,95.46667,1999,8,August,2.0,2025.0,Safe,0.0866897,0.0780207,0.0005554,0.71,NULL,NULL,normalized_exact,0.7,valid,August_WL_1994-2025.pdf,GWRA_2025.pdf,NULL,local_pdf,local_pdf,official_web_fallback,pdf_text,pdf_table,NULL,7808,NULL,NULL,https://cgwb.gov.in
arunachal pradesh,tirap,namsang,namsang,Deomali,Deomali Station,27.2,95.525,1999,8,August,4.1,2025.0,Safe,0.0866897,0.0780207,0.0005554,0.71,NULL,NULL,normalized_exact,0.7,valid,August_WL_1994-2025.pdf,GWRA_2025.pdf,NULL,local_pdf,local_pdf,official_web_fallback,pdf_text,pdf_table,NULL,7808,NULL,NULL,https://cgwb.gov.in
arunachal pradesh,changlang,changlang,changlang,Jairampur,Jairampur Station,27.20833,96.04167,1998,8,August,3.3,2025.0,Safe,0.3010752,0.2709675,0.0024762,0.91,NULL,NULL,normalized_exact,0.7,valid,August_WL_1994-2025.pdf,GWRA_2025.pdf,NULL,local_pdf,local_pdf,official_web_fallback,pdf_text,pdf_table,NULL,8070,NULL,NULL,https://cgwb.gov.in
arunachal pradesh,changlang,changlang,changlang,Namchik,Namchik Station,27.41667,96.04583,1998,8,August,1.4,2025.0,Safe,0.3010752,0.2709675,0.0024762,0.91,NULL,NULL,normalized_exact,0.7,valid,August_WL_1994-2025.pdf,GWRA_2025.pdf,NULL,local_pdf,local_pdf,official_web_fallback,pdf_text,pdf_table,NULL,8070,NULL,NULL,https://cgwb.gov.in
arunachal pradesh,changlang,khagam-miao,khagam-miao,Namphai,Namphai Station,27.45833,96.10833,1998,8,August,0.6,2025.0,Safe,0.3010752,0.2709675,0.0024762,0.91,NULL,NULL,normalized_exact,0.7,valid,August_WL_1994-2025.pdf,GWRA_2025.pdf,NULL,local_pdf,local_pdf,official_web_fallback,pdf_text,pdf_table,NULL,8070,NULL,NULL,https://cgwb.gov.in
arunachal pradesh,changlang,khagam-miao,khagam-miao,Newlisan Kharsang,Newlisan Kharsang Station,27.5,96.13333,1998,8,August,3.6,2025.0,Safe,0.3010752,0.2709675,0.0024762,0.91,NULL,NULL,normalized_exact,0.7,valid,August_WL_1994-2025.pdf,GWRA_2025.pdf,NULL,local_pdf,local_pdf,official_web_fallback,pdf_text,pdf_table,NULL,8070,NULL,NULL,https://cgwb.gov.in
arunachal pradesh,papum pare,doimukh,doimukh,Doimukh,Doimukh Station,27.15,93.75,1998,8,August,2.4,2025.0,Safe,0.1230744,0.0959323,0.0014868,1.55,NULL,NULL,normalized_exact,0.7,valid,August_WL_1994-2025.pdf,GWRA_2025.pdf,NULL,local_pdf,local_pdf,official_web_fallback,pdf_text,pdf_table,NULL,8070,NULL,NULL,https://cgwb.gov.in
arunachal pradesh,papum pare,kimin,kimin,Kimin,Kimin Station,27.30833,93.96944,1998,8,August,1.3,2025.0,Safe,0.1230744,0.0959323,0.0014868,1.55,NULL,NULL,normalized_exact,0.7,valid,August_WL_1994-2025.pdf,GWRA_2025.pdf,NULL,local_pdf,local_pdf,official_web_fallback,pdf_text,pdf_table,NULL,8070,NULL,NULL,https://cgwb.gov.in
arunachal pradesh,tirap,borduria,borduria,Borduria,Borduria Station,27.01667,95.46667,1998,8,August,1.6,2025.0,Safe,0.0866897,0.0780207,0.0005554,0.71,NULL,NULL,normalized_exact,0.7,valid,August_WL_1994-2025.pdf,GWRA_2025.pdf,NULL,local_pdf,local_pdf,official_web_fallback,pdf_text,pdf_table,NULL,8070,NULL,NULL,https://cgwb.gov.in
arunachal pradesh,tirap,borduria,borduria,Hukanjuri,Hukanjuri Station,27.00833,95.46667,1998,8,August,3.0,2025.0,Safe,0.0866897,0.0780207,0.0005554,0.71,NULL,NULL,normalized_exact,0.7,valid,August_WL_1994-2025.pdf,GWRA_2025.pdf,NULL,local_pdf,local_pdf,official_web_fallback,pdf_text,pdf_table,NULL,8070,NULL,NULL,https://cgwb.gov.in
arunachal pradesh,tirap,namsang,namsang,Deomali,Deomali Station,27.2,95.525,1998,8,August,0.7,2025.0,Safe,0.0866897,0.0780207,0.0005554,0.71,NULL,NULL,normalized_exact,0.7,valid,August_WL_1994-2025.pdf,GWRA_2025.pdf,NULL,local_pdf,local_pdf,official_web_fallback,pdf_text,pdf_table,NULL,8070,NULL,NULL,https://cgwb.gov.in
arunachal pradesh,changlang,changlang,changlang,Jairampur,Jairampur Station,27.20833,96.04167,1997,8,August,3.6,2025.0,Safe,0.3010752,0.2709675,0.0024762,0.91,NULL,NULL,normalized_exact,0.7,valid,August_WL_1994-2025.pdf,GWRA_2025.pdf,NULL,local_pdf,local_pdf,official_web_fallback,pdf_text,pdf_table,NULL,8323,NULL,NULL,https://cgwb.gov.in
arunachal pradesh,changlang,changlang,changlang,Namchik,Namchik Station,27.41667,96.04583,1997,8,August,4.0,2025.0,Safe,0.3010752,0.2709675,0.0024762,0.91,NULL,NULL,normalized_exact,0.7,valid,August_WL_1994-2025.pdf,GWRA_2025.pdf,NULL,local_pdf,local_pdf,official_web_fallback,pdf_text,pdf_table,NULL,8323,NULL,NULL,https://cgwb.gov.in
arunachal pradesh,changlang,khagam-miao,khagam-miao,Namphai,Namphai Station,27.45833,96.10833,1997,8,August,2.0,2025.0,Safe,0.3010752,0.2709675,0.0024762,0.91,NULL,NULL,normalized_exact,0.7,valid,August_WL_1994-2025.pdf,GWRA_2025.pdf,NULL,local_pdf,local_pdf,official_web_fallback,pdf_text,pdf_table,NULL,8323,NULL,NULL,https://cgwb.gov.in
arunachal pradesh,changlang,khagam-miao,khagam-miao,Newlisan Kharsang,Newlisan Kharsang Station,27.5,96.13333,1997,8,August,4.5,2025.0,Safe,0.3010752,0.2709675,0.0024762,0.91,NULL,NULL,normalized_exact,0.7,valid,August_WL_1994-2025.pdf,GWRA_2025.pdf,NULL,local_pdf,local_pdf,official_web_fallback,pdf_text,pdf_table,NULL,8323,NULL,NULL,https://cgwb.gov.in
arunachal pradesh,east siang,pasighat,pasighat,Pasighat,Pasighat Station,28.11806,95.29167,1997,8,August,4.8,2025.0,Safe,0.8026644000000001,0.71985,0.0017902,0.25,NULL,NULL,normalized_exact,0.7,valid,August_WL_1994-2025.pdf,GWRA_2025.pdf,NULL,local_pdf,local_pdf,official_web_fallback,pdf_text,pdf_table,NULL,8323,NULL,NULL,https://cgwb.gov.in
arunachal pradesh,east siang,ruksin,ruksin,Puranajelam,Puranajelam Station,27.79583,95.25278,1997,8,August,2.0,2025.0,Safe,0.8026644000000001,0.71985,0.0017902,0.25,NULL,NULL,normalized_exact,0.7,valid,August_WL_1994-2025.pdf,GWRA_2025.pdf,NULL,local_pdf,local_pdf,official_web_fallback,pdf_text,pdf_table,NULL,8323,NULL,NULL,https://cgwb.gov.in
arunachal pradesh,east siang,ruksin,ruksin,Reni,Reni Station,27.96667,95.31667,1997,8,August,1.7,2025.0,Safe,0.8026644000000001,0.71985,0.0017902,0.25,NULL,NULL,normalized_exact,0.7,valid,August_WL_1994-2025.pdf,GWRA_2025.pdf,NULL,local_pdf,local_pdf,official_web_fallback,pdf_text,pdf_table,NULL,8323,NULL,NULL,https://cgwb.gov.in
arunachal pradesh,east siang,ruksin,ruksin,Rukching,Rukching Station,27.85,95.23333,1997,8,August,0.7,2025.0,Safe,0.8026644000000001,0.71985,0.0017902,0.25,NULL,NULL,normalized_exact,0.7,valid,August_WL_1994-2025.pdf,GWRA_2025.pdf,NULL,local_pdf,local_pdf,official_web_fallback,pdf_text,pdf_table,NULL,8323,NULL,NULL,https://cgwb.gov.in
arunachal pradesh,east siang,ruksin,ruksin,Sille,Sille Station,27.86667,95.31667,1997,8,August,1.5,2025.0,Safe,0.8026644000000001,0.71985,0.0017902,0.25,NULL,NULL,normalized_exact,0.7,valid,August_WL_1994-2025.pdf,GWRA_2025.pdf,NULL,local_pdf,local_pdf,official_web_fallback,pdf_text,pdf_table,NULL,8323,NULL,NULL,https://cgwb.gov.in
arunachal pradesh,namsai,lekang,lekang,Old Mohang,Old Mohang Station,27.56389,95.86944,1997,8,August,3.9,NULL,Safe,NULL,NULL,NULL,NULL,NULL,NULL,unmatched,0.0,valid,August_WL_1994-2025.pdf,NULL,NULL,local_pdf,official_web_fallback,official_web_fallback,pdf_text,NULL,NULL,8323,NULL,NULL,https://cgwb.gov.in
arunachal pradesh,papum pare,balijan,balijan,Sonajuli,Sonajuli Station,27.02814,93.74131,1997,8,August,1.6,2025.0,Safe,0.1230744,0.0959323,0.0014868,1.55,NULL,NULL,normalized_exact,0.7,valid,August_WL_1994-2025.pdf,GWRA_2025.pdf,NULL,local_pdf,local_pdf,official_web_fallback,pdf_text,pdf_table,NULL,8323,NULL,NULL,https://cgwb.gov.in
arunachal pradesh,papum pare,doimukh,doimukh,Doimukh,Doimukh Station,27.15,93.75,1997,8,August,0.9,2025.0,Safe,0.1230744,0.0959323,0.0014868,1.55,NULL,NULL,normalized_exact,0.7,valid,August_WL_1994-2025.pdf,GWRA_2025.pdf,NULL,local_pdf,local_pdf,official_web_fallback,pdf_text,pdf_table,NULL,8323,NULL,NULL,https://cgwb.gov.in
arunachal pradesh,papum pare,kimin,kimin,Kimin,Kimin Station,27.30833,93.96944,1997,8,August,2.2,2025.0,Safe,0.1230744,0.0959323,0.0014868,1.55,NULL,NULL,normalized_exact,0.7,valid,August_WL_1994-2025.pdf,GWRA_2025.pdf,NULL,local_pdf,local_pdf,official_web_fallback,pdf_text,pdf_table,NULL,8323,NULL,NULL,https://cgwb.gov.in
arunachal pradesh,tirap,borduria,borduria,Borduria,Borduria Station,27.01667,95.46667,1997,8,August,2.5,2025.0,Safe,0.0866897,0.0780207,0.0005554,0.71,NULL,NULL,normalized_exact,0.7,valid,August_WL_1994-2025.pdf,GWRA_2025.pdf,NULL,local_pdf,local_pdf,official_web_fallback,pdf_text,pdf_table,NULL,8323,NULL,NULL,https://cgwb.gov.in
arunachal pradesh,tirap,borduria,borduria,Hukanjuri,Hukanjuri Station,27.00833,95.46667,1997,8,August,4.1,2025.0,Safe,0.0866897,0.0780207,0.0005554,0.71,NULL,NULL,normalized_exact,0.7,valid,August_WL_1994-2025.pdf,GWRA_2025.pdf,NULL,local_pdf,local_pdf,official_web_fallback,pdf_text,pdf_table,NULL,8323,NULL,NULL,https://cgwb.gov.in
arunachal pradesh,tirap,namsang,namsang,Deomali,Deomali Station,27.2,95.525,1997,8,August,1.9,2025.0,Safe,0.0866897,0.0780207,0.0005554,0.71,NULL,NULL,normalized_exact,0.7,valid,August_WL_1994-2025.pdf,GWRA_2025.pdf,NULL,local_pdf,local_pdf,official_web_fallback,pdf_text,pdf_table,NULL,8323,NULL,NULL,https://cgwb.gov.in
arunachal pradesh,changlang,changlang,changlang,Jairampur,Jairampur Station,27.20833,96.04167,1996,8,August,1.9,2025.0,Safe,0.3010752,0.2709675,0.0024762,0.91,NULL,NULL,normalized_exact,0.7,valid,August_WL_1994-2025.pdf,GWRA_2025.pdf,NULL,local_pdf,local_pdf,official_web_fallback,pdf_text,pdf_table,NULL,8583,NULL,NULL,https://cgwb.gov.in
arunachal pradesh,changlang,changlang,changlang,Namchik,Namchik Station,27.41667,96.04583,1996,8,August,3.0,2025.0,Safe,0.3010752,0.2709675,0.0024762,0.91,NULL,NULL,normalized_exact,0.7,valid,August_WL_1994-2025.pdf,GWRA_2025.pdf,NULL,local_pdf,local_pdf,official_web_fallback,pdf_text,pdf_table,NULL,8584,NULL,NULL,https://cgwb.gov.in
arunachal pradesh,changlang,khagam-miao,khagam-miao,Namphai,Namphai Station,27.45833,96.10833,1996,8,August,1.7,2025.0,Safe,0.3010752,0.2709675,0.0024762,0.91,NULL,NULL,normalized_exact,0.7,valid,August_WL_1994-2025.pdf,GWRA_2025.pdf,NULL,local_pdf,local_pdf,official_web_fallback,pdf_text,pdf_table,NULL,8584,NULL,NULL,https://cgwb.gov.in
arunachal pradesh,changlang,khagam-miao,khagam-miao,Newlisan Kharsang,Newlisan Kharsang Station,27.5,96.13333,1996,8,August,4.2,2025.0,Safe,0.3010752,0.2709675,0.0024762,0.91,NULL,NULL,normalized_exact,0.7,valid,August_WL_1994-2025.pdf,GWRA_2025.pdf,NULL,local_pdf,local_pdf,official_web_fallback,pdf_text,pdf_table,NULL,8584,NULL,NULL,https://cgwb.gov.in
arunachal pradesh,papum pare,balijan,balijan,Sonajuli,Sonajuli Station,27.02814,93.74131,1996,8,August,1.3,2025.0,Safe,0.1230744,0.0959323,0.0014868,1.55,NULL,NULL,normalized_exact,0.7,valid,August_WL_1994-2025.pdf,GWRA_2025.pdf,NULL,local_pdf,local_pdf,official_web_fallback,pdf_text,pdf_table,NULL,8584,NULL,NULL,https://cgwb.gov.in
arunachal pradesh,papum pare,doimukh,doimukh,Doimukh,Doimukh Station,27.15,93.75,1996,8,August,0.4,2025.0,Safe,0.1230744,0.0959323,0.0014868,1.55,NULL,NULL,normalized_exact,0.7,valid,August_WL_1994-2025.pdf,GWRA_2025.pdf,NULL,local_pdf,local_pdf,official_web_fallback,pdf_text,pdf_table,NULL,8584,NULL,NULL,https://cgwb.gov.in
arunachal pradesh,papum pare,kimin,kimin,Kimin,Kimin Station,27.30833,93.96944,1996,8,August,1.2,2025.0,Safe,0.1230744,0.0959323,0.0014868,1.55,NULL,NULL,normalized_exact,0.7,valid,August_WL_1994-2025.pdf,GWRA_2025.pdf,NULL,local_pdf,local_pdf,official_web_fallback,pdf_text,pdf_table,NULL,8584,NULL,NULL,https://cgwb.gov.in
arunachal pradesh,tirap,borduria,borduria,Borduria,Borduria Station,27.01667,95.46667,1996,8,August,3.0,2025.0,Safe,0.0866897,0.0780207,0.0005554,0.71,NULL,NULL,normalized_exact,0.7,valid,August_WL_1994-2025.pdf,GWRA_2025.pdf,NULL,local_pdf,local_pdf,official_web_fallback,pdf_text,pdf_table,NULL,8584,NULL,NULL,https://cgwb.gov.in
arunachal pradesh,tirap,borduria,borduria,Hukanjuri,Hukanjuri Station,27.00833,95.46667,1996,8,August,4.2,2025.0,Safe,0.0866897,0.0780207,0.0005554,0.71,NULL,NULL,normalized_exact,0.7,valid,August_WL_1994-2025.pdf,GWRA_2025.pdf,NULL,local_pdf,local_pdf,official_web_fallback,pdf_text,pdf_table,NULL,8584,NULL,NULL,https://cgwb.gov.in
arunachal pradesh,tirap,namsang,namsang,Deomali,Deomali Station,27.2,95.525,1996,8,August,1.5,2025.0,Safe,0.0866897,0.0780207,0.0005554,0.71,NULL,NULL,normalized_exact,0.7,valid,August_WL_1994-2025.pdf,GWRA_2025.pdf,NULL,local_pdf,local_pdf,official_web_fallback,pdf_text,pdf_table,NULL,8584,NULL,NULL,https://cgwb.gov.in
arunachal pradesh,changlang,changlang,changlang,Jairampur,Jairampur Station,27.20833,96.04167,1995,8,August,2.0,2025.0,Safe,0.3010752,0.2709675,0.0024762,0.91,NULL,NULL,normalized_exact,0.7,valid,August_WL_1994-2025.pdf,GWRA_2025.pdf,NULL,local_pdf,local_pdf,official_web_fallback,pdf_text,pdf_table,NULL,8844,NULL,NULL,https://cgwb.gov.in
arunachal pradesh,changlang,khagam-miao,khagam-miao,Newlisan Kharsang,Newlisan Kharsang Station,27.5,96.13333,1995,8,August,1.3,2025.0,Safe,0.3010752,0.2709675,0.0024762,0.91,NULL,NULL,normalized_exact,0.7,valid,August_WL_1994-2025.pdf,GWRA_2025.pdf,NULL,local_pdf,local_pdf,official_web_fallback,pdf_text,pdf_table,NULL,8844,NULL,NULL,https://cgwb.gov.in
arunachal pradesh,papum pare,balijan,balijan,Sonajuli,Sonajuli Station,27.02814,93.74131,1995,8,August,1.6,2025.0,Safe,0.1230744,0.0959323,0.0014868,1.55,NULL,NULL,normalized_exact,0.7,valid,August_WL_1994-2025.pdf,GWRA_2025.pdf,NULL,local_pdf,local_pdf,official_web_fallback,pdf_text,pdf_table,NULL,8844,NULL,NULL,https://cgwb.gov.in
arunachal pradesh,papum pare,doimukh,doimukh,Doimukh,Doimukh Station,27.15,93.75,1995,8,August,0.2,2025.0,Safe,0.1230744,0.0959323,0.0014868,1.55,NULL,NULL,normalized_exact,0.7,valid,August_WL_1994-2025.pdf,GWRA_2025.pdf,NULL,local_pdf,local_pdf,official_web_fallback,pdf_text,pdf_table,NULL,8844,NULL,NULL,https://cgwb.gov.in
arunachal pradesh,papum pare,kimin,kimin,Kimin,Kimin Station,27.30833,93.96944,1995,8,August,1.2,2025.0,Safe,0.1230744,0.0959323,0.0014868,1.55,NULL,NULL,normalized_exact,0.7,valid,August_WL_1994-2025.pdf,GWRA_2025.pdf,NULL,local_pdf,local_pdf,official_web_fallback,pdf_text,pdf_table,NULL,8844,NULL,NULL,https://cgwb.gov.in
arunachal pradesh,tirap,borduria,borduria,Borduria,Borduria Station,27.01667,95.46667,1995,8,August,2.5,2025.0,Safe,0.0866897,0.0780207,0.0005554,0.71,NULL,NULL,normalized_exact,0.7,valid,August_WL_1994-2025.pdf,GWRA_2025.pdf,NULL,local_pdf,local_pdf,official_web_fallback,pdf_text,pdf_table,NULL,8844,NULL,NULL,https://cgwb.gov.in
arunachal pradesh,tirap,borduria,borduria,Hukanjuri,Hukanjuri Station,27.00833,95.46667,1995,8,August,2.6,2025.0,Safe,0.0866897,0.0780207,0.0005554,0.71,NULL,NULL,normalized_exact,0.7,valid,August_WL_1994-2025.pdf,GWRA_2025.pdf,NULL,local_pdf,local_pdf,official_web_fallback,pdf_text,pdf_table,NULL,8844,NULL,NULL,https://cgwb.gov.in
arunachal pradesh,tirap,namsang,namsang,Deomali,Deomali Station,27.2,95.525,1995,8,August,9.1,2025.0,Safe,0.0866897,0.0780207,0.0005554,0.71,NULL,NULL,normalized_exact,0.7,valid,August_WL_1994-2025.pdf,GWRA_2025.pdf,NULL,local_pdf,local_pdf,official_web_fallback,pdf_text,pdf_table,NULL,8844,NULL,NULL,https://cgwb.gov.in
arunachal pradesh,changlang,changlang,changlang,Jairampur,Jairampur Station,27.20833,96.04167,1994,8,August,2.5,2025.0,Safe,0.3010752,0.2709675,0.0024762,0.91,NULL,NULL,normalized_exact,0.7,valid,August_WL_1994-2025.pdf,GWRA_2025.pdf,NULL,local_pdf,local_pdf,official_web_fallback,pdf_text,pdf_table,NULL,9106,NULL,NULL,https://cgwb.gov.in
arunachal pradesh,changlang,changlang,changlang,Namchik,Namchik Station,27.41667,96.04583,1994,8,August,1.3,2025.0,Safe,0.3010752,0.2709675,0.0024762,0.91,NULL,NULL,normalized_exact,0.7,valid,August_WL_1994-2025.pdf,GWRA_2025.pdf,NULL,local_pdf,local_pdf,official_web_fallback,pdf_text,pdf_table,NULL,9106,NULL,NULL,https://cgwb.gov.in
arunachal pradesh,changlang,khagam-miao,khagam-miao,Namphai,Namphai Station,27.45833,96.10833,1994,8,August,1.1,2025.0,Safe,0.3010752,0.2709675,0.0024762,0.91,NULL,NULL,normalized_exact,0.7,valid,August_WL_1994-2025.pdf,GWRA_2025.pdf,NULL,local_pdf,local_pdf,official_web_fallback,pdf_text,pdf_table,NULL,9106,NULL,NULL,https://cgwb.gov.in
arunachal pradesh,changlang,khagam-miao,khagam-miao,Newlisan Kharsang,Newlisan Kharsang Station,27.5,96.13333,1994,8,August,1.2,2025.0,Safe,0.3010752,0.2709675,0.0024762,0.91,NULL,NULL,normalized_exact,0.7,valid,August_WL_1994-2025.pdf,GWRA_2025.pdf,NULL,local_pdf,local_pdf,official_web_fallback,pdf_text,pdf_table,NULL,9106,NULL,NULL,https://cgwb.gov.in
arunachal pradesh,east siang,pasighat,pasighat,Pasighat,Pasighat Station,28.11806,95.29167,1994,8,August,2.0,2025.0,Safe,0.8026644000000001,0.71985,0.0017902,0.25,NULL,NULL,normalized_exact,0.7,valid,August_WL_1994-2025.pdf,GWRA_2025.pdf,NULL,local_pdf,local_pdf,official_web_fallback,pdf_text,pdf_table,NULL,9106,NULL,NULL,https://cgwb.gov.in
arunachal pradesh,east siang,ruksin,ruksin,Puranajelam,Puranajelam Station,27.79583,95.25278,1994,8,August,1.2,2025.0,Safe,0.8026644000000001,0.71985,0.0017902,0.25,NULL,NULL,normalized_exact,0.7,valid,August_WL_1994-2025.pdf,GWRA_2025.pdf,NULL,local_pdf,local_pdf,official_web_fallback,pdf_text,pdf_table,NULL,9106,NULL,NULL,https://cgwb.gov.in
arunachal pradesh,east siang,ruksin,ruksin,Reni,Reni Station,27.96667,95.31667,1994,8,August,1.0,2025.0,Safe,0.8026644000000001,0.71985,0.0017902,0.25,NULL,NULL,normalized_exact,0.7,valid,August_WL_1994-2025.pdf,GWRA_2025.pdf,NULL,local_pdf,local_pdf,official_web_fallback,pdf_text,pdf_table,NULL,9106,NULL,NULL,https://cgwb.gov.in
arunachal pradesh,east siang,ruksin,ruksin,Rukching,Rukching Station,27.85,95.23333,1994,8,August,1.7,2025.0,Safe,0.8026644000000001,0.71985,0.0017902,0.25,NULL,NULL,normalized_exact,0.7,valid,August_WL_1994-2025.pdf,GWRA_2025.pdf,NULL,local_pdf,local_pdf,official_web_fallback,pdf_text,pdf_table,NULL,9106,NULL,NULL,https://cgwb.gov.in
arunachal pradesh,east siang,ruksin,ruksin,Sille,Sille Station,27.86667,95.31667,1994,8,August,1.1,2025.0,Safe,0.8026644000000001,0.71985,0.0017902,0.25,NULL,NULL,normalized_exact,0.7,valid,August_WL_1994-2025.pdf,GWRA_2025.pdf,NULL,local_pdf,local_pdf,official_web_fallback,pdf_text,pdf_table,NULL,9106,NULL,NULL,https://cgwb.gov.in
arunachal pradesh,namsai,chowkham,chowkham,Chowkham,Chowkham Station,27.8,96.06667,1994,8,August,0.4,NULL,Safe,NULL,NULL,NULL,NULL,NULL,NULL,unmatched,0.0,valid,August_WL_1994-2025.pdf,NULL,NULL,local_pdf,official_web_fallback,official_web_fallback,pdf_text,NULL,NULL,9106,NULL,NULL,https://cgwb.gov.in
arunachal pradesh,namsai,namsai,namsai,Lathow,Lathow Station,27.66667,95.875,1994,8,August,1.3,NULL,Safe,NULL,NULL,NULL,NULL,NULL,NULL,unmatched,0.0,valid,August_WL_1994-2025.pdf,NULL,NULL,local_pdf,official_web_fallback,official_web_fallback,pdf_text,NULL,NULL,9106,NULL,NULL,https://cgwb.gov.in
arunachal pradesh,papum pare,balijan,balijan,Sonajuli,Sonajuli Station,27.02814,93.74131,1994,8,August,1.4,2025.0,Safe,0.1230744,0.0959323,0.0014868,1.55,NULL,NULL,normalized_exact,0.7,valid,August_WL_1994-2025.pdf,GWRA_2025.pdf,NULL,local_pdf,local_pdf,official_web_fallback,pdf_text,pdf_table,NULL,9106,NULL,NULL,https://cgwb.gov.in
arunachal pradesh,papum pare,doimukh,doimukh,Doimukh,Doimukh Station,27.15,93.75,1994,8,August,0.4,2025.0,Safe,0.1230744,0.0959323,0.0014868,1.55,NULL,NULL,normalized_exact,0.7,valid,August_WL_1994-2025.pdf,GWRA_2025.pdf,NULL,local_pdf,local_pdf,official_web_fallback,pdf_text,pdf_table,NULL,9106,NULL,NULL,https://cgwb.gov.in
arunachal pradesh,tirap,borduria,borduria,Borduria,Borduria Station,27.01667,95.46667,1994,8,August,1.9,2025.0,Safe,0.0866897,0.0780207,0.0005554,0.71,NULL,NULL,normalized_exact,0.7,valid,August_WL_1994-2025.pdf,GWRA_2025.pdf,NULL,local_pdf,local_pdf,official_web_fallback,pdf_text,pdf_table,NULL,9106,NULL,NULL,https://cgwb.gov.in
arunachal pradesh,tirap,borduria,borduria,Hukanjuri,Hukanjuri Station,27.00833,95.46667,1994,8,August,2.3,2025.0,Safe,0.0866897,0.0780207,0.0005554,0.71,NULL,NULL,normalized_exact,0.7,valid,August_WL_1994-2025.pdf,GWRA_2025.pdf,NULL,local_pdf,local_pdf,official_web_fallback,pdf_text,pdf_table,NULL,9106,NULL,NULL,https://cgwb.gov.in
arunachal pradesh,tirap,namsang,namsang,Deomali,Deomali Station,27.2,95.525,1994,8,August,2.6,2025.0,Safe,0.0866897,0.0780207,0.0005554,0.71,NULL,NULL,normalized_exact,0.7,valid,August_WL_1994-2025.pdf,GWRA_2025.pdf,NULL,local_pdf,local_pdf,official_web_fallback,pdf_text,pdf_table,NULL,9106,NULL,NULL,https://cgwb.gov.in
arunachal pradesh,changlang,changlang,changlang,Jairampur,Jairampur Station,27.20833,96.04166,2025,3,Pre-monsoon,2.67,2025.0,Safe,0.3010752,0.2709675,0.0024762,0.91,282.7562866210937,monthly,normalized_exact,0.7,valid,Pre-monsoon_WL_1994-2025.pdf,GWRA_2025.pdf,IMD Gridded Rainfall (0.25x0.25 deg),local_pdf,local_pdf,official_web_fallback,pdf_text,pdf_table,netcdf_spatial_lookup,17,NULL,NULL,https://cgwb.gov.in
arunachal pradesh,changlang,changlang,changlang,Namchik,Namchik Station,27.41667,96.04583,2025,3,Pre-monsoon,3.59,2025.0,Safe,0.3010752,0.2709675,0.0024762,0.91,282.5403747558594,monthly,normalized_exact,0.7,valid,Pre-monsoon_WL_1994-2025.pdf,GWRA_2025.pdf,IMD Gridded Rainfall (0.25x0.25 deg),local_pdf,local_pdf,official_web_fallback,pdf_text,pdf_table,netcdf_spatial_lookup,17,NULL,NULL,https://cgwb.gov.in
arunachal pradesh,changlang,khagam-miao,khagam-miao,Namphai,Namphai Station,27.45833,96.10833,2025,3,Pre-monsoon,2.2,2025.0,Safe,0.3010752,0.2709675,0.0024762,0.91,282.5403747558594,monthly,normalized_exact,0.7,valid,Pre-monsoon_WL_1994-2025.pdf,GWRA_2025.pdf,IMD Gridded Rainfall (0.25x0.25 deg),local_pdf,local_pdf,official_web_fallback,pdf_text,pdf_table,netcdf_spatial_lookup,17,NULL,NULL,https://cgwb.gov.in
arunachal pradesh,changlang,khagam-miao,khagam-miao,Newlisan Kharsang,Newlisan Kharsang Station,27.5,96.13333,2025,3,Pre-monsoon,3.55,2025.0,Safe,0.3010752,0.2709675,0.0024762,0.91,238.7740936279297,monthly,normalized_exact,0.7,valid,Pre-monsoon_WL_1994-2025.pdf,GWRA_2025.pdf,IMD Gridded Rainfall (0.25x0.25 deg),local_pdf,local_pdf,official_web_fallback,pdf_text,pdf_table,netcdf_spatial_lookup,17,NULL,NULL,https://cgwb.gov.in
arunachal pradesh,east siang,pasighat,pasighat,Pasighat,Pasighat Station,28.15139,95.29583,2025,3,Pre-monsoon,11.38,2025.0,Safe,0.8026644000000001,0.71985,0.0017902,0.25,114.5055694580078,monthly,normalized_exact,0.7,valid,Pre-monsoon_WL_1994-2025.pdf,GWRA_2025.pdf,IMD Gridded Rainfall (0.25x0.25 deg),local_pdf,local_pdf,official_web_fallback,pdf_text,pdf_table,netcdf_spatial_lookup,17,NULL,NULL,https://cgwb.gov.in
arunachal pradesh,east siang,pasighat,pasighat,Satmile,Satmile Station,27.97672,95.33163,2025,3,Pre-monsoon,2.73,2025.0,Safe,0.8026644000000001,0.71985,0.0017902,0.25,113.05474090576172,monthly,normalized_exact,0.7,valid,Pre-monsoon_WL_1994-2025.pdf,GWRA_2025.pdf,IMD Gridded Rainfall (0.25x0.25 deg),local_pdf,local_pdf,official_web_fallback,pdf_text,pdf_table,netcdf_spatial_lookup,17,NULL,NULL,https://cgwb.gov.in
arunachal pradesh,east siang,ruksin,ruksin,Oyan,Oyan Station,27.89022,95.31833,2025,3,Pre-monsoon,9.17,2025.0,Safe,0.8026644000000001,0.71985,0.0017902,0.25,113.05474090576172,monthly,normalized_exact,0.7,valid,Pre-monsoon_WL_1994-2025.pdf,GWRA_2025.pdf,IMD Gridded Rainfall (0.25x0.25 deg),local_pdf,local_pdf,official_web_fallback,pdf_text,pdf_table,netcdf_spatial_lookup,17,NULL,NULL,https://cgwb.gov.in
arunachal pradesh,east siang,ruksin,ruksin,Ruksin,Ruksin Station,27.83778,95.21817,2025,3,Pre-monsoon,2.53,2025.0,Safe,0.8026644000000001,0.71985,0.0017902,0.25,100.14210510253906,monthly,normalized_exact,0.7,valid,Pre-monsoon_WL_1994-2025.pdf,GWRA_2025.pdf,IMD Gridded Rainfall (0.25x0.25 deg),local_pdf,local_pdf,official_web_fallback,pdf_text,pdf_table,netcdf_spatial_lookup,17,NULL,NULL,https://cgwb.gov.in
arunachal pradesh,east siang,ruksin,ruksin,Sika Baman Todee 1,Sika Baman Todee 1 Station,27.89778,95.32389,2025,3,Pre-monsoon,4.9,2025.0,Safe,0.8026644000000001,0.71985,0.0017902,0.25,113.05474090576172,monthly,normalized_exact,0.7,valid,Pre-monsoon_WL_1994-2025.pdf,GWRA_2025.pdf,IMD Gridded Rainfall (0.25x0.25 deg),local_pdf,local_pdf,official_web_fallback,pdf_text,pdf_table,netcdf_spatial_lookup,17,NULL,NULL,https://cgwb.gov.in
arunachal pradesh,kamle,tamen-raga,tamen-raga,Bomte,Bomte Station,27.4895,94.19442,2025,3,Pre-monsoon,1.75,NULL,Safe,NULL,NULL,NULL,NULL,181.20230102539065,monthly,unmatched,0.0,valid,Pre-monsoon_WL_1994-2025.pdf,NULL,IMD Gridded Rainfall (0.25x0.25 deg),local_pdf,official_web_fallback,official_web_fallback,pdf_text,NULL,netcdf_spatial_lookup,17,NULL,NULL,https://cgwb.gov.in
arunachal pradesh,lohit,wakro,wakro,Medo,Medo Station,27.79096,96.17737,2025,3,Pre-monsoon,1.68,2025.0,Safe,1.2295016,1.0937697,0.0027372,0.25,181.32571411132807,monthly,normalized_exact,0.7,valid,Pre-monsoon_WL_1994-2025.pdf,GWRA_2025.pdf,IMD Gridded Rainfall (0.25x0.25 deg),local_pdf,local_pdf,official_web_fallback,pdf_text,pdf_table,netcdf_spatial_lookup,17,NULL,NULL,https://cgwb.gov.in
arunachal pradesh,lower dibang valley,roing,roing,Kangklong,Kangklong Station,27.97171,95.75741,2025,3,Pre-monsoon,10.02,2025.0,Safe,0.7962549000000001,0.7166294,0.0024813,0.35,102.28804779052734,monthly,normalized_exact,0.7,valid,Pre-monsoon_WL_1994-2025.pdf,GWRA_2025.pdf,IMD Gridded Rainfall (0.25x0.25 deg),local_pdf,local_pdf,official_web_fallback,pdf_text,pdf_table,netcdf_spatial_lookup,17,NULL,NULL,https://cgwb.gov.in
arunachal pradesh,lower subansiri,ziro-i,ziro-i,Rajgarh,Rajgarh Station,27.40475,94.15225,2025,3,Pre-monsoon,7.72,2025.0,Safe,0.0524143999999999,0.0448554,0.0003978999999999,0.89,181.20230102539065,monthly,normalized_exact,0.7,valid,Pre-monsoon_WL_1994-2025.pdf,GWRA_2025.pdf,IMD Gridded Rainfall (0.25x0.25 deg),local_pdf,local_pdf,official_web_fallback,pdf_text,pdf_table,netcdf_spatial_lookup,17,NULL,NULL,https://cgwb.gov.in
arunachal pradesh,namsai,namsai,namsai,Adi Ningroo,Adi Ningroo Station,27.63561,95.90167,2025,3,Pre-monsoon,3.48,NULL,Safe,NULL,NULL,NULL,NULL,190.5087738037109,monthly,unmatched,0.0,valid,Pre-monsoon_WL_1994-2025.pdf,NULL,IMD Gridded Rainfall (0.25x0.25 deg),local_pdf,official_web_fallback,official_web_fallback,pdf_text,NULL,netcdf_spatial_lookup,17,NULL,NULL,https://cgwb.gov.in
arunachal pradesh,namsai,namsai,namsai,Lathow,Lathow Station,27.66667,95.875,2025,3,Pre-monsoon,5.65,NULL,Safe,NULL,NULL,NULL,NULL,137.18719482421875,monthly,unmatched,0.0,valid,Pre-monsoon_WL_1994-2025.pdf,NULL,IMD Gridded Rainfall (0.25x0.25 deg),local_pdf,official_web_fallback,official_web_fallback,pdf_text,NULL,netcdf_spatial_lookup,17,NULL,NULL,https://cgwb.gov.in
arunachal pradesh,papum pare,balijan,balijan,Sonajuli,Sonajuli Station,27.02814,93.7413,2025,3,Pre-monsoon,2.76,2025.0,Safe,0.1230744,0.0959323,0.0014868,1.55,158.40782165527344,monthly,normalized_exact,0.7,valid,Pre-monsoon_WL_1994-2025.pdf,GWRA_2025.pdf,IMD Gridded Rainfall (0.25x0.25 deg),local_pdf,local_pdf,official_web_fallback,pdf_text,pdf_table,netcdf_spatial_lookup,17,NULL,NULL,https://cgwb.gov.in
arunachal pradesh,papum pare,borum,borum,Naharlagun,Naharlagun Station,27.10306,93.69473,2025,3,Pre-monsoon,6.71,2025.0,Safe,0.1230744,0.0959323,0.0014868,1.55,158.40782165527344,monthly,normalized_exact,0.7,valid,Pre-monsoon_WL_1994-2025.pdf,GWRA_2025.pdf,IMD Gridded Rainfall (0.25x0.25 deg),local_pdf,local_pdf,official_web_fallback,pdf_text,pdf_table,netcdf_spatial_lookup,18,NULL,NULL,https://cgwb.gov.in
arunachal pradesh,papum pare,borum,borum,Papu Nallah,Papu Nallah Station,27.0986,93.66948,2025,3,Pre-monsoon,2.98,2025.0,Safe,0.1230744,0.0959323,0.0014868,1.55,158.40782165527344,monthly,normalized_exact,0.7,valid,Pre-monsoon_WL_1994-2025.pdf,GWRA_2025.pdf,IMD Gridded Rainfall (0.25x0.25 deg),local_pdf,local_pdf,official_web_fallback,pdf_text,pdf_table,netcdf_spatial_lookup,18,NULL,NULL,https://cgwb.gov.in
arunachal pradesh,papum pare,doimukh,doimukh,Banderdewa,Banderdewa Station,27.10528,93.82584,2025,3,Pre-monsoon,11.96,2025.0,Safe,0.1230744,0.0959323,0.0014868,1.55,158.40782165527344,monthly,normalized_exact,0.7,valid,Pre-monsoon_WL_1994-2025.pdf,GWRA_2025.pdf,IMD Gridded Rainfall (0.25x0.25 deg),local_pdf,local_pdf,official_web_fallback,pdf_text,pdf_table,netcdf_spatial_lookup,18,NULL,NULL,https://cgwb.gov.in
arunachal pradesh,papum pare,doimukh,doimukh,Doimukh,Doimukh Station,27.15,93.75,2025,3,Pre-monsoon,1.13,2025.0,Safe,0.1230744,0.0959323,0.0014868,1.55,100.11150360107422,monthly,normalized_exact,0.7,valid,Pre-monsoon_WL_1994-2025.pdf,GWRA_2025.pdf,IMD Gridded Rainfall (0.25x0.25 deg),local_pdf,local_pdf,official_web_fallback,pdf_text,pdf_table,netcdf_spatial_lookup,18,NULL,NULL,https://cgwb.gov.in
arunachal pradesh,papum pare,kimin,kimin,Kimin,Kimin Station,27.30428,93.97071,2025,3,Pre-monsoon,0.72,2025.0,Safe,0.1230744,0.0959323,0.0014868,1.55,132.40777587890625,monthly,normalized_exact,0.7,valid,Pre-monsoon_WL_1994-2025.pdf,GWRA_2025.pdf,IMD Gridded Rainfall (0.25x0.25 deg),local_pdf,local_pdf,official_web_fallback,pdf_text,pdf_table,netcdf_spatial_lookup,18,NULL,NULL,https://cgwb.gov.in
arunachal pradesh,tirap,borduria,borduria,Borduria,Borduria Station,27.01667,95.46667,2025,3,Pre-monsoon,5.12,2025.0,Safe,0.0866897,0.0780207,0.0005554,0.71,294.81561279296875,monthly,normalized_exact,0.7,valid,Pre-monsoon_WL_1994-2025.pdf,GWRA_2025.pdf,IMD Gridded Rainfall (0.25x0.25 deg),local_pdf,local_pdf,official_web_fallback,pdf_text,pdf_table,netcdf_spatial_lookup,18,NULL,NULL,https://cgwb.gov.in
arunachal pradesh,tirap,borduria,borduria,Hukanjuri,Hukanjuri Station,27.00833,95.46667,2025,3,Pre-monsoon,3.18,2025.0,Safe,0.0866897,0.0780207,0.0005554,0.71,294.81561279296875,monthly,normalized_exact,0.7,valid,Pre-monsoon_WL_1994-2025.pdf,GWRA_2025.pdf,IMD Gridded Rainfall (0.25x0.25 deg),local_pdf,local_pdf,official_web_fallback,pdf_text,pdf_table,netcdf_spatial_lookup,18,NULL,NULL,https://cgwb.gov.in
arunachal pradesh,tirap,namsang,namsang,Deomali,Deomali Station,27.2,95.525,2025,3,Pre-monsoon,2.43,2025.0,Safe,0.0866897,0.0780207,0.0005554,0.71,294.0138854980469,monthly,normalized_exact,0.7,valid,Pre-monsoon_WL_1994-2025.pdf,GWRA_2025.pdf,IMD Gridded Rainfall (0.25x0.25 deg),local_pdf,local_pdf,official_web_fallback,pdf_text,pdf_table,netcdf_spatial_lookup,18,NULL,NULL,https://cgwb.gov.in
arunachal pradesh,changlang,changlang,changlang,Jairampur,Jairampur Station,27.20833,96.04167,2024,3,Pre-monsoon,5.4,2025.0,Safe,0.3010752,0.2709675,0.0024762,0.91,NULL,NULL,normalized_exact,0.7,valid,Pre-monsoon_WL_1994-2025.pdf,GWRA_2025.pdf,NULL,local_pdf,local_pdf,official_web_fallback,pdf_text,pdf_table,NULL,344,NULL,NULL,https://cgwb.gov.in
arunachal pradesh,changlang,changlang,changlang,Namchik,Namchik Station,27.41667,96.04583,2024,3,Pre-monsoon,4.6,2025.0,Safe,0.3010752,0.2709675,0.0024762,0.91,NULL,NULL,normalized_exact,0.7,valid,Pre-monsoon_WL_1994-2025.pdf,GWRA_2025.pdf,NULL,local_pdf,local_pdf,official_web_fallback,pdf_text,pdf_table,NULL,344,NULL,NULL,https://cgwb.gov.in
arunachal pradesh,changlang,khagam-miao,khagam-miao,Namphai,Namphai Station,27.45833,96.10833,2024,3,Pre-monsoon,3.3,2025.0,Safe,0.3010752,0.2709675,0.0024762,0.91,NULL,NULL,normalized_exact,0.7,valid,Pre-monsoon_WL_1994-2025.pdf,GWRA_2025.pdf,NULL,local_pdf,local_pdf,official_web_fallback,pdf_text,pdf_table,NULL,344,NULL,NULL,https://cgwb.gov.in
arunachal pradesh,changlang,khagam-miao,khagam-miao,Newlisan Kharsang,Newlisan Kharsang Station,27.5,96.13333,2024,3,Pre-monsoon,5.2,2025.0,Safe,0.3010752,0.2709675,0.0024762,0.91,NULL,NULL,normalized_exact,0.7,valid,Pre-monsoon_WL_1994-2025.pdf,GWRA_2025.pdf,NULL,local_pdf,local_pdf,official_web_fallback,pdf_text,pdf_table,NULL,344,NULL,NULL,https://cgwb.gov.in
arunachal pradesh,east siang,pasighat,pasighat,Pasighat,Pasighat Station,28.15139,95.29583,2024,3,Pre-monsoon,11.6,2025.0,Safe,0.8026644000000001,0.71985,0.0017902,0.25,NULL,NULL,normalized_exact,0.7,valid,Pre-monsoon_WL_1994-2025.pdf,GWRA_2025.pdf,NULL,local_pdf,local_pdf,official_web_fallback,pdf_text,pdf_table,NULL,344,NULL,NULL,https://cgwb.gov.in
arunachal pradesh,east siang,pasighat,pasighat,Satmile,Satmile Station,27.97672,95.33163,2024,3,Pre-monsoon,2.9,2025.0,Safe,0.8026644000000001,0.71985,0.0017902,0.25,NULL,NULL,normalized_exact,0.7,valid,Pre-monsoon_WL_1994-2025.pdf,GWRA_2025.pdf,NULL,local_pdf,local_pdf,official_web_fallback,pdf_text,pdf_table,NULL,344,NULL,NULL,https://cgwb.gov.in
arunachal pradesh,east siang,ruksin,ruksin,Oyan,Oyan Station,27.89022,95.31833,2024,3,Pre-monsoon,9.3,2025.0,Safe,0.8026644000000001,0.71985,0.0017902,0.25,NULL,NULL,normalized_exact,0.7,valid,Pre-monsoon_WL_1994-2025.pdf,GWRA_2025.pdf,NULL,local_pdf,local_pdf,official_web_fallback,pdf_text,pdf_table,NULL,345,NULL,NULL,https://cgwb.gov.in
arunachal pradesh,east siang,ruksin,ruksin,Ruksin,Ruksin Station,27.83778,95.21817,2024,3,Pre-monsoon,2.4,2025.0,Safe,0.8026644000000001,0.71985,0.0017902,0.25,NULL,NULL,normalized_exact,0.7,valid,Pre-monsoon_WL_1994-2025.pdf,GWRA_2025.pdf,NULL,local_pdf,local_pdf,official_web_fallback,pdf_text,pdf_table,NULL,345,NULL,NULL,https://cgwb.gov.in
arunachal pradesh,east siang,ruksin,ruksin,Sika Baman Todee,Sika Baman Todee Station,27.91333,95.34361,2024,3,Pre-monsoon,5.7,2025.0,Safe,0.8026644000000001,0.71985,0.0017902,0.25,NULL,NULL,normalized_exact,0.7,valid,Pre-monsoon_WL_1994-2025.pdf,GWRA_2025.pdf,NULL,local_pdf,local_pdf,official_web_fallback,pdf_text,pdf_table,NULL,345,NULL,NULL,https://cgwb.gov.in
arunachal pradesh,kamle,tamen-raga,tamen-raga,Bomte,Bomte Station,27.81667,94.31667,2024,3,Pre-monsoon,1.7,NULL,Safe,NULL,NULL,NULL,NULL,NULL,NULL,unmatched,0.0,valid,Pre-monsoon_WL_1994-2025.pdf,NULL,NULL,local_pdf,official_web_fallback,official_web_fallback,pdf_text,NULL,NULL,345,NULL,NULL,https://cgwb.gov.in
arunachal pradesh,lohit,wakro,wakro,Medo,Medo Station,27.79096,96.17737,2024,3,Pre-monsoon,2.0,2025.0,Safe,1.2295016,1.0937697,0.0027372,0.25,NULL,NULL,normalized_exact,0.7,valid,Pre-monsoon_WL_1994-2025.pdf,GWRA_2025.pdf,NULL,local_pdf,local_pdf,official_web_fallback,pdf_text,pdf_table,NULL,345,NULL,NULL,https://cgwb.gov.in
arunachal pradesh,lower dibang valley,roing,roing,Kangklong,Kangklong Station,27.97171,95.75741,2024,3,Pre-monsoon,2.7,2025.0,Safe,0.7962549000000001,0.7166294,0.0024813,0.35,NULL,NULL,normalized_exact,0.7,valid,Pre-monsoon_WL_1994-2025.pdf,GWRA_2025.pdf,NULL,local_pdf,local_pdf,official_web_fallback,pdf_text,pdf_table,NULL,345,NULL,NULL,https://cgwb.gov.in
arunachal pradesh,lower subansiri,ziro-i,ziro-i,Rajgarh,Rajgarh Station,27.40475,94.15225,2024,3,Pre-monsoon,7.8,2025.0,Safe,0.0524143999999999,0.0448554,0.0003978999999999,0.89,NULL,NULL,normalized_exact,0.7,valid,Pre-monsoon_WL_1994-2025.pdf,GWRA_2025.pdf,NULL,local_pdf,local_pdf,official_web_fallback,pdf_text,pdf_table,NULL,345,NULL,NULL,https://cgwb.gov.in
arunachal pradesh,namsai,namsai,namsai,Adi Ningroo,Adi Ningroo Station,27.63561,95.90167,2024,3,Pre-monsoon,3.5,NULL,Safe,NULL,NULL,NULL,NULL,NULL,NULL,unmatched,0.0,valid,Pre-monsoon_WL_1994-2025.pdf,NULL,NULL,local_pdf,official_web_fallback,official_web_fallback,pdf_text,NULL,NULL,345,NULL,NULL,https://cgwb.gov.in
arunachal pradesh,namsai,namsai,namsai,Lathow,Lathow Station,27.66667,95.875,2024,3,Pre-monsoon,5.5,NULL,Safe,NULL,NULL,NULL,NULL,NULL,NULL,unmatched,0.0,valid,Pre-monsoon_WL_1994-2025.pdf,NULL,NULL,local_pdf,official_web_fallback,official_web_fallback,pdf_text,NULL,NULL,345,NULL,NULL,https://cgwb.gov.in
arunachal pradesh,namsai,namsai,namsai,Wingko,Wingko Station,27.63077,95.94921,2024,3,Pre-monsoon,2.0,NULL,Safe,NULL,NULL,NULL,NULL,NULL,NULL,unmatched,0.0,valid,Pre-monsoon_WL_1994-2025.pdf,NULL,NULL,local_pdf,official_web_fallback,official_web_fallback,pdf_text,NULL,NULL,345,NULL,NULL,https://cgwb.gov.in
arunachal pradesh,papum pare,balijan,balijan,Holangi,Holangi Station,26.96228,93.59205,2024,3,Pre-monsoon,4.3,2025.0,Safe,0.1230744,0.0959323,0.0014868,1.55,NULL,NULL,normalized_exact,0.7,valid,Pre-monsoon_WL_1994-2025.pdf,GWRA_2025.pdf,NULL,local_pdf,local_pdf,official_web_fallback,pdf_text,pdf_table,NULL,345,NULL,NULL,https://cgwb.gov.in
arunachal pradesh,papum pare,balijan,balijan,Sonajuli,Sonajuli Station,27.02814,93.74131,2024,3,Pre-monsoon,2.5,2025.0,Safe,0.1230744,0.0959323,0.0014868,1.55,NULL,NULL,normalized_exact,0.7,valid,Pre-monsoon_WL_1994-2025.pdf,GWRA_2025.pdf,NULL,local_pdf,local_pdf,official_web_fallback,pdf_text,pdf_table,NULL,345,NULL,NULL,https://cgwb.gov.in
arunachal pradesh,papum pare,borum,borum,Chimpu,Chimpu Station,27.07,93.6,2024,3,Pre-monsoon,3.4,2025.0,Safe,0.1230744,0.0959323,0.0014868,1.55,NULL,NULL,normalized_exact,0.7,valid,Pre-monsoon_WL_1994-2025.pdf,GWRA_2025.pdf,NULL,local_pdf,local_pdf,official_web_fallback,pdf_text,pdf_table,NULL,345,NULL,NULL,https://cgwb.gov.in
arunachal pradesh,papum pare,borum,borum,Naharlagun,Naharlagun Station,27.10306,93.69472,2024,3,Pre-monsoon,6.6,2025.0,Safe,0.1230744,0.0959323,0.0014868,1.55,NULL,NULL,normalized_exact,0.7,valid,Pre-monsoon_WL_1994-2025.pdf,GWRA_2025.pdf,NULL,local_pdf,local_pdf,official_web_fallback,pdf_text,pdf_table,NULL,345,NULL,NULL,https://cgwb.gov.in
arunachal pradesh,papum pare,borum,borum,Nirjuli,Nirjuli Station,27.13,93.73361,2024,3,Pre-monsoon,0.6,2025.0,Safe,0.1230744,0.0959323,0.0014868,1.55,NULL,NULL,normalized_exact,0.7,valid,Pre-monsoon_WL_1994-2025.pdf,GWRA_2025.pdf,NULL,local_pdf,local_pdf,official_web_fallback,pdf_text,pdf_table,NULL,345,NULL,NULL,https://cgwb.gov.in
arunachal pradesh,papum pare,borum,borum,Papu Nallah,Papu Nallah Station,27.0986,93.66948,2024,3,Pre-monsoon,3.3,2025.0,Safe,0.1230744,0.0959323,0.0014868,1.55,NULL,NULL,normalized_exact,0.7,valid,Pre-monsoon_WL_1994-2025.pdf,GWRA_2025.pdf,NULL,local_pdf,local_pdf,official_web_fallback,pdf_text,pdf_table,NULL,345,NULL,NULL,https://cgwb.gov.in
arunachal pradesh,papum pare,doimukh,doimukh,Banderdewa,Banderdewa Station,27.10528,93.82583,2024,3,Pre-monsoon,11.2,2025.0,Safe,0.1230744,0.0959323,0.0014868,1.55,NULL,NULL,normalized_exact,0.7,valid,Pre-monsoon_WL_1994-2025.pdf,GWRA_2025.pdf,NULL,local_pdf,local_pdf,official_web_fallback,pdf_text,pdf_table,NULL,345,NULL,NULL,https://cgwb.gov.in
arunachal pradesh,papum pare,doimukh,doimukh,Doimukh,Doimukh Station,27.15,93.75,2024,3,Pre-monsoon,3.6,2025.0,Safe,0.1230744,0.0959323,0.0014868,1.55,NULL,NULL,normalized_exact,0.7,valid,Pre-monsoon_WL_1994-2025.pdf,GWRA_2025.pdf,NULL,local_pdf,local_pdf,official_web_fallback,pdf_text,pdf_table,NULL,345,NULL,NULL,https://cgwb.gov.in
arunachal pradesh,papum pare,kimin,kimin,Kimin,Kimin Station,27.30428,93.97071,2024,3,Pre-monsoon,0.7,2025.0,Safe,0.1230744,0.0959323,0.0014868,1.55,NULL,NULL,normalized_exact,0.7,valid,Pre-monsoon_WL_1994-2025.pdf,GWRA_2025.pdf,NULL,local_pdf,local_pdf,official_web_fallback,pdf_text,pdf_table,NULL,345,NULL,NULL,https://cgwb.gov.in
arunachal pradesh,tirap,borduria,borduria,Borduria,Borduria Station,27.01667,95.46667,2024,3,Pre-monsoon,5.4,2025.0,Safe,0.0866897,0.0780207,0.0005554,0.71,NULL,NULL,normalized_exact,0.7,valid,Pre-monsoon_WL_1994-2025.pdf,GWRA_2025.pdf,NULL,local_pdf,local_pdf,official_web_fallback,pdf_text,pdf_table,NULL,345,NULL,NULL,https://cgwb.gov.in
arunachal pradesh,tirap,borduria,borduria,Hukanjuri,Hukanjuri Station,27.00833,95.46667,2024,3,Pre-monsoon,5.8,2025.0,Safe,0.0866897,0.0780207,0.0005554,0.71,NULL,NULL,normalized_exact,0.7,valid,Pre-monsoon_WL_1994-2025.pdf,GWRA_2025.pdf,NULL,local_pdf,local_pdf,official_web_fallback,pdf_text,pdf_table,NULL,345,NULL,NULL,https://cgwb.gov.in
arunachal pradesh,tirap,namsang,namsang,Deomali,Deomali Station,27.2,95.525,2024,3,Pre-monsoon,3.6,2025.0,Safe,0.0866897,0.0780207,0.0005554,0.71,NULL,NULL,normalized_exact,0.7,valid,Pre-monsoon_WL_1994-2025.pdf,GWRA_2025.pdf,NULL,local_pdf,local_pdf,official_web_fallback,pdf_text,pdf_table,NULL,345,NULL,NULL,https://cgwb.gov.in
arunachal pradesh,changlang,changlang,changlang,Jairampur,Jairampur Station,27.20833,96.04167,2023,3,Pre-monsoon,6.1,2025.0,Safe,0.3010752,0.2709675,0.0024762,0.91,NULL,NULL,normalized_exact,0.7,valid,Pre-monsoon_WL_1994-2025.pdf,GWRA_2025.pdf,NULL,local_pdf,local_pdf,official_web_fallback,pdf_text,pdf_table,NULL,799,NULL,NULL,https://cgwb.gov.in
arunachal pradesh,changlang,changlang,changlang,Namchik,Namchik Station,27.41667,96.04583,2023,3,Pre-monsoon,4.6,2025.0,Safe,0.3010752,0.2709675,0.0024762,0.91,NULL,NULL,normalized_exact,0.7,valid,Pre-monsoon_WL_1994-2025.pdf,GWRA_2025.pdf,NULL,local_pdf,local_pdf,official_web_fallback,pdf_text,pdf_table,NULL,799,NULL,NULL,https://cgwb.gov.in
arunachal pradesh,changlang,khagam-miao,khagam-miao,Namphai,Namphai Station,27.45833,96.10833,2023,3,Pre-monsoon,5.0,2025.0,Safe,0.3010752,0.2709675,0.0024762,0.91,NULL,NULL,normalized_exact,0.7,valid,Pre-monsoon_WL_1994-2025.pdf,GWRA_2025.pdf,NULL,local_pdf,local_pdf,official_web_fallback,pdf_text,pdf_table,NULL,799,NULL,NULL,https://cgwb.gov.in
arunachal pradesh,changlang,khagam-miao,khagam-miao,Newlisan Kharsang,Newlisan Kharsang Station,27.5,96.13333,2023,3,Pre-monsoon,4.8,2025.0,Safe,0.3010752,0.2709675,0.0024762,0.91,NULL,NULL,normalized_exact,0.7,valid,Pre-monsoon_WL_1994-2025.pdf,GWRA_2025.pdf,NULL,local_pdf,local_pdf,official_web_fallback,pdf_text,pdf_table,NULL,800,NULL,NULL,https://cgwb.gov.in
arunachal pradesh,east siang,pasighat,pasighat,Pasighat,Pasighat Station,28.15139,95.29583,2023,3,Pre-monsoon,10.4,2025.0,Safe,0.8026644000000001,0.71985,0.0017902,0.25,NULL,NULL,normalized_exact,0.7,valid,Pre-monsoon_WL_1994-2025.pdf,GWRA_2025.pdf,NULL,local_pdf,local_pdf,official_web_fallback,pdf_text,pdf_table,NULL,800,NULL,NULL,https://cgwb.gov.in
arunachal pradesh,east siang,pasighat,pasighat,Satmile,Satmile Station,27.97672,95.33163,2023,3,Pre-monsoon,2.4,2025.0,Safe,0.8026644000000001,0.71985,0.0017902,0.25,NULL,NULL,normalized_exact,0.7,valid,Pre-monsoon_WL_1994-2025.pdf,GWRA_2025.pdf,NULL,local_pdf,local_pdf,official_web_fallback,pdf_text,pdf_table,NULL,800,NULL,NULL,https://cgwb.gov.in
arunachal pradesh,east siang,ruksin,ruksin,Oyan,Oyan Station,27.89022,95.31833,2023,3,Pre-monsoon,9.6,2025.0,Safe,0.8026644000000001,0.71985,0.0017902,0.25,NULL,NULL,normalized_exact,0.7,valid,Pre-monsoon_WL_1994-2025.pdf,GWRA_2025.pdf,NULL,local_pdf,local_pdf,official_web_fallback,pdf_text,pdf_table,NULL,800,NULL,NULL,https://cgwb.gov.in
arunachal pradesh,east siang,ruksin,ruksin,Ruksin,Ruksin Station,27.83778,95.21817,2023,3,Pre-monsoon,1.9,2025.0,Safe,0.8026644000000001,0.71985,0.0017902,0.25,NULL,NULL,normalized_exact,0.7,valid,Pre-monsoon_WL_1994-2025.pdf,GWRA_2025.pdf,NULL,local_pdf,local_pdf,official_web_fallback,pdf_text,pdf_table,NULL,800,NULL,NULL,https://cgwb.gov.in
arunachal pradesh,east siang,ruksin,ruksin,Sika Baman Todee,Sika Baman Todee Station,27.91333,95.34361,2023,3,Pre-monsoon,5.8,2025.0,Safe,0.8026644000000001,0.71985,0.0017902,0.25,NULL,NULL,normalized_exact,0.7,valid,Pre-monsoon_WL_1994-2025.pdf,GWRA_2025.pdf,NULL,local_pdf,local_pdf,official_web_fallback,pdf_text,pdf_table,NULL,800,NULL,NULL,https://cgwb.gov.in
arunachal pradesh,kamle,tamen-raga,tamen-raga,Bomte,Bomte Station,27.81667,94.31667,2023,3,Pre-monsoon,1.9,NULL,Safe,NULL,NULL,NULL,NULL,NULL,NULL,unmatched,0.0,valid,Pre-monsoon_WL_1994-2025.pdf,NULL,NULL,local_pdf,official_web_fallback,official_web_fallback,pdf_text,NULL,NULL,800,NULL,NULL,https://cgwb.gov.in
arunachal pradesh,lower subansiri,ziro-i,ziro-i,Rajgarh,Rajgarh Station,27.40475,94.15225,2023,3,Pre-monsoon,5.9,2025.0,Safe,0.0524143999999999,0.0448554,0.0003978999999999,0.89,NULL,NULL,normalized_exact,0.7,valid,Pre-monsoon_WL_1994-2025.pdf,GWRA_2025.pdf,NULL,local_pdf,local_pdf,official_web_fallback,pdf_text,pdf_table,NULL,800,NULL,NULL,https://cgwb.gov.in
arunachal pradesh,namsai,namsai,namsai,Adi Ningroo,Adi Ningroo Station,27.63561,95.90167,2023,3,Pre-monsoon,4.9,NULL,Safe,NULL,NULL,NULL,NULL,NULL,NULL,unmatched,0.0,valid,Pre-monsoon_WL_1994-2025.pdf,NULL,NULL,local_pdf,official_web_fallback,official_web_fallback,pdf_text,NULL,NULL,800,NULL,NULL,https://cgwb.gov.in
arunachal pradesh,namsai,namsai,namsai,Lathow,Lathow Station,27.66667,95.875,2023,3,Pre-monsoon,5.1,NULL,Safe,NULL,NULL,NULL,NULL,NULL,NULL,unmatched,0.0,valid,Pre-monsoon_WL_1994-2025.pdf,NULL,NULL,local_pdf,official_web_fallback,official_web_fallback,pdf_text,NULL,NULL,800,NULL,NULL,https://cgwb.gov.in
arunachal pradesh,namsai,namsai,namsai,Wingko,Wingko Station,27.63077,95.94921,2023,3,Pre-monsoon,4.7,NULL,Safe,NULL,NULL,NULL,NULL,NULL,NULL,unmatched,0.0,valid,Pre-monsoon_WL_1994-2025.pdf,NULL,NULL,local_pdf,official_web_fallback,official_web_fallback,pdf_text,NULL,NULL,800,NULL,NULL,https://cgwb.gov.in
arunachal pradesh,papum pare,balijan,balijan,Holangi,Holangi Station,26.96228,93.59205,2023,3,Pre-monsoon,3.6,2025.0,Safe,0.1230744,0.0959323,0.0014868,1.55,NULL,NULL,normalized_exact,0.7,valid,Pre-monsoon_WL_1994-2025.pdf,GWRA_2025.pdf,NULL,local_pdf,local_pdf,official_web_fallback,pdf_text,pdf_table,NULL,800,NULL,NULL,https://cgwb.gov.in
arunachal pradesh,papum pare,balijan,balijan,Sonajuli,Sonajuli Station,27.02814,93.74131,2023,3,Pre-monsoon,3.0,2025.0,Safe,0.1230744,0.0959323,0.0014868,1.55,NULL,NULL,normalized_exact,0.7,valid,Pre-monsoon_WL_1994-2025.pdf,GWRA_2025.pdf,NULL,local_pdf,local_pdf,official_web_fallback,pdf_text,pdf_table,NULL,800,NULL,NULL,https://cgwb.gov.in
arunachal pradesh,papum pare,borum,borum,Chimpu,Chimpu Station,27.07,93.6,2023,3,Pre-monsoon,3.7,2025.0,Safe,0.1230744,0.0959323,0.0014868,1.55,NULL,NULL,normalized_exact,0.7,valid,Pre-monsoon_WL_1994-2025.pdf,GWRA_2025.pdf,NULL,local_pdf,local_pdf,official_web_fallback,pdf_text,pdf_table,NULL,800,NULL,NULL,https://cgwb.gov.in
arunachal pradesh,papum pare,borum,borum,Naharlagun,Naharlagun Station,27.10306,93.69472,2023,3,Pre-monsoon,6.7,2025.0,Safe,0.1230744,0.0959323,0.0014868,1.55,NULL,NULL,normalized_exact,0.7,valid,Pre-monsoon_WL_1994-2025.pdf,GWRA_2025.pdf,NULL,local_pdf,local_pdf,official_web_fallback,pdf_text,pdf_table,NULL,800,NULL,NULL,https://cgwb.gov.in
arunachal pradesh,papum pare,borum,borum,Nirjuli,Nirjuli Station,27.13,93.73361,2023,3,Pre-monsoon,1.3,2025.0,Safe,0.1230744,0.0959323,0.0014868,1.55,NULL,NULL,normalized_exact,0.7,valid,Pre-monsoon_WL_1994-2025.pdf,GWRA_2025.pdf,NULL,local_pdf,local_pdf,official_web_fallback,pdf_text,pdf_table,NULL,800,NULL,NULL,https://cgwb.gov.in
arunachal pradesh,papum pare,borum,borum,Papu Nallah,Papu Nallah Station,27.0986,93.66948,2023,3,Pre-monsoon,4.4,2025.0,Safe,0.1230744,0.0959323,0.0014868,1.55,NULL,NULL,normalized_exact,0.7,valid,Pre-monsoon_WL_1994-2025.pdf,GWRA_2025.pdf,NULL,local_pdf,local_pdf,official_web_fallback,pdf_text,pdf_table,NULL,800,NULL,NULL,https://cgwb.gov.in
arunachal pradesh,papum pare,doimukh,doimukh,Banderdewa,Banderdewa Station,27.10528,93.82583,2023,3,Pre-monsoon,12.1,2025.0,Safe,0.1230744,0.0959323,0.0014868,1.55,NULL,NULL,normalized_exact,0.7,valid,Pre-monsoon_WL_1994-2025.pdf,GWRA_2025.pdf,NULL,local_pdf,local_pdf,official_web_fallback,pdf_text,pdf_table,NULL,800,NULL,NULL,https://cgwb.gov.in
arunachal pradesh,papum pare,doimukh,doimukh,Doimukh,Doimukh Station,27.15,93.75,2023,3,Pre-monsoon,1.7,2025.0,Safe,0.1230744,0.0959323,0.0014868,1.55,NULL,NULL,normalized_exact,0.7,valid,Pre-monsoon_WL_1994-2025.pdf,GWRA_2025.pdf,NULL,local_pdf,local_pdf,official_web_fallback,pdf_text,pdf_table,NULL,800,NULL,NULL,https://cgwb.gov.in
arunachal pradesh,papum pare,kimin,kimin,Kimin,Kimin Station,27.30428,93.97071,2023,3,Pre-monsoon,1.4,2025.0,Safe,0.1230744,0.0959323,0.0014868,1.55,NULL,NULL,normalized_exact,0.7,valid,Pre-monsoon_WL_1994-2025.pdf,GWRA_2025.pdf,NULL,local_pdf,local_pdf,official_web_fallback,pdf_text,pdf_table,NULL,800,NULL,NULL,https://cgwb.gov.in
arunachal pradesh,tirap,borduria,borduria,Borduria,Borduria Station,27.01667,95.46667,2023,3,Pre-monsoon,4.9,2025.0,Safe,0.0866897,0.0780207,0.0005554,0.71,NULL,NULL,normalized_exact,0.7,valid,Pre-monsoon_WL_1994-2025.pdf,GWRA_2025.pdf,NULL,local_pdf,local_pdf,official_web_fallback,pdf_text,pdf_table,NULL,800,NULL,NULL,https://cgwb.gov.in
arunachal pradesh,tirap,borduria,borduria,Hukanjuri,Hukanjuri Station,27.00833,95.46667,2023,3,Pre-monsoon,5.1,2025.0,Safe,0.0866897,0.0780207,0.0005554,0.71,NULL,NULL,normalized_exact,0.7,valid,Pre-monsoon_WL_1994-2025.pdf,GWRA_2025.pdf,NULL,local_pdf,local_pdf,official_web_fallback,pdf_text,pdf_table,NULL,800,NULL,NULL,https://cgwb.gov.in
arunachal pradesh,tirap,namsang,namsang,Deomali,Deomali Station,27.2,95.525,2023,3,Pre-monsoon,5.4,2025.0,Safe,0.0866897,0.0780207,0.0005554,0.71,NULL,NULL,normalized_exact,0.7,valid,Pre-monsoon_WL_1994-2025.pdf,GWRA_2025.pdf,NULL,local_pdf,local_pdf,official_web_fallback,pdf_text,pdf_table,NULL,800,NULL,NULL,https://cgwb.gov.in
arunachal pradesh,changlang,changlang,changlang,Jairampur,Jairampur Station,27.20833,96.04167,2022,3,Pre-monsoon,5.1,2025.0,Safe,0.3010752,0.2709675,0.0024762,0.91,NULL,NULL,normalized_exact,0.7,valid,Pre-monsoon_WL_1994-2025.pdf,GWRA_2025.pdf,NULL,local_pdf,local_pdf,official_web_fallback,pdf_text,pdf_table,NULL,1247,NULL,NULL,https://cgwb.gov.in
arunachal pradesh,changlang,changlang,changlang,Namchik,Namchik Station,27.41667,96.04583,2022,3,Pre-monsoon,5.2,2025.0,Safe,0.3010752,0.2709675,0.0024762,0.91,NULL,NULL,normalized_exact,0.7,valid,Pre-monsoon_WL_1994-2025.pdf,GWRA_2025.pdf,NULL,local_pdf,local_pdf,official_web_fallback,pdf_text,pdf_table,NULL,1247,NULL,NULL,https://cgwb.gov.in
arunachal pradesh,changlang,khagam-miao,khagam-miao,Namphai,Namphai Station,27.45833,96.10833,2022,3,Pre-monsoon,4.6,2025.0,Safe,0.3010752,0.2709675,0.0024762,0.91,NULL,NULL,normalized_exact,0.7,valid,Pre-monsoon_WL_1994-2025.pdf,GWRA_2025.pdf,NULL,local_pdf,local_pdf,official_web_fallback,pdf_text,pdf_table,NULL,1247,NULL,NULL,https://cgwb.gov.in
arunachal pradesh,changlang,khagam-miao,khagam-miao,Newlisan Kharsang,Newlisan Kharsang Station,27.5,96.13333,2022,3,Pre-monsoon,4.4,2025.0,Safe,0.3010752,0.2709675,0.0024762,0.91,NULL,NULL,normalized_exact,0.7,valid,Pre-monsoon_WL_1994-2025.pdf,GWRA_2025.pdf,NULL,local_pdf,local_pdf,official_web_fallback,pdf_text,pdf_table,NULL,1247,NULL,NULL,https://cgwb.gov.in
arunachal pradesh,east siang,pasighat,pasighat,Pasighat,Pasighat Station,28.15139,95.29583,2022,3,Pre-monsoon,11.2,2025.0,Safe,0.8026644000000001,0.71985,0.0017902,0.25,NULL,NULL,normalized_exact,0.7,valid,Pre-monsoon_WL_1994-2025.pdf,GWRA_2025.pdf,NULL,local_pdf,local_pdf,official_web_fallback,pdf_text,pdf_table,NULL,1247,NULL,NULL,https://cgwb.gov.in
arunachal pradesh,east siang,pasighat,pasighat,Satmile,Satmile Station,27.97672,95.33163,2022,3,Pre-monsoon,2.7,2025.0,Safe,0.8026644000000001,0.71985,0.0017902,0.25,NULL,NULL,normalized_exact,0.7,valid,Pre-monsoon_WL_1994-2025.pdf,GWRA_2025.pdf,NULL,local_pdf,local_pdf,official_web_fallback,pdf_text,pdf_table,NULL,1247,NULL,NULL,https://cgwb.gov.in
arunachal pradesh,east siang,ruksin,ruksin,Oyan,Oyan Station,27.89022,95.31833,2022,3,Pre-monsoon,9.7,2025.0,Safe,0.8026644000000001,0.71985,0.0017902,0.25,NULL,NULL,normalized_exact,0.7,valid,Pre-monsoon_WL_1994-2025.pdf,GWRA_2025.pdf,NULL,local_pdf,local_pdf,official_web_fallback,pdf_text,pdf_table,NULL,1247,NULL,NULL,https://cgwb.gov.in
arunachal pradesh,east siang,ruksin,ruksin,Ruksin,Ruksin Station,27.83778,95.21817,2022,3,Pre-monsoon,2.6,2025.0,Safe,0.8026644000000001,0.71985,0.0017902,0.25,NULL,NULL,normalized_exact,0.7,valid,Pre-monsoon_WL_1994-2025.pdf,GWRA_2025.pdf,NULL,local_pdf,local_pdf,official_web_fallback,pdf_text,pdf_table,NULL,1247,NULL,NULL,https://cgwb.gov.in
arunachal pradesh,east siang,ruksin,ruksin,Sika Baman Todee,Sika Baman Todee Station,27.91333,95.34361,2022,3,Pre-monsoon,2.6,2025.0,Safe,0.8026644000000001,0.71985,0.0017902,0.25,NULL,NULL,normalized_exact,0.7,valid,Pre-monsoon_WL_1994-2025.pdf,GWRA_2025.pdf,NULL,local_pdf,local_pdf,official_web_fallback,pdf_text,pdf_table,NULL,1247,NULL,NULL,https://cgwb.gov.in
arunachal pradesh,kamle,tamen-raga,tamen-raga,Bomte,Bomte Station,27.81667,94.31667,2022,3,Pre-monsoon,1.5,NULL,Safe,NULL,NULL,NULL,NULL,NULL,NULL,unmatched,0.0,valid,Pre-monsoon_WL_1994-2025.pdf,NULL,NULL,local_pdf,official_web_fallback,official_web_fallback,pdf_text,NULL,NULL,1247,NULL,NULL,https://cgwb.gov.in
arunachal pradesh,lower subansiri,ziro-i,ziro-i,Rajgarh,Rajgarh Station,27.40475,94.15225,2022,3,Pre-monsoon,7.9,2025.0,Safe,0.0524143999999999,0.0448554,0.0003978999999999,0.89,NULL,NULL,normalized_exact,0.7,valid,Pre-monsoon_WL_1994-2025.pdf,GWRA_2025.pdf,NULL,local_pdf,local_pdf,official_web_fallback,pdf_text,pdf_table,NULL,1247,NULL,NULL,https://cgwb.gov.in
arunachal pradesh,namsai,namsai,namsai,Adi Ningroo,Adi Ningroo Station,27.63561,95.90167,2022,3,Pre-monsoon,5.9,NULL,Safe,NULL,NULL,NULL,NULL,NULL,NULL,unmatched,0.0,valid,Pre-monsoon_WL_1994-2025.pdf,NULL,NULL,local_pdf,official_web_fallback,official_web_fallback,pdf_text,NULL,NULL,1247,NULL,NULL,https://cgwb.gov.in
arunachal pradesh,namsai,namsai,namsai,Lathow,Lathow Station,27.66667,95.875,2022,3,Pre-monsoon,5.6,NULL,Safe,NULL,NULL,NULL,NULL,NULL,NULL,unmatched,0.0,valid,Pre-monsoon_WL_1994-2025.pdf,NULL,NULL,local_pdf,official_web_fallback,official_web_fallback,pdf_text,NULL,NULL,1247,NULL,NULL,https://cgwb.gov.in
arunachal pradesh,namsai,namsai,namsai,Wingko,Wingko Station,27.63077,95.94921,2022,3,Pre-monsoon,4.8,NULL,Safe,NULL,NULL,NULL,NULL,NULL,NULL,unmatched,0.0,valid,Pre-monsoon_WL_1994-2025.pdf,NULL,NULL,local_pdf,official_web_fallback,official_web_fallback,pdf_text,NULL,NULL,1247,NULL,NULL,https://cgwb.gov.in
arunachal pradesh,papum pare,balijan,balijan,Holangi,Holangi Station,26.96228,93.59205,2022,3,Pre-monsoon,4.2,2025.0,Safe,0.1230744,0.0959323,0.0014868,1.55,NULL,NULL,normalized_exact,0.7,valid,Pre-monsoon_WL_1994-2025.pdf,GWRA_2025.pdf,NULL,local_pdf,local_pdf,official_web_fallback,pdf_text,pdf_table,NULL,1247,NULL,NULL,https://cgwb.gov.in
arunachal pradesh,papum pare,balijan,balijan,Sonajuli,Sonajuli Station,27.02814,93.74131,2022,3,Pre-monsoon,2.8,2025.0,Safe,0.1230744,0.0959323,0.0014868,1.55,NULL,NULL,normalized_exact,0.7,valid,Pre-monsoon_WL_1994-2025.pdf,GWRA_2025.pdf,NULL,local_pdf,local_pdf,official_web_fallback,pdf_text,pdf_table,NULL,1247,NULL,NULL,https://cgwb.gov.in
arunachal pradesh,papum pare,borum,borum,Chimpu,Chimpu Station,27.07,93.6,2022,3,Pre-monsoon,3.7,2025.0,Safe,0.1230744,0.0959323,0.0014868,1.55,NULL,NULL,normalized_exact,0.7,valid,Pre-monsoon_WL_1994-2025.pdf,GWRA_2025.pdf,NULL,local_pdf,local_pdf,official_web_fallback,pdf_text,pdf_table,NULL,1247,NULL,NULL,https://cgwb.gov.in
arunachal pradesh,papum pare,borum,borum,Naharlagun,Naharlagun Station,27.10306,93.69472,2022,3,Pre-monsoon,6.6,2025.0,Safe,0.1230744,0.0959323,0.0014868,1.55,NULL,NULL,normalized_exact,0.7,valid,Pre-monsoon_WL_1994-2025.pdf,GWRA_2025.pdf,NULL,local_pdf,local_pdf,official_web_fallback,pdf_text,pdf_table,NULL,1247,NULL,NULL,https://cgwb.gov.in
arunachal pradesh,papum pare,borum,borum,Nirjuli,Nirjuli Station,27.13,93.73361,2022,3,Pre-monsoon,0.5,2025.0,Safe,0.1230744,0.0959323,0.0014868,1.55,NULL,NULL,normalized_exact,0.7,valid,Pre-monsoon_WL_1994-2025.pdf,GWRA_2025.pdf,NULL,local_pdf,local_pdf,official_web_fallback,pdf_text,pdf_table,NULL,1247,NULL,NULL,https://cgwb.gov.in
arunachal pradesh,papum pare,doimukh,doimukh,Banderdewa,Banderdewa Station,27.10528,93.82583,2022,3,Pre-monsoon,12.2,2025.0,Safe,0.1230744,0.0959323,0.0014868,1.55,NULL,NULL,normalized_exact,0.7,valid,Pre-monsoon_WL_1994-2025.pdf,GWRA_2025.pdf,NULL,local_pdf,local_pdf,official_web_fallback,pdf_text,pdf_table,NULL,1247,NULL,NULL,https://cgwb.gov.in
arunachal pradesh,papum pare,doimukh,doimukh,Doimukh,Doimukh Station,27.15,93.75,2022,3,Pre-monsoon,0.8,2025.0,Safe,0.1230744,0.0959323,0.0014868,1.55,NULL,NULL,normalized_exact,0.7,valid,Pre-monsoon_WL_1994-2025.pdf,GWRA_2025.pdf,NULL,local_pdf,local_pdf,official_web_fallback,pdf_text,pdf_table,NULL,1247,NULL,NULL,https://cgwb.gov.in
arunachal pradesh,papum pare,kimin,kimin,Kimin,Kimin Station,27.30428,93.97071,2022,3,Pre-monsoon,0.9,2025.0,Safe,0.1230744,0.0959323,0.0014868,1.55,NULL,NULL,normalized_exact,0.7,valid,Pre-monsoon_WL_1994-2025.pdf,GWRA_2025.pdf,NULL,local_pdf,local_pdf,official_web_fallback,pdf_text,pdf_table,NULL,1247,NULL,NULL,https://cgwb.gov.in
arunachal pradesh,tirap,borduria,borduria,Borduria,Borduria Station,27.01667,95.46667,2022,3,Pre-monsoon,5.5,2025.0,Safe,0.0866897,0.0780207,0.0005554,0.71,NULL,NULL,normalized_exact,0.7,valid,Pre-monsoon_WL_1994-2025.pdf,GWRA_2025.pdf,NULL,local_pdf,local_pdf,official_web_fallback,pdf_text,pdf_table,NULL,1247,NULL,NULL,https://cgwb.gov.in
arunachal pradesh,tirap,borduria,borduria,Hukanjuri,Hukanjuri Station,27.00833,95.46667,2022,3,Pre-monsoon,5.6,2025.0,Safe,0.0866897,0.0780207,0.0005554,0.71,NULL,NULL,normalized_exact,0.7,valid,Pre-monsoon_WL_1994-2025.pdf,GWRA_2025.pdf,NULL,local_pdf,local_pdf,official_web_fallback,pdf_text,pdf_table,NULL,1247,NULL,NULL,https://cgwb.gov.in
arunachal pradesh,tirap,namsang,namsang,Deomali,Deomali Station,27.2,95.525,2022,3,Pre-monsoon,5.9,2025.0,Safe,0.0866897,0.0780207,0.0005554,0.71,NULL,NULL,normalized_exact,0.7,valid,Pre-monsoon_WL_1994-2025.pdf,GWRA_2025.pdf,NULL,local_pdf,local_pdf,official_web_fallback,pdf_text,pdf_table,NULL,1247,NULL,NULL,https://cgwb.gov.in
arunachal pradesh,changlang,changlang,changlang,Jairampur,Jairampur Station,27.20833,96.04167,2021,3,Pre-monsoon,2.2,2025.0,Safe,0.3010752,0.2709675,0.0024762,0.91,NULL,NULL,normalized_exact,0.7,valid,Pre-monsoon_WL_1994-2025.pdf,GWRA_2025.pdf,NULL,local_pdf,local_pdf,official_web_fallback,pdf_text,pdf_table,NULL,1671,NULL,NULL,https://cgwb.gov.in
arunachal pradesh,changlang,changlang,changlang,Namchik,Namchik Station,27.41667,96.04583,2021,3,Pre-monsoon,4.0,2025.0,Safe,0.3010752,0.2709675,0.0024762,0.91,NULL,NULL,normalized_exact,0.7,valid,Pre-monsoon_WL_1994-2025.pdf,GWRA_2025.pdf,NULL,local_pdf,local_pdf,official_web_fallback,pdf_text,pdf_table,NULL,1671,NULL,NULL,https://cgwb.gov.in
arunachal pradesh,changlang,khagam-miao,khagam-miao,Namphai,Namphai Station,27.45833,96.10833,2021,3,Pre-monsoon,2.8,2025.0,Safe,0.3010752,0.2709675,0.0024762,0.91,NULL,NULL,normalized_exact,0.7,valid,Pre-monsoon_WL_1994-2025.pdf,GWRA_2025.pdf,NULL,local_pdf,local_pdf,official_web_fallback,pdf_text,pdf_table,NULL,1671,NULL,NULL,https://cgwb.gov.in
arunachal pradesh,changlang,khagam-miao,khagam-miao,Newlisan Kharsang,Newlisan Kharsang Station,27.5,96.13333,2021,3,Pre-monsoon,4.6,2025.0,Safe,0.3010752,0.2709675,0.0024762,0.91,NULL,NULL,normalized_exact,0.7,valid,Pre-monsoon_WL_1994-2025.pdf,GWRA_2025.pdf,NULL,local_pdf,local_pdf,official_web_fallback,pdf_text,pdf_table,NULL,1671,NULL,NULL,https://cgwb.gov.in
arunachal pradesh,east siang,pasighat,pasighat,Pasighat,Pasighat Station,28.15139,95.29583,2021,3,Pre-monsoon,11.6,2025.0,Safe,0.8026644000000001,0.71985,0.0017902,0.25,NULL,NULL,normalized_exact,0.7,valid,Pre-monsoon_WL_1994-2025.pdf,GWRA_2025.pdf,NULL,local_pdf,local_pdf,official_web_fallback,pdf_text,pdf_table,NULL,1671,NULL,NULL,https://cgwb.gov.in
arunachal pradesh,east siang,pasighat,pasighat,Satmile,Satmile Station,27.97672,95.33163,2021,3,Pre-monsoon,3.1,2025.0,Safe,0.8026644000000001,0.71985,0.0017902,0.25,NULL,NULL,normalized_exact,0.7,valid,Pre-monsoon_WL_1994-2025.pdf,GWRA_2025.pdf,NULL,local_pdf,local_pdf,official_web_fallback,pdf_text,pdf_table,NULL,1671,NULL,NULL,https://cgwb.gov.in
arunachal pradesh,east siang,ruksin,ruksin,Oyan,Oyan Station,27.89022,95.31833,2021,3,Pre-monsoon,9.9,2025.0,Safe,0.8026644000000001,0.71985,0.0017902,0.25,NULL,NULL,normalized_exact,0.7,valid,Pre-monsoon_WL_1994-2025.pdf,GWRA_2025.pdf,NULL,local_pdf,local_pdf,official_web_fallback,pdf_text,pdf_table,NULL,1671,NULL,NULL,https://cgwb.gov.in
arunachal pradesh,east siang,ruksin,ruksin,Ruksin,Ruksin Station,27.83778,95.21817,2021,3,Pre-monsoon,2.7,2025.0,Safe,0.8026644000000001,0.71985,0.0017902,0.25,NULL,NULL,normalized_exact,0.7,valid,Pre-monsoon_WL_1994-2025.pdf,GWRA_2025.pdf,NULL,local_pdf,local_pdf,official_web_fallback,pdf_text,pdf_table,NULL,1671,NULL,NULL,https://cgwb.gov.in
arunachal pradesh,east siang,ruksin,ruksin,Sika Baman Todee,Sika Baman Todee Station,27.91333,95.34361,2021,3,Pre-monsoon,2.7,2025.0,Safe,0.8026644000000001,0.71985,0.0017902,0.25,NULL,NULL,normalized_exact,0.7,valid,Pre-monsoon_WL_1994-2025.pdf,GWRA_2025.pdf,NULL,local_pdf,local_pdf,official_web_fallback,pdf_text,pdf_table,NULL,1671,NULL,NULL,https://cgwb.gov.in
arunachal pradesh,kamle,tamen-raga,tamen-raga,Bomte,Bomte Station,27.81667,94.31667,2021,3,Pre-monsoon,1.5,NULL,Safe,NULL,NULL,NULL,NULL,NULL,NULL,unmatched,0.0,valid,Pre-monsoon_WL_1994-2025.pdf,NULL,NULL,local_pdf,official_web_fallback,official_web_fallback,pdf_text,NULL,NULL,1671,NULL,NULL,https://cgwb.gov.in
arunachal pradesh,lower dibang valley,roing,roing,Kangklong,Kangklong Station,27.97171,95.75741,2021,3,Pre-monsoon,11.2,2025.0,Safe,0.7962549000000001,0.7166294,0.0024813,0.35,NULL,NULL,normalized_exact,0.7,valid,Pre-monsoon_WL_1994-2025.pdf,GWRA_2025.pdf,NULL,local_pdf,local_pdf,official_web_fallback,pdf_text,pdf_table,NULL,1671,NULL,NULL,https://cgwb.gov.in
arunachal pradesh,lower subansiri,ziro-i,ziro-i,Rajgarh,Rajgarh Station,27.40475,94.15225,2021,3,Pre-monsoon,7.6,2025.0,Safe,0.0524143999999999,0.0448554,0.0003978999999999,0.89,NULL,NULL,normalized_exact,0.7,valid,Pre-monsoon_WL_1994-2025.pdf,GWRA_2025.pdf,NULL,local_pdf,local_pdf,official_web_fallback,pdf_text,pdf_table,NULL,1671,NULL,NULL,https://cgwb.gov.in
arunachal pradesh,namsai,namsai,namsai,Adi Ningroo,Adi Ningroo Station,27.63561,95.90167,2021,3,Pre-monsoon,3.6,NULL,Safe,NULL,NULL,NULL,NULL,NULL,NULL,unmatched,0.0,valid,Pre-monsoon_WL_1994-2025.pdf,NULL,NULL,local_pdf,official_web_fallback,official_web_fallback,pdf_text,NULL,NULL,1671,NULL,NULL,https://cgwb.gov.in
arunachal pradesh,namsai,namsai,namsai,Lathow,Lathow Station,27.66667,95.875,2021,3,Pre-monsoon,4.9,NULL,Safe,NULL,NULL,NULL,NULL,NULL,NULL,unmatched,0.0,valid,Pre-monsoon_WL_1994-2025.pdf,NULL,NULL,local_pdf,official_web_fallback,official_web_fallback,pdf_text,NULL,NULL,1671,NULL,NULL,https://cgwb.gov.in
arunachal pradesh,namsai,namsai,namsai,Wingko,Wingko Station,27.63077,95.94921,2021,3,Pre-monsoon,2.1,NULL,Safe,NULL,NULL,NULL,NULL,NULL,NULL,unmatched,0.0,valid,Pre-monsoon_WL_1994-2025.pdf,NULL,NULL,local_pdf,official_web_fallback,official_web_fallback,pdf_text,NULL,NULL,1671,NULL,NULL,https://cgwb.gov.in
arunachal pradesh,papum pare,balijan,balijan,Sonajuli,Sonajuli Station,27.02814,93.74131,2021,3,Pre-monsoon,3.1,2025.0,Safe,0.1230744,0.0959323,0.0014868,1.55,NULL,NULL,normalized_exact,0.7,valid,Pre-monsoon_WL_1994-2025.pdf,GWRA_2025.pdf,NULL,local_pdf,local_pdf,official_web_fallback,pdf_text,pdf_table,NULL,1672,NULL,NULL,https://cgwb.gov.in
arunachal pradesh,papum pare,borum,borum,Chimpu,Chimpu Station,27.07,93.6,2021,3,Pre-monsoon,4.1,2025.0,Safe,0.1230744,0.0959323,0.0014868,1.55,NULL,NULL,normalized_exact,0.7,valid,Pre-monsoon_WL_1994-2025.pdf,GWRA_2025.pdf,NULL,local_pdf,local_pdf,official_web_fallback,pdf_text,pdf_table,NULL,1672,NULL,NULL,https://cgwb.gov.in
arunachal pradesh,papum pare,borum,borum,Itanagar,Itanagar Station,27.10389,93.64167,2021,3,Pre-monsoon,3.5,2025.0,Safe,0.1230744,0.0959323,0.0014868,1.55,NULL,NULL,normalized_exact,0.7,valid,Pre-monsoon_WL_1994-2025.pdf,GWRA_2025.pdf,NULL,local_pdf,local_pdf,official_web_fallback,pdf_text,pdf_table,NULL,1672,NULL,NULL,https://cgwb.gov.in
arunachal pradesh,papum pare,borum,borum,Naharlagun,Naharlagun Station,27.10306,93.69472,2021,3,Pre-monsoon,6.3,2025.0,Safe,0.1230744,0.0959323,0.0014868,1.55,NULL,NULL,normalized_exact,0.7,valid,Pre-monsoon_WL_1994-2025.pdf,GWRA_2025.pdf,NULL,local_pdf,local_pdf,official_web_fallback,pdf_text,pdf_table,NULL,1672,NULL,NULL,https://cgwb.gov.in
arunachal pradesh,papum pare,borum,borum,Nirjuli,Nirjuli Station,27.13,93.73361,2021,3,Pre-monsoon,0.4,2025.0,Safe,0.1230744,0.0959323,0.0014868,1.55,NULL,NULL,normalized_exact,0.7,valid,Pre-monsoon_WL_1994-2025.pdf,GWRA_2025.pdf,NULL,local_pdf,local_pdf,official_web_fallback,pdf_text,pdf_table,NULL,1672,NULL,NULL,https://cgwb.gov.in
arunachal pradesh,papum pare,doimukh,doimukh,Banderdewa,Banderdewa Station,27.10528,93.82583,2021,3,Pre-monsoon,12.8,2025.0,Safe,0.1230744,0.0959323,0.0014868,1.55,NULL,NULL,normalized_exact,0.7,valid,Pre-monsoon_WL_1994-2025.pdf,GWRA_2025.pdf,NULL,local_pdf,local_pdf,official_web_fallback,pdf_text,pdf_table,NULL,1672,NULL,NULL,https://cgwb.gov.in
arunachal pradesh,papum pare,doimukh,doimukh,Doimukh,Doimukh Station,27.15,93.75,2021,3,Pre-monsoon,1.0,2025.0,Safe,0.1230744,0.0959323,0.0014868,1.55,NULL,NULL,normalized_exact,0.7,valid,Pre-monsoon_WL_1994-2025.pdf,GWRA_2025.pdf,NULL,local_pdf,local_pdf,official_web_fallback,pdf_text,pdf_table,NULL,1672,NULL,NULL,https://cgwb.gov.in
arunachal pradesh,tirap,borduria,borduria,Borduria,Borduria Station,27.01667,95.46667,2021,3,Pre-monsoon,5.5,2025.0,Safe,0.0866897,0.0780207,0.0005554,0.71,NULL,NULL,normalized_exact,0.7,valid,Pre-monsoon_WL_1994-2025.pdf,GWRA_2025.pdf,NULL,local_pdf,local_pdf,official_web_fallback,pdf_text,pdf_table,NULL,1672,NULL,NULL,https://cgwb.gov.in
arunachal pradesh,tirap,borduria,borduria,Hukanjuri,Hukanjuri Station,27.00833,95.46667,2021,3,Pre-monsoon,8.5,2025.0,Safe,0.0866897,0.0780207,0.0005554,0.71,NULL,NULL,normalized_exact,0.7,valid,Pre-monsoon_WL_1994-2025.pdf,GWRA_2025.pdf,NULL,local_pdf,local_pdf,official_web_fallback,pdf_text,pdf_table,NULL,1672,NULL,NULL,https://cgwb.gov.in
arunachal pradesh,tirap,namsang,namsang,Deomali,Deomali Station,27.2,95.525,2021,3,Pre-monsoon,4.1,2025.0,Safe,0.0866897,0.0780207,0.0005554,0.71,NULL,NULL,normalized_exact,0.7,valid,Pre-monsoon_WL_1994-2025.pdf,GWRA_2025.pdf,NULL,local_pdf,local_pdf,official_web_fallback,pdf_text,pdf_table,NULL,1672,NULL,NULL,https://cgwb.gov.in
arunachal pradesh,changlang,changlang,changlang,Jairampur,Jairampur Station,27.20833,96.04167,2020,3,Pre-monsoon,3.9,2025.0,Safe,0.3010752,0.2709675,0.0024762,0.91,NULL,NULL,normalized_exact,0.7,valid,Pre-monsoon_WL_1994-2025.pdf,GWRA_2025.pdf,NULL,local_pdf,local_pdf,official_web_fallback,pdf_text,pdf_table,NULL,1957,NULL,NULL,https://cgwb.gov.in
arunachal pradesh,changlang,changlang,changlang,Namchik,Namchik Station,27.41667,96.04583,2020,3,Pre-monsoon,4.1,2025.0,Safe,0.3010752,0.2709675,0.0024762,0.91,NULL,NULL,normalized_exact,0.7,valid,Pre-monsoon_WL_1994-2025.pdf,GWRA_2025.pdf,NULL,local_pdf,local_pdf,official_web_fallback,pdf_text,pdf_table,NULL,1957,NULL,NULL,https://cgwb.gov.in
arunachal pradesh,changlang,khagam-miao,khagam-miao,Namphai,Namphai Station,27.45833,96.10833,2020,3,Pre-monsoon,3.1,2025.0,Safe,0.3010752,0.2709675,0.0024762,0.91,NULL,NULL,normalized_exact,0.7,valid,Pre-monsoon_WL_1994-2025.pdf,GWRA_2025.pdf,NULL,local_pdf,local_pdf,official_web_fallback,pdf_text,pdf_table,NULL,1957,NULL,NULL,https://cgwb.gov.in
arunachal pradesh,changlang,khagam-miao,khagam-miao,Newlisan Kharsang,Newlisan Kharsang Station,27.5,96.13333,2020,3,Pre-monsoon,5.7,2025.0,Safe,0.3010752,0.2709675,0.0024762,0.91,NULL,NULL,normalized_exact,0.7,valid,Pre-monsoon_WL_1994-2025.pdf,GWRA_2025.pdf,NULL,local_pdf,local_pdf,official_web_fallback,pdf_text,pdf_table,NULL,1957,NULL,NULL,https://cgwb.gov.in
arunachal pradesh,east siang,pasighat,pasighat,Pasighat,Pasighat Station,28.15139,95.29583,2020,3,Pre-monsoon,10.6,2025.0,Safe,0.8026644000000001,0.71985,0.0017902,0.25,NULL,NULL,normalized_exact,0.7,valid,Pre-monsoon_WL_1994-2025.pdf,GWRA_2025.pdf,NULL,local_pdf,local_pdf,official_web_fallback,pdf_text,pdf_table,NULL,1957,NULL,NULL,https://cgwb.gov.in
arunachal pradesh,east siang,ruksin,ruksin,Ruksin,Ruksin Station,27.83778,95.21817,2020,3,Pre-monsoon,2.7,2025.0,Safe,0.8026644000000001,0.71985,0.0017902,0.25,NULL,NULL,normalized_exact,0.7,valid,Pre-monsoon_WL_1994-2025.pdf,GWRA_2025.pdf,NULL,local_pdf,local_pdf,official_web_fallback,pdf_text,pdf_table,NULL,1957,NULL,NULL,https://cgwb.gov.in
arunachal pradesh,east siang,ruksin,ruksin,Sika Baman Todee,Sika Baman Todee Station,27.91333,95.34361,2020,3,Pre-monsoon,2.6,2025.0,Safe,0.8026644000000001,0.71985,0.0017902,0.25,NULL,NULL,normalized_exact,0.7,valid,Pre-monsoon_WL_1994-2025.pdf,GWRA_2025.pdf,NULL,local_pdf,local_pdf,official_web_fallback,pdf_text,pdf_table,NULL,1957,NULL,NULL,https://cgwb.gov.in
arunachal pradesh,kamle,tamen-raga,tamen-raga,Bomte,Bomte Station,27.81667,94.31667,2020,3,Pre-monsoon,1.7,NULL,Safe,NULL,NULL,NULL,NULL,NULL,NULL,unmatched,0.0,valid,Pre-monsoon_WL_1994-2025.pdf,NULL,NULL,local_pdf,official_web_fallback,official_web_fallback,pdf_text,NULL,NULL,1957,NULL,NULL,https://cgwb.gov.in
arunachal pradesh,lohit,wakro,wakro,Medo,Medo Station,27.79096,96.17737,2020,3,Pre-monsoon,2.7,2025.0,Safe,1.2295016,1.0937697,0.0027372,0.25,NULL,NULL,normalized_exact,0.7,valid,Pre-monsoon_WL_1994-2025.pdf,GWRA_2025.pdf,NULL,local_pdf,local_pdf,official_web_fallback,pdf_text,pdf_table,NULL,1957,NULL,NULL,https://cgwb.gov.in
arunachal pradesh,lower dibang valley,roing,roing,Kangklong,Kangklong Station,27.97171,95.75741,2020,3,Pre-monsoon,10.6,2025.0,Safe,0.7962549000000001,0.7166294,0.0024813,0.35,NULL,NULL,normalized_exact,0.7,valid,Pre-monsoon_WL_1994-2025.pdf,GWRA_2025.pdf,NULL,local_pdf,local_pdf,official_web_fallback,pdf_text,pdf_table,NULL,1957,NULL,NULL,https://cgwb.gov.in
arunachal pradesh,lower subansiri,ziro-i,ziro-i,Rajgarh,Rajgarh Station,27.40475,94.15225,2020,3,Pre-monsoon,7.4,2025.0,Safe,0.0524143999999999,0.0448554,0.0003978999999999,0.89,NULL,NULL,normalized_exact,0.7,valid,Pre-monsoon_WL_1994-2025.pdf,GWRA_2025.pdf,NULL,local_pdf,local_pdf,official_web_fallback,pdf_text,pdf_table,NULL,1957,NULL,NULL,https://cgwb.gov.in
arunachal pradesh,namsai,namsai,namsai,Adi Ningroo,Adi Ningroo Station,27.63561,95.90167,2020,3,Pre-monsoon,4.2,NULL,Safe,NULL,NULL,NULL,NULL,NULL,NULL,unmatched,0.0,valid,Pre-monsoon_WL_1994-2025.pdf,NULL,NULL,local_pdf,official_web_fallback,official_web_fallback,pdf_text,NULL,NULL,1957,NULL,NULL,https://cgwb.gov.in
arunachal pradesh,namsai,namsai,namsai,Lathow,Lathow Station,27.66667,95.875,2020,3,Pre-monsoon,4.9,NULL,Safe,NULL,NULL,NULL,NULL,NULL,NULL,unmatched,0.0,valid,Pre-monsoon_WL_1994-2025.pdf,NULL,NULL,local_pdf,official_web_fallback,official_web_fallback,pdf_text,NULL,NULL,1957,NULL,NULL,https://cgwb.gov.in
arunachal pradesh,papum pare,balijan,balijan,Sonajuli,Sonajuli Station,27.02814,93.74131,2020,3,Pre-monsoon,2.6,2025.0,Safe,0.1230744,0.0959323,0.0014868,1.55,NULL,NULL,normalized_exact,0.7,valid,Pre-monsoon_WL_1994-2025.pdf,GWRA_2025.pdf,NULL,local_pdf,local_pdf,official_web_fallback,pdf_text,pdf_table,NULL,1957,NULL,NULL,https://cgwb.gov.in
arunachal pradesh,papum pare,borum,borum,Chimpu,Chimpu Station,27.07,93.6,2020,3,Pre-monsoon,3.3,2025.0,Safe,0.1230744,0.0959323,0.0014868,1.55,NULL,NULL,normalized_exact,0.7,valid,Pre-monsoon_WL_1994-2025.pdf,GWRA_2025.pdf,NULL,local_pdf,local_pdf,official_web_fallback,pdf_text,pdf_table,NULL,1957,NULL,NULL,https://cgwb.gov.in
arunachal pradesh,papum pare,borum,borum,Itanagar,Itanagar Station,27.10389,93.64167,2020,3,Pre-monsoon,3.6,2025.0,Safe,0.1230744,0.0959323,0.0014868,1.55,NULL,NULL,normalized_exact,0.7,valid,Pre-monsoon_WL_1994-2025.pdf,GWRA_2025.pdf,NULL,local_pdf,local_pdf,official_web_fallback,pdf_text,pdf_table,NULL,1957,NULL,NULL,https://cgwb.gov.in
arunachal pradesh,papum pare,borum,borum,Nirjuli,Nirjuli Station,27.13,93.73361,2020,3,Pre-monsoon,0.4,2025.0,Safe,0.1230744,0.0959323,0.0014868,1.55,NULL,NULL,normalized_exact,0.7,valid,Pre-monsoon_WL_1994-2025.pdf,GWRA_2025.pdf,NULL,local_pdf,local_pdf,official_web_fallback,pdf_text,pdf_table,NULL,1957,NULL,NULL,https://cgwb.gov.in
arunachal pradesh,papum pare,doimukh,doimukh,Banderdewa,Banderdewa Station,27.10528,93.82583,2020,3,Pre-monsoon,12.6,2025.0,Safe,0.1230744,0.0959323,0.0014868,1.55,NULL,NULL,normalized_exact,0.7,valid,Pre-monsoon_WL_1994-2025.pdf,GWRA_2025.pdf,NULL,local_pdf,local_pdf,official_web_fallback,pdf_text,pdf_table,NULL,1957,NULL,NULL,https://cgwb.gov.in
arunachal pradesh,papum pare,doimukh,doimukh,Doimukh,Doimukh Station,27.15,93.75,2020,3,Pre-monsoon,1.3,2025.0,Safe,0.1230744,0.0959323,0.0014868,1.55,NULL,NULL,normalized_exact,0.7,valid,Pre-monsoon_WL_1994-2025.pdf,GWRA_2025.pdf,NULL,local_pdf,local_pdf,official_web_fallback,pdf_text,pdf_table,NULL,1957,NULL,NULL,https://cgwb.gov.in
arunachal pradesh,papum pare,kimin,kimin,Kimin,Kimin Station,27.30833,93.96944,2020,3,Pre-monsoon,1.2,2025.0,Safe,0.1230744,0.0959323,0.0014868,1.55,NULL,NULL,normalized_exact,0.7,valid,Pre-monsoon_WL_1994-2025.pdf,GWRA_2025.pdf,NULL,local_pdf,local_pdf,official_web_fallback,pdf_text,pdf_table,NULL,1957,NULL,NULL,https://cgwb.gov.in
arunachal pradesh,tirap,borduria,borduria,Borduria,Borduria Station,27.01667,95.46667,2020,3,Pre-monsoon,6.1,2025.0,Safe,0.0866897,0.0780207,0.0005554,0.71,NULL,NULL,normalized_exact,0.7,valid,Pre-monsoon_WL_1994-2025.pdf,GWRA_2025.pdf,NULL,local_pdf,local_pdf,official_web_fallback,pdf_text,pdf_table,NULL,1957,NULL,NULL,https://cgwb.gov.in
arunachal pradesh,tirap,borduria,borduria,Hukanjuri,Hukanjuri Station,27.00833,95.46667,2020,3,Pre-monsoon,8.6,2025.0,Safe,0.0866897,0.0780207,0.0005554,0.71,NULL,NULL,normalized_exact,0.7,valid,Pre-monsoon_WL_1994-2025.pdf,GWRA_2025.pdf,NULL,local_pdf,local_pdf,official_web_fallback,pdf_text,pdf_table,NULL,1957,NULL,NULL,https://cgwb.gov.in
arunachal pradesh,tirap,namsang,namsang,Deomali,Deomali Station,27.2,95.525,2020,3,Pre-monsoon,4.3,2025.0,Safe,0.0866897,0.0780207,0.0005554,0.71,NULL,NULL,normalized_exact,0.7,valid,Pre-monsoon_WL_1994-2025.pdf,GWRA_2025.pdf,NULL,local_pdf,local_pdf,official_web_fallback,pdf_text,pdf_table,NULL,1957,NULL,NULL,https://cgwb.gov.in
arunachal pradesh,east siang,pasighat,pasighat,Pasighat,Pasighat Station,28.05083,95.33611,2019,3,Pre-monsoon,6.75,2025.0,Safe,0.8026644000000001,0.71985,0.0017902,0.25,NULL,NULL,normalized_exact,0.7,valid,Pre-monsoon_WL_1994-2025.pdf,GWRA_2025.pdf,NULL,local_pdf,local_pdf,official_web_fallback,pdf_text,pdf_table,NULL,2203,NULL,NULL,https://cgwb.gov.in
arunachal pradesh,east siang,pasighat,pasighat,Satmile,Satmile Station,27.97778,95.33111,2019,3,Pre-monsoon,1.65,2025.0,Safe,0.8026644000000001,0.71985,0.0017902,0.25,NULL,NULL,normalized_exact,0.7,valid,Pre-monsoon_WL_1994-2025.pdf,GWRA_2025.pdf,NULL,local_pdf,local_pdf,official_web_fallback,pdf_text,pdf_table,NULL,2203,NULL,NULL,https://cgwb.gov.in
arunachal pradesh,east siang,ruksin,ruksin,Kemi,Kemi Station,27.85694,95.33778,2019,3,Pre-monsoon,1.65,2025.0,Safe,0.8026644000000001,0.71985,0.0017902,0.25,NULL,NULL,normalized_exact,0.7,valid,Pre-monsoon_WL_1994-2025.pdf,GWRA_2025.pdf,NULL,local_pdf,local_pdf,official_web_fallback,pdf_text,pdf_table,NULL,2203,NULL,NULL,https://cgwb.gov.in
arunachal pradesh,east siang,ruksin,ruksin,Oyen,Oyen Station,27.87556,95.31139,2019,3,Pre-monsoon,8.0,2025.0,Safe,0.8026644000000001,0.71985,0.0017902,0.25,NULL,NULL,normalized_exact,0.7,valid,Pre-monsoon_WL_1994-2025.pdf,GWRA_2025.pdf,NULL,local_pdf,local_pdf,official_web_fallback,pdf_text,pdf_table,NULL,2203,NULL,NULL,https://cgwb.gov.in
arunachal pradesh,east siang,ruksin,ruksin,Ruksin,Ruksin Station,27.83778,95.21817,2019,3,Pre-monsoon,1.37,2025.0,Safe,0.8026644000000001,0.71985,0.0017902,0.25,NULL,NULL,normalized_exact,0.7,valid,Pre-monsoon_WL_1994-2025.pdf,GWRA_2025.pdf,NULL,local_pdf,local_pdf,official_web_fallback,pdf_text,pdf_table,NULL,2203,NULL,NULL,https://cgwb.gov.in
arunachal pradesh,east siang,ruksin,ruksin,Sika Baman Todee,Sika Baman Todee Station,27.91333,95.34361,2019,3,Pre-monsoon,1.43,2025.0,Safe,0.8026644000000001,0.71985,0.0017902,0.25,NULL,NULL,normalized_exact,0.7,valid,Pre-monsoon_WL_1994-2025.pdf,GWRA_2025.pdf,NULL,local_pdf,local_pdf,official_web_fallback,pdf_text,pdf_table,NULL,2203,NULL,NULL,https://cgwb.gov.in
arunachal pradesh,kamle,tamen-raga,tamen-raga,Bomte,Bomte Station,27.81667,94.31667,2019,3,Pre-monsoon,1.23,NULL,Safe,NULL,NULL,NULL,NULL,NULL,NULL,unmatched,0.0,valid,Pre-monsoon_WL_1994-2025.pdf,NULL,NULL,local_pdf,official_web_fallback,official_web_fallback,pdf_text,NULL,NULL,2203,NULL,NULL,https://cgwb.gov.in
arunachal pradesh,lower subansiri,ziro-i,ziro-i,Rajgarh,Rajgarh Station,27.40475,94.15225,2019,3,Pre-monsoon,2.25,2025.0,Safe,0.0524143999999999,0.0448554,0.0003978999999999,0.89,NULL,NULL,normalized_exact,0.7,valid,Pre-monsoon_WL_1994-2025.pdf,GWRA_2025.pdf,NULL,local_pdf,local_pdf,official_web_fallback,pdf_text,pdf_table,NULL,2203,NULL,NULL,https://cgwb.gov.in
arunachal pradesh,namsai,namsai,namsai,Adi Ningroo,Adi Ningroo Station,27.63561,95.90167,2019,3,Pre-monsoon,4.02,NULL,Safe,NULL,NULL,NULL,NULL,NULL,NULL,unmatched,0.0,valid,Pre-monsoon_WL_1994-2025.pdf,NULL,NULL,local_pdf,official_web_fallback,official_web_fallback,pdf_text,NULL,NULL,2203,NULL,NULL,https://cgwb.gov.in
arunachal pradesh,namsai,namsai,namsai,Lathow,Lathow Station,27.66667,95.875,2019,3,Pre-monsoon,4.82,NULL,Safe,NULL,NULL,NULL,NULL,NULL,NULL,unmatched,0.0,valid,Pre-monsoon_WL_1994-2025.pdf,NULL,NULL,local_pdf,official_web_fallback,official_web_fallback,pdf_text,NULL,NULL,2203,NULL,NULL,https://cgwb.gov.in
arunachal pradesh,namsai,namsai,namsai,Wingko,Wingko Station,27.63077,95.94921,2019,3,Pre-monsoon,1.89,NULL,Safe,NULL,NULL,NULL,NULL,NULL,NULL,unmatched,0.0,valid,Pre-monsoon_WL_1994-2025.pdf,NULL,NULL,local_pdf,official_web_fallback,official_web_fallback,pdf_text,NULL,NULL,2203,NULL,NULL,https://cgwb.gov.in
arunachal pradesh,papum pare,balijan,balijan,Holangi,Holangi Station,26.97186,93.59753,2019,3,Pre-monsoon,7.02,2025.0,Safe,0.1230744,0.0959323,0.0014868,1.55,NULL,NULL,normalized_exact,0.7,valid,Pre-monsoon_WL_1994-2025.pdf,GWRA_2025.pdf,NULL,local_pdf,local_pdf,official_web_fallback,pdf_text,pdf_table,NULL,2203,NULL,NULL,https://cgwb.gov.in
arunachal pradesh,papum pare,balijan,balijan,Sonajuli,Sonajuli Station,27.02814,93.74131,2019,3,Pre-monsoon,3.04,2025.0,Safe,0.1230744,0.0959323,0.0014868,1.55,NULL,NULL,normalized_exact,0.7,valid,Pre-monsoon_WL_1994-2025.pdf,GWRA_2025.pdf,NULL,local_pdf,local_pdf,official_web_fallback,pdf_text,pdf_table,NULL,2203,NULL,NULL,https://cgwb.gov.in
arunachal pradesh,papum pare,borum,borum,Chimpu,Chimpu Station,27.07,93.6,2019,3,Pre-monsoon,1.64,2025.0,Safe,0.1230744,0.0959323,0.0014868,1.55,NULL,NULL,normalized_exact,0.7,valid,Pre-monsoon_WL_1994-2025.pdf,GWRA_2025.pdf,NULL,local_pdf,local_pdf,official_web_fallback,pdf_text,pdf_table,NULL,2203,NULL,NULL,https://cgwb.gov.in
arunachal pradesh,papum pare,borum,borum,Itanagar,Itanagar Station,27.10389,93.64167,2019,3,Pre-monsoon,1.32,2025.0,Safe,0.1230744,0.0959323,0.0014868,1.55,NULL,NULL,normalized_exact,0.7,valid,Pre-monsoon_WL_1994-2025.pdf,GWRA_2025.pdf,NULL,local_pdf,local_pdf,official_web_fallback,pdf_text,pdf_table,NULL,2203,NULL,NULL,https://cgwb.gov.in
arunachal pradesh,papum pare,borum,borum,Nirjuli,Nirjuli Station,27.13,93.73361,2019,3,Pre-monsoon,0.01,2025.0,Safe,0.1230744,0.0959323,0.0014868,1.55,NULL,NULL,normalized_exact,0.7,valid,Pre-monsoon_WL_1994-2025.pdf,GWRA_2025.pdf,NULL,local_pdf,local_pdf,official_web_fallback,pdf_text,pdf_table,NULL,2203,NULL,NULL,https://cgwb.gov.in
arunachal pradesh,papum pare,doimukh,doimukh,Banderdewa,Banderdewa Station,27.10528,93.82583,2019,3,Pre-monsoon,12.69,2025.0,Safe,0.1230744,0.0959323,0.0014868,1.55,NULL,NULL,normalized_exact,0.7,valid,Pre-monsoon_WL_1994-2025.pdf,GWRA_2025.pdf,NULL,local_pdf,local_pdf,official_web_fallback,pdf_text,pdf_table,NULL,2203,NULL,NULL,https://cgwb.gov.in
arunachal pradesh,papum pare,doimukh,doimukh,Doimukh,Doimukh Station,27.15,93.75,2019,3,Pre-monsoon,0.94,2025.0,Safe,0.1230744,0.0959323,0.0014868,1.55,NULL,NULL,normalized_exact,0.7,valid,Pre-monsoon_WL_1994-2025.pdf,GWRA_2025.pdf,NULL,local_pdf,local_pdf,official_web_fallback,pdf_text,pdf_table,NULL,2203,NULL,NULL,https://cgwb.gov.in
arunachal pradesh,papum pare,kimin,kimin,Kimin,Kimin Station,27.30833,93.96944,2019,3,Pre-monsoon,1.14,2025.0,Safe,0.1230744,0.0959323,0.0014868,1.55,NULL,NULL,normalized_exact,0.7,valid,Pre-monsoon_WL_1994-2025.pdf,GWRA_2025.pdf,NULL,local_pdf,local_pdf,official_web_fallback,pdf_text,pdf_table,NULL,2203,NULL,NULL,https://cgwb.gov.in
arunachal pradesh,tirap,borduria,borduria,Borduria,Borduria Station,27.01667,95.46667,2019,3,Pre-monsoon,3.38,2025.0,Safe,0.0866897,0.0780207,0.0005554,0.71,NULL,NULL,normalized_exact,0.7,valid,Pre-monsoon_WL_1994-2025.pdf,GWRA_2025.pdf,NULL,local_pdf,local_pdf,official_web_fallback,pdf_text,pdf_table,NULL,2203,NULL,NULL,https://cgwb.gov.in
arunachal pradesh,tirap,borduria,borduria,Hukanjuri,Hukanjuri Station,27.00833,95.46667,2019,3,Pre-monsoon,1.84,2025.0,Safe,0.0866897,0.0780207,0.0005554,0.71,NULL,NULL,normalized_exact,0.7,valid,Pre-monsoon_WL_1994-2025.pdf,GWRA_2025.pdf,NULL,local_pdf,local_pdf,official_web_fallback,pdf_text,pdf_table,NULL,2203,NULL,NULL,https://cgwb.gov.in
arunachal pradesh,tirap,namsang,namsang,Deomali,Deomali Station,27.2,95.525,2019,3,Pre-monsoon,2.67,2025.0,Safe,0.0866897,0.0780207,0.0005554,0.71,NULL,NULL,normalized_exact,0.7,valid,Pre-monsoon_WL_1994-2025.pdf,GWRA_2025.pdf,NULL,local_pdf,local_pdf,official_web_fallback,pdf_text,pdf_table,NULL,2203,NULL,NULL,https://cgwb.gov.in
arunachal pradesh,changlang,changlang,changlang,Jairampur,Jairampur Station,27.20833,96.04167,2018,3,Pre-monsoon,2.27,2025.0,Safe,0.3010752,0.2709675,0.0024762,0.91,NULL,NULL,normalized_exact,0.7,valid,Pre-monsoon_WL_1994-2025.pdf,GWRA_2025.pdf,NULL,local_pdf,local_pdf,official_web_fallback,pdf_text,pdf_table,NULL,2624,NULL,NULL,https://cgwb.gov.in
arunachal pradesh,changlang,changlang,changlang,Namchik,Namchik Station,27.41667,96.04583,2018,3,Pre-monsoon,4.22,2025.0,Safe,0.3010752,0.2709675,0.0024762,0.91,NULL,NULL,normalized_exact,0.7,valid,Pre-monsoon_WL_1994-2025.pdf,GWRA_2025.pdf,NULL,local_pdf,local_pdf,official_web_fallback,pdf_text,pdf_table,NULL,2624,NULL,NULL,https://cgwb.gov.in
arunachal pradesh,east siang,pasighat,pasighat,Pasighat,Pasighat Station,28.05083,95.33611,2018,3,Pre-monsoon,10.74,2025.0,Safe,0.8026644000000001,0.71985,0.0017902,0.25,NULL,NULL,normalized_exact,0.7,valid,Pre-monsoon_WL_1994-2025.pdf,GWRA_2025.pdf,NULL,local_pdf,local_pdf,official_web_fallback,pdf_text,pdf_table,NULL,2624,NULL,NULL,https://cgwb.gov.in
arunachal pradesh,east siang,pasighat,pasighat,Satmile,Satmile Station,27.97778,95.33111,2018,3,Pre-monsoon,4.8,2025.0,Safe,0.8026644000000001,0.71985,0.0017902,0.25,NULL,NULL,normalized_exact,0.7,valid,Pre-monsoon_WL_1994-2025.pdf,GWRA_2025.pdf,NULL,local_pdf,local_pdf,official_web_fallback,pdf_text,pdf_table,NULL,2624,NULL,NULL,https://cgwb.gov.in
arunachal pradesh,east siang,ruksin,ruksin,Kemi,Kemi Station,27.85694,95.33778,2018,3,Pre-monsoon,4.8,2025.0,Safe,0.8026644000000001,0.71985,0.0017902,0.25,NULL,NULL,normalized_exact,0.7,valid,Pre-monsoon_WL_1994-2025.pdf,GWRA_2025.pdf,NULL,local_pdf,local_pdf,official_web_fallback,pdf_text,pdf_table,NULL,2624,NULL,NULL,https://cgwb.gov.in
arunachal pradesh,east siang,ruksin,ruksin,Oyen,Oyen Station,27.87556,95.31139,2018,3,Pre-monsoon,9.87,2025.0,Safe,0.8026644000000001,0.71985,0.0017902,0.25,NULL,NULL,normalized_exact,0.7,valid,Pre-monsoon_WL_1994-2025.pdf,GWRA_2025.pdf,NULL,local_pdf,local_pdf,official_web_fallback,pdf_text,pdf_table,NULL,2624,NULL,NULL,https://cgwb.gov.in
arunachal pradesh,east siang,ruksin,ruksin,Ruksin,Ruksin Station,27.83778,95.21817,2018,3,Pre-monsoon,2.42,2025.0,Safe,0.8026644000000001,0.71985,0.0017902,0.25,NULL,NULL,normalized_exact,0.7,valid,Pre-monsoon_WL_1994-2025.pdf,GWRA_2025.pdf,NULL,local_pdf,local_pdf,official_web_fallback,pdf_text,pdf_table,NULL,2624,NULL,NULL,https://cgwb.gov.in
arunachal pradesh,east siang,ruksin,ruksin,Sika Baman Todee,Sika Baman Todee Station,27.91333,95.34361,2018,3,Pre-monsoon,2.75,2025.0,Safe,0.8026644000000001,0.71985,0.0017902,0.25,NULL,NULL,normalized_exact,0.7,valid,Pre-monsoon_WL_1994-2025.pdf,GWRA_2025.pdf,NULL,local_pdf,local_pdf,official_web_fallback,pdf_text,pdf_table,NULL,2624,NULL,NULL,https://cgwb.gov.in
arunachal pradesh,kamle,tamen-raga,tamen-raga,Bomte,Bomte Station,27.81667,94.31667,2018,3,Pre-monsoon,1.38,NULL,Safe,NULL,NULL,NULL,NULL,NULL,NULL,unmatched,0.0,valid,Pre-monsoon_WL_1994-2025.pdf,NULL,NULL,local_pdf,official_web_fallback,official_web_fallback,pdf_text,NULL,NULL,2624,NULL,NULL,https://cgwb.gov.in
arunachal pradesh,lower subansiri,ziro-i,ziro-i,Rajgarh,Rajgarh Station,27.40475,94.15225,2018,3,Pre-monsoon,8.51,2025.0,Safe,0.0524143999999999,0.0448554,0.0003978999999999,0.89,NULL,NULL,normalized_exact,0.7,valid,Pre-monsoon_WL_1994-2025.pdf,GWRA_2025.pdf,NULL,local_pdf,local_pdf,official_web_fallback,pdf_text,pdf_table,NULL,2624,NULL,NULL,https://cgwb.gov.in
arunachal pradesh,namsai,namsai,namsai,Lathow,Lathow Station,27.66667,95.875,2018,3,Pre-monsoon,4.54,NULL,Safe,NULL,NULL,NULL,NULL,NULL,NULL,unmatched,0.0,valid,Pre-monsoon_WL_1994-2025.pdf,NULL,NULL,local_pdf,official_web_fallback,official_web_fallback,pdf_text,NULL,NULL,2624,NULL,NULL,https://cgwb.gov.in
arunachal pradesh,papum pare,balijan,balijan,Holangi,Holangi Station,26.97186,93.59753,2018,3,Pre-monsoon,9.43,2025.0,Safe,0.1230744,0.0959323,0.0014868,1.55,NULL,NULL,normalized_exact,0.7,valid,Pre-monsoon_WL_1994-2025.pdf,GWRA_2025.pdf,NULL,local_pdf,local_pdf,official_web_fallback,pdf_text,pdf_table,NULL,2624,NULL,NULL,https://cgwb.gov.in
arunachal pradesh,papum pare,borum,borum,Chimpu,Chimpu Station,27.07,93.6,2018,3,Pre-monsoon,4.26,2025.0,Safe,0.1230744,0.0959323,0.0014868,1.55,NULL,NULL,normalized_exact,0.7,valid,Pre-monsoon_WL_1994-2025.pdf,GWRA_2025.pdf,NULL,local_pdf,local_pdf,official_web_fallback,pdf_text,pdf_table,NULL,2624,NULL,NULL,https://cgwb.gov.in
arunachal pradesh,papum pare,borum,borum,Itanagar,Itanagar Station,27.10389,93.64167,2018,3,Pre-monsoon,3.95,2025.0,Safe,0.1230744,0.0959323,0.0014868,1.55,NULL,NULL,normalized_exact,0.7,valid,Pre-monsoon_WL_1994-2025.pdf,GWRA_2025.pdf,NULL,local_pdf,local_pdf,official_web_fallback,pdf_text,pdf_table,NULL,2624,NULL,NULL,https://cgwb.gov.in
arunachal pradesh,papum pare,borum,borum,Naharlagun,Naharlagun Station,27.10306,93.69472,2018,3,Pre-monsoon,6.38,2025.0,Safe,0.1230744,0.0959323,0.0014868,1.55,NULL,NULL,normalized_exact,0.7,valid,Pre-monsoon_WL_1994-2025.pdf,GWRA_2025.pdf,NULL,local_pdf,local_pdf,official_web_fallback,pdf_text,pdf_table,NULL,2624,NULL,NULL,https://cgwb.gov.in
arunachal pradesh,papum pare,borum,borum,Nirjuli,Nirjuli Station,27.13,93.73361,2018,3,Pre-monsoon,0.74,2025.0,Safe,0.1230744,0.0959323,0.0014868,1.55,NULL,NULL,normalized_exact,0.7,valid,Pre-monsoon_WL_1994-2025.pdf,GWRA_2025.pdf,NULL,local_pdf,local_pdf,official_web_fallback,pdf_text,pdf_table,NULL,2624,NULL,NULL,https://cgwb.gov.in
arunachal pradesh,papum pare,doimukh,doimukh,Banderdewa,Banderdewa Station,27.10528,93.82583,2018,3,Pre-monsoon,12.15,2025.0,Safe,0.1230744,0.0959323,0.0014868,1.55,NULL,NULL,normalized_exact,0.7,valid,Pre-monsoon_WL_1994-2025.pdf,GWRA_2025.pdf,NULL,local_pdf,local_pdf,official_web_fallback,pdf_text,pdf_table,NULL,2625,NULL,NULL,https://cgwb.gov.in
arunachal pradesh,papum pare,doimukh,doimukh,Doimukh,Doimukh Station,27.15,93.75,2018,3,Pre-monsoon,1.01,2025.0,Safe,0.1230744,0.0959323,0.0014868,1.55,NULL,NULL,normalized_exact,0.7,valid,Pre-monsoon_WL_1994-2025.pdf,GWRA_2025.pdf,NULL,local_pdf,local_pdf,official_web_fallback,pdf_text,pdf_table,NULL,2625,NULL,NULL,https://cgwb.gov.in
arunachal pradesh,tirap,borduria,borduria,Borduria,Borduria Station,27.01667,95.46667,2018,3,Pre-monsoon,4.21,2025.0,Safe,0.0866897,0.0780207,0.0005554,0.71,NULL,NULL,normalized_exact,0.7,valid,Pre-monsoon_WL_1994-2025.pdf,GWRA_2025.pdf,NULL,local_pdf,local_pdf,official_web_fallback,pdf_text,pdf_table,NULL,2625,NULL,NULL,https://cgwb.gov.in
arunachal pradesh,tirap,borduria,borduria,Hukanjuri,Hukanjuri Station,27.00833,95.46667,2018,3,Pre-monsoon,5.65,2025.0,Safe,0.0866897,0.0780207,0.0005554,0.71,NULL,NULL,normalized_exact,0.7,valid,Pre-monsoon_WL_1994-2025.pdf,GWRA_2025.pdf,NULL,local_pdf,local_pdf,official_web_fallback,pdf_text,pdf_table,NULL,2625,NULL,NULL,https://cgwb.gov.in
arunachal pradesh,tirap,namsang,namsang,Deomali,Deomali Station,27.2,95.525,2018,3,Pre-monsoon,3.89,2025.0,Safe,0.0866897,0.0780207,0.0005554,0.71,NULL,NULL,normalized_exact,0.7,valid,Pre-monsoon_WL_1994-2025.pdf,GWRA_2025.pdf,NULL,local_pdf,local_pdf,official_web_fallback,pdf_text,pdf_table,NULL,2625,NULL,NULL,https://cgwb.gov.in
arunachal pradesh,changlang,changlang,changlang,Jairampur,Jairampur Station,27.20833,96.04167,2017,3,Pre-monsoon,1.32,2025.0,Safe,0.3010752,0.2709675,0.0024762,0.91,NULL,NULL,normalized_exact,0.7,valid,Pre-monsoon_WL_1994-2025.pdf,GWRA_2025.pdf,NULL,local_pdf,local_pdf,official_web_fallback,pdf_text,pdf_table,NULL,3067,NULL,NULL,https://cgwb.gov.in
arunachal pradesh,changlang,changlang,changlang,Namchik,Namchik Station,27.41667,96.04583,2017,3,Pre-monsoon,4.57,2025.0,Safe,0.3010752,0.2709675,0.0024762,0.91,NULL,NULL,normalized_exact,0.7,valid,Pre-monsoon_WL_1994-2025.pdf,GWRA_2025.pdf,NULL,local_pdf,local_pdf,official_web_fallback,pdf_text,pdf_table,NULL,3067,NULL,NULL,https://cgwb.gov.in
arunachal pradesh,changlang,khagam-miao,khagam-miao,Newlisan Kharsang,Newlisan Kharsang Station,27.5,96.13333,2017,3,Pre-monsoon,3.01,2025.0,Safe,0.3010752,0.2709675,0.0024762,0.91,NULL,NULL,normalized_exact,0.7,valid,Pre-monsoon_WL_1994-2025.pdf,GWRA_2025.pdf,NULL,local_pdf,local_pdf,official_web_fallback,pdf_text,pdf_table,NULL,3067,NULL,NULL,https://cgwb.gov.in
arunachal pradesh,east siang,pasighat,pasighat,Pasighat,Pasighat Station,28.05083,95.33611,2017,3,Pre-monsoon,10.82,2025.0,Safe,0.8026644000000001,0.71985,0.0017902,0.25,NULL,NULL,normalized_exact,0.7,valid,Pre-monsoon_WL_1994-2025.pdf,GWRA_2025.pdf,NULL,local_pdf,local_pdf,official_web_fallback,pdf_text,pdf_table,NULL,3067,NULL,NULL,https://cgwb.gov.in
arunachal pradesh,kamle,tamen-raga,tamen-raga,Bomte,Bomte Station,27.81667,94.31667,2017,3,Pre-monsoon,1.51,NULL,Safe,NULL,NULL,NULL,NULL,NULL,NULL,unmatched,0.0,valid,Pre-monsoon_WL_1994-2025.pdf,NULL,NULL,local_pdf,official_web_fallback,official_web_fallback,pdf_text,NULL,NULL,3067,NULL,NULL,https://cgwb.gov.in
arunachal pradesh,lower subansiri,ziro-i,ziro-i,Rajgarh,Rajgarh Station,27.40475,94.15225,2017,3,Pre-monsoon,7.71,2025.0,Safe,0.0524143999999999,0.0448554,0.0003978999999999,0.89,NULL,NULL,normalized_exact,0.7,valid,Pre-monsoon_WL_1994-2025.pdf,GWRA_2025.pdf,NULL,local_pdf,local_pdf,official_web_fallback,pdf_text,pdf_table,NULL,3067,NULL,NULL,https://cgwb.gov.in
arunachal pradesh,namsai,namsai,namsai,Lathow,Lathow Station,27.66667,95.875,2017,3,Pre-monsoon,4.52,NULL,Safe,NULL,NULL,NULL,NULL,NULL,NULL,unmatched,0.0,valid,Pre-monsoon_WL_1994-2025.pdf,NULL,NULL,local_pdf,official_web_fallback,official_web_fallback,pdf_text,NULL,NULL,3067,NULL,NULL,https://cgwb.gov.in
arunachal pradesh,papum pare,balijan,balijan,Sonajuli,Sonajuli Station,27.02814,93.74131,2017,3,Pre-monsoon,3.16,2025.0,Safe,0.1230744,0.0959323,0.0014868,1.55,NULL,NULL,normalized_exact,0.7,valid,Pre-monsoon_WL_1994-2025.pdf,GWRA_2025.pdf,NULL,local_pdf,local_pdf,official_web_fallback,pdf_text,pdf_table,NULL,3068,NULL,NULL,https://cgwb.gov.in
arunachal pradesh,papum pare,borum,borum,Chimpu,Chimpu Station,27.07,93.6,2017,3,Pre-monsoon,4.2,2025.0,Safe,0.1230744,0.0959323,0.0014868,1.55,NULL,NULL,normalized_exact,0.7,valid,Pre-monsoon_WL_1994-2025.pdf,GWRA_2025.pdf,NULL,local_pdf,local_pdf,official_web_fallback,pdf_text,pdf_table,NULL,3068,NULL,NULL,https://cgwb.gov.in
arunachal pradesh,papum pare,borum,borum,Itanagar,Itanagar Station,27.10389,93.64167,2017,3,Pre-monsoon,3.35,2025.0,Safe,0.1230744,0.0959323,0.0014868,1.55,NULL,NULL,normalized_exact,0.7,valid,Pre-monsoon_WL_1994-2025.pdf,GWRA_2025.pdf,NULL,local_pdf,local_pdf,official_web_fallback,pdf_text,pdf_table,NULL,3068,NULL,NULL,https://cgwb.gov.in
arunachal pradesh,papum pare,borum,borum,Nirjuli,Nirjuli Station,27.13,93.73361,2017,3,Pre-monsoon,0.73,2025.0,Safe,0.1230744,0.0959323,0.0014868,1.55,NULL,NULL,normalized_exact,0.7,valid,Pre-monsoon_WL_1994-2025.pdf,GWRA_2025.pdf,NULL,local_pdf,local_pdf,official_web_fallback,pdf_text,pdf_table,NULL,3068,NULL,NULL,https://cgwb.gov.in
arunachal pradesh,papum pare,doimukh,doimukh,Banderdewa,Banderdewa Station,27.10528,93.82583,2017,3,Pre-monsoon,11.83,2025.0,Safe,0.1230744,0.0959323,0.0014868,1.55,NULL,NULL,normalized_exact,0.7,valid,Pre-monsoon_WL_1994-2025.pdf,GWRA_2025.pdf,NULL,local_pdf,local_pdf,official_web_fallback,pdf_text,pdf_table,NULL,3068,NULL,NULL,https://cgwb.gov.in
arunachal pradesh,papum pare,doimukh,doimukh,Doimukh,Doimukh Station,27.15,93.75,2017,3,Pre-monsoon,1.1,2025.0,Safe,0.1230744,0.0959323,0.0014868,1.55,NULL,NULL,normalized_exact,0.7,valid,Pre-monsoon_WL_1994-2025.pdf,GWRA_2025.pdf,NULL,local_pdf,local_pdf,official_web_fallback,pdf_text,pdf_table,NULL,3068,NULL,NULL,https://cgwb.gov.in
arunachal pradesh,papum pare,kimin,kimin,Kimin,Kimin Station,27.30833,93.96944,2017,3,Pre-monsoon,1.25,2025.0,Safe,0.1230744,0.0959323,0.0014868,1.55,NULL,NULL,normalized_exact,0.7,valid,Pre-monsoon_WL_1994-2025.pdf,GWRA_2025.pdf,NULL,local_pdf,local_pdf,official_web_fallback,pdf_text,pdf_table,NULL,3068,NULL,NULL,https://cgwb.gov.in
arunachal pradesh,tirap,borduria,borduria,Borduria,Borduria Station,27.01667,95.46667,2017,3,Pre-monsoon,5.59,2025.0,Safe,0.0866897,0.0780207,0.0005554,0.71,NULL,NULL,normalized_exact,0.7,valid,Pre-monsoon_WL_1994-2025.pdf,GWRA_2025.pdf,NULL,local_pdf,local_pdf,official_web_fallback,pdf_text,pdf_table,NULL,3068,NULL,NULL,https://cgwb.gov.in
arunachal pradesh,tirap,borduria,borduria,Hukanjuri,Hukanjuri Station,27.00833,95.46667,2017,3,Pre-monsoon,7.9,2025.0,Safe,0.0866897,0.0780207,0.0005554,0.71,NULL,NULL,normalized_exact,0.7,valid,Pre-monsoon_WL_1994-2025.pdf,GWRA_2025.pdf,NULL,local_pdf,local_pdf,official_web_fallback,pdf_text,pdf_table,NULL,3068,NULL,NULL,https://cgwb.gov.in
arunachal pradesh,tirap,namsang,namsang,Deomali,Deomali Station,27.2,95.525,2017,3,Pre-monsoon,4.13,2025.0,Safe,0.0866897,0.0780207,0.0005554,0.71,NULL,NULL,normalized_exact,0.7,valid,Pre-monsoon_WL_1994-2025.pdf,GWRA_2025.pdf,NULL,local_pdf,local_pdf,official_web_fallback,pdf_text,pdf_table,NULL,3068,NULL,NULL,https://cgwb.gov.in
arunachal pradesh,changlang,changlang,changlang,Jairampur,Jairampur Station,27.20833,96.04167,2016,3,Pre-monsoon,2.42,2025.0,Safe,0.3010752,0.2709675,0.0024762,0.91,NULL,NULL,normalized_exact,0.7,valid,Pre-monsoon_WL_1994-2025.pdf,GWRA_2025.pdf,NULL,local_pdf,local_pdf,official_web_fallback,pdf_text,pdf_table,NULL,3516,NULL,NULL,https://cgwb.gov.in
arunachal pradesh,changlang,changlang,changlang,Namchik,Namchik Station,27.41667,96.04583,2016,3,Pre-monsoon,4.1,2025.0,Safe,0.3010752,0.2709675,0.0024762,0.91,NULL,NULL,normalized_exact,0.7,valid,Pre-monsoon_WL_1994-2025.pdf,GWRA_2025.pdf,NULL,local_pdf,local_pdf,official_web_fallback,pdf_text,pdf_table,NULL,3516,NULL,NULL,https://cgwb.gov.in
arunachal pradesh,changlang,khagam-miao,khagam-miao,Namphai,Namphai Station,27.45833,96.10833,2016,3,Pre-monsoon,2.8,2025.0,Safe,0.3010752,0.2709675,0.0024762,0.91,NULL,NULL,normalized_exact,0.7,valid,Pre-monsoon_WL_1994-2025.pdf,GWRA_2025.pdf,NULL,local_pdf,local_pdf,official_web_fallback,pdf_text,pdf_table,NULL,3516,NULL,NULL,https://cgwb.gov.in
arunachal pradesh,changlang,khagam-miao,khagam-miao,Newlisan Kharsang,Newlisan Kharsang Station,27.5,96.13333,2016,3,Pre-monsoon,3.6,2025.0,Safe,0.3010752,0.2709675,0.0024762,0.91,NULL,NULL,normalized_exact,0.7,valid,Pre-monsoon_WL_1994-2025.pdf,GWRA_2025.pdf,NULL,local_pdf,local_pdf,official_web_fallback,pdf_text,pdf_table,NULL,3516,NULL,NULL,https://cgwb.gov.in
arunachal pradesh,east siang,pasighat,pasighat,Pasighat,Pasighat Station,28.05083,95.33611,2016,3,Pre-monsoon,10.65,2025.0,Safe,0.8026644000000001,0.71985,0.0017902,0.25,NULL,NULL,normalized_exact,0.7,valid,Pre-monsoon_WL_1994-2025.pdf,GWRA_2025.pdf,NULL,local_pdf,local_pdf,official_web_fallback,pdf_text,pdf_table,NULL,3516,NULL,NULL,https://cgwb.gov.in
arunachal pradesh,east siang,ruksin,ruksin,Ruksin,Ruksin Station,27.83778,95.21817,2016,3,Pre-monsoon,2.41,2025.0,Safe,0.8026644000000001,0.71985,0.0017902,0.25,NULL,NULL,normalized_exact,0.7,valid,Pre-monsoon_WL_1994-2025.pdf,GWRA_2025.pdf,NULL,local_pdf,local_pdf,official_web_fallback,pdf_text,pdf_table,NULL,3516,NULL,NULL,https://cgwb.gov.in
arunachal pradesh,east siang,ruksin,ruksin,Sika Baman Todee,Sika Baman Todee Station,27.91333,95.34361,2016,3,Pre-monsoon,2.85,2025.0,Safe,0.8026644000000001,0.71985,0.0017902,0.25,NULL,NULL,normalized_exact,0.7,valid,Pre-monsoon_WL_1994-2025.pdf,GWRA_2025.pdf,NULL,local_pdf,local_pdf,official_web_fallback,pdf_text,pdf_table,NULL,3516,NULL,NULL,https://cgwb.gov.in
arunachal pradesh,kamle,tamen-raga,tamen-raga,Bomte,Bomte Station,27.81667,94.31667,2016,3,Pre-monsoon,1.9,NULL,Safe,NULL,NULL,NULL,NULL,NULL,NULL,unmatched,0.0,valid,Pre-monsoon_WL_1994-2025.pdf,NULL,NULL,local_pdf,official_web_fallback,official_web_fallback,pdf_text,NULL,NULL,3516,NULL,NULL,https://cgwb.gov.in
arunachal pradesh,lower subansiri,ziro-i,ziro-i,Kolaputkar,Kolaputkar Station,27.86667,94.41667,2016,3,Pre-monsoon,4.58,2025.0,Safe,0.0524143999999999,0.0448554,0.0003978999999999,0.89,NULL,NULL,normalized_exact,0.7,valid,Pre-monsoon_WL_1994-2025.pdf,GWRA_2025.pdf,NULL,local_pdf,local_pdf,official_web_fallback,pdf_text,pdf_table,NULL,3516,NULL,NULL,https://cgwb.gov.in
arunachal pradesh,lower subansiri,ziro-i,ziro-i,Rajgarh,Rajgarh Station,27.40475,94.15225,2016,3,Pre-monsoon,8.26,2025.0,Safe,0.0524143999999999,0.0448554,0.0003978999999999,0.89,NULL,NULL,normalized_exact,0.7,valid,Pre-monsoon_WL_1994-2025.pdf,GWRA_2025.pdf,NULL,local_pdf,local_pdf,official_web_fallback,pdf_text,pdf_table,NULL,3516,NULL,NULL,https://cgwb.gov.in
arunachal pradesh,namsai,namsai,namsai,Lathow,Lathow Station,27.66667,95.875,2016,3,Pre-monsoon,2.79,NULL,Safe,NULL,NULL,NULL,NULL,NULL,NULL,unmatched,0.0,valid,Pre-monsoon_WL_1994-2025.pdf,NULL,NULL,local_pdf,official_web_fallback,official_web_fallback,pdf_text,NULL,NULL,3516,NULL,NULL,https://cgwb.gov.in
arunachal pradesh,papum pare,balijan,balijan,Sonajuli,Sonajuli Station,27.02814,93.74131,2016,3,Pre-monsoon,3.88,2025.0,Safe,0.1230744,0.0959323,0.0014868,1.55,NULL,NULL,normalized_exact,0.7,valid,Pre-monsoon_WL_1994-2025.pdf,GWRA_2025.pdf,NULL,local_pdf,local_pdf,official_web_fallback,pdf_text,pdf_table,NULL,3516,NULL,NULL,https://cgwb.gov.in
arunachal pradesh,papum pare,borum,borum,Chimpu,Chimpu Station,27.07,93.6,2016,3,Pre-monsoon,3.74,2025.0,Safe,0.1230744,0.0959323,0.0014868,1.55,NULL,NULL,normalized_exact,0.7,valid,Pre-monsoon_WL_1994-2025.pdf,GWRA_2025.pdf,NULL,local_pdf,local_pdf,official_web_fallback,pdf_text,pdf_table,NULL,3516,NULL,NULL,https://cgwb.gov.in
arunachal pradesh,papum pare,borum,borum,Itanagar,Itanagar Station,27.09278,93.62472,2016,3,Pre-monsoon,2.39,2025.0,Safe,0.1230744,0.0959323,0.0014868,1.55,NULL,NULL,normalized_exact,0.7,valid,Pre-monsoon_WL_1994-2025.pdf,GWRA_2025.pdf,NULL,local_pdf,local_pdf,official_web_fallback,pdf_text,pdf_table,NULL,3516,NULL,NULL,https://cgwb.gov.in
arunachal pradesh,papum pare,borum,borum,Naharlagun,Naharlagun Station,27.10306,93.69472,2016,3,Pre-monsoon,7.77,2025.0,Safe,0.1230744,0.0959323,0.0014868,1.55,NULL,NULL,normalized_exact,0.7,valid,Pre-monsoon_WL_1994-2025.pdf,GWRA_2025.pdf,NULL,local_pdf,local_pdf,official_web_fallback,pdf_text,pdf_table,NULL,3517,NULL,NULL,https://cgwb.gov.in
arunachal pradesh,papum pare,borum,borum,Nirjuli,Nirjuli Station,27.13,93.73361,2016,3,Pre-monsoon,0.17,2025.0,Safe,0.1230744,0.0959323,0.0014868,1.55,NULL,NULL,normalized_exact,0.7,valid,Pre-monsoon_WL_1994-2025.pdf,GWRA_2025.pdf,NULL,local_pdf,local_pdf,official_web_fallback,pdf_text,pdf_table,NULL,3517,NULL,NULL,https://cgwb.gov.in
arunachal pradesh,papum pare,doimukh,doimukh,Banderdewa,Banderdewa Station,27.10528,93.82583,2016,3,Pre-monsoon,11.51,2025.0,Safe,0.1230744,0.0959323,0.0014868,1.55,NULL,NULL,normalized_exact,0.7,valid,Pre-monsoon_WL_1994-2025.pdf,GWRA_2025.pdf,NULL,local_pdf,local_pdf,official_web_fallback,pdf_text,pdf_table,NULL,3517,NULL,NULL,https://cgwb.gov.in
arunachal pradesh,papum pare,doimukh,doimukh,Doimukh,Doimukh Station,27.15,93.75,2016,3,Pre-monsoon,1.02,2025.0,Safe,0.1230744,0.0959323,0.0014868,1.55,NULL,NULL,normalized_exact,0.7,valid,Pre-monsoon_WL_1994-2025.pdf,GWRA_2025.pdf,NULL,local_pdf,local_pdf,official_web_fallback,pdf_text,pdf_table,NULL,3517,NULL,NULL,https://cgwb.gov.in
arunachal pradesh,papum pare,kimin,kimin,Kimin,Kimin Station,27.30833,93.96944,2016,3,Pre-monsoon,1.83,2025.0,Safe,0.1230744,0.0959323,0.0014868,1.55,NULL,NULL,normalized_exact,0.7,valid,Pre-monsoon_WL_1994-2025.pdf,GWRA_2025.pdf,NULL,local_pdf,local_pdf,official_web_fallback,pdf_text,pdf_table,NULL,3517,NULL,NULL,https://cgwb.gov.in
arunachal pradesh,tirap,borduria,borduria,Borduria,Borduria Station,27.01667,95.46667,2016,3,Pre-monsoon,5.54,2025.0,Safe,0.0866897,0.0780207,0.0005554,0.71,NULL,NULL,normalized_exact,0.7,valid,Pre-monsoon_WL_1994-2025.pdf,GWRA_2025.pdf,NULL,local_pdf,local_pdf,official_web_fallback,pdf_text,pdf_table,NULL,3517,NULL,NULL,https://cgwb.gov.in
arunachal pradesh,tirap,borduria,borduria,Hukanjuri,Hukanjuri Station,27.00833,95.46667,2016,3,Pre-monsoon,8.48,2025.0,Safe,0.0866897,0.0780207,0.0005554,0.71,NULL,NULL,normalized_exact,0.7,valid,Pre-monsoon_WL_1994-2025.pdf,GWRA_2025.pdf,NULL,local_pdf,local_pdf,official_web_fallback,pdf_text,pdf_table,NULL,3517,NULL,NULL,https://cgwb.gov.in
arunachal pradesh,tirap,namsang,namsang,Deomali,Deomali Station,27.2,95.525,2016,3,Pre-monsoon,4.73,2025.0,Safe,0.0866897,0.0780207,0.0005554,0.71,NULL,NULL,normalized_exact,0.7,valid,Pre-monsoon_WL_1994-2025.pdf,GWRA_2025.pdf,NULL,local_pdf,local_pdf,official_web_fallback,pdf_text,pdf_table,NULL,3517,NULL,NULL,https://cgwb.gov.in
arunachal pradesh,changlang,changlang,changlang,Jairampur,Jairampur Station,27.20833,96.04167,2015,3,Pre-monsoon,4.5,2025.0,Safe,0.3010752,0.2709675,0.0024762,0.91,NULL,NULL,normalized_exact,0.7,valid,Pre-monsoon_WL_1994-2025.pdf,GWRA_2025.pdf,NULL,local_pdf,local_pdf,official_web_fallback,pdf_text,pdf_table,NULL,3951,NULL,NULL,https://cgwb.gov.in
arunachal pradesh,changlang,khagam-miao,khagam-miao,Namphai,Namphai Station,27.45833,96.10833,2015,3,Pre-monsoon,3.42,2025.0,Safe,0.3010752,0.2709675,0.0024762,0.91,NULL,NULL,normalized_exact,0.7,valid,Pre-monsoon_WL_1994-2025.pdf,GWRA_2025.pdf,NULL,local_pdf,local_pdf,official_web_fallback,pdf_text,pdf_table,NULL,3951,NULL,NULL,https://cgwb.gov.in
arunachal pradesh,changlang,khagam-miao,khagam-miao,Newlisan Kharsang,Newlisan Kharsang Station,27.5,96.13333,2015,3,Pre-monsoon,3.47,2025.0,Safe,0.3010752,0.2709675,0.0024762,0.91,NULL,NULL,normalized_exact,0.7,valid,Pre-monsoon_WL_1994-2025.pdf,GWRA_2025.pdf,NULL,local_pdf,local_pdf,official_web_fallback,pdf_text,pdf_table,NULL,3951,NULL,NULL,https://cgwb.gov.in
arunachal pradesh,east siang,pasighat,pasighat,Pasighat,Pasighat Station,27.06444,95.31028,2015,3,Pre-monsoon,10.5,2025.0,Safe,0.8026644000000001,0.71985,0.0017902,0.25,NULL,NULL,normalized_exact,0.7,valid,Pre-monsoon_WL_1994-2025.pdf,GWRA_2025.pdf,NULL,local_pdf,local_pdf,official_web_fallback,pdf_text,pdf_table,NULL,3951,NULL,NULL,https://cgwb.gov.in
arunachal pradesh,east siang,ruksin,ruksin,Ruksin,Ruksin Station,27.83778,95.21817,2015,3,Pre-monsoon,2.46,2025.0,Safe,0.8026644000000001,0.71985,0.0017902,0.25,NULL,NULL,normalized_exact,0.7,valid,Pre-monsoon_WL_1994-2025.pdf,GWRA_2025.pdf,NULL,local_pdf,local_pdf,official_web_fallback,pdf_text,pdf_table,NULL,3952,NULL,NULL,https://cgwb.gov.in
arunachal pradesh,east siang,ruksin,ruksin,Sika Baman Todee,Sika Baman Todee Station,27.91333,95.34361,2015,3,Pre-monsoon,3.04,2025.0,Safe,0.8026644000000001,0.71985,0.0017902,0.25,NULL,NULL,normalized_exact,0.7,valid,Pre-monsoon_WL_1994-2025.pdf,GWRA_2025.pdf,NULL,local_pdf,local_pdf,official_web_fallback,pdf_text,pdf_table,NULL,3952,NULL,NULL,https://cgwb.gov.in
arunachal pradesh,kamle,tamen-raga,tamen-raga,Bomte,Bomte Station,27.81667,94.31667,2015,3,Pre-monsoon,1.9,NULL,Safe,NULL,NULL,NULL,NULL,NULL,NULL,unmatched,0.0,valid,Pre-monsoon_WL_1994-2025.pdf,NULL,NULL,local_pdf,official_web_fallback,official_web_fallback,pdf_text,NULL,NULL,3952,NULL,NULL,https://cgwb.gov.in
arunachal pradesh,lower subansiri,ziro-i,ziro-i,Kolaputkar,Kolaputkar Station,27.86667,94.41667,2015,3,Pre-monsoon,4.58,2025.0,Safe,0.0524143999999999,0.0448554,0.0003978999999999,0.89,NULL,NULL,normalized_exact,0.7,valid,Pre-monsoon_WL_1994-2025.pdf,GWRA_2025.pdf,NULL,local_pdf,local_pdf,official_web_fallback,pdf_text,pdf_table,NULL,3952,NULL,NULL,https://cgwb.gov.in
arunachal pradesh,lower subansiri,ziro-i,ziro-i,Rajgarh,Rajgarh Station,27.40475,94.15225,2015,3,Pre-monsoon,8.26,2025.0,Safe,0.0524143999999999,0.0448554,0.0003978999999999,0.89,NULL,NULL,normalized_exact,0.7,valid,Pre-monsoon_WL_1994-2025.pdf,GWRA_2025.pdf,NULL,local_pdf,local_pdf,official_web_fallback,pdf_text,pdf_table,NULL,3952,NULL,NULL,https://cgwb.gov.in
arunachal pradesh,namsai,namsai,namsai,Lathow,Lathow Station,27.66667,95.875,2015,3,Pre-monsoon,5.06,NULL,Safe,NULL,NULL,NULL,NULL,NULL,NULL,unmatched,0.0,valid,Pre-monsoon_WL_1994-2025.pdf,NULL,NULL,local_pdf,official_web_fallback,official_web_fallback,pdf_text,NULL,NULL,3952,NULL,NULL,https://cgwb.gov.in
arunachal pradesh,papum pare,balijan,balijan,Sonajuli,Sonajuli Station,27.02814,93.74131,2015,3,Pre-monsoon,3.88,2025.0,Safe,0.1230744,0.0959323,0.0014868,1.55,NULL,NULL,normalized_exact,0.7,valid,Pre-monsoon_WL_1994-2025.pdf,GWRA_2025.pdf,NULL,local_pdf,local_pdf,official_web_fallback,pdf_text,pdf_table,NULL,3952,NULL,NULL,https://cgwb.gov.in
arunachal pradesh,papum pare,borum,borum,Chimpu,Chimpu Station,27.07,93.6,2015,3,Pre-monsoon,3.74,2025.0,Safe,0.1230744,0.0959323,0.0014868,1.55,NULL,NULL,normalized_exact,0.7,valid,Pre-monsoon_WL_1994-2025.pdf,GWRA_2025.pdf,NULL,local_pdf,local_pdf,official_web_fallback,pdf_text,pdf_table,NULL,3952,NULL,NULL,https://cgwb.gov.in
arunachal pradesh,papum pare,borum,borum,Itanagar,Itanagar Station,27.09278,93.62472,2015,3,Pre-monsoon,2.39,2025.0,Safe,0.1230744,0.0959323,0.0014868,1.55,NULL,NULL,normalized_exact,0.7,valid,Pre-monsoon_WL_1994-2025.pdf,GWRA_2025.pdf,NULL,local_pdf,local_pdf,official_web_fallback,pdf_text,pdf_table,NULL,3952,NULL,NULL,https://cgwb.gov.in
arunachal pradesh,papum pare,borum,borum,Naharlagun,Naharlagun Station,27.10306,93.69472,2015,3,Pre-monsoon,7.77,2025.0,Safe,0.1230744,0.0959323,0.0014868,1.55,NULL,NULL,normalized_exact,0.7,valid,Pre-monsoon_WL_1994-2025.pdf,GWRA_2025.pdf,NULL,local_pdf,local_pdf,official_web_fallback,pdf_text,pdf_table,NULL,3952,NULL,NULL,https://cgwb.gov.in
arunachal pradesh,papum pare,borum,borum,Nirjuli,Nirjuli Station,27.13,93.73361,2015,3,Pre-monsoon,0.17,2025.0,Safe,0.1230744,0.0959323,0.0014868,1.55,NULL,NULL,normalized_exact,0.7,valid,Pre-monsoon_WL_1994-2025.pdf,GWRA_2025.pdf,NULL,local_pdf,local_pdf,official_web_fallback,pdf_text,pdf_table,NULL,3952,NULL,NULL,https://cgwb.gov.in
arunachal pradesh,papum pare,doimukh,doimukh,Banderdewa,Banderdewa Station,27.10528,93.82583,2015,3,Pre-monsoon,11.51,2025.0,Safe,0.1230744,0.0959323,0.0014868,1.55,NULL,NULL,normalized_exact,0.7,valid,Pre-monsoon_WL_1994-2025.pdf,GWRA_2025.pdf,NULL,local_pdf,local_pdf,official_web_fallback,pdf_text,pdf_table,NULL,3952,NULL,NULL,https://cgwb.gov.in
arunachal pradesh,papum pare,kimin,kimin,Kimin,Kimin Station,27.30833,93.96944,2015,3,Pre-monsoon,1.83,2025.0,Safe,0.1230744,0.0959323,0.0014868,1.55,NULL,NULL,normalized_exact,0.7,valid,Pre-monsoon_WL_1994-2025.pdf,GWRA_2025.pdf,NULL,local_pdf,local_pdf,official_web_fallback,pdf_text,pdf_table,NULL,3952,NULL,NULL,https://cgwb.gov.in
arunachal pradesh,tirap,borduria,borduria,Borduria,Borduria Station,27.01667,95.46667,2015,3,Pre-monsoon,6.31,2025.0,Safe,0.0866897,0.0780207,0.0005554,0.71,NULL,NULL,normalized_exact,0.7,valid,Pre-monsoon_WL_1994-2025.pdf,GWRA_2025.pdf,NULL,local_pdf,local_pdf,official_web_fallback,pdf_text,pdf_table,NULL,3952,NULL,NULL,https://cgwb.gov.in
arunachal pradesh,tirap,borduria,borduria,Hukanjuri,Hukanjuri Station,27.00833,95.46667,2015,3,Pre-monsoon,7.55,2025.0,Safe,0.0866897,0.0780207,0.0005554,0.71,NULL,NULL,normalized_exact,0.7,valid,Pre-monsoon_WL_1994-2025.pdf,GWRA_2025.pdf,NULL,local_pdf,local_pdf,official_web_fallback,pdf_text,pdf_table,NULL,3952,NULL,NULL,https://cgwb.gov.in
arunachal pradesh,tirap,namsang,namsang,Deomali,Deomali Station,27.2,95.525,2015,3,Pre-monsoon,7.73,2025.0,Safe,0.0866897,0.0780207,0.0005554,0.71,NULL,NULL,normalized_exact,0.7,valid,Pre-monsoon_WL_1994-2025.pdf,GWRA_2025.pdf,NULL,local_pdf,local_pdf,official_web_fallback,pdf_text,pdf_table,NULL,3952,NULL,NULL,https://cgwb.gov.in
arunachal pradesh,changlang,changlang,changlang,Jairampur,Jairampur Station,27.20833,96.04167,2014,3,Pre-monsoon,2.33,2025.0,Safe,0.3010752,0.2709675,0.0024762,0.91,NULL,NULL,normalized_exact,0.7,valid,Pre-monsoon_WL_1994-2025.pdf,GWRA_2025.pdf,NULL,local_pdf,local_pdf,official_web_fallback,pdf_text,pdf_table,NULL,4358,NULL,NULL,https://cgwb.gov.in
arunachal pradesh,changlang,changlang,changlang,Namchik,Namchik Station,27.41667,96.04583,2014,3,Pre-monsoon,3.95,2025.0,Safe,0.3010752,0.2709675,0.0024762,0.91,NULL,NULL,normalized_exact,0.7,valid,Pre-monsoon_WL_1994-2025.pdf,GWRA_2025.pdf,NULL,local_pdf,local_pdf,official_web_fallback,pdf_text,pdf_table,NULL,4358,NULL,NULL,https://cgwb.gov.in
arunachal pradesh,changlang,khagam-miao,khagam-miao,Namphai,Namphai Station,27.45833,96.10833,2014,3,Pre-monsoon,4.35,2025.0,Safe,0.3010752,0.2709675,0.0024762,0.91,NULL,NULL,normalized_exact,0.7,valid,Pre-monsoon_WL_1994-2025.pdf,GWRA_2025.pdf,NULL,local_pdf,local_pdf,official_web_fallback,pdf_text,pdf_table,NULL,4358,NULL,NULL,https://cgwb.gov.in
arunachal pradesh,changlang,khagam-miao,khagam-miao,Newlisan Kharsang,Newlisan Kharsang Station,27.5,96.13333,2014,3,Pre-monsoon,2.87,2025.0,Safe,0.3010752,0.2709675,0.0024762,0.91,NULL,NULL,normalized_exact,0.7,valid,Pre-monsoon_WL_1994-2025.pdf,GWRA_2025.pdf,NULL,local_pdf,local_pdf,official_web_fallback,pdf_text,pdf_table,NULL,4358,NULL,NULL,https://cgwb.gov.in
arunachal pradesh,east siang,pasighat,pasighat,Pasighat,Pasighat Station,27.06444,95.31028,2014,3,Pre-monsoon,10.95,2025.0,Safe,0.8026644000000001,0.71985,0.0017902,0.25,NULL,NULL,normalized_exact,0.7,valid,Pre-monsoon_WL_1994-2025.pdf,GWRA_2025.pdf,NULL,local_pdf,local_pdf,official_web_fallback,pdf_text,pdf_table,NULL,4358,NULL,NULL,https://cgwb.gov.in
arunachal pradesh,east siang,pasighat,pasighat,Satmile,Satmile Station,27.97778,95.33111,2014,3,Pre-monsoon,3.73,2025.0,Safe,0.8026644000000001,0.71985,0.0017902,0.25,NULL,NULL,normalized_exact,0.7,valid,Pre-monsoon_WL_1994-2025.pdf,GWRA_2025.pdf,NULL,local_pdf,local_pdf,official_web_fallback,pdf_text,pdf_table,NULL,4358,NULL,NULL,https://cgwb.gov.in
arunachal pradesh,east siang,ruksin,ruksin,Berung,Berung Station,27.98639,95.335,2014,3,Pre-monsoon,2.85,2025.0,Safe,0.8026644000000001,0.71985,0.0017902,0.25,NULL,NULL,normalized_exact,0.7,valid,Pre-monsoon_WL_1994-2025.pdf,GWRA_2025.pdf,NULL,local_pdf,local_pdf,official_web_fallback,pdf_text,pdf_table,NULL,4358,NULL,NULL,https://cgwb.gov.in
arunachal pradesh,east siang,ruksin,ruksin,Kemi,Kemi Station,27.85694,95.33778,2014,3,Pre-monsoon,3.73,2025.0,Safe,0.8026644000000001,0.71985,0.0017902,0.25,NULL,NULL,normalized_exact,0.7,valid,Pre-monsoon_WL_1994-2025.pdf,GWRA_2025.pdf,NULL,local_pdf,local_pdf,official_web_fallback,pdf_text,pdf_table,NULL,4358,NULL,NULL,https://cgwb.gov.in
arunachal pradesh,east siang,ruksin,ruksin,Oyen,Oyen Station,27.87556,95.31139,2014,3,Pre-monsoon,3.45,2025.0,Safe,0.8026644000000001,0.71985,0.0017902,0.25,NULL,NULL,normalized_exact,0.7,valid,Pre-monsoon_WL_1994-2025.pdf,GWRA_2025.pdf,NULL,local_pdf,local_pdf,official_web_fallback,pdf_text,pdf_table,NULL,4359,NULL,NULL,https://cgwb.gov.in
arunachal pradesh,east siang,ruksin,ruksin,Ruksin,Ruksin Station,27.83778,95.21817,2014,3,Pre-monsoon,2.59,2025.0,Safe,0.8026644000000001,0.71985,0.0017902,0.25,NULL,NULL,normalized_exact,0.7,valid,Pre-monsoon_WL_1994-2025.pdf,GWRA_2025.pdf,NULL,local_pdf,local_pdf,official_web_fallback,pdf_text,pdf_table,NULL,4359,NULL,NULL,https://cgwb.gov.in
arunachal pradesh,namsai,namsai,namsai,Lathow,Lathow Station,27.66667,95.875,2014,3,Pre-monsoon,5.0,NULL,Safe,NULL,NULL,NULL,NULL,NULL,NULL,unmatched,0.0,valid,Pre-monsoon_WL_1994-2025.pdf,NULL,NULL,local_pdf,official_web_fallback,official_web_fallback,pdf_text,NULL,NULL,4359,NULL,NULL,https://cgwb.gov.in
arunachal pradesh,papum pare,borum,borum,Chimpu,Chimpu Station,27.07,93.6,2014,3,Pre-monsoon,3.1,2025.0,Safe,0.1230744,0.0959323,0.0014868,1.55,NULL,NULL,normalized_exact,0.7,valid,Pre-monsoon_WL_1994-2025.pdf,GWRA_2025.pdf,NULL,local_pdf,local_pdf,official_web_fallback,pdf_text,pdf_table,NULL,4359,NULL,NULL,https://cgwb.gov.in
arunachal pradesh,papum pare,borum,borum,Itanagar,Itanagar Station,27.09278,93.62472,2014,3,Pre-monsoon,2.27,2025.0,Safe,0.1230744,0.0959323,0.0014868,1.55,NULL,NULL,normalized_exact,0.7,valid,Pre-monsoon_WL_1994-2025.pdf,GWRA_2025.pdf,NULL,local_pdf,local_pdf,official_web_fallback,pdf_text,pdf_table,NULL,4359,NULL,NULL,https://cgwb.gov.in
arunachal pradesh,papum pare,borum,borum,Naharlagun,Naharlagun Station,27.10306,93.69472,2014,3,Pre-monsoon,7.99,2025.0,Safe,0.1230744,0.0959323,0.0014868,1.55,NULL,NULL,normalized_exact,0.7,valid,Pre-monsoon_WL_1994-2025.pdf,GWRA_2025.pdf,NULL,local_pdf,local_pdf,official_web_fallback,pdf_text,pdf_table,NULL,4359,NULL,NULL,https://cgwb.gov.in
arunachal pradesh,papum pare,borum,borum,Nirjuli,Nirjuli Station,27.13,93.73361,2014,3,Pre-monsoon,0.01,2025.0,Safe,0.1230744,0.0959323,0.0014868,1.55,NULL,NULL,normalized_exact,0.7,valid,Pre-monsoon_WL_1994-2025.pdf,GWRA_2025.pdf,NULL,local_pdf,local_pdf,official_web_fallback,pdf_text,pdf_table,NULL,4359,NULL,NULL,https://cgwb.gov.in
arunachal pradesh,papum pare,doimukh,doimukh,Banderdewa,Banderdewa Station,27.10528,93.82583,2014,3,Pre-monsoon,11.69,2025.0,Safe,0.1230744,0.0959323,0.0014868,1.55,NULL,NULL,normalized_exact,0.7,valid,Pre-monsoon_WL_1994-2025.pdf,GWRA_2025.pdf,NULL,local_pdf,local_pdf,official_web_fallback,pdf_text,pdf_table,NULL,4359,NULL,NULL,https://cgwb.gov.in
arunachal pradesh,papum pare,kimin,kimin,Kimin,Kimin Station,27.30833,93.96944,2014,3,Pre-monsoon,1.48,2025.0,Safe,0.1230744,0.0959323,0.0014868,1.55,NULL,NULL,normalized_exact,0.7,valid,Pre-monsoon_WL_1994-2025.pdf,GWRA_2025.pdf,NULL,local_pdf,local_pdf,official_web_fallback,pdf_text,pdf_table,NULL,4359,NULL,NULL,https://cgwb.gov.in
arunachal pradesh,tirap,borduria,borduria,Borduria,Borduria Station,27.01667,95.46667,2014,3,Pre-monsoon,4.17,2025.0,Safe,0.0866897,0.0780207,0.0005554,0.71,NULL,NULL,normalized_exact,0.7,valid,Pre-monsoon_WL_1994-2025.pdf,GWRA_2025.pdf,NULL,local_pdf,local_pdf,official_web_fallback,pdf_text,pdf_table,NULL,4359,NULL,NULL,https://cgwb.gov.in
arunachal pradesh,tirap,borduria,borduria,Hukanjuri,Hukanjuri Station,27.00833,95.46667,2014,3,Pre-monsoon,6.13,2025.0,Safe,0.0866897,0.0780207,0.0005554,0.71,NULL,NULL,normalized_exact,0.7,valid,Pre-monsoon_WL_1994-2025.pdf,GWRA_2025.pdf,NULL,local_pdf,local_pdf,official_web_fallback,pdf_text,pdf_table,NULL,4359,NULL,NULL,https://cgwb.gov.in
arunachal pradesh,tirap,namsang,namsang,Deomali,Deomali Station,27.2,95.525,2014,3,Pre-monsoon,3.38,2025.0,Safe,0.0866897,0.0780207,0.0005554,0.71,NULL,NULL,normalized_exact,0.7,valid,Pre-monsoon_WL_1994-2025.pdf,GWRA_2025.pdf,NULL,local_pdf,local_pdf,official_web_fallback,pdf_text,pdf_table,NULL,4359,NULL,NULL,https://cgwb.gov.in
arunachal pradesh,changlang,changlang,changlang,Jairampur,Jairampur Station,27.20833,96.04167,2013,3,Pre-monsoon,4.67,2025.0,Safe,0.3010752,0.2709675,0.0024762,0.91,NULL,NULL,normalized_exact,0.7,valid,Pre-monsoon_WL_1994-2025.pdf,GWRA_2025.pdf,NULL,local_pdf,local_pdf,official_web_fallback,pdf_text,pdf_table,NULL,4737,NULL,NULL,https://cgwb.gov.in
arunachal pradesh,changlang,changlang,changlang,Namchik,Namchik Station,27.41667,96.04583,2013,3,Pre-monsoon,4.48,2025.0,Safe,0.3010752,0.2709675,0.0024762,0.91,NULL,NULL,normalized_exact,0.7,valid,Pre-monsoon_WL_1994-2025.pdf,GWRA_2025.pdf,NULL,local_pdf,local_pdf,official_web_fallback,pdf_text,pdf_table,NULL,4737,NULL,NULL,https://cgwb.gov.in
arunachal pradesh,changlang,khagam-miao,khagam-miao,Namphai,Namphai Station,27.45833,96.10833,2013,3,Pre-monsoon,3.62,2025.0,Safe,0.3010752,0.2709675,0.0024762,0.91,NULL,NULL,normalized_exact,0.7,valid,Pre-monsoon_WL_1994-2025.pdf,GWRA_2025.pdf,NULL,local_pdf,local_pdf,official_web_fallback,pdf_text,pdf_table,NULL,4737,NULL,NULL,https://cgwb.gov.in
arunachal pradesh,changlang,khagam-miao,khagam-miao,Newlisan Kharsang,Newlisan Kharsang Station,27.5,96.13333,2013,3,Pre-monsoon,5.89,2025.0,Safe,0.3010752,0.2709675,0.0024762,0.91,NULL,NULL,normalized_exact,0.7,valid,Pre-monsoon_WL_1994-2025.pdf,GWRA_2025.pdf,NULL,local_pdf,local_pdf,official_web_fallback,pdf_text,pdf_table,NULL,4737,NULL,NULL,https://cgwb.gov.in
arunachal pradesh,east siang,pasighat,pasighat,Pasighat,Pasighat Station,27.06444,95.31028,2013,3,Pre-monsoon,11.64,2025.0,Safe,0.8026644000000001,0.71985,0.0017902,0.25,NULL,NULL,normalized_exact,0.7,valid,Pre-monsoon_WL_1994-2025.pdf,GWRA_2025.pdf,NULL,local_pdf,local_pdf,official_web_fallback,pdf_text,pdf_table,NULL,4737,NULL,NULL,https://cgwb.gov.in
arunachal pradesh,east siang,pasighat,pasighat,Satmile,Satmile Station,27.97778,95.33111,2013,3,Pre-monsoon,3.68,2025.0,Safe,0.8026644000000001,0.71985,0.0017902,0.25,NULL,NULL,normalized_exact,0.7,valid,Pre-monsoon_WL_1994-2025.pdf,GWRA_2025.pdf,NULL,local_pdf,local_pdf,official_web_fallback,pdf_text,pdf_table,NULL,4737,NULL,NULL,https://cgwb.gov.in
arunachal pradesh,east siang,ruksin,ruksin,Berung,Berung Station,27.98639,95.335,2013,3,Pre-monsoon,3.24,2025.0,Safe,0.8026644000000001,0.71985,0.0017902,0.25,NULL,NULL,normalized_exact,0.7,valid,Pre-monsoon_WL_1994-2025.pdf,GWRA_2025.pdf,NULL,local_pdf,local_pdf,official_web_fallback,pdf_text,pdf_table,NULL,4737,NULL,NULL,https://cgwb.gov.in
arunachal pradesh,east siang,ruksin,ruksin,Kemi,Kemi Station,27.85694,95.33778,2013,3,Pre-monsoon,3.68,2025.0,Safe,0.8026644000000001,0.71985,0.0017902,0.25,NULL,NULL,normalized_exact,0.7,valid,Pre-monsoon_WL_1994-2025.pdf,GWRA_2025.pdf,NULL,local_pdf,local_pdf,official_web_fallback,pdf_text,pdf_table,NULL,4737,NULL,NULL,https://cgwb.gov.in
arunachal pradesh,east siang,ruksin,ruksin,Oyen,Oyen Station,27.87556,95.31139,2013,3,Pre-monsoon,3.34,2025.0,Safe,0.8026644000000001,0.71985,0.0017902,0.25,NULL,NULL,normalized_exact,0.7,valid,Pre-monsoon_WL_1994-2025.pdf,GWRA_2025.pdf,NULL,local_pdf,local_pdf,official_web_fallback,pdf_text,pdf_table,NULL,4737,NULL,NULL,https://cgwb.gov.in
arunachal pradesh,east siang,ruksin,ruksin,Ruksin,Ruksin Station,27.83778,95.21817,2013,3,Pre-monsoon,2.68,2025.0,Safe,0.8026644000000001,0.71985,0.0017902,0.25,NULL,NULL,normalized_exact,0.7,valid,Pre-monsoon_WL_1994-2025.pdf,GWRA_2025.pdf,NULL,local_pdf,local_pdf,official_web_fallback,pdf_text,pdf_table,NULL,4737,NULL,NULL,https://cgwb.gov.in
arunachal pradesh,east siang,ruksin,ruksin,Sika Baman Todee,Sika Baman Todee Station,27.91333,95.34361,2013,3,Pre-monsoon,6.39,2025.0,Safe,0.8026644000000001,0.71985,0.0017902,0.25,NULL,NULL,normalized_exact,0.7,valid,Pre-monsoon_WL_1994-2025.pdf,GWRA_2025.pdf,NULL,local_pdf,local_pdf,official_web_fallback,pdf_text,pdf_table,NULL,4737,NULL,NULL,https://cgwb.gov.in
arunachal pradesh,namsai,namsai,namsai,Lathow,Lathow Station,27.66667,95.875,2013,3,Pre-monsoon,3.45,NULL,Safe,NULL,NULL,NULL,NULL,NULL,NULL,unmatched,0.0,valid,Pre-monsoon_WL_1994-2025.pdf,NULL,NULL,local_pdf,official_web_fallback,official_web_fallback,pdf_text,NULL,NULL,4737,NULL,NULL,https://cgwb.gov.in
arunachal pradesh,papum pare,balijan,balijan,Sonajuli,Sonajuli Station,27.02814,93.74131,2013,3,Pre-monsoon,0.31,2025.0,Safe,0.1230744,0.0959323,0.0014868,1.55,NULL,NULL,normalized_exact,0.7,valid,Pre-monsoon_WL_1994-2025.pdf,GWRA_2025.pdf,NULL,local_pdf,local_pdf,official_web_fallback,pdf_text,pdf_table,NULL,4737,NULL,NULL,https://cgwb.gov.in
arunachal pradesh,papum pare,borum,borum,Chimpu,Chimpu Station,27.07,93.6,2013,3,Pre-monsoon,3.94,2025.0,Safe,0.1230744,0.0959323,0.0014868,1.55,NULL,NULL,normalized_exact,0.7,valid,Pre-monsoon_WL_1994-2025.pdf,GWRA_2025.pdf,NULL,local_pdf,local_pdf,official_web_fallback,pdf_text,pdf_table,NULL,4737,NULL,NULL,https://cgwb.gov.in
arunachal pradesh,papum pare,borum,borum,Itanagar,Itanagar Station,27.10389,93.64167,2013,3,Pre-monsoon,3.62,2025.0,Safe,0.1230744,0.0959323,0.0014868,1.55,NULL,NULL,normalized_exact,0.7,valid,Pre-monsoon_WL_1994-2025.pdf,GWRA_2025.pdf,NULL,local_pdf,local_pdf,official_web_fallback,pdf_text,pdf_table,NULL,4737,NULL,NULL,https://cgwb.gov.in
arunachal pradesh,papum pare,borum,borum,Naharlagun,Naharlagun Station,27.10028,93.7,2013,3,Pre-monsoon,1.76,2025.0,Safe,0.1230744,0.0959323,0.0014868,1.55,NULL,NULL,normalized_exact,0.7,valid,Pre-monsoon_WL_1994-2025.pdf,GWRA_2025.pdf,NULL,local_pdf,local_pdf,official_web_fallback,pdf_text,pdf_table,NULL,4737,NULL,NULL,https://cgwb.gov.in
arunachal pradesh,papum pare,borum,borum,Nirjuli,Nirjuli Station,27.13,93.73361,2013,3,Pre-monsoon,0.08,2025.0,Safe,0.1230744,0.0959323,0.0014868,1.55,NULL,NULL,normalized_exact,0.7,valid,Pre-monsoon_WL_1994-2025.pdf,GWRA_2025.pdf,NULL,local_pdf,local_pdf,official_web_fallback,pdf_text,pdf_table,NULL,4737,NULL,NULL,https://cgwb.gov.in
arunachal pradesh,papum pare,doimukh,doimukh,Banderdewa,Banderdewa Station,27.09667,93.82722,2013,3,Pre-monsoon,7.56,2025.0,Safe,0.1230744,0.0959323,0.0014868,1.55,NULL,NULL,normalized_exact,0.7,valid,Pre-monsoon_WL_1994-2025.pdf,GWRA_2025.pdf,NULL,local_pdf,local_pdf,official_web_fallback,pdf_text,pdf_table,NULL,4737,NULL,NULL,https://cgwb.gov.in
arunachal pradesh,papum pare,kimin,kimin,Kimin,Kimin Station,27.30833,93.96944,2013,3,Pre-monsoon,1.23,2025.0,Safe,0.1230744,0.0959323,0.0014868,1.55,NULL,NULL,normalized_exact,0.7,valid,Pre-monsoon_WL_1994-2025.pdf,GWRA_2025.pdf,NULL,local_pdf,local_pdf,official_web_fallback,pdf_text,pdf_table,NULL,4737,NULL,NULL,https://cgwb.gov.in
arunachal pradesh,tirap,borduria,borduria,Borduria,Borduria Station,27.01667,95.46667,2013,3,Pre-monsoon,5.87,2025.0,Safe,0.0866897,0.0780207,0.0005554,0.71,NULL,NULL,normalized_exact,0.7,valid,Pre-monsoon_WL_1994-2025.pdf,GWRA_2025.pdf,NULL,local_pdf,local_pdf,official_web_fallback,pdf_text,pdf_table,NULL,4737,NULL,NULL,https://cgwb.gov.in
arunachal pradesh,tirap,borduria,borduria,Hukanjuri,Hukanjuri Station,27.00833,95.46667,2013,3,Pre-monsoon,7.76,2025.0,Safe,0.0866897,0.0780207,0.0005554,0.71,NULL,NULL,normalized_exact,0.7,valid,Pre-monsoon_WL_1994-2025.pdf,GWRA_2025.pdf,NULL,local_pdf,local_pdf,official_web_fallback,pdf_text,pdf_table,NULL,4737,NULL,NULL,https://cgwb.gov.in
arunachal pradesh,tirap,namsang,namsang,Deomali,Deomali Station,27.2,95.525,2013,3,Pre-monsoon,5.12,2025.0,Safe,0.0866897,0.0780207,0.0005554,0.71,NULL,NULL,normalized_exact,0.7,valid,Pre-monsoon_WL_1994-2025.pdf,GWRA_2025.pdf,NULL,local_pdf,local_pdf,official_web_fallback,pdf_text,pdf_table,NULL,4737,NULL,NULL,https://cgwb.gov.in
arunachal pradesh,changlang,changlang,changlang,Jairampur,Jairampur Station,27.20833,96.04167,2012,3,Pre-monsoon,5.45,2025.0,Safe,0.3010752,0.2709675,0.0024762,0.91,NULL,NULL,normalized_exact,0.7,valid,Pre-monsoon_WL_1994-2025.pdf,GWRA_2025.pdf,NULL,local_pdf,local_pdf,official_web_fallback,pdf_text,pdf_table,NULL,5054,NULL,NULL,https://cgwb.gov.in
arunachal pradesh,changlang,changlang,changlang,Namchik,Namchik Station,27.41667,96.04583,2012,3,Pre-monsoon,4.15,2025.0,Safe,0.3010752,0.2709675,0.0024762,0.91,NULL,NULL,normalized_exact,0.7,valid,Pre-monsoon_WL_1994-2025.pdf,GWRA_2025.pdf,NULL,local_pdf,local_pdf,official_web_fallback,pdf_text,pdf_table,NULL,5054,NULL,NULL,https://cgwb.gov.in
arunachal pradesh,changlang,khagam-miao,khagam-miao,Namphai,Namphai Station,27.45833,96.10833,2012,3,Pre-monsoon,3.68,2025.0,Safe,0.3010752,0.2709675,0.0024762,0.91,NULL,NULL,normalized_exact,0.7,valid,Pre-monsoon_WL_1994-2025.pdf,GWRA_2025.pdf,NULL,local_pdf,local_pdf,official_web_fallback,pdf_text,pdf_table,NULL,5054,NULL,NULL,https://cgwb.gov.in
arunachal pradesh,changlang,khagam-miao,khagam-miao,Newlisan Kharsang,Newlisan Kharsang Station,27.5,96.13333,2012,3,Pre-monsoon,3.8,2025.0,Safe,0.3010752,0.2709675,0.0024762,0.91,NULL,NULL,normalized_exact,0.7,valid,Pre-monsoon_WL_1994-2025.pdf,GWRA_2025.pdf,NULL,local_pdf,local_pdf,official_web_fallback,pdf_text,pdf_table,NULL,5054,NULL,NULL,https://cgwb.gov.in
arunachal pradesh,east siang,pasighat,pasighat,Pasighat,Pasighat Station,28.15139,95.29583,2012,3,Pre-monsoon,11.3,2025.0,Safe,0.8026644000000001,0.71985,0.0017902,0.25,NULL,NULL,normalized_exact,0.7,valid,Pre-monsoon_WL_1994-2025.pdf,GWRA_2025.pdf,NULL,local_pdf,local_pdf,official_web_fallback,pdf_text,pdf_table,NULL,5054,NULL,NULL,https://cgwb.gov.in
arunachal pradesh,east siang,ruksin,ruksin,Berung,Berung Station,27.98639,95.335,2012,3,Pre-monsoon,3.55,2025.0,Safe,0.8026644000000001,0.71985,0.0017902,0.25,NULL,NULL,normalized_exact,0.7,valid,Pre-monsoon_WL_1994-2025.pdf,GWRA_2025.pdf,NULL,local_pdf,local_pdf,official_web_fallback,pdf_text,pdf_table,NULL,5054,NULL,NULL,https://cgwb.gov.in
arunachal pradesh,namsai,namsai,namsai,Lathow,Lathow Station,27.66667,95.875,2012,3,Pre-monsoon,5.89,NULL,Safe,NULL,NULL,NULL,NULL,NULL,NULL,unmatched,0.0,valid,Pre-monsoon_WL_1994-2025.pdf,NULL,NULL,local_pdf,official_web_fallback,official_web_fallback,pdf_text,NULL,NULL,5054,NULL,NULL,https://cgwb.gov.in
arunachal pradesh,papum pare,balijan,balijan,Sonajuli,Sonajuli Station,27.02814,93.74131,2012,3,Pre-monsoon,4.01,2025.0,Safe,0.1230744,0.0959323,0.0014868,1.55,NULL,NULL,normalized_exact,0.7,valid,Pre-monsoon_WL_1994-2025.pdf,GWRA_2025.pdf,NULL,local_pdf,local_pdf,official_web_fallback,pdf_text,pdf_table,NULL,5054,NULL,NULL,https://cgwb.gov.in
arunachal pradesh,papum pare,kimin,kimin,Kimin,Kimin Station,27.30833,93.96944,2012,3,Pre-monsoon,1.61,2025.0,Safe,0.1230744,0.0959323,0.0014868,1.55,NULL,NULL,normalized_exact,0.7,valid,Pre-monsoon_WL_1994-2025.pdf,GWRA_2025.pdf,NULL,local_pdf,local_pdf,official_web_fallback,pdf_text,pdf_table,NULL,5055,NULL,NULL,https://cgwb.gov.in
arunachal pradesh,changlang,changlang,changlang,Jairampur,Jairampur Station,27.20833,96.04167,2011,3,Pre-monsoon,4.78,2025.0,Safe,0.3010752,0.2709675,0.0024762,0.91,NULL,NULL,normalized_exact,0.7,valid,Pre-monsoon_WL_1994-2025.pdf,GWRA_2025.pdf,NULL,local_pdf,local_pdf,official_web_fallback,pdf_text,pdf_table,NULL,5334,NULL,NULL,https://cgwb.gov.in
arunachal pradesh,changlang,changlang,changlang,Namchik,Namchik Station,27.41667,96.04583,2011,3,Pre-monsoon,4.0,2025.0,Safe,0.3010752,0.2709675,0.0024762,0.91,NULL,NULL,normalized_exact,0.7,valid,Pre-monsoon_WL_1994-2025.pdf,GWRA_2025.pdf,NULL,local_pdf,local_pdf,official_web_fallback,pdf_text,pdf_table,NULL,5335,NULL,NULL,https://cgwb.gov.in
arunachal pradesh,changlang,khagam-miao,khagam-miao,Namphai,Namphai Station,27.45833,96.10833,2011,3,Pre-monsoon,1.59,2025.0,Safe,0.3010752,0.2709675,0.0024762,0.91,NULL,NULL,normalized_exact,0.7,valid,Pre-monsoon_WL_1994-2025.pdf,GWRA_2025.pdf,NULL,local_pdf,local_pdf,official_web_fallback,pdf_text,pdf_table,NULL,5335,NULL,NULL,https://cgwb.gov.in
arunachal pradesh,changlang,khagam-miao,khagam-miao,Newlisan Kharsang,Newlisan Kharsang Station,27.5,96.13333,2011,3,Pre-monsoon,5.02,2025.0,Safe,0.3010752,0.2709675,0.0024762,0.91,NULL,NULL,normalized_exact,0.7,valid,Pre-monsoon_WL_1994-2025.pdf,GWRA_2025.pdf,NULL,local_pdf,local_pdf,official_web_fallback,pdf_text,pdf_table,NULL,5335,NULL,NULL,https://cgwb.gov.in
arunachal pradesh,east siang,pasighat,pasighat,Pasighat,Pasighat Station,28.11806,95.29167,2011,3,Pre-monsoon,10.99,2025.0,Safe,0.8026644000000001,0.71985,0.0017902,0.25,NULL,NULL,normalized_exact,0.7,valid,Pre-monsoon_WL_1994-2025.pdf,GWRA_2025.pdf,NULL,local_pdf,local_pdf,official_web_fallback,pdf_text,pdf_table,NULL,5335,NULL,NULL,https://cgwb.gov.in
arunachal pradesh,east siang,ruksin,ruksin,Berung,Berung Station,27.98639,95.335,2011,3,Pre-monsoon,2.52,2025.0,Safe,0.8026644000000001,0.71985,0.0017902,0.25,NULL,NULL,normalized_exact,0.7,valid,Pre-monsoon_WL_1994-2025.pdf,GWRA_2025.pdf,NULL,local_pdf,local_pdf,official_web_fallback,pdf_text,pdf_table,NULL,5335,NULL,NULL,https://cgwb.gov.in
arunachal pradesh,namsai,namsai,namsai,Lathow,Lathow Station,27.66667,95.875,2011,3,Pre-monsoon,3.53,NULL,Safe,NULL,NULL,NULL,NULL,NULL,NULL,unmatched,0.0,valid,Pre-monsoon_WL_1994-2025.pdf,NULL,NULL,local_pdf,official_web_fallback,official_web_fallback,pdf_text,NULL,NULL,5335,NULL,NULL,https://cgwb.gov.in
arunachal pradesh,papum pare,balijan,balijan,Sonajuli,Sonajuli Station,27.02814,93.74131,2011,3,Pre-monsoon,4.19,2025.0,Safe,0.1230744,0.0959323,0.0014868,1.55,NULL,NULL,normalized_exact,0.7,valid,Pre-monsoon_WL_1994-2025.pdf,GWRA_2025.pdf,NULL,local_pdf,local_pdf,official_web_fallback,pdf_text,pdf_table,NULL,5335,NULL,NULL,https://cgwb.gov.in
arunachal pradesh,papum pare,kimin,kimin,Kimin,Kimin Station,27.30833,93.96944,2011,3,Pre-monsoon,1.77,2025.0,Safe,0.1230744,0.0959323,0.0014868,1.55,NULL,NULL,normalized_exact,0.7,valid,Pre-monsoon_WL_1994-2025.pdf,GWRA_2025.pdf,NULL,local_pdf,local_pdf,official_web_fallback,pdf_text,pdf_table,NULL,5335,NULL,NULL,https://cgwb.gov.in
arunachal pradesh,tirap,borduria,borduria,Borduria,Borduria Station,27.01667,95.46667,2011,3,Pre-monsoon,5.69,2025.0,Safe,0.0866897,0.0780207,0.0005554,0.71,NULL,NULL,normalized_exact,0.7,valid,Pre-monsoon_WL_1994-2025.pdf,GWRA_2025.pdf,NULL,local_pdf,local_pdf,official_web_fallback,pdf_text,pdf_table,NULL,5335,NULL,NULL,https://cgwb.gov.in
arunachal pradesh,tirap,borduria,borduria,Hukanjuri,Hukanjuri Station,27.00833,95.46667,2011,3,Pre-monsoon,11.01,2025.0,Safe,0.0866897,0.0780207,0.0005554,0.71,NULL,NULL,normalized_exact,0.7,valid,Pre-monsoon_WL_1994-2025.pdf,GWRA_2025.pdf,NULL,local_pdf,local_pdf,official_web_fallback,pdf_text,pdf_table,NULL,5335,NULL,NULL,https://cgwb.gov.in
arunachal pradesh,tirap,namsang,namsang,Deomali,Deomali Station,27.2,95.525,2011,3,Pre-monsoon,5.13,2025.0,Safe,0.0866897,0.0780207,0.0005554,0.71,NULL,NULL,normalized_exact,0.7,valid,Pre-monsoon_WL_1994-2025.pdf,GWRA_2025.pdf,NULL,local_pdf,local_pdf,official_web_fallback,pdf_text,pdf_table,NULL,5335,NULL,NULL,https://cgwb.gov.in
arunachal pradesh,changlang,changlang,changlang,Jairampur,Jairampur Station,27.20833,96.04167,2010,3,Pre-monsoon,4.63,2025.0,Safe,0.3010752,0.2709675,0.0024762,0.91,NULL,NULL,normalized_exact,0.7,valid,Pre-monsoon_WL_1994-2025.pdf,GWRA_2025.pdf,NULL,local_pdf,local_pdf,official_web_fallback,pdf_text,pdf_table,NULL,5602,NULL,NULL,https://cgwb.gov.in
arunachal pradesh,changlang,changlang,changlang,Namchik,Namchik Station,27.41667,96.04583,2010,3,Pre-monsoon,4.03,2025.0,Safe,0.3010752,0.2709675,0.0024762,0.91,NULL,NULL,normalized_exact,0.7,valid,Pre-monsoon_WL_1994-2025.pdf,GWRA_2025.pdf,NULL,local_pdf,local_pdf,official_web_fallback,pdf_text,pdf_table,NULL,5602,NULL,NULL,https://cgwb.gov.in
arunachal pradesh,changlang,khagam-miao,khagam-miao,Namphai,Namphai Station,27.45833,96.10833,2010,3,Pre-monsoon,1.8,2025.0,Safe,0.3010752,0.2709675,0.0024762,0.91,NULL,NULL,normalized_exact,0.7,valid,Pre-monsoon_WL_1994-2025.pdf,GWRA_2025.pdf,NULL,local_pdf,local_pdf,official_web_fallback,pdf_text,pdf_table,NULL,5602,NULL,NULL,https://cgwb.gov.in
arunachal pradesh,changlang,khagam-miao,khagam-miao,Newlisan Kharsang,Newlisan Kharsang Station,27.5,96.13333,2010,3,Pre-monsoon,5.18,2025.0,Safe,0.3010752,0.2709675,0.0024762,0.91,NULL,NULL,normalized_exact,0.7,valid,Pre-monsoon_WL_1994-2025.pdf,GWRA_2025.pdf,NULL,local_pdf,local_pdf,official_web_fallback,pdf_text,pdf_table,NULL,5602,NULL,NULL,https://cgwb.gov.in
arunachal pradesh,east siang,pasighat,pasighat,Pasighat,Pasighat Station,28.11806,95.29167,2010,3,Pre-monsoon,10.46,2025.0,Safe,0.8026644000000001,0.71985,0.0017902,0.25,NULL,NULL,normalized_exact,0.7,valid,Pre-monsoon_WL_1994-2025.pdf,GWRA_2025.pdf,NULL,local_pdf,local_pdf,official_web_fallback,pdf_text,pdf_table,NULL,5602,NULL,NULL,https://cgwb.gov.in
arunachal pradesh,east siang,ruksin,ruksin,Berung,Berung Station,27.98639,95.335,2010,3,Pre-monsoon,2.64,2025.0,Safe,0.8026644000000001,0.71985,0.0017902,0.25,NULL,NULL,normalized_exact,0.7,valid,Pre-monsoon_WL_1994-2025.pdf,GWRA_2025.pdf,NULL,local_pdf,local_pdf,official_web_fallback,pdf_text,pdf_table,NULL,5602,NULL,NULL,https://cgwb.gov.in
arunachal pradesh,namsai,namsai,namsai,Lathow,Lathow Station,27.66667,95.875,2010,3,Pre-monsoon,3.74,NULL,Safe,NULL,NULL,NULL,NULL,NULL,NULL,unmatched,0.0,valid,Pre-monsoon_WL_1994-2025.pdf,NULL,NULL,local_pdf,official_web_fallback,official_web_fallback,pdf_text,NULL,NULL,5602,NULL,NULL,https://cgwb.gov.in
arunachal pradesh,papum pare,balijan,balijan,Sonajuli,Sonajuli Station,27.02814,93.74131,2010,3,Pre-monsoon,5.77,2025.0,Safe,0.1230744,0.0959323,0.0014868,1.55,NULL,NULL,normalized_exact,0.7,valid,Pre-monsoon_WL_1994-2025.pdf,GWRA_2025.pdf,NULL,local_pdf,local_pdf,official_web_fallback,pdf_text,pdf_table,NULL,5602,NULL,NULL,https://cgwb.gov.in
arunachal pradesh,papum pare,kimin,kimin,Kimin,Kimin Station,27.30833,93.96944,2010,3,Pre-monsoon,1.57,2025.0,Safe,0.1230744,0.0959323,0.0014868,1.55,NULL,NULL,normalized_exact,0.7,valid,Pre-monsoon_WL_1994-2025.pdf,GWRA_2025.pdf,NULL,local_pdf,local_pdf,official_web_fallback,pdf_text,pdf_table,NULL,5602,NULL,NULL,https://cgwb.gov.in
arunachal pradesh,tirap,borduria,borduria,Borduria,Borduria Station,27.01667,95.46667,2010,3,Pre-monsoon,6.62,2025.0,Safe,0.0866897,0.0780207,0.0005554,0.71,NULL,NULL,normalized_exact,0.7,valid,Pre-monsoon_WL_1994-2025.pdf,GWRA_2025.pdf,NULL,local_pdf,local_pdf,official_web_fallback,pdf_text,pdf_table,NULL,5602,NULL,NULL,https://cgwb.gov.in
arunachal pradesh,tirap,borduria,borduria,Hukanjuri,Hukanjuri Station,27.00833,95.46667,2010,3,Pre-monsoon,11.34,2025.0,Safe,0.0866897,0.0780207,0.0005554,0.71,NULL,NULL,normalized_exact,0.7,valid,Pre-monsoon_WL_1994-2025.pdf,GWRA_2025.pdf,NULL,local_pdf,local_pdf,official_web_fallback,pdf_text,pdf_table,NULL,5602,NULL,NULL,https://cgwb.gov.in
arunachal pradesh,tirap,namsang,namsang,Deomali,Deomali Station,27.2,95.525,2010,3,Pre-monsoon,5.1,2025.0,Safe,0.0866897,0.0780207,0.0005554,0.71,NULL,NULL,normalized_exact,0.7,valid,Pre-monsoon_WL_1994-2025.pdf,GWRA_2025.pdf,NULL,local_pdf,local_pdf,official_web_fallback,pdf_text,pdf_table,NULL,5602,NULL,NULL,https://cgwb.gov.in
arunachal pradesh,changlang,changlang,changlang,Jairampur,Jairampur Station,27.20833,96.04167,2009,3,Pre-monsoon,2.33,2025.0,Safe,0.3010752,0.2709675,0.0024762,0.91,NULL,NULL,normalized_exact,0.7,valid,Pre-monsoon_WL_1994-2025.pdf,GWRA_2025.pdf,NULL,local_pdf,local_pdf,official_web_fallback,pdf_text,pdf_table,NULL,5872,NULL,NULL,https://cgwb.gov.in
arunachal pradesh,changlang,changlang,changlang,Namchik,Namchik Station,27.41667,96.04583,2009,3,Pre-monsoon,4.04,2025.0,Safe,0.3010752,0.2709675,0.0024762,0.91,NULL,NULL,normalized_exact,0.7,valid,Pre-monsoon_WL_1994-2025.pdf,GWRA_2025.pdf,NULL,local_pdf,local_pdf,official_web_fallback,pdf_text,pdf_table,NULL,5872,NULL,NULL,https://cgwb.gov.in
arunachal pradesh,changlang,khagam-miao,khagam-miao,Namphai,Namphai Station,27.45833,96.10833,2009,3,Pre-monsoon,1.86,2025.0,Safe,0.3010752,0.2709675,0.0024762,0.91,NULL,NULL,normalized_exact,0.7,valid,Pre-monsoon_WL_1994-2025.pdf,GWRA_2025.pdf,NULL,local_pdf,local_pdf,official_web_fallback,pdf_text,pdf_table,NULL,5872,NULL,NULL,https://cgwb.gov.in
arunachal pradesh,changlang,khagam-miao,khagam-miao,Newlisan Kharsang,Newlisan Kharsang Station,27.5,96.13333,2009,3,Pre-monsoon,5.42,2025.0,Safe,0.3010752,0.2709675,0.0024762,0.91,NULL,NULL,normalized_exact,0.7,valid,Pre-monsoon_WL_1994-2025.pdf,GWRA_2025.pdf,NULL,local_pdf,local_pdf,official_web_fallback,pdf_text,pdf_table,NULL,5872,NULL,NULL,https://cgwb.gov.in
arunachal pradesh,east siang,pasighat,pasighat,Pasighat,Pasighat Station,28.11806,95.29167,2009,3,Pre-monsoon,3.25,2025.0,Safe,0.8026644000000001,0.71985,0.0017902,0.25,NULL,NULL,normalized_exact,0.7,valid,Pre-monsoon_WL_1994-2025.pdf,GWRA_2025.pdf,NULL,local_pdf,local_pdf,official_web_fallback,pdf_text,pdf_table,NULL,5872,NULL,NULL,https://cgwb.gov.in
arunachal pradesh,namsai,chowkham,chowkham,Chowkham,Chowkham Station,27.8,96.06667,2009,3,Pre-monsoon,3.8,NULL,Safe,NULL,NULL,NULL,NULL,NULL,NULL,unmatched,0.0,valid,Pre-monsoon_WL_1994-2025.pdf,NULL,NULL,local_pdf,official_web_fallback,official_web_fallback,pdf_text,NULL,NULL,5872,NULL,NULL,https://cgwb.gov.in
arunachal pradesh,papum pare,balijan,balijan,Sonajuli,Sonajuli Station,27.02814,93.74131,2009,3,Pre-monsoon,4.36,2025.0,Safe,0.1230744,0.0959323,0.0014868,1.55,NULL,NULL,normalized_exact,0.7,valid,Pre-monsoon_WL_1994-2025.pdf,GWRA_2025.pdf,NULL,local_pdf,local_pdf,official_web_fallback,pdf_text,pdf_table,NULL,5872,NULL,NULL,https://cgwb.gov.in
arunachal pradesh,papum pare,kimin,kimin,Kimin,Kimin Station,27.30833,93.96944,2009,3,Pre-monsoon,1.94,2025.0,Safe,0.1230744,0.0959323,0.0014868,1.55,NULL,NULL,normalized_exact,0.7,valid,Pre-monsoon_WL_1994-2025.pdf,GWRA_2025.pdf,NULL,local_pdf,local_pdf,official_web_fallback,pdf_text,pdf_table,NULL,5872,NULL,NULL,https://cgwb.gov.in
arunachal pradesh,tirap,borduria,borduria,Borduria,Borduria Station,27.01667,95.46667,2009,3,Pre-monsoon,6.54,2025.0,Safe,0.0866897,0.0780207,0.0005554,0.71,NULL,NULL,normalized_exact,0.7,valid,Pre-monsoon_WL_1994-2025.pdf,GWRA_2025.pdf,NULL,local_pdf,local_pdf,official_web_fallback,pdf_text,pdf_table,NULL,5872,NULL,NULL,https://cgwb.gov.in
arunachal pradesh,tirap,borduria,borduria,Hukanjuri,Hukanjuri Station,27.00833,95.46667,2009,3,Pre-monsoon,9.75,2025.0,Safe,0.0866897,0.0780207,0.0005554,0.71,NULL,NULL,normalized_exact,0.7,valid,Pre-monsoon_WL_1994-2025.pdf,GWRA_2025.pdf,NULL,local_pdf,local_pdf,official_web_fallback,pdf_text,pdf_table,NULL,5872,NULL,NULL,https://cgwb.gov.in
arunachal pradesh,tirap,namsang,namsang,Deomali,Deomali Station,27.2,95.525,2009,3,Pre-monsoon,5.03,2025.0,Safe,0.0866897,0.0780207,0.0005554,0.71,NULL,NULL,normalized_exact,0.7,valid,Pre-monsoon_WL_1994-2025.pdf,GWRA_2025.pdf,NULL,local_pdf,local_pdf,official_web_fallback,pdf_text,pdf_table,NULL,5872,NULL,NULL,https://cgwb.gov.in
arunachal pradesh,changlang,changlang,changlang,Jairampur,Jairampur Station,27.20833,96.04167,2008,3,Pre-monsoon,3.11,2025.0,Safe,0.3010752,0.2709675,0.0024762,0.91,NULL,NULL,normalized_exact,0.7,valid,Pre-monsoon_WL_1994-2025.pdf,GWRA_2025.pdf,NULL,local_pdf,local_pdf,official_web_fallback,pdf_text,pdf_table,NULL,6147,NULL,NULL,https://cgwb.gov.in
arunachal pradesh,changlang,changlang,changlang,Namchik,Namchik Station,27.41667,96.04583,2008,3,Pre-monsoon,4.69,2025.0,Safe,0.3010752,0.2709675,0.0024762,0.91,NULL,NULL,normalized_exact,0.7,valid,Pre-monsoon_WL_1994-2025.pdf,GWRA_2025.pdf,NULL,local_pdf,local_pdf,official_web_fallback,pdf_text,pdf_table,NULL,6147,NULL,NULL,https://cgwb.gov.in
arunachal pradesh,changlang,khagam-miao,khagam-miao,Namphai,Namphai Station,27.45833,96.10833,2008,3,Pre-monsoon,2.31,2025.0,Safe,0.3010752,0.2709675,0.0024762,0.91,NULL,NULL,normalized_exact,0.7,valid,Pre-monsoon_WL_1994-2025.pdf,GWRA_2025.pdf,NULL,local_pdf,local_pdf,official_web_fallback,pdf_text,pdf_table,NULL,6147,NULL,NULL,https://cgwb.gov.in
arunachal pradesh,changlang,khagam-miao,khagam-miao,Newlisan Kharsang,Newlisan Kharsang Station,27.5,96.13333,2008,3,Pre-monsoon,5.41,2025.0,Safe,0.3010752,0.2709675,0.0024762,0.91,NULL,NULL,normalized_exact,0.7,valid,Pre-monsoon_WL_1994-2025.pdf,GWRA_2025.pdf,NULL,local_pdf,local_pdf,official_web_fallback,pdf_text,pdf_table,NULL,6147,NULL,NULL,https://cgwb.gov.in
arunachal pradesh,east siang,pasighat,pasighat,Pasighat,Pasighat Station,28.11806,95.29167,2008,3,Pre-monsoon,10.98,2025.0,Safe,0.8026644000000001,0.71985,0.0017902,0.25,NULL,NULL,normalized_exact,0.7,valid,Pre-monsoon_WL_1994-2025.pdf,GWRA_2025.pdf,NULL,local_pdf,local_pdf,official_web_fallback,pdf_text,pdf_table,NULL,6147,NULL,NULL,https://cgwb.gov.in
arunachal pradesh,east siang,ruksin,ruksin,Berung,Berung Station,27.98639,95.335,2008,3,Pre-monsoon,2.34,2025.0,Safe,0.8026644000000001,0.71985,0.0017902,0.25,NULL,NULL,normalized_exact,0.7,valid,Pre-monsoon_WL_1994-2025.pdf,GWRA_2025.pdf,NULL,local_pdf,local_pdf,official_web_fallback,pdf_text,pdf_table,NULL,6147,NULL,NULL,https://cgwb.gov.in
arunachal pradesh,namsai,chowkham,chowkham,Chowkham,Chowkham Station,27.8,96.06667,2008,3,Pre-monsoon,2.33,NULL,Safe,NULL,NULL,NULL,NULL,NULL,NULL,unmatched,0.0,valid,Pre-monsoon_WL_1994-2025.pdf,NULL,NULL,local_pdf,official_web_fallback,official_web_fallback,pdf_text,NULL,NULL,6147,NULL,NULL,https://cgwb.gov.in
arunachal pradesh,namsai,namsai,namsai,Lathow,Lathow Station,27.66667,95.875,2008,3,Pre-monsoon,3.52,NULL,Safe,NULL,NULL,NULL,NULL,NULL,NULL,unmatched,0.0,valid,Pre-monsoon_WL_1994-2025.pdf,NULL,NULL,local_pdf,official_web_fallback,official_web_fallback,pdf_text,NULL,NULL,6147,NULL,NULL,https://cgwb.gov.in
arunachal pradesh,tirap,borduria,borduria,Borduria,Borduria Station,27.01667,95.46667,2008,3,Pre-monsoon,6.5,2025.0,Safe,0.0866897,0.0780207,0.0005554,0.71,NULL,NULL,normalized_exact,0.7,valid,Pre-monsoon_WL_1994-2025.pdf,GWRA_2025.pdf,NULL,local_pdf,local_pdf,official_web_fallback,pdf_text,pdf_table,NULL,6147,NULL,NULL,https://cgwb.gov.in
arunachal pradesh,tirap,borduria,borduria,Hukanjuri,Hukanjuri Station,27.00833,95.46667,2008,3,Pre-monsoon,9.8,2025.0,Safe,0.0866897,0.0780207,0.0005554,0.71,NULL,NULL,normalized_exact,0.7,valid,Pre-monsoon_WL_1994-2025.pdf,GWRA_2025.pdf,NULL,local_pdf,local_pdf,official_web_fallback,pdf_text,pdf_table,NULL,6147,NULL,NULL,https://cgwb.gov.in
arunachal pradesh,tirap,namsang,namsang,Deomali,Deomali Station,27.2,95.525,2008,3,Pre-monsoon,4.99,2025.0,Safe,0.0866897,0.0780207,0.0005554,0.71,NULL,NULL,normalized_exact,0.7,valid,Pre-monsoon_WL_1994-2025.pdf,GWRA_2025.pdf,NULL,local_pdf,local_pdf,official_web_fallback,pdf_text,pdf_table,NULL,6147,NULL,NULL,https://cgwb.gov.in
arunachal pradesh,changlang,changlang,changlang,Jairampur,Jairampur Station,27.20833,96.04167,2002,4,Pre-monsoon,3.95,2025.0,Safe,0.3010752,0.2709675,0.0024762,0.91,NULL,NULL,normalized_exact,0.7,valid,Pre-monsoon_WL_1994-2025.pdf,GWRA_2025.pdf,NULL,local_pdf,local_pdf,official_web_fallback,pdf_text,pdf_table,NULL,7774,NULL,NULL,https://cgwb.gov.in
arunachal pradesh,changlang,changlang,changlang,Namchik,Namchik Station,27.41667,96.04583,2002,4,Pre-monsoon,3.65,2025.0,Safe,0.3010752,0.2709675,0.0024762,0.91,NULL,NULL,normalized_exact,0.7,valid,Pre-monsoon_WL_1994-2025.pdf,GWRA_2025.pdf,NULL,local_pdf,local_pdf,official_web_fallback,pdf_text,pdf_table,NULL,7774,NULL,NULL,https://cgwb.gov.in
arunachal pradesh,changlang,khagam-miao,khagam-miao,Namphai,Namphai Station,27.45833,96.10833,2002,4,Pre-monsoon,3.82,2025.0,Safe,0.3010752,0.2709675,0.0024762,0.91,NULL,NULL,normalized_exact,0.7,valid,Pre-monsoon_WL_1994-2025.pdf,GWRA_2025.pdf,NULL,local_pdf,local_pdf,official_web_fallback,pdf_text,pdf_table,NULL,7774,NULL,NULL,https://cgwb.gov.in
arunachal pradesh,changlang,khagam-miao,khagam-miao,Newlisan Kharsang,Newlisan Kharsang Station,27.5,96.13333,2002,4,Pre-monsoon,5.35,2025.0,Safe,0.3010752,0.2709675,0.0024762,0.91,NULL,NULL,normalized_exact,0.7,valid,Pre-monsoon_WL_1994-2025.pdf,GWRA_2025.pdf,NULL,local_pdf,local_pdf,official_web_fallback,pdf_text,pdf_table,NULL,7774,NULL,NULL,https://cgwb.gov.in
arunachal pradesh,east siang,pasighat,pasighat,Pasighat,Pasighat Station,28.11806,95.29167,2002,4,Pre-monsoon,9.95,2025.0,Safe,0.8026644000000001,0.71985,0.0017902,0.25,NULL,NULL,normalized_exact,0.7,valid,Pre-monsoon_WL_1994-2025.pdf,GWRA_2025.pdf,NULL,local_pdf,local_pdf,official_web_fallback,pdf_text,pdf_table,NULL,7774,NULL,NULL,https://cgwb.gov.in
arunachal pradesh,east siang,ruksin,ruksin,Puranajelam,Puranajelam Station,27.79583,95.25278,2002,4,Pre-monsoon,2.69,2025.0,Safe,0.8026644000000001,0.71985,0.0017902,0.25,NULL,NULL,normalized_exact,0.7,valid,Pre-monsoon_WL_1994-2025.pdf,GWRA_2025.pdf,NULL,local_pdf,local_pdf,official_web_fallback,pdf_text,pdf_table,NULL,7774,NULL,NULL,https://cgwb.gov.in
arunachal pradesh,east siang,ruksin,ruksin,Rukching,Rukching Station,27.85,95.23333,2002,4,Pre-monsoon,0.41,2025.0,Safe,0.8026644000000001,0.71985,0.0017902,0.25,NULL,NULL,normalized_exact,0.7,valid,Pre-monsoon_WL_1994-2025.pdf,GWRA_2025.pdf,NULL,local_pdf,local_pdf,official_web_fallback,pdf_text,pdf_table,NULL,7774,NULL,NULL,https://cgwb.gov.in
arunachal pradesh,east siang,ruksin,ruksin,Sille,Sille Station,27.86667,95.31667,2002,4,Pre-monsoon,1.39,2025.0,Safe,0.8026644000000001,0.71985,0.0017902,0.25,NULL,NULL,normalized_exact,0.7,valid,Pre-monsoon_WL_1994-2025.pdf,GWRA_2025.pdf,NULL,local_pdf,local_pdf,official_web_fallback,pdf_text,pdf_table,NULL,7774,NULL,NULL,https://cgwb.gov.in
arunachal pradesh,namsai,chowkham,chowkham,Chowkham,Chowkham Station,27.8,96.06667,2002,4,Pre-monsoon,2.08,NULL,Safe,NULL,NULL,NULL,NULL,NULL,NULL,unmatched,0.0,valid,Pre-monsoon_WL_1994-2025.pdf,NULL,NULL,local_pdf,official_web_fallback,official_web_fallback,pdf_text,NULL,NULL,7774,NULL,NULL,https://cgwb.gov.in
arunachal pradesh,namsai,namsai,namsai,Lathow,Lathow Station,27.66667,95.875,2002,4,Pre-monsoon,2.72,NULL,Safe,NULL,NULL,NULL,NULL,NULL,NULL,unmatched,0.0,valid,Pre-monsoon_WL_1994-2025.pdf,NULL,NULL,local_pdf,official_web_fallback,official_web_fallback,pdf_text,NULL,NULL,7775,NULL,NULL,https://cgwb.gov.in
arunachal pradesh,papum pare,balijan,balijan,Sonajuli,Sonajuli Station,27.02814,93.74131,2002,4,Pre-monsoon,4.26,2025.0,Safe,0.1230744,0.0959323,0.0014868,1.55,NULL,NULL,normalized_exact,0.7,valid,Pre-monsoon_WL_1994-2025.pdf,GWRA_2025.pdf,NULL,local_pdf,local_pdf,official_web_fallback,pdf_text,pdf_table,NULL,7775,NULL,NULL,https://cgwb.gov.in
arunachal pradesh,papum pare,kimin,kimin,Kimin,Kimin Station,27.30833,93.96944,2002,4,Pre-monsoon,1.36,2025.0,Safe,0.1230744,0.0959323,0.0014868,1.55,NULL,NULL,normalized_exact,0.7,valid,Pre-monsoon_WL_1994-2025.pdf,GWRA_2025.pdf,NULL,local_pdf,local_pdf,official_web_fallback,pdf_text,pdf_table,NULL,7775,NULL,NULL,https://cgwb.gov.in
arunachal pradesh,tirap,borduria,borduria,Borduria,Borduria Station,27.01667,95.46667,2002,4,Pre-monsoon,4.42,2025.0,Safe,0.0866897,0.0780207,0.0005554,0.71,NULL,NULL,normalized_exact,0.7,valid,Pre-monsoon_WL_1994-2025.pdf,GWRA_2025.pdf,NULL,local_pdf,local_pdf,official_web_fallback,pdf_text,pdf_table,NULL,7775,NULL,NULL,https://cgwb.gov.in
arunachal pradesh,tirap,borduria,borduria,Hukanjuri,Hukanjuri Station,27.00833,95.46667,2002,4,Pre-monsoon,4.93,2025.0,Safe,0.0866897,0.0780207,0.0005554,0.71,NULL,NULL,normalized_exact,0.7,valid,Pre-monsoon_WL_1994-2025.pdf,GWRA_2025.pdf,NULL,local_pdf,local_pdf,official_web_fallback,pdf_text,pdf_table,NULL,7775,NULL,NULL,https://cgwb.gov.in
arunachal pradesh,tirap,namsang,namsang,Deomali,Deomali Station,27.2,95.525,2002,4,Pre-monsoon,3.59,2025.0,Safe,0.0866897,0.0780207,0.0005554,0.71,NULL,NULL,normalized_exact,0.7,valid,Pre-monsoon_WL_1994-2025.pdf,GWRA_2025.pdf,NULL,local_pdf,local_pdf,official_web_fallback,pdf_text,pdf_table,NULL,7775,NULL,NULL,https://cgwb.gov.in
arunachal pradesh,changlang,changlang,changlang,Jairampur,Jairampur Station,27.2083333,96.04166667,2001,4,Pre-monsoon,4.48,2025.0,Safe,0.3010752,0.2709675,0.0024762,0.91,NULL,NULL,normalized_exact,0.7,valid,Pre-monsoon_WL_1994-2025.pdf,GWRA_2025.pdf,NULL,local_pdf,local_pdf,official_web_fallback,pdf_text,pdf_table,NULL,8045,NULL,NULL,https://cgwb.gov.in
arunachal pradesh,changlang,changlang,changlang,Namchik,Namchik Station,27.4166667,96.04583333,2001,4,Pre-monsoon,3.72,2025.0,Safe,0.3010752,0.2709675,0.0024762,0.91,NULL,NULL,normalized_exact,0.7,valid,Pre-monsoon_WL_1994-2025.pdf,GWRA_2025.pdf,NULL,local_pdf,local_pdf,official_web_fallback,pdf_text,pdf_table,NULL,8045,NULL,NULL,https://cgwb.gov.in
arunachal pradesh,changlang,khagam-miao,khagam-miao,Namphai,Namphai Station,27.4583333,96.10833333,2001,4,Pre-monsoon,3.28,2025.0,Safe,0.3010752,0.2709675,0.0024762,0.91,NULL,NULL,normalized_exact,0.7,valid,Pre-monsoon_WL_1994-2025.pdf,GWRA_2025.pdf,NULL,local_pdf,local_pdf,official_web_fallback,pdf_text,pdf_table,NULL,8045,NULL,NULL,https://cgwb.gov.in
arunachal pradesh,changlang,khagam-miao,khagam-miao,Newlisan Kharsang,Newlisan Kharsang Station,27.5,96.13333333,2001,4,Pre-monsoon,5.19,2025.0,Safe,0.3010752,0.2709675,0.0024762,0.91,NULL,NULL,normalized_exact,0.7,valid,Pre-monsoon_WL_1994-2025.pdf,GWRA_2025.pdf,NULL,local_pdf,local_pdf,official_web_fallback,pdf_text,pdf_table,NULL,8045,NULL,NULL,https://cgwb.gov.in
arunachal pradesh,east siang,pasighat,pasighat,Pasighat,Pasighat Station,28.1180556,95.29166667,2001,4,Pre-monsoon,11.13,2025.0,Safe,0.8026644000000001,0.71985,0.0017902,0.25,NULL,NULL,normalized_exact,0.7,valid,Pre-monsoon_WL_1994-2025.pdf,GWRA_2025.pdf,NULL,local_pdf,local_pdf,official_web_fallback,pdf_text,pdf_table,NULL,8045,NULL,NULL,https://cgwb.gov.in
arunachal pradesh,east siang,ruksin,ruksin,Puranajelam,Puranajelam Station,27.7958333,95.25277778,2001,4,Pre-monsoon,3.88,2025.0,Safe,0.8026644000000001,0.71985,0.0017902,0.25,NULL,NULL,normalized_exact,0.7,valid,Pre-monsoon_WL_1994-2025.pdf,GWRA_2025.pdf,NULL,local_pdf,local_pdf,official_web_fallback,pdf_text,pdf_table,NULL,8045,NULL,NULL,https://cgwb.gov.in
arunachal pradesh,east siang,ruksin,ruksin,Rukching,Rukching Station,27.85,95.23333333,2001,4,Pre-monsoon,1.26,2025.0,Safe,0.8026644000000001,0.71985,0.0017902,0.25,NULL,NULL,normalized_exact,0.7,valid,Pre-monsoon_WL_1994-2025.pdf,GWRA_2025.pdf,NULL,local_pdf,local_pdf,official_web_fallback,pdf_text,pdf_table,NULL,8045,NULL,NULL,https://cgwb.gov.in
arunachal pradesh,east siang,ruksin,ruksin,Sille,Sille Station,27.8666667,95.31666667,2001,4,Pre-monsoon,2.77,2025.0,Safe,0.8026644000000001,0.71985,0.0017902,0.25,NULL,NULL,normalized_exact,0.7,valid,Pre-monsoon_WL_1994-2025.pdf,GWRA_2025.pdf,NULL,local_pdf,local_pdf,official_web_fallback,pdf_text,pdf_table,NULL,8045,NULL,NULL,https://cgwb.gov.in
arunachal pradesh,namsai,lekang,lekang,Old Mohang,Old Mohang Station,27.5638889,95.86944444,2001,4,Pre-monsoon,4.5,NULL,Safe,NULL,NULL,NULL,NULL,NULL,NULL,unmatched,0.0,valid,Pre-monsoon_WL_1994-2025.pdf,NULL,NULL,local_pdf,official_web_fallback,official_web_fallback,pdf_text,NULL,NULL,8045,NULL,NULL,https://cgwb.gov.in
arunachal pradesh,papum pare,doimukh,doimukh,Doimukh,Doimukh Station,27.15,93.75,2001,4,Pre-monsoon,1.28,2025.0,Safe,0.1230744,0.0959323,0.0014868,1.55,NULL,NULL,normalized_exact,0.7,valid,Pre-monsoon_WL_1994-2025.pdf,GWRA_2025.pdf,NULL,local_pdf,local_pdf,official_web_fallback,pdf_text,pdf_table,NULL,8045,NULL,NULL,https://cgwb.gov.in
arunachal pradesh,tirap,borduria,borduria,Borduria,Borduria Station,27.0166667,95.46666667,2001,4,Pre-monsoon,6.16,2025.0,Safe,0.0866897,0.0780207,0.0005554,0.71,NULL,NULL,normalized_exact,0.7,valid,Pre-monsoon_WL_1994-2025.pdf,GWRA_2025.pdf,NULL,local_pdf,local_pdf,official_web_fallback,pdf_text,pdf_table,NULL,8045,NULL,NULL,https://cgwb.gov.in
arunachal pradesh,tirap,borduria,borduria,Hukanjuri,Hukanjuri Station,27.0083333,95.46666667,2001,4,Pre-monsoon,9.73,2025.0,Safe,0.0866897,0.0780207,0.0005554,0.71,NULL,NULL,normalized_exact,0.7,valid,Pre-monsoon_WL_1994-2025.pdf,GWRA_2025.pdf,NULL,local_pdf,local_pdf,official_web_fallback,pdf_text,pdf_table,NULL,8045,NULL,NULL,https://cgwb.gov.in
arunachal pradesh,tirap,namsang,namsang,Deomali,Deomali Station,27.2,95.525,2001,4,Pre-monsoon,7.35,2025.0,Safe,0.0866897,0.0780207,0.0005554,0.71,NULL,NULL,normalized_exact,0.7,valid,Pre-monsoon_WL_1994-2025.pdf,GWRA_2025.pdf,NULL,local_pdf,local_pdf,official_web_fallback,pdf_text,pdf_table,NULL,8045,NULL,NULL,https://cgwb.gov.in
arunachal pradesh,changlang,changlang,changlang,Jairampur,Jairampur Station,27.20833,96.04167,2000,4,Pre-monsoon,1.3,2025.0,Safe,0.3010752,0.2709675,0.0024762,0.91,NULL,NULL,normalized_exact,0.7,valid,Pre-monsoon_WL_1994-2025.pdf,GWRA_2025.pdf,NULL,local_pdf,local_pdf,official_web_fallback,pdf_text,pdf_table,NULL,8316,NULL,NULL,https://cgwb.gov.in
arunachal pradesh,changlang,changlang,changlang,Namchik,Namchik Station,27.41667,96.04583,2000,4,Pre-monsoon,1.2,2025.0,Safe,0.3010752,0.2709675,0.0024762,0.91,NULL,NULL,normalized_exact,0.7,valid,Pre-monsoon_WL_1994-2025.pdf,GWRA_2025.pdf,NULL,local_pdf,local_pdf,official_web_fallback,pdf_text,pdf_table,NULL,8316,NULL,NULL,https://cgwb.gov.in
arunachal pradesh,changlang,khagam-miao,khagam-miao,Namphai,Namphai Station,27.45833,96.10833,2000,4,Pre-monsoon,1.65,2025.0,Safe,0.3010752,0.2709675,0.0024762,0.91,NULL,NULL,normalized_exact,0.7,valid,Pre-monsoon_WL_1994-2025.pdf,GWRA_2025.pdf,NULL,local_pdf,local_pdf,official_web_fallback,pdf_text,pdf_table,NULL,8316,NULL,NULL,https://cgwb.gov.in
arunachal pradesh,changlang,khagam-miao,khagam-miao,Newlisan Kharsang,Newlisan Kharsang Station,27.5,96.13333,2000,4,Pre-monsoon,3.6,2025.0,Safe,0.3010752,0.2709675,0.0024762,0.91,NULL,NULL,normalized_exact,0.7,valid,Pre-monsoon_WL_1994-2025.pdf,GWRA_2025.pdf,NULL,local_pdf,local_pdf,official_web_fallback,pdf_text,pdf_table,NULL,8316,NULL,NULL,https://cgwb.gov.in
arunachal pradesh,east siang,pasighat,pasighat,Pasighat,Pasighat Station,28.11806,95.29167,2000,4,Pre-monsoon,10.14,2025.0,Safe,0.8026644000000001,0.71985,0.0017902,0.25,NULL,NULL,normalized_exact,0.7,valid,Pre-monsoon_WL_1994-2025.pdf,GWRA_2025.pdf,NULL,local_pdf,local_pdf,official_web_fallback,pdf_text,pdf_table,NULL,8316,NULL,NULL,https://cgwb.gov.in
arunachal pradesh,east siang,ruksin,ruksin,Puranajelam,Puranajelam Station,27.79583,95.25278,2000,4,Pre-monsoon,3.17,2025.0,Safe,0.8026644000000001,0.71985,0.0017902,0.25,NULL,NULL,normalized_exact,0.7,valid,Pre-monsoon_WL_1994-2025.pdf,GWRA_2025.pdf,NULL,local_pdf,local_pdf,official_web_fallback,pdf_text,pdf_table,NULL,8316,NULL,NULL,https://cgwb.gov.in
arunachal pradesh,east siang,ruksin,ruksin,Rukching,Rukching Station,27.85,95.23333,2000,4,Pre-monsoon,0.54,2025.0,Safe,0.8026644000000001,0.71985,0.0017902,0.25,NULL,NULL,normalized_exact,0.7,valid,Pre-monsoon_WL_1994-2025.pdf,GWRA_2025.pdf,NULL,local_pdf,local_pdf,official_web_fallback,pdf_text,pdf_table,NULL,8316,NULL,NULL,https://cgwb.gov.in
arunachal pradesh,east siang,ruksin,ruksin,Sille,Sille Station,27.86667,95.31667,2000,4,Pre-monsoon,0.5,2025.0,Safe,0.8026644000000001,0.71985,0.0017902,0.25,NULL,NULL,normalized_exact,0.7,valid,Pre-monsoon_WL_1994-2025.pdf,GWRA_2025.pdf,NULL,local_pdf,local_pdf,official_web_fallback,pdf_text,pdf_table,NULL,8316,NULL,NULL,https://cgwb.gov.in
arunachal pradesh,papum pare,doimukh,doimukh,Doimukh,Doimukh Station,27.15,93.75,2000,4,Pre-monsoon,0.99,2025.0,Safe,0.1230744,0.0959323,0.0014868,1.55,NULL,NULL,normalized_exact,0.7,valid,Pre-monsoon_WL_1994-2025.pdf,GWRA_2025.pdf,NULL,local_pdf,local_pdf,official_web_fallback,pdf_text,pdf_table,NULL,8316,NULL,NULL,https://cgwb.gov.in
arunachal pradesh,changlang,changlang,changlang,Jairampur,Jairampur Station,27.20833,96.04167,1999,4,Pre-monsoon,5.99,2025.0,Safe,0.3010752,0.2709675,0.0024762,0.91,NULL,NULL,normalized_exact,0.7,valid,Pre-monsoon_WL_1994-2025.pdf,GWRA_2025.pdf,NULL,local_pdf,local_pdf,official_web_fallback,pdf_text,pdf_table,NULL,8590,NULL,NULL,https://cgwb.gov.in
arunachal pradesh,changlang,changlang,changlang,Namchik,Namchik Station,27.41667,96.04583,1999,4,Pre-monsoon,5.4,2025.0,Safe,0.3010752,0.2709675,0.0024762,0.91,NULL,NULL,normalized_exact,0.7,valid,Pre-monsoon_WL_1994-2025.pdf,GWRA_2025.pdf,NULL,local_pdf,local_pdf,official_web_fallback,pdf_text,pdf_table,NULL,8590,NULL,NULL,https://cgwb.gov.in
arunachal pradesh,changlang,khagam-miao,khagam-miao,Namphai,Namphai Station,27.45833,96.10833,1999,4,Pre-monsoon,3.1,2025.0,Safe,0.3010752,0.2709675,0.0024762,0.91,NULL,NULL,normalized_exact,0.7,valid,Pre-monsoon_WL_1994-2025.pdf,GWRA_2025.pdf,NULL,local_pdf,local_pdf,official_web_fallback,pdf_text,pdf_table,NULL,8590,NULL,NULL,https://cgwb.gov.in
arunachal pradesh,changlang,khagam-miao,khagam-miao,Newlisan Kharsang,Newlisan Kharsang Station,27.5,96.13333,1999,4,Pre-monsoon,5.83,2025.0,Safe,0.3010752,0.2709675,0.0024762,0.91,NULL,NULL,normalized_exact,0.7,valid,Pre-monsoon_WL_1994-2025.pdf,GWRA_2025.pdf,NULL,local_pdf,local_pdf,official_web_fallback,pdf_text,pdf_table,NULL,8590,NULL,NULL,https://cgwb.gov.in
arunachal pradesh,papum pare,doimukh,doimukh,Doimukh,Doimukh Station,27.15,93.75,1999,4,Pre-monsoon,1.6,2025.0,Safe,0.1230744,0.0959323,0.0014868,1.55,NULL,NULL,normalized_exact,0.7,valid,Pre-monsoon_WL_1994-2025.pdf,GWRA_2025.pdf,NULL,local_pdf,local_pdf,official_web_fallback,pdf_text,pdf_table,NULL,8590,NULL,NULL,https://cgwb.gov.in
arunachal pradesh,papum pare,kimin,kimin,Kimin,Kimin Station,27.30833,93.96944,1999,4,Pre-monsoon,1.21,2025.0,Safe,0.1230744,0.0959323,0.0014868,1.55,NULL,NULL,normalized_exact,0.7,valid,Pre-monsoon_WL_1994-2025.pdf,GWRA_2025.pdf,NULL,local_pdf,local_pdf,official_web_fallback,pdf_text,pdf_table,NULL,8590,NULL,NULL,https://cgwb.gov.in
arunachal pradesh,tirap,borduria,borduria,Borduria,Borduria Station,27.01667,95.46667,1999,4,Pre-monsoon,6.81,2025.0,Safe,0.0866897,0.0780207,0.0005554,0.71,NULL,NULL,normalized_exact,0.7,valid,Pre-monsoon_WL_1994-2025.pdf,GWRA_2025.pdf,NULL,local_pdf,local_pdf,official_web_fallback,pdf_text,pdf_table,NULL,8590,NULL,NULL,https://cgwb.gov.in
arunachal pradesh,tirap,borduria,borduria,Hukanjuri,Hukanjuri Station,27.00833,95.46667,1999,4,Pre-monsoon,4.1,2025.0,Safe,0.0866897,0.0780207,0.0005554,0.71,NULL,NULL,normalized_exact,0.7,valid,Pre-monsoon_WL_1994-2025.pdf,GWRA_2025.pdf,NULL,local_pdf,local_pdf,official_web_fallback,pdf_text,pdf_table,NULL,8590,NULL,NULL,https://cgwb.gov.in
arunachal pradesh,tirap,namsang,namsang,Deomali,Deomali Station,27.2,95.525,1999,4,Pre-monsoon,6.33,2025.0,Safe,0.0866897,0.0780207,0.0005554,0.71,NULL,NULL,normalized_exact,0.7,valid,Pre-monsoon_WL_1994-2025.pdf,GWRA_2025.pdf,NULL,local_pdf,local_pdf,official_web_fallback,pdf_text,pdf_table,NULL,8590,NULL,NULL,https://cgwb.gov.in
arunachal pradesh,changlang,changlang,changlang,Jairampur,Jairampur Station,27.20833,96.04167,1998,4,Pre-monsoon,4.5,2025.0,Safe,0.3010752,0.2709675,0.0024762,0.91,NULL,NULL,normalized_exact,0.7,valid,Pre-monsoon_WL_1994-2025.pdf,GWRA_2025.pdf,NULL,local_pdf,local_pdf,official_web_fallback,pdf_text,pdf_table,NULL,8877,NULL,NULL,https://cgwb.gov.in
arunachal pradesh,changlang,changlang,changlang,Namchik,Namchik Station,27.41667,96.04583,1998,4,Pre-monsoon,3.75,2025.0,Safe,0.3010752,0.2709675,0.0024762,0.91,NULL,NULL,normalized_exact,0.7,valid,Pre-monsoon_WL_1994-2025.pdf,GWRA_2025.pdf,NULL,local_pdf,local_pdf,official_web_fallback,pdf_text,pdf_table,NULL,8877,NULL,NULL,https://cgwb.gov.in
arunachal pradesh,changlang,khagam-miao,khagam-miao,Namphai,Namphai Station,27.45833,96.10833,1998,4,Pre-monsoon,3.85,2025.0,Safe,0.3010752,0.2709675,0.0024762,0.91,NULL,NULL,normalized_exact,0.7,valid,Pre-monsoon_WL_1994-2025.pdf,GWRA_2025.pdf,NULL,local_pdf,local_pdf,official_web_fallback,pdf_text,pdf_table,NULL,8877,NULL,NULL,https://cgwb.gov.in
arunachal pradesh,changlang,khagam-miao,khagam-miao,Newlisan Kharsang,Newlisan Kharsang Station,27.5,96.13333,1998,4,Pre-monsoon,3.0,2025.0,Safe,0.3010752,0.2709675,0.0024762,0.91,NULL,NULL,normalized_exact,0.7,valid,Pre-monsoon_WL_1994-2025.pdf,GWRA_2025.pdf,NULL,local_pdf,local_pdf,official_web_fallback,pdf_text,pdf_table,NULL,8877,NULL,NULL,https://cgwb.gov.in
arunachal pradesh,east siang,pasighat,pasighat,Pasighat,Pasighat Station,28.11806,95.29167,1998,4,Pre-monsoon,1.3,2025.0,Safe,0.8026644000000001,0.71985,0.0017902,0.25,NULL,NULL,normalized_exact,0.7,valid,Pre-monsoon_WL_1994-2025.pdf,GWRA_2025.pdf,NULL,local_pdf,local_pdf,official_web_fallback,pdf_text,pdf_table,NULL,8877,NULL,NULL,https://cgwb.gov.in
arunachal pradesh,east siang,ruksin,ruksin,Puranajelam,Puranajelam Station,27.79583,95.25278,1998,4,Pre-monsoon,3.35,2025.0,Safe,0.8026644000000001,0.71985,0.0017902,0.25,NULL,NULL,normalized_exact,0.7,valid,Pre-monsoon_WL_1994-2025.pdf,GWRA_2025.pdf,NULL,local_pdf,local_pdf,official_web_fallback,pdf_text,pdf_table,NULL,8877,NULL,NULL,https://cgwb.gov.in
arunachal pradesh,east siang,ruksin,ruksin,Rukching,Rukching Station,27.85,95.23333,1998,4,Pre-monsoon,1.11,2025.0,Safe,0.8026644000000001,0.71985,0.0017902,0.25,NULL,NULL,normalized_exact,0.7,valid,Pre-monsoon_WL_1994-2025.pdf,GWRA_2025.pdf,NULL,local_pdf,local_pdf,official_web_fallback,pdf_text,pdf_table,NULL,8877,NULL,NULL,https://cgwb.gov.in
arunachal pradesh,east siang,ruksin,ruksin,Sille,Sille Station,27.86667,95.31667,1998,4,Pre-monsoon,2.18,2025.0,Safe,0.8026644000000001,0.71985,0.0017902,0.25,NULL,NULL,normalized_exact,0.7,valid,Pre-monsoon_WL_1994-2025.pdf,GWRA_2025.pdf,NULL,local_pdf,local_pdf,official_web_fallback,pdf_text,pdf_table,NULL,8877,NULL,NULL,https://cgwb.gov.in
arunachal pradesh,papum pare,balijan,balijan,Sonajuli,Sonajuli Station,27.02814,93.74131,1998,4,Pre-monsoon,2.98,2025.0,Safe,0.1230744,0.0959323,0.0014868,1.55,NULL,NULL,normalized_exact,0.7,valid,Pre-monsoon_WL_1994-2025.pdf,GWRA_2025.pdf,NULL,local_pdf,local_pdf,official_web_fallback,pdf_text,pdf_table,NULL,8877,NULL,NULL,https://cgwb.gov.in
arunachal pradesh,papum pare,doimukh,doimukh,Doimukh,Doimukh Station,27.15,93.75,1998,4,Pre-monsoon,1.62,2025.0,Safe,0.1230744,0.0959323,0.0014868,1.55,NULL,NULL,normalized_exact,0.7,valid,Pre-monsoon_WL_1994-2025.pdf,GWRA_2025.pdf,NULL,local_pdf,local_pdf,official_web_fallback,pdf_text,pdf_table,NULL,8877,NULL,NULL,https://cgwb.gov.in
arunachal pradesh,papum pare,kimin,kimin,Kimin,Kimin Station,27.30833,93.96944,1998,4,Pre-monsoon,1.62,2025.0,Safe,0.1230744,0.0959323,0.0014868,1.55,NULL,NULL,normalized_exact,0.7,valid,Pre-monsoon_WL_1994-2025.pdf,GWRA_2025.pdf,NULL,local_pdf,local_pdf,official_web_fallback,pdf_text,pdf_table,NULL,8877,NULL,NULL,https://cgwb.gov.in
arunachal pradesh,tirap,borduria,borduria,Borduria,Borduria Station,27.01667,95.46667,1998,4,Pre-monsoon,1.92,2025.0,Safe,0.0866897,0.0780207,0.0005554,0.71,NULL,NULL,normalized_exact,0.7,valid,Pre-monsoon_WL_1994-2025.pdf,GWRA_2025.pdf,NULL,local_pdf,local_pdf,official_web_fallback,pdf_text,pdf_table,NULL,8877,NULL,NULL,https://cgwb.gov.in
arunachal pradesh,tirap,borduria,borduria,Hukanjuri,Hukanjuri Station,27.00833,95.46667,1998,4,Pre-monsoon,6.83,2025.0,Safe,0.0866897,0.0780207,0.0005554,0.71,NULL,NULL,normalized_exact,0.7,valid,Pre-monsoon_WL_1994-2025.pdf,GWRA_2025.pdf,NULL,local_pdf,local_pdf,official_web_fallback,pdf_text,pdf_table,NULL,8877,NULL,NULL,https://cgwb.gov.in
arunachal pradesh,tirap,namsang,namsang,Deomali,Deomali Station,27.2,95.525,1998,4,Pre-monsoon,3.88,2025.0,Safe,0.0866897,0.0780207,0.0005554,0.71,NULL,NULL,normalized_exact,0.7,valid,Pre-monsoon_WL_1994-2025.pdf,GWRA_2025.pdf,NULL,local_pdf,local_pdf,official_web_fallback,pdf_text,pdf_table,NULL,8877,NULL,NULL,https://cgwb.gov.in
arunachal pradesh,changlang,changlang,changlang,Jairampur,Jairampur Station,27.20833,96.04167,1997,4,Pre-monsoon,5.1,2025.0,Safe,0.3010752,0.2709675,0.0024762,0.91,NULL,NULL,normalized_exact,0.7,valid,Pre-monsoon_WL_1994-2025.pdf,GWRA_2025.pdf,NULL,local_pdf,local_pdf,official_web_fallback,pdf_text,pdf_table,NULL,9159,NULL,NULL,https://cgwb.gov.in
arunachal pradesh,changlang,changlang,changlang,Namchik,Namchik Station,27.41667,96.04583,1997,4,Pre-monsoon,4.7,2025.0,Safe,0.3010752,0.2709675,0.0024762,0.91,NULL,NULL,normalized_exact,0.7,valid,Pre-monsoon_WL_1994-2025.pdf,GWRA_2025.pdf,NULL,local_pdf,local_pdf,official_web_fallback,pdf_text,pdf_table,NULL,9159,NULL,NULL,https://cgwb.gov.in
arunachal pradesh,changlang,khagam-miao,khagam-miao,Namphai,Namphai Station,27.45833,96.10833,1997,4,Pre-monsoon,3.5,2025.0,Safe,0.3010752,0.2709675,0.0024762,0.91,NULL,NULL,normalized_exact,0.7,valid,Pre-monsoon_WL_1994-2025.pdf,GWRA_2025.pdf,NULL,local_pdf,local_pdf,official_web_fallback,pdf_text,pdf_table,NULL,9159,NULL,NULL,https://cgwb.gov.in
arunachal pradesh,changlang,khagam-miao,khagam-miao,Newlisan Kharsang,Newlisan Kharsang Station,27.5,96.13333,1997,4,Pre-monsoon,4.8,2025.0,Safe,0.3010752,0.2709675,0.0024762,0.91,NULL,NULL,normalized_exact,0.7,valid,Pre-monsoon_WL_1994-2025.pdf,GWRA_2025.pdf,NULL,local_pdf,local_pdf,official_web_fallback,pdf_text,pdf_table,NULL,9159,NULL,NULL,https://cgwb.gov.in
arunachal pradesh,east siang,pasighat,pasighat,Pasighat,Pasighat Station,28.11806,95.29167,1997,4,Pre-monsoon,2.15,2025.0,Safe,0.8026644000000001,0.71985,0.0017902,0.25,NULL,NULL,normalized_exact,0.7,valid,Pre-monsoon_WL_1994-2025.pdf,GWRA_2025.pdf,NULL,local_pdf,local_pdf,official_web_fallback,pdf_text,pdf_table,NULL,9159,NULL,NULL,https://cgwb.gov.in
arunachal pradesh,east siang,ruksin,ruksin,Puranajelam,Puranajelam Station,27.79583,95.25278,1997,4,Pre-monsoon,3.45,2025.0,Safe,0.8026644000000001,0.71985,0.0017902,0.25,NULL,NULL,normalized_exact,0.7,valid,Pre-monsoon_WL_1994-2025.pdf,GWRA_2025.pdf,NULL,local_pdf,local_pdf,official_web_fallback,pdf_text,pdf_table,NULL,9159,NULL,NULL,https://cgwb.gov.in
arunachal pradesh,east siang,ruksin,ruksin,Reni,Reni Station,27.96667,95.31667,1997,4,Pre-monsoon,3.2,2025.0,Safe,0.8026644000000001,0.71985,0.0017902,0.25,NULL,NULL,normalized_exact,0.7,valid,Pre-monsoon_WL_1994-2025.pdf,GWRA_2025.pdf,NULL,local_pdf,local_pdf,official_web_fallback,pdf_text,pdf_table,NULL,9159,NULL,NULL,https://cgwb.gov.in
arunachal pradesh,east siang,ruksin,ruksin,Rukching,Rukching Station,27.85,95.23333,1997,4,Pre-monsoon,1.16,2025.0,Safe,0.8026644000000001,0.71985,0.0017902,0.25,NULL,NULL,normalized_exact,0.7,valid,Pre-monsoon_WL_1994-2025.pdf,GWRA_2025.pdf,NULL,local_pdf,local_pdf,official_web_fallback,pdf_text,pdf_table,NULL,9159,NULL,NULL,https://cgwb.gov.in
arunachal pradesh,east siang,ruksin,ruksin,Sille,Sille Station,27.86667,95.31667,1997,4,Pre-monsoon,2.97,2025.0,Safe,0.8026644000000001,0.71985,0.0017902,0.25,NULL,NULL,normalized_exact,0.7,valid,Pre-monsoon_WL_1994-2025.pdf,GWRA_2025.pdf,NULL,local_pdf,local_pdf,official_web_fallback,pdf_text,pdf_table,NULL,9159,NULL,NULL,https://cgwb.gov.in
arunachal pradesh,namsai,lekang,lekang,Old Mohang,Old Mohang Station,27.56389,95.86944,1997,4,Pre-monsoon,4.48,NULL,Safe,NULL,NULL,NULL,NULL,NULL,NULL,unmatched,0.0,valid,Pre-monsoon_WL_1994-2025.pdf,NULL,NULL,local_pdf,official_web_fallback,official_web_fallback,pdf_text,NULL,NULL,9159,NULL,NULL,https://cgwb.gov.in
arunachal pradesh,papum pare,balijan,balijan,Sonajuli,Sonajuli Station,27.02814,93.74131,1997,4,Pre-monsoon,5.08,2025.0,Safe,0.1230744,0.0959323,0.0014868,1.55,NULL,NULL,normalized_exact,0.7,valid,Pre-monsoon_WL_1994-2025.pdf,GWRA_2025.pdf,NULL,local_pdf,local_pdf,official_web_fallback,pdf_text,pdf_table,NULL,9159,NULL,NULL,https://cgwb.gov.in
arunachal pradesh,papum pare,kimin,kimin,Kimin,Kimin Station,27.30833,93.96944,1997,4,Pre-monsoon,1.45,2025.0,Safe,0.1230744,0.0959323,0.0014868,1.55,NULL,NULL,normalized_exact,0.7,valid,Pre-monsoon_WL_1994-2025.pdf,GWRA_2025.pdf,NULL,local_pdf,local_pdf,official_web_fallback,pdf_text,pdf_table,NULL,9159,NULL,NULL,https://cgwb.gov.in
arunachal pradesh,tirap,borduria,borduria,Borduria,Borduria Station,27.01667,95.46667,1997,4,Pre-monsoon,3.71,2025.0,Safe,0.0866897,0.0780207,0.0005554,0.71,NULL,NULL,normalized_exact,0.7,valid,Pre-monsoon_WL_1994-2025.pdf,GWRA_2025.pdf,NULL,local_pdf,local_pdf,official_web_fallback,pdf_text,pdf_table,NULL,9159,NULL,NULL,https://cgwb.gov.in
arunachal pradesh,tirap,borduria,borduria,Hukanjuri,Hukanjuri Station,27.00833,95.46667,1997,4,Pre-monsoon,4.84,2025.0,Safe,0.0866897,0.0780207,0.0005554,0.71,NULL,NULL,normalized_exact,0.7,valid,Pre-monsoon_WL_1994-2025.pdf,GWRA_2025.pdf,NULL,local_pdf,local_pdf,official_web_fallback,pdf_text,pdf_table,NULL,9159,NULL,NULL,https://cgwb.gov.in
arunachal pradesh,tirap,namsang,namsang,Deomali,Deomali Station,27.2,95.525,1997,4,Pre-monsoon,1.83,2025.0,Safe,0.0866897,0.0780207,0.0005554,0.71,NULL,NULL,normalized_exact,0.7,valid,Pre-monsoon_WL_1994-2025.pdf,GWRA_2025.pdf,NULL,local_pdf,local_pdf,official_web_fallback,pdf_text,pdf_table,NULL,9159,NULL,NULL,https://cgwb.gov.in
arunachal pradesh,changlang,changlang,changlang,Jairampur,Jairampur Station,27.20833,96.04167,1996,4,Pre-monsoon,4.03,2025.0,Safe,0.3010752,0.2709675,0.0024762,0.91,NULL,NULL,normalized_exact,0.7,valid,Pre-monsoon_WL_1994-2025.pdf,GWRA_2025.pdf,NULL,local_pdf,local_pdf,official_web_fallback,pdf_text,pdf_table,NULL,9442,NULL,NULL,https://cgwb.gov.in
arunachal pradesh,changlang,changlang,changlang,Namchik,Namchik Station,27.41667,96.04583,1996,4,Pre-monsoon,2.05,2025.0,Safe,0.3010752,0.2709675,0.0024762,0.91,NULL,NULL,normalized_exact,0.7,valid,Pre-monsoon_WL_1994-2025.pdf,GWRA_2025.pdf,NULL,local_pdf,local_pdf,official_web_fallback,pdf_text,pdf_table,NULL,9442,NULL,NULL,https://cgwb.gov.in
arunachal pradesh,changlang,khagam-miao,khagam-miao,Namphai,Namphai Station,27.45833,96.10833,1996,4,Pre-monsoon,1.74,2025.0,Safe,0.3010752,0.2709675,0.0024762,0.91,NULL,NULL,normalized_exact,0.7,valid,Pre-monsoon_WL_1994-2025.pdf,GWRA_2025.pdf,NULL,local_pdf,local_pdf,official_web_fallback,pdf_text,pdf_table,NULL,9442,NULL,NULL,https://cgwb.gov.in
arunachal pradesh,changlang,khagam-miao,khagam-miao,Newlisan Kharsang,Newlisan Kharsang Station,27.5,96.13333,1996,4,Pre-monsoon,3.93,2025.0,Safe,0.3010752,0.2709675,0.0024762,0.91,NULL,NULL,normalized_exact,0.7,valid,Pre-monsoon_WL_1994-2025.pdf,GWRA_2025.pdf,NULL,local_pdf,local_pdf,official_web_fallback,pdf_text,pdf_table,NULL,9442,NULL,NULL,https://cgwb.gov.in
arunachal pradesh,east siang,pasighat,pasighat,Pasighat,Pasighat Station,28.11806,95.29167,1996,4,Pre-monsoon,2.5,2025.0,Safe,0.8026644000000001,0.71985,0.0017902,0.25,NULL,NULL,normalized_exact,0.7,valid,Pre-monsoon_WL_1994-2025.pdf,GWRA_2025.pdf,NULL,local_pdf,local_pdf,official_web_fallback,pdf_text,pdf_table,NULL,9442,NULL,NULL,https://cgwb.gov.in
arunachal pradesh,east siang,ruksin,ruksin,Puranajelam,Puranajelam Station,27.79583,95.25278,1996,4,Pre-monsoon,1.55,2025.0,Safe,0.8026644000000001,0.71985,0.0017902,0.25,NULL,NULL,normalized_exact,0.7,valid,Pre-monsoon_WL_1994-2025.pdf,GWRA_2025.pdf,NULL,local_pdf,local_pdf,official_web_fallback,pdf_text,pdf_table,NULL,9442,NULL,NULL,https://cgwb.gov.in
arunachal pradesh,east siang,ruksin,ruksin,Reni,Reni Station,27.96667,95.31667,1996,4,Pre-monsoon,0.95,2025.0,Safe,0.8026644000000001,0.71985,0.0017902,0.25,NULL,NULL,normalized_exact,0.7,valid,Pre-monsoon_WL_1994-2025.pdf,GWRA_2025.pdf,NULL,local_pdf,local_pdf,official_web_fallback,pdf_text,pdf_table,NULL,9442,NULL,NULL,https://cgwb.gov.in
arunachal pradesh,east siang,ruksin,ruksin,Rukching,Rukching Station,27.85,95.23333,1996,4,Pre-monsoon,0.92,2025.0,Safe,0.8026644000000001,0.71985,0.0017902,0.25,NULL,NULL,normalized_exact,0.7,valid,Pre-monsoon_WL_1994-2025.pdf,GWRA_2025.pdf,NULL,local_pdf,local_pdf,official_web_fallback,pdf_text,pdf_table,NULL,9442,NULL,NULL,https://cgwb.gov.in
arunachal pradesh,east siang,ruksin,ruksin,Sille,Sille Station,27.86667,95.31667,1996,4,Pre-monsoon,0.2,2025.0,Safe,0.8026644000000001,0.71985,0.0017902,0.25,NULL,NULL,normalized_exact,0.7,valid,Pre-monsoon_WL_1994-2025.pdf,GWRA_2025.pdf,NULL,local_pdf,local_pdf,official_web_fallback,pdf_text,pdf_table,NULL,9442,NULL,NULL,https://cgwb.gov.in
arunachal pradesh,papum pare,balijan,balijan,Sonajuli,Sonajuli Station,27.02814,93.74131,1996,4,Pre-monsoon,1.52,2025.0,Safe,0.1230744,0.0959323,0.0014868,1.55,NULL,NULL,normalized_exact,0.7,valid,Pre-monsoon_WL_1994-2025.pdf,GWRA_2025.pdf,NULL,local_pdf,local_pdf,official_web_fallback,pdf_text,pdf_table,NULL,9442,NULL,NULL,https://cgwb.gov.in
arunachal pradesh,papum pare,doimukh,doimukh,Doimukh,Doimukh Station,27.15,93.75,1996,4,Pre-monsoon,0.23,2025.0,Safe,0.1230744,0.0959323,0.0014868,1.55,NULL,NULL,normalized_exact,0.7,valid,Pre-monsoon_WL_1994-2025.pdf,GWRA_2025.pdf,NULL,local_pdf,local_pdf,official_web_fallback,pdf_text,pdf_table,NULL,9443,NULL,NULL,https://cgwb.gov.in
arunachal pradesh,papum pare,kimin,kimin,Kimin,Kimin Station,27.30833,93.96944,1996,4,Pre-monsoon,1.35,2025.0,Safe,0.1230744,0.0959323,0.0014868,1.55,NULL,NULL,normalized_exact,0.7,valid,Pre-monsoon_WL_1994-2025.pdf,GWRA_2025.pdf,NULL,local_pdf,local_pdf,official_web_fallback,pdf_text,pdf_table,NULL,9443,NULL,NULL,https://cgwb.gov.in
arunachal pradesh,tirap,borduria,borduria,Borduria,Borduria Station,27.01667,95.46667,1996,4,Pre-monsoon,3.22,2025.0,Safe,0.0866897,0.0780207,0.0005554,0.71,NULL,NULL,normalized_exact,0.7,valid,Pre-monsoon_WL_1994-2025.pdf,GWRA_2025.pdf,NULL,local_pdf,local_pdf,official_web_fallback,pdf_text,pdf_table,NULL,9443,NULL,NULL,https://cgwb.gov.in
arunachal pradesh,tirap,borduria,borduria,Hukanjuri,Hukanjuri Station,27.00833,95.46667,1996,4,Pre-monsoon,4.85,2025.0,Safe,0.0866897,0.0780207,0.0005554,0.71,NULL,NULL,normalized_exact,0.7,valid,Pre-monsoon_WL_1994-2025.pdf,GWRA_2025.pdf,NULL,local_pdf,local_pdf,official_web_fallback,pdf_text,pdf_table,NULL,9443,NULL,NULL,https://cgwb.gov.in
arunachal pradesh,tirap,namsang,namsang,Deomali,Deomali Station,27.2,95.525,1996,4,Pre-monsoon,2.31,2025.0,Safe,0.0866897,0.0780207,0.0005554,0.71,NULL,NULL,normalized_exact,0.7,valid,Pre-monsoon_WL_1994-2025.pdf,GWRA_2025.pdf,NULL,local_pdf,local_pdf,official_web_fallback,pdf_text,pdf_table,NULL,9443,NULL,NULL,https://cgwb.gov.in
arunachal pradesh,changlang,changlang,changlang,Jairampur,Jairampur Station,27.20833,96.04167,1995,4,Pre-monsoon,3.81,2025.0,Safe,0.3010752,0.2709675,0.0024762,0.91,NULL,NULL,normalized_exact,0.7,valid,Pre-monsoon_WL_1994-2025.pdf,GWRA_2025.pdf,NULL,local_pdf,local_pdf,official_web_fallback,pdf_text,pdf_table,NULL,9730,NULL,NULL,https://cgwb.gov.in
arunachal pradesh,changlang,changlang,changlang,Namchik,Namchik Station,27.41667,96.04583,1995,4,Pre-monsoon,4.85,2025.0,Safe,0.3010752,0.2709675,0.0024762,0.91,NULL,NULL,normalized_exact,0.7,valid,Pre-monsoon_WL_1994-2025.pdf,GWRA_2025.pdf,NULL,local_pdf,local_pdf,official_web_fallback,pdf_text,pdf_table,NULL,9730,NULL,NULL,https://cgwb.gov.in
arunachal pradesh,changlang,khagam-miao,khagam-miao,Namphai,Namphai Station,27.45833,96.10833,1995,4,Pre-monsoon,4.65,2025.0,Safe,0.3010752,0.2709675,0.0024762,0.91,NULL,NULL,normalized_exact,0.7,valid,Pre-monsoon_WL_1994-2025.pdf,GWRA_2025.pdf,NULL,local_pdf,local_pdf,official_web_fallback,pdf_text,pdf_table,NULL,9730,NULL,NULL,https://cgwb.gov.in
arunachal pradesh,changlang,khagam-miao,khagam-miao,Newlisan Kharsang,Newlisan Kharsang Station,27.5,96.13333,1995,4,Pre-monsoon,4.21,2025.0,Safe,0.3010752,0.2709675,0.0024762,0.91,NULL,NULL,normalized_exact,0.7,valid,Pre-monsoon_WL_1994-2025.pdf,GWRA_2025.pdf,NULL,local_pdf,local_pdf,official_web_fallback,pdf_text,pdf_table,NULL,9730,NULL,NULL,https://cgwb.gov.in
arunachal pradesh,east siang,ruksin,ruksin,Puranajelam,Puranajelam Station,27.79583,95.25278,1995,4,Pre-monsoon,0.65,2025.0,Safe,0.8026644000000001,0.71985,0.0017902,0.25,NULL,NULL,normalized_exact,0.7,valid,Pre-monsoon_WL_1994-2025.pdf,GWRA_2025.pdf,NULL,local_pdf,local_pdf,official_web_fallback,pdf_text,pdf_table,NULL,9730,NULL,NULL,https://cgwb.gov.in
arunachal pradesh,east siang,ruksin,ruksin,Reni,Reni Station,27.96667,95.31667,1995,4,Pre-monsoon,0.7,2025.0,Safe,0.8026644000000001,0.71985,0.0017902,0.25,NULL,NULL,normalized_exact,0.7,valid,Pre-monsoon_WL_1994-2025.pdf,GWRA_2025.pdf,NULL,local_pdf,local_pdf,official_web_fallback,pdf_text,pdf_table,NULL,9730,NULL,NULL,https://cgwb.gov.in
arunachal pradesh,east siang,ruksin,ruksin,Rukching,Rukching Station,27.85,95.23333,1995,4,Pre-monsoon,0.79,2025.0,Safe,0.8026644000000001,0.71985,0.0017902,0.25,NULL,NULL,normalized_exact,0.7,valid,Pre-monsoon_WL_1994-2025.pdf,GWRA_2025.pdf,NULL,local_pdf,local_pdf,official_web_fallback,pdf_text,pdf_table,NULL,9730,NULL,NULL,https://cgwb.gov.in
arunachal pradesh,east siang,ruksin,ruksin,Sille,Sille Station,27.86667,95.31667,1995,4,Pre-monsoon,0.85,2025.0,Safe,0.8026644000000001,0.71985,0.0017902,0.25,NULL,NULL,normalized_exact,0.7,valid,Pre-monsoon_WL_1994-2025.pdf,GWRA_2025.pdf,NULL,local_pdf,local_pdf,official_web_fallback,pdf_text,pdf_table,NULL,9730,NULL,NULL,https://cgwb.gov.in
arunachal pradesh,namsai,chowkham,chowkham,Chowkham,Chowkham Station,27.8,96.06667,1995,4,Pre-monsoon,0.86,NULL,Safe,NULL,NULL,NULL,NULL,NULL,NULL,unmatched,0.0,valid,Pre-monsoon_WL_1994-2025.pdf,NULL,NULL,local_pdf,official_web_fallback,official_web_fallback,pdf_text,NULL,NULL,9730,NULL,NULL,https://cgwb.gov.in
arunachal pradesh,namsai,namsai,namsai,Lathow,Lathow Station,27.66667,95.875,1995,4,Pre-monsoon,1.53,NULL,Safe,NULL,NULL,NULL,NULL,NULL,NULL,unmatched,0.0,valid,Pre-monsoon_WL_1994-2025.pdf,NULL,NULL,local_pdf,official_web_fallback,official_web_fallback,pdf_text,NULL,NULL,9730,NULL,NULL,https://cgwb.gov.in
arunachal pradesh,tirap,borduria,borduria,Borduria,Borduria Station,27.01667,95.46667,1995,4,Pre-monsoon,3.05,2025.0,Safe,0.0866897,0.0780207,0.0005554,0.71,NULL,NULL,normalized_exact,0.7,valid,Pre-monsoon_WL_1994-2025.pdf,GWRA_2025.pdf,NULL,local_pdf,local_pdf,official_web_fallback,pdf_text,pdf_table,NULL,9730,NULL,NULL,https://cgwb.gov.in
arunachal pradesh,tirap,borduria,borduria,Hukanjuri,Hukanjuri Station,27.00833,95.46667,1995,4,Pre-monsoon,4.55,2025.0,Safe,0.0866897,0.0780207,0.0005554,0.71,NULL,NULL,normalized_exact,0.7,valid,Pre-monsoon_WL_1994-2025.pdf,GWRA_2025.pdf,NULL,local_pdf,local_pdf,official_web_fallback,pdf_text,pdf_table,NULL,9730,NULL,NULL,https://cgwb.gov.in
arunachal pradesh,tirap,namsang,namsang,Deomali,Deomali Station,27.2,95.525,1995,4,Pre-monsoon,2.1,2025.0,Safe,0.0866897,0.0780207,0.0005554,0.71,NULL,NULL,normalized_exact,0.7,valid,Pre-monsoon_WL_1994-2025.pdf,GWRA_2025.pdf,NULL,local_pdf,local_pdf,official_web_fallback,pdf_text,pdf_table,NULL,9730,NULL,NULL,https://cgwb.gov.in
arunachal pradesh,changlang,changlang,changlang,Jairampur,Jairampur Station,27.20833,96.04167,1994,4,Pre-monsoon,3.52,2025.0,Safe,0.3010752,0.2709675,0.0024762,0.91,NULL,NULL,normalized_exact,0.7,valid,Pre-monsoon_WL_1994-2025.pdf,GWRA_2025.pdf,NULL,local_pdf,local_pdf,official_web_fallback,pdf_text,pdf_table,NULL,10009,NULL,NULL,https://cgwb.gov.in
arunachal pradesh,changlang,changlang,changlang,Namchik,Namchik Station,27.41667,96.04583,1994,4,Pre-monsoon,1.74,2025.0,Safe,0.3010752,0.2709675,0.0024762,0.91,NULL,NULL,normalized_exact,0.7,valid,Pre-monsoon_WL_1994-2025.pdf,GWRA_2025.pdf,NULL,local_pdf,local_pdf,official_web_fallback,pdf_text,pdf_table,NULL,10009,NULL,NULL,https://cgwb.gov.in
arunachal pradesh,changlang,khagam-miao,khagam-miao,Namphai,Namphai Station,27.45833,96.10833,1994,4,Pre-monsoon,1.5,2025.0,Safe,0.3010752,0.2709675,0.0024762,0.91,NULL,NULL,normalized_exact,0.7,valid,Pre-monsoon_WL_1994-2025.pdf,GWRA_2025.pdf,NULL,local_pdf,local_pdf,official_web_fallback,pdf_text,pdf_table,NULL,10009,NULL,NULL,https://cgwb.gov.in
arunachal pradesh,changlang,khagam-miao,khagam-miao,Newlisan Kharsang,Newlisan Kharsang Station,27.5,96.13333,1994,4,Pre-monsoon,1.32,2025.0,Safe,0.3010752,0.2709675,0.0024762,0.91,NULL,NULL,normalized_exact,0.7,valid,Pre-monsoon_WL_1994-2025.pdf,GWRA_2025.pdf,NULL,local_pdf,local_pdf,official_web_fallback,pdf_text,pdf_table,NULL,10009,NULL,NULL,https://cgwb.gov.in
arunachal pradesh,east siang,pasighat,pasighat,Pasighat,Pasighat Station,28.11806,95.29167,1994,4,Pre-monsoon,3.5,2025.0,Safe,0.8026644000000001,0.71985,0.0017902,0.25,NULL,NULL,normalized_exact,0.7,valid,Pre-monsoon_WL_1994-2025.pdf,GWRA_2025.pdf,NULL,local_pdf,local_pdf,official_web_fallback,pdf_text,pdf_table,NULL,10009,NULL,NULL,https://cgwb.gov.in
arunachal pradesh,east siang,ruksin,ruksin,Puranajelam,Puranajelam Station,27.79583,95.25278,1994,4,Pre-monsoon,4.04,2025.0,Safe,0.8026644000000001,0.71985,0.0017902,0.25,NULL,NULL,normalized_exact,0.7,valid,Pre-monsoon_WL_1994-2025.pdf,GWRA_2025.pdf,NULL,local_pdf,local_pdf,official_web_fallback,pdf_text,pdf_table,NULL,10009,NULL,NULL,https://cgwb.gov.in
arunachal pradesh,east siang,ruksin,ruksin,Reni,Reni Station,27.96667,95.31667,1994,4,Pre-monsoon,2.73,2025.0,Safe,0.8026644000000001,0.71985,0.0017902,0.25,NULL,NULL,normalized_exact,0.7,valid,Pre-monsoon_WL_1994-2025.pdf,GWRA_2025.pdf,NULL,local_pdf,local_pdf,official_web_fallback,pdf_text,pdf_table,NULL,10009,NULL,NULL,https://cgwb.gov.in
arunachal pradesh,east siang,ruksin,ruksin,Rukching,Rukching Station,27.85,95.23333,1994,4,Pre-monsoon,3.39,2025.0,Safe,0.8026644000000001,0.71985,0.0017902,0.25,NULL,NULL,normalized_exact,0.7,valid,Pre-monsoon_WL_1994-2025.pdf,GWRA_2025.pdf,NULL,local_pdf,local_pdf,official_web_fallback,pdf_text,pdf_table,NULL,10010,NULL,NULL,https://cgwb.gov.in
arunachal pradesh,east siang,ruksin,ruksin,Sille,Sille Station,27.86667,95.31667,1994,4,Pre-monsoon,2.65,2025.0,Safe,0.8026644000000001,0.71985,0.0017902,0.25,NULL,NULL,normalized_exact,0.7,valid,Pre-monsoon_WL_1994-2025.pdf,GWRA_2025.pdf,NULL,local_pdf,local_pdf,official_web_fallback,pdf_text,pdf_table,NULL,10010,NULL,NULL,https://cgwb.gov.in
arunachal pradesh,namsai,chowkham,chowkham,Chowkham,Chowkham Station,27.8,96.06667,1994,4,Pre-monsoon,0.52,NULL,Safe,NULL,NULL,NULL,NULL,NULL,NULL,unmatched,0.0,valid,Pre-monsoon_WL_1994-2025.pdf,NULL,NULL,local_pdf,official_web_fallback,official_web_fallback,pdf_text,NULL,NULL,10010,NULL,NULL,https://cgwb.gov.in
arunachal pradesh,namsai,namsai,namsai,Lathow,Lathow Station,27.66667,95.875,1994,4,Pre-monsoon,1.49,NULL,Safe,NULL,NULL,NULL,NULL,NULL,NULL,unmatched,0.0,valid,Pre-monsoon_WL_1994-2025.pdf,NULL,NULL,local_pdf,official_web_fallback,official_web_fallback,pdf_text,NULL,NULL,10010,NULL,NULL,https://cgwb.gov.in
arunachal pradesh,papum pare,balijan,balijan,Sonajuli,Sonajuli Station,27.02814,93.74131,1994,4,Pre-monsoon,2.78,2025.0,Safe,0.1230744,0.0959323,0.0014868,1.55,NULL,NULL,normalized_exact,0.7,valid,Pre-monsoon_WL_1994-2025.pdf,GWRA_2025.pdf,NULL,local_pdf,local_pdf,official_web_fallback,pdf_text,pdf_table,NULL,10010,NULL,NULL,https://cgwb.gov.in
arunachal pradesh,papum pare,doimukh,doimukh,Doimukh,Doimukh Station,27.15,93.75,1994,4,Pre-monsoon,1.21,2025.0,Safe,0.1230744,0.0959323,0.0014868,1.55,NULL,NULL,normalized_exact,0.7,valid,Pre-monsoon_WL_1994-2025.pdf,GWRA_2025.pdf,NULL,local_pdf,local_pdf,official_web_fallback,pdf_text,pdf_table,NULL,10010,NULL,NULL,https://cgwb.gov.in
arunachal pradesh,tirap,borduria,borduria,Borduria,Borduria Station,27.01667,95.46667,1994,4,Pre-monsoon,3.03,2025.0,Safe,0.0866897,0.0780207,0.0005554,0.71,NULL,NULL,normalized_exact,0.7,valid,Pre-monsoon_WL_1994-2025.pdf,GWRA_2025.pdf,NULL,local_pdf,local_pdf,official_web_fallback,pdf_text,pdf_table,NULL,10010,NULL,NULL,https://cgwb.gov.in
arunachal pradesh,tirap,borduria,borduria,Hukanjuri,Hukanjuri Station,27.00833,95.46667,1994,4,Pre-monsoon,2.49,2025.0,Safe,0.0866897,0.0780207,0.0005554,0.71,NULL,NULL,normalized_exact,0.7,valid,Pre-monsoon_WL_1994-2025.pdf,GWRA_2025.pdf,NULL,local_pdf,local_pdf,official_web_fallback,pdf_text,pdf_table,NULL,10010,NULL,NULL,https://cgwb.gov.in
arunachal pradesh,tirap,namsang,namsang,Deomali,Deomali Station,27.2,95.525,1994,4,Pre-monsoon,2.59,2025.0,Safe,0.0866897,0.0780207,0.0005554,0.71,NULL,NULL,normalized_exact,0.7,valid,Pre-monsoon_WL_1994-2025.pdf,GWRA_2025.pdf,NULL,local_pdf,local_pdf,official_web_fallback,pdf_text,pdf_table,NULL,10010,NULL,NULL,https://cgwb.gov.in
arunachal pradesh,changlang,changlang,changlang,Jairampur,Jairampur Station,27.20833,96.04166,2026,1,January,2.1,2025.0,Safe,0.3010752,0.2709675,0.0024762,0.91,NULL,NULL,normalized_exact,0.7,valid,January 2026.xlsx.pdf,GWRA_2025.pdf,NULL,local_pdf,local_pdf,official_web_fallback,pdf_text,pdf_table,NULL,16,NULL,NULL,https://cgwb.gov.in
arunachal pradesh,changlang,changlang,changlang,Namchik,Namchik Station,27.41667,96.04583,2026,1,January,4.5,2025.0,Safe,0.3010752,0.2709675,0.0024762,0.91,NULL,NULL,normalized_exact,0.7,valid,January 2026.xlsx.pdf,GWRA_2025.pdf,NULL,local_pdf,local_pdf,official_web_fallback,pdf_text,pdf_table,NULL,16,NULL,NULL,https://cgwb.gov.in
arunachal pradesh,changlang,khagam-miao,khagam-miao,Namphai,Namphai Station,27.45833,96.10833,2026,1,January,2.5,2025.0,Safe,0.3010752,0.2709675,0.0024762,0.91,NULL,NULL,normalized_exact,0.7,valid,January 2026.xlsx.pdf,GWRA_2025.pdf,NULL,local_pdf,local_pdf,official_web_fallback,pdf_text,pdf_table,NULL,16,NULL,NULL,https://cgwb.gov.in
arunachal pradesh,changlang,khagam-miao,khagam-miao,Newlisan Kharsang,Newlisan Kharsang Station,27.5,96.13333,2026,1,January,4.98,2025.0,Safe,0.3010752,0.2709675,0.0024762,0.91,NULL,NULL,normalized_exact,0.7,valid,January 2026.xlsx.pdf,GWRA_2025.pdf,NULL,local_pdf,local_pdf,official_web_fallback,pdf_text,pdf_table,NULL,16,NULL,NULL,https://cgwb.gov.in
arunachal pradesh,east siang,pasighat,pasighat,Pasighat,Pasighat Station,28.15139,95.29583,2026,1,January,10.55,2025.0,Safe,0.8026644000000001,0.71985,0.0017902,0.25,NULL,NULL,normalized_exact,0.7,valid,January 2026.xlsx.pdf,GWRA_2025.pdf,NULL,local_pdf,local_pdf,official_web_fallback,pdf_text,pdf_table,NULL,16,NULL,NULL,https://cgwb.gov.in
arunachal pradesh,east siang,pasighat,pasighat,Satmile,Satmile Station,27.97672,95.33163,2026,1,January,2.15,2025.0,Safe,0.8026644000000001,0.71985,0.0017902,0.25,NULL,NULL,normalized_exact,0.7,valid,January 2026.xlsx.pdf,GWRA_2025.pdf,NULL,local_pdf,local_pdf,official_web_fallback,pdf_text,pdf_table,NULL,16,NULL,NULL,https://cgwb.gov.in
arunachal pradesh,east siang,ruksin,ruksin,Oyan,Oyan Station,27.89022,95.31833,2026,1,January,9.27,2025.0,Safe,0.8026644000000001,0.71985,0.0017902,0.25,NULL,NULL,normalized_exact,0.7,valid,January 2026.xlsx.pdf,GWRA_2025.pdf,NULL,local_pdf,local_pdf,official_web_fallback,pdf_text,pdf_table,NULL,16,NULL,NULL,https://cgwb.gov.in
arunachal pradesh,east siang,ruksin,ruksin,Ruksin,Ruksin Station,27.83778,95.21817,2026,1,January,2.94,2025.0,Safe,0.8026644000000001,0.71985,0.0017902,0.25,NULL,NULL,normalized_exact,0.7,valid,January 2026.xlsx.pdf,GWRA_2025.pdf,NULL,local_pdf,local_pdf,official_web_fallback,pdf_text,pdf_table,NULL,16,NULL,NULL,https://cgwb.gov.in
arunachal pradesh,east siang,ruksin,ruksin,Sika Baman Todee 1,Sika Baman Todee 1 Station,27.89778,95.32389,2026,1,January,4.44,2025.0,Safe,0.8026644000000001,0.71985,0.0017902,0.25,NULL,NULL,normalized_exact,0.7,valid,January 2026.xlsx.pdf,GWRA_2025.pdf,NULL,local_pdf,local_pdf,official_web_fallback,pdf_text,pdf_table,NULL,16,NULL,NULL,https://cgwb.gov.in
arunachal pradesh,kamle,tamen-raga,tamen-raga,Bomte,Bomte Station,27.4895,94.19442,2026,1,January,1.73,NULL,Safe,NULL,NULL,NULL,NULL,NULL,NULL,unmatched,0.0,valid,January 2026.xlsx.pdf,NULL,NULL,local_pdf,official_web_fallback,official_web_fallback,pdf_text,NULL,NULL,16,NULL,NULL,https://cgwb.gov.in
arunachal pradesh,lower dibang valley,roing,roing,Kangklong,Kangklong Station,27.97171,95.75741,2026,1,January,9.93,2025.0,Safe,0.7962549000000001,0.7166294,0.0024813,0.35,NULL,NULL,normalized_exact,0.7,valid,January 2026.xlsx.pdf,GWRA_2025.pdf,NULL,local_pdf,local_pdf,official_web_fallback,pdf_text,pdf_table,NULL,16,NULL,NULL,https://cgwb.gov.in
arunachal pradesh,lower subansiri,ziro-i,ziro-i,Rajgarh,Rajgarh Station,27.40475,94.15225,2026,1,January,5.87,2025.0,Safe,0.0524143999999999,0.0448554,0.0003978999999999,0.89,NULL,NULL,normalized_exact,0.7,valid,January 2026.xlsx.pdf,GWRA_2025.pdf,NULL,local_pdf,local_pdf,official_web_fallback,pdf_text,pdf_table,NULL,16,NULL,NULL,https://cgwb.gov.in
arunachal pradesh,namsai,namsai,namsai,Adi Ningroo,Adi Ningroo Station,27.63561,95.90167,2026,1,January,3.97,NULL,Safe,NULL,NULL,NULL,NULL,NULL,NULL,unmatched,0.0,valid,January 2026.xlsx.pdf,NULL,NULL,local_pdf,official_web_fallback,official_web_fallback,pdf_text,NULL,NULL,16,NULL,NULL,https://cgwb.gov.in
arunachal pradesh,namsai,namsai,namsai,Lathow,Lathow Station,27.66667,95.875,2026,1,January,5.55,NULL,Safe,NULL,NULL,NULL,NULL,NULL,NULL,unmatched,0.0,valid,January 2026.xlsx.pdf,NULL,NULL,local_pdf,official_web_fallback,official_web_fallback,pdf_text,NULL,NULL,16,NULL,NULL,https://cgwb.gov.in
arunachal pradesh,namsai,namsai,namsai,Wingko,Wingko Station,27.63077,95.9492,2026,1,January,1.96,NULL,Safe,NULL,NULL,NULL,NULL,NULL,NULL,unmatched,0.0,valid,January 2026.xlsx.pdf,NULL,NULL,local_pdf,official_web_fallback,official_web_fallback,pdf_text,NULL,NULL,17,NULL,NULL,https://cgwb.gov.in
arunachal pradesh,papum pare,balijan,balijan,Holangi,Holangi Station,26.96228,93.59205,2026,1,January,2.15,2025.0,Safe,0.1230744,0.0959323,0.0014868,1.55,NULL,NULL,normalized_exact,0.7,valid,January 2026.xlsx.pdf,GWRA_2025.pdf,NULL,local_pdf,local_pdf,official_web_fallback,pdf_text,pdf_table,NULL,17,NULL,NULL,https://cgwb.gov.in
arunachal pradesh,papum pare,balijan,balijan,Sonajuli,Sonajuli Station,27.02814,93.7413,2026,1,January,2.43,2025.0,Safe,0.1230744,0.0959323,0.0014868,1.55,NULL,NULL,normalized_exact,0.7,valid,January 2026.xlsx.pdf,GWRA_2025.pdf,NULL,local_pdf,local_pdf,official_web_fallback,pdf_text,pdf_table,NULL,17,NULL,NULL,https://cgwb.gov.in
arunachal pradesh,papum pare,borum,borum,Naharlagun,Naharlagun Station,27.10306,93.69473,2026,1,January,6.59,2025.0,Safe,0.1230744,0.0959323,0.0014868,1.55,NULL,NULL,normalized_exact,0.7,valid,January 2026.xlsx.pdf,GWRA_2025.pdf,NULL,local_pdf,local_pdf,official_web_fallback,pdf_text,pdf_table,NULL,17,NULL,NULL,https://cgwb.gov.in
arunachal pradesh,papum pare,borum,borum,Nirjuli,Nirjuli Station,27.13111,93.73306,2026,1,January,0.7,2025.0,Safe,0.1230744,0.0959323,0.0014868,1.55,NULL,NULL,normalized_exact,0.7,valid,January 2026.xlsx.pdf,GWRA_2025.pdf,NULL,local_pdf,local_pdf,official_web_fallback,pdf_text,pdf_table,NULL,17,NULL,NULL,https://cgwb.gov.in
arunachal pradesh,papum pare,borum,borum,Papu Nallah,Papu Nallah Station,27.0986,93.66948,2026,1,January,3.48,2025.0,Safe,0.1230744,0.0959323,0.0014868,1.55,NULL,NULL,normalized_exact,0.7,valid,January 2026.xlsx.pdf,GWRA_2025.pdf,NULL,local_pdf,local_pdf,official_web_fallback,pdf_text,pdf_table,NULL,17,NULL,NULL,https://cgwb.gov.in
arunachal pradesh,papum pare,doimukh,doimukh,Banderdewa,Banderdewa Station,27.10528,93.82584,2026,1,January,11.53,2025.0,Safe,0.1230744,0.0959323,0.0014868,1.55,NULL,NULL,normalized_exact,0.7,valid,January 2026.xlsx.pdf,GWRA_2025.pdf,NULL,local_pdf,local_pdf,official_web_fallback,pdf_text,pdf_table,NULL,17,NULL,NULL,https://cgwb.gov.in
arunachal pradesh,papum pare,doimukh,doimukh,Chimpu New,Chimpu New Station,27.06611,93.59722,2026,1,January,3.63,2025.0,Safe,0.1230744,0.0959323,0.0014868,1.55,NULL,NULL,normalized_exact,0.7,valid,January 2026.xlsx.pdf,GWRA_2025.pdf,NULL,local_pdf,local_pdf,official_web_fallback,pdf_text,pdf_table,NULL,17,NULL,NULL,https://cgwb.gov.in
arunachal pradesh,papum pare,doimukh,doimukh,Doimukh,Doimukh Station,27.15,93.75,2026,1,January,1.28,2025.0,Safe,0.1230744,0.0959323,0.0014868,1.55,NULL,NULL,normalized_exact,0.7,valid,January 2026.xlsx.pdf,GWRA_2025.pdf,NULL,local_pdf,local_pdf,official_web_fallback,pdf_text,pdf_table,NULL,17,NULL,NULL,https://cgwb.gov.in
arunachal pradesh,papum pare,kimin,kimin,Kimin,Kimin Station,27.30428,93.97071,2026,1,January,3.77,2025.0,Safe,0.1230744,0.0959323,0.0014868,1.55,NULL,NULL,normalized_exact,0.7,valid,January 2026.xlsx.pdf,GWRA_2025.pdf,NULL,local_pdf,local_pdf,official_web_fallback,pdf_text,pdf_table,NULL,17,NULL,NULL,https://cgwb.gov.in
arunachal pradesh,tirap,borduria,borduria,Borduria,Borduria Station,27.01667,95.46667,2026,1,January,6.16,2025.0,Safe,0.0866897,0.0780207,0.0005554,0.71,NULL,NULL,normalized_exact,0.7,valid,January 2026.xlsx.pdf,GWRA_2025.pdf,NULL,local_pdf,local_pdf,official_web_fallback,pdf_text,pdf_table,NULL,17,NULL,NULL,https://cgwb.gov.in
arunachal pradesh,tirap,borduria,borduria,Hukanjuri,Hukanjuri Station,27.00833,95.46667,2026,1,January,8.41,2025.0,Safe,0.0866897,0.0780207,0.0005554,0.71,NULL,NULL,normalized_exact,0.7,valid,January 2026.xlsx.pdf,GWRA_2025.pdf,NULL,local_pdf,local_pdf,official_web_fallback,pdf_text,pdf_table,NULL,17,NULL,NULL,https://cgwb.gov.in
arunachal pradesh,tirap,namsang,namsang,Deomali,Deomali Station,27.2,95.525,2026,1,January,3.83,2025.0,Safe,0.0866897,0.0780207,0.0005554,0.71,NULL,NULL,normalized_exact,0.7,valid,January 2026.xlsx.pdf,GWRA_2025.pdf,NULL,local_pdf,local_pdf,official_web_fallback,pdf_text,pdf_table,NULL,17,NULL,NULL,https://cgwb.gov.in
