state_name,district_name,block_name,mandal_name,village_name,location_name,latitude,longitude,observation_year,observation_month,observation_period,groundwater_depth_m,gwra_year,gwra_category,annual_groundwater_recharge_bcm,annual_extractable_groundwater_resource_bcm,annual_groundwater_extraction_bcm,stage_of_groundwater_extraction_percent,rainfall_mm,rainfall_period,geography_match_type,confidence_score,data_quality_status,data_source_groundwater,data_source_gwra,data_source_rainfall,groundwater_source_type,gwra_source_type,rainfall_source_type,groundwater_extraction_method,gwra_extraction_method,rainfall_extraction_method,groundwater_source_page,gwra_source_page,rainfall_source_page,source_url
goa,north goa,bardez,bardez,Alto Betim Porvorim,Alto Betim Porvorim Station,15.52605,73.82983,2025,8,August,1.96,NULL,Safe,NULL,NULL,NULL,NULL,739.4481811523438,monthly,unmatched,0.0,valid,August_WL_1994-2025.pdf,NULL,IMD Gridded Rainfall (0.25x0.25 deg),local_pdf,official_web_fallback,official_web_fallback,pdf_text,NULL,netcdf_spatial_lookup,62,NULL,NULL,https://cgwb.gov.in
goa,north goa,bardez,bardez,Amberem,Amberem Station,15.739,73.82449,2025,8,August,5.4,NULL,Safe,NULL,NULL,NULL,NULL,913.25537109375,monthly,unmatched,0.0,valid,August_WL_1994-2025.pdf,NULL,IMD Gridded Rainfall (0.25x0.25 deg),local_pdf,official_web_fallback,official_web_fallback,pdf_text,NULL,netcdf_spatial_lookup,62,NULL,NULL,https://cgwb.gov.in
goa,north goa,bardez,bardez,Anjuna (Ct),Anjuna (Ct) Station,15.5842,73.73828,2025,8,August,5.98,NULL,Safe,NULL,NULL,NULL,NULL,739.4481811523438,monthly,unmatched,0.0,valid,August_WL_1994-2025.pdf,NULL,IMD Gridded Rainfall (0.25x0.25 deg),local_pdf,official_web_fallback,official_web_fallback,pdf_text,NULL,netcdf_spatial_lookup,62,NULL,NULL,https://cgwb.gov.in
goa,north goa,bardez,bardez,Britona,Britona Station,15.524,73.84194,2025,8,August,2.2,NULL,Safe,NULL,NULL,NULL,NULL,739.4481811523438,monthly,unmatched,0.0,valid,August_WL_1994-2025.pdf,NULL,IMD Gridded Rainfall (0.25x0.25 deg),local_pdf,official_web_fallback,official_web_fallback,pdf_text,NULL,netcdf_spatial_lookup,62,NULL,NULL,https://cgwb.gov.in
goa,north goa,bardez,bardez,Calangute (Ct),Calangute (Ct) Station,15.54612,73.75861,2025,8,August,2.62,NULL,Safe,NULL,NULL,NULL,NULL,739.4481811523438,monthly,unmatched,0.0,valid,August_WL_1994-2025.pdf,NULL,IMD Gridded Rainfall (0.25x0.25 deg),local_pdf,official_web_fallback,official_web_fallback,pdf_text,NULL,netcdf_spatial_lookup,62,NULL,NULL,https://cgwb.gov.in
goa,north goa,bardez,bardez,Colvale (Ct),Colvale (Ct) Station,15.64402,73.83727,2025,8,August,9.4,NULL,Safe,NULL,NULL,NULL,NULL,913.25537109375,monthly,unmatched,0.0,valid,August_WL_1994-2025.pdf,NULL,IMD Gridded Rainfall (0.25x0.25 deg),local_pdf,official_web_fallback,official_web_fallback,pdf_text,NULL,netcdf_spatial_lookup,62,NULL,NULL,https://cgwb.gov.in
goa,north goa,bardez,bardez,Mapuca,Mapuca Station,15.61013,73.82434,2025,8,August,1.38,NULL,Safe,NULL,NULL,NULL,NULL,739.4481811523438,monthly,unmatched,0.0,valid,August_WL_1994-2025.pdf,NULL,IMD Gridded Rainfall (0.25x0.25 deg),local_pdf,official_web_fallback,official_web_fallback,pdf_text,NULL,netcdf_spatial_lookup,62,NULL,NULL,https://cgwb.gov.in
goa,north goa,bardez,bardez,Olaulim,Olaulim Station,15.56958,73.86346,2025,8,August,3.39,NULL,Safe,NULL,NULL,NULL,NULL,739.4481811523438,monthly,unmatched,0.0,valid,August_WL_1994-2025.pdf,NULL,IMD Gridded Rainfall (0.25x0.25 deg),local_pdf,official_web_fallback,official_web_fallback,pdf_text,NULL,netcdf_spatial_lookup,62,NULL,NULL,https://cgwb.gov.in
goa,north goa,bardez,bardez,Parra,Parra Station,15.57282,73.79279,2025,8,August,0.69,NULL,Safe,NULL,NULL,NULL,NULL,739.4481811523438,monthly,unmatched,0.0,valid,August_WL_1994-2025.pdf,NULL,IMD Gridded Rainfall (0.25x0.25 deg),local_pdf,official_web_fallback,official_web_fallback,pdf_text,NULL,netcdf_spatial_lookup,62,NULL,NULL,https://cgwb.gov.in
goa,north goa,bardez,bardez,Pirna,Pirna Station,15.66884,73.8818,2025,8,August,1.6,NULL,Safe,NULL,NULL,NULL,NULL,705.94384765625,monthly,unmatched,0.0,valid,August_WL_1994-2025.pdf,NULL,IMD Gridded Rainfall (0.25x0.25 deg),local_pdf,official_web_fallback,official_web_fallback,pdf_text,NULL,netcdf_spatial_lookup,62,NULL,NULL,https://cgwb.gov.in
goa,north goa,bardez,bardez,Pomburpa,Pomburpa Station,15.55926,73.86761,2025,8,August,2.7,NULL,Safe,NULL,NULL,NULL,NULL,739.4481811523438,monthly,unmatched,0.0,valid,August_WL_1994-2025.pdf,NULL,IMD Gridded Rainfall (0.25x0.25 deg),local_pdf,official_web_fallback,official_web_fallback,pdf_text,NULL,netcdf_spatial_lookup,62,NULL,NULL,https://cgwb.gov.in
goa,north goa,bardez,bardez,Salvador-Do-Mundo (Ct),Salvador-Do-Mundo (Ct) Station,15.5376,73.86869,2025,8,August,2.67,NULL,Safe,NULL,NULL,NULL,NULL,739.4481811523438,monthly,unmatched,0.0,valid,August_WL_1994-2025.pdf,NULL,IMD Gridded Rainfall (0.25x0.25 deg),local_pdf,official_web_fallback,official_web_fallback,pdf_text,NULL,netcdf_spatial_lookup,62,NULL,NULL,https://cgwb.gov.in
goa,north goa,bardez,bardez,Shivoli Brahmanwada,Shivoli Brahmanwada Station,15.62358,73.76681,2025,8,August,0.41,NULL,Safe,NULL,NULL,NULL,NULL,739.4481811523438,monthly,unmatched,0.0,valid,August_WL_1994-2025.pdf,NULL,IMD Gridded Rainfall (0.25x0.25 deg),local_pdf,official_web_fallback,official_web_fallback,pdf_text,NULL,netcdf_spatial_lookup,62,NULL,NULL,https://cgwb.gov.in
goa,north goa,bardez,bardez,Sircaim,Sircaim Station,15.62689,73.87588,2025,8,August,1.8,NULL,Safe,NULL,NULL,NULL,NULL,705.94384765625,monthly,unmatched,0.0,valid,August_WL_1994-2025.pdf,NULL,IMD Gridded Rainfall (0.25x0.25 deg),local_pdf,official_web_fallback,official_web_fallback,pdf_text,NULL,netcdf_spatial_lookup,62,NULL,NULL,https://cgwb.gov.in
goa,north goa,bicholim,bicholim,Adwalpale,Adwalpale Station,15.63986,73.89603,2025,8,August,3.52,NULL,Safe,NULL,NULL,NULL,NULL,705.94384765625,monthly,unmatched,0.0,valid,August_WL_1994-2025.pdf,NULL,IMD Gridded Rainfall (0.25x0.25 deg),local_pdf,official_web_fallback,official_web_fallback,pdf_text,NULL,netcdf_spatial_lookup,62,NULL,NULL,https://cgwb.gov.in
goa,north goa,bicholim,bicholim,Devulawada Narve,Devulawada Narve Station,15.55205,73.92413,2025,8,August,12.72,NULL,Safe,NULL,NULL,NULL,NULL,1003.8038330078124,monthly,unmatched,0.0,valid,August_WL_1994-2025.pdf,NULL,IMD Gridded Rainfall (0.25x0.25 deg),local_pdf,official_web_fallback,official_web_fallback,pdf_text,NULL,netcdf_spatial_lookup,62,NULL,NULL,https://cgwb.gov.in
goa,north goa,bicholim,bicholim,Jambhul Batt,Jambhul Batt Station,15.58041,73.92604,2025,8,August,0.97,NULL,Safe,NULL,NULL,NULL,NULL,1003.8038330078124,monthly,unmatched,0.0,valid,August_WL_1994-2025.pdf,NULL,IMD Gridded Rainfall (0.25x0.25 deg),local_pdf,official_web_fallback,official_web_fallback,pdf_text,NULL,netcdf_spatial_lookup,62,NULL,NULL,https://cgwb.gov.in
goa,north goa,bicholim,bicholim,Mulgao,Mulgao Station,15.61711,73.92075,2025,8,August,1.69,NULL,Safe,NULL,NULL,NULL,NULL,1003.8038330078124,monthly,unmatched,0.0,valid,August_WL_1994-2025.pdf,NULL,IMD Gridded Rainfall (0.25x0.25 deg),local_pdf,official_web_fallback,official_web_fallback,pdf_text,NULL,netcdf_spatial_lookup,62,NULL,NULL,https://cgwb.gov.in
goa,north goa,bicholim,bicholim,Salem,Salem Station,15.68771,73.92681,2025,8,August,1.66,NULL,Safe,NULL,NULL,NULL,NULL,705.94384765625,monthly,unmatched,0.0,valid,August_WL_1994-2025.pdf,NULL,IMD Gridded Rainfall (0.25x0.25 deg),local_pdf,official_web_fallback,official_web_fallback,pdf_text,NULL,netcdf_spatial_lookup,62,NULL,NULL,https://cgwb.gov.in
goa,north goa,pernem,pernem,Haspur,Haspur Station,15.73698,73.90359,2025,8,August,1.38,NULL,Safe,NULL,NULL,NULL,NULL,705.94384765625,monthly,unmatched,0.0,valid,August_WL_1994-2025.pdf,NULL,IMD Gridded Rainfall (0.25x0.25 deg),local_pdf,official_web_fallback,official_web_fallback,pdf_text,NULL,netcdf_spatial_lookup,62,NULL,NULL,https://cgwb.gov.in
goa,north goa,pernem,pernem,Morji,Morji Station,15.63598,73.73963,2025,8,August,0.49,NULL,Safe,NULL,NULL,NULL,NULL,913.25537109375,monthly,unmatched,0.0,valid,August_WL_1994-2025.pdf,NULL,IMD Gridded Rainfall (0.25x0.25 deg),local_pdf,official_web_fallback,official_web_fallback,pdf_text,NULL,netcdf_spatial_lookup,62,NULL,NULL,https://cgwb.gov.in
goa,north goa,pernem,pernem,Nagjhar,Nagjhar Station,15.70843,73.85289,2025,8,August,6.38,NULL,Safe,NULL,NULL,NULL,NULL,913.25537109375,monthly,unmatched,0.0,valid,August_WL_1994-2025.pdf,NULL,IMD Gridded Rainfall (0.25x0.25 deg),local_pdf,official_web_fallback,official_web_fallback,pdf_text,NULL,netcdf_spatial_lookup,62,NULL,NULL,https://cgwb.gov.in
goa,north goa,pernem,pernem,Pernem,Pernem Station,15.7176,73.79807,2025,8,August,4.25,NULL,Safe,NULL,NULL,NULL,NULL,913.25537109375,monthly,unmatched,0.0,valid,August_WL_1994-2025.pdf,NULL,IMD Gridded Rainfall (0.25x0.25 deg),local_pdf,official_web_fallback,official_web_fallback,pdf_text,NULL,netcdf_spatial_lookup,62,NULL,NULL,https://cgwb.gov.in
goa,north goa,pernem,pernem,Sawanthawada,Sawanthawada Station,15.68082,73.75108,2025,8,August,0.68,NULL,Safe,NULL,NULL,NULL,NULL,913.25537109375,monthly,unmatched,0.0,valid,August_WL_1994-2025.pdf,NULL,IMD Gridded Rainfall (0.25x0.25 deg),local_pdf,official_web_fallback,official_web_fallback,pdf_text,NULL,netcdf_spatial_lookup,62,NULL,NULL,https://cgwb.gov.in
goa,north goa,pernem,pernem,Uguem (Ugawe),Uguem (Ugawe) Station,15.75464,73.83533,2025,8,August,1.81,NULL,Safe,NULL,NULL,NULL,NULL,913.25537109375,monthly,unmatched,0.0,valid,August_WL_1994-2025.pdf,NULL,IMD Gridded Rainfall (0.25x0.25 deg),local_pdf,official_web_fallback,official_web_fallback,pdf_text,NULL,netcdf_spatial_lookup,62,NULL,NULL,https://cgwb.gov.in
goa,north goa,satari,satari,Bayalwadikeri,Bayalwadikeri Station,15.61128,74.067,2025,8,August,0.73,NULL,Safe,NULL,NULL,NULL,NULL,1003.8038330078124,monthly,unmatched,0.0,valid,August_WL_1994-2025.pdf,NULL,IMD Gridded Rainfall (0.25x0.25 deg),local_pdf,official_web_fallback,official_web_fallback,pdf_text,NULL,netcdf_spatial_lookup,62,NULL,NULL,https://cgwb.gov.in
goa,north goa,satari,satari,Buimpal,Buimpal Station,15.53936,74.08822,2025,8,August,0.57,NULL,Safe,NULL,NULL,NULL,NULL,1003.8038330078124,monthly,unmatched,0.0,valid,August_WL_1994-2025.pdf,NULL,IMD Gridded Rainfall (0.25x0.25 deg),local_pdf,official_web_fallback,official_web_fallback,pdf_text,NULL,netcdf_spatial_lookup,62,NULL,NULL,https://cgwb.gov.in
goa,north goa,satari,satari,Charayode,Charayode Station,15.62783,74.13084,2025,8,August,1.13,NULL,Safe,NULL,NULL,NULL,NULL,366.5202026367188,monthly,unmatched,0.0,valid,August_WL_1994-2025.pdf,NULL,IMD Gridded Rainfall (0.25x0.25 deg),local_pdf,official_web_fallback,official_web_fallback,pdf_text,NULL,netcdf_spatial_lookup,62,NULL,NULL,https://cgwb.gov.in
goa,north goa,satari,satari,Dhatwado Vante,Dhatwado Vante Station,15.49613,74.09753,2025,8,August,1.69,NULL,Safe,NULL,NULL,NULL,NULL,1003.8038330078124,monthly,unmatched,0.0,valid,August_WL_1994-2025.pdf,NULL,IMD Gridded Rainfall (0.25x0.25 deg),local_pdf,official_web_fallback,official_web_fallback,pdf_text,NULL,netcdf_spatial_lookup,62,NULL,NULL,https://cgwb.gov.in
goa,north goa,satari,satari,Honda,Honda Station,15.54722,74.05079,2025,8,August,1.5,NULL,Safe,NULL,NULL,NULL,NULL,1003.8038330078124,monthly,unmatched,0.0,valid,August_WL_1994-2025.pdf,NULL,IMD Gridded Rainfall (0.25x0.25 deg),local_pdf,official_web_fallback,official_web_fallback,pdf_text,NULL,netcdf_spatial_lookup,62,NULL,NULL,https://cgwb.gov.in
goa,north goa,satari,satari,Khadki(Harijanwada),Khadki(Harijanwada) Station,15.50253,74.13964,2025,8,August,3.53,NULL,Safe,NULL,NULL,NULL,NULL,1230.714111328125,monthly,unmatched,0.0,valid,August_WL_1994-2025.pdf,NULL,IMD Gridded Rainfall (0.25x0.25 deg),local_pdf,official_web_fallback,official_web_fallback,pdf_text,NULL,netcdf_spatial_lookup,62,NULL,NULL,https://cgwb.gov.in
goa,north goa,satari,satari,Khotodem,Khotodem Station,15.48277,74.13696,2025,8,August,3.49,NULL,Safe,NULL,NULL,NULL,NULL,1230.714111328125,monthly,unmatched,0.0,valid,August_WL_1994-2025.pdf,NULL,IMD Gridded Rainfall (0.25x0.25 deg),local_pdf,official_web_fallback,official_web_fallback,pdf_text,NULL,netcdf_spatial_lookup,62,NULL,NULL,https://cgwb.gov.in
goa,north goa,satari,satari,Morlem,Morlem Station,15.59397,74.04633,2025,8,August,2.3,NULL,Safe,NULL,NULL,NULL,NULL,1003.8038330078124,monthly,unmatched,0.0,valid,August_WL_1994-2025.pdf,NULL,IMD Gridded Rainfall (0.25x0.25 deg),local_pdf,official_web_fallback,official_web_fallback,pdf_text,NULL,netcdf_spatial_lookup,62,NULL,NULL,https://cgwb.gov.in
goa,north goa,satari,satari,Nagargao,Nagargao Station,15.56158,74.1632,2025,8,August,0.4,NULL,Safe,NULL,NULL,NULL,NULL,1230.714111328125,monthly,unmatched,0.0,valid,August_WL_1994-2025.pdf,NULL,IMD Gridded Rainfall (0.25x0.25 deg),local_pdf,official_web_fallback,official_web_fallback,pdf_text,NULL,netcdf_spatial_lookup,62,NULL,NULL,https://cgwb.gov.in
goa,north goa,satari,satari,Valpoi,Valpoi Station,15.53301,74.13723,2025,8,August,0.45,NULL,Safe,NULL,NULL,NULL,NULL,1230.714111328125,monthly,unmatched,0.0,valid,August_WL_1994-2025.pdf,NULL,IMD Gridded Rainfall (0.25x0.25 deg),local_pdf,official_web_fallback,official_web_fallback,pdf_text,NULL,netcdf_spatial_lookup,62,NULL,NULL,https://cgwb.gov.in
goa,north goa,tiswadi,tiswadi,Gavalebhat Chimbel,Gavalebhat Chimbel Station,15.48944,73.8742,2025,8,August,4.01,NULL,Safe,NULL,NULL,NULL,NULL,739.4481811523438,monthly,unmatched,0.0,valid,August_WL_1994-2025.pdf,NULL,IMD Gridded Rainfall (0.25x0.25 deg),local_pdf,official_web_fallback,official_web_fallback,pdf_text,NULL,netcdf_spatial_lookup,62,NULL,NULL,https://cgwb.gov.in
goa,north goa,tiswadi,tiswadi,Velha Goa,Velha Goa Station,15.4976,73.91901,2025,8,August,0.85,NULL,Safe,NULL,NULL,NULL,NULL,1003.8038330078124,monthly,unmatched,0.0,valid,August_WL_1994-2025.pdf,NULL,IMD Gridded Rainfall (0.25x0.25 deg),local_pdf,official_web_fallback,official_web_fallback,pdf_text,NULL,netcdf_spatial_lookup,62,NULL,NULL,https://cgwb.gov.in
goa,south goa,canacona,canacona,Agonda,Agonda Station,15.04152,73.99121,2025,8,August,2.18,NULL,Safe,NULL,NULL,NULL,NULL,809.1484985351562,monthly,unmatched,0.0,valid,August_WL_1994-2025.pdf,NULL,IMD Gridded Rainfall (0.25x0.25 deg),local_pdf,official_web_fallback,official_web_fallback,pdf_text,NULL,netcdf_spatial_lookup,62,NULL,NULL,https://cgwb.gov.in
goa,south goa,canacona,canacona,Daptamol Lolien,Daptamol Lolien Station,14.94986,74.05528,2025,8,August,14.91,NULL,Safe,NULL,NULL,NULL,NULL,809.1484985351562,monthly,unmatched,0.0,valid,August_WL_1994-2025.pdf,NULL,IMD Gridded Rainfall (0.25x0.25 deg),local_pdf,official_web_fallback,official_web_fallback,pdf_text,NULL,netcdf_spatial_lookup,62,NULL,NULL,https://cgwb.gov.in
goa,south goa,canacona,canacona,Hattipal Poinguinem,Hattipal Poinguinem Station,14.98407,74.10869,2025,8,August,6.74,NULL,Safe,NULL,NULL,NULL,NULL,809.1484985351562,monthly,unmatched,0.0,valid,August_WL_1994-2025.pdf,NULL,IMD Gridded Rainfall (0.25x0.25 deg),local_pdf,official_web_fallback,official_web_fallback,pdf_text,NULL,netcdf_spatial_lookup,63,NULL,NULL,https://cgwb.gov.in
goa,south goa,canacona,canacona,Mashe,Mashe Station,14.96289,74.05465,2025,8,August,3.0,NULL,Safe,NULL,NULL,NULL,NULL,809.1484985351562,monthly,unmatched,0.0,valid,August_WL_1994-2025.pdf,NULL,IMD Gridded Rainfall (0.25x0.25 deg),local_pdf,official_web_fallback,official_web_fallback,pdf_text,NULL,netcdf_spatial_lookup,63,NULL,NULL,https://cgwb.gov.in
goa,south goa,canacona,canacona,Shrishtal Gaondongar,Shrishtal Gaondongar Station,15.03725,74.11851,2025,8,August,3.57,NULL,Safe,NULL,NULL,NULL,NULL,809.1484985351562,monthly,unmatched,0.0,valid,August_WL_1994-2025.pdf,NULL,IMD Gridded Rainfall (0.25x0.25 deg),local_pdf,official_web_fallback,official_web_fallback,pdf_text,NULL,netcdf_spatial_lookup,63,NULL,NULL,https://cgwb.gov.in
goa,south goa,canacona,canacona,Sristal,Sristal Station,14.99245,74.10558,2025,8,August,7.62,NULL,Safe,NULL,NULL,NULL,NULL,809.1484985351562,monthly,unmatched,0.0,valid,August_WL_1994-2025.pdf,NULL,IMD Gridded Rainfall (0.25x0.25 deg),local_pdf,official_web_fallback,official_web_fallback,pdf_text,NULL,netcdf_spatial_lookup,63,NULL,NULL,https://cgwb.gov.in
goa,south goa,canacona,canacona,Yedda,Yedda Station,14.99802,74.19071,2025,8,August,4.98,NULL,Safe,NULL,NULL,NULL,NULL,1176.3265380859375,monthly,unmatched,0.0,valid,August_WL_1994-2025.pdf,NULL,IMD Gridded Rainfall (0.25x0.25 deg),local_pdf,official_web_fallback,official_web_fallback,pdf_text,NULL,netcdf_spatial_lookup,63,NULL,NULL,https://cgwb.gov.in
goa,south goa,dharbandora,dharbandora,Colem,Colem Station,15.33497,74.24375,2025,8,August,2.5,NULL,Safe,NULL,NULL,NULL,NULL,1220.7679443359375,monthly,unmatched,0.0,valid,August_WL_1994-2025.pdf,NULL,IMD Gridded Rainfall (0.25x0.25 deg),local_pdf,official_web_fallback,official_web_fallback,pdf_text,NULL,netcdf_spatial_lookup,63,NULL,NULL,https://cgwb.gov.in
goa,south goa,dharbandora,dharbandora,Darbandora,Darbandora Station,15.39284,74.12097,2025,8,August,4.68,NULL,Safe,NULL,NULL,NULL,NULL,1003.8038330078124,monthly,unmatched,0.0,valid,August_WL_1994-2025.pdf,NULL,IMD Gridded Rainfall (0.25x0.25 deg),local_pdf,official_web_fallback,official_web_fallback,pdf_text,NULL,netcdf_spatial_lookup,63,NULL,NULL,https://cgwb.gov.in
goa,south goa,dharbandora,dharbandora,Molem,Molem Station,15.37701,74.22971,2025,8,August,0.92,NULL,Safe,NULL,NULL,NULL,NULL,1230.714111328125,monthly,unmatched,0.0,valid,August_WL_1994-2025.pdf,NULL,IMD Gridded Rainfall (0.25x0.25 deg),local_pdf,official_web_fallback,official_web_fallback,pdf_text,NULL,netcdf_spatial_lookup,63,NULL,NULL,https://cgwb.gov.in
goa,south goa,mormugao,mormugao,Bagmola,Bagmola Station,15.37006,73.83826,2025,8,August,2.27,NULL,Safe,NULL,NULL,NULL,NULL,758.0806274414062,monthly,unmatched,0.0,valid,August_WL_1994-2025.pdf,NULL,IMD Gridded Rainfall (0.25x0.25 deg),local_pdf,official_web_fallback,official_web_fallback,pdf_text,NULL,netcdf_spatial_lookup,63,NULL,NULL,https://cgwb.gov.in
goa,south goa,ponda,ponda,Borim (Ct),Borim (Ct) Station,15.35417,74.0016,2025,8,August,1.01,NULL,Safe,NULL,NULL,NULL,NULL,1100.7900390625,monthly,unmatched,0.0,valid,August_WL_1994-2025.pdf,NULL,IMD Gridded Rainfall (0.25x0.25 deg),local_pdf,official_web_fallback,official_web_fallback,pdf_text,NULL,netcdf_spatial_lookup,63,NULL,NULL,https://cgwb.gov.in
goa,south goa,ponda,ponda,Kapsa,Kapsa Station,15.27344,74.1006,2025,8,August,2.16,NULL,Safe,NULL,NULL,NULL,NULL,1100.7900390625,monthly,unmatched,0.0,valid,August_WL_1994-2025.pdf,NULL,IMD Gridded Rainfall (0.25x0.25 deg),local_pdf,official_web_fallback,official_web_fallback,pdf_text,NULL,netcdf_spatial_lookup,63,NULL,NULL,https://cgwb.gov.in
goa,south goa,ponda,ponda,Kundel Dassolwada,Kundel Dassolwada Station,15.45287,73.95255,2025,8,August,0.8,NULL,Safe,NULL,NULL,NULL,NULL,1003.8038330078124,monthly,unmatched,0.0,valid,August_WL_1994-2025.pdf,NULL,IMD Gridded Rainfall (0.25x0.25 deg),local_pdf,official_web_fallback,official_web_fallback,pdf_text,NULL,netcdf_spatial_lookup,63,NULL,NULL,https://cgwb.gov.in
goa,south goa,ponda,ponda,Shiroda,Shiroda Station,15.32068,74.03503,2025,8,August,5.14,NULL,Safe,NULL,NULL,NULL,NULL,1100.7900390625,monthly,unmatched,0.0,valid,August_WL_1994-2025.pdf,NULL,IMD Gridded Rainfall (0.25x0.25 deg),local_pdf,official_web_fallback,official_web_fallback,pdf_text,NULL,netcdf_spatial_lookup,63,NULL,NULL,https://cgwb.gov.in
goa,south goa,quepem,quepem,Ghadiawada,Ghadiawada Station,15.23894,74.11303,2025,8,August,0.9,NULL,Safe,NULL,NULL,NULL,NULL,1100.7900390625,monthly,unmatched,0.0,valid,August_WL_1994-2025.pdf,NULL,IMD Gridded Rainfall (0.25x0.25 deg),local_pdf,official_web_fallback,official_web_fallback,pdf_text,NULL,netcdf_spatial_lookup,63,NULL,NULL,https://cgwb.gov.in
goa,south goa,quepem,quepem,Malkarnem,Malkarnem Station,15.18693,74.12549,2025,8,August,3.43,NULL,Safe,NULL,NULL,NULL,NULL,1220.7679443359375,monthly,unmatched,0.0,valid,August_WL_1994-2025.pdf,NULL,IMD Gridded Rainfall (0.25x0.25 deg),local_pdf,official_web_fallback,official_web_fallback,pdf_text,NULL,netcdf_spatial_lookup,63,NULL,NULL,https://cgwb.gov.in
goa,south goa,quepem,quepem,Padi,Padi Station,15.09291,74.03059,2025,8,August,5.78,NULL,Safe,NULL,NULL,NULL,NULL,809.1484985351562,monthly,unmatched,0.0,valid,August_WL_1994-2025.pdf,NULL,IMD Gridded Rainfall (0.25x0.25 deg),local_pdf,official_web_fallback,official_web_fallback,pdf_text,NULL,netcdf_spatial_lookup,63,NULL,NULL,https://cgwb.gov.in
goa,south goa,quepem,quepem,Quepem,Quepem Station,15.21751,74.08075,2025,8,August,1.59,NULL,Safe,NULL,NULL,NULL,NULL,1100.7900390625,monthly,unmatched,0.0,valid,August_WL_1994-2025.pdf,NULL,IMD Gridded Rainfall (0.25x0.25 deg),local_pdf,official_web_fallback,official_web_fallback,pdf_text,NULL,netcdf_spatial_lookup,63,NULL,NULL,https://cgwb.gov.in
goa,south goa,salcete,salcete,Ballynuvhen,Ballynuvhen Station,15.31651,73.94541,2025,8,August,4.9,NULL,Safe,NULL,NULL,NULL,NULL,1100.7900390625,monthly,unmatched,0.0,valid,August_WL_1994-2025.pdf,NULL,IMD Gridded Rainfall (0.25x0.25 deg),local_pdf,official_web_fallback,official_web_fallback,pdf_text,NULL,netcdf_spatial_lookup,63,NULL,NULL,https://cgwb.gov.in
goa,south goa,salcete,salcete,Betalbhatti,Betalbhatti Station,15.30071,73.92006,2025,8,August,1.86,NULL,Safe,NULL,NULL,NULL,NULL,1100.7900390625,monthly,unmatched,0.0,valid,August_WL_1994-2025.pdf,NULL,IMD Gridded Rainfall (0.25x0.25 deg),local_pdf,official_web_fallback,official_web_fallback,pdf_text,NULL,netcdf_spatial_lookup,63,NULL,NULL,https://cgwb.gov.in
goa,south goa,salcete,salcete,Cuncolim,Cuncolim Station,15.18013,74.00005,2025,8,August,0.73,NULL,Safe,NULL,NULL,NULL,NULL,1100.7900390625,monthly,unmatched,0.0,valid,August_WL_1994-2025.pdf,NULL,IMD Gridded Rainfall (0.25x0.25 deg),local_pdf,official_web_fallback,official_web_fallback,pdf_text,NULL,netcdf_spatial_lookup,63,NULL,NULL,https://cgwb.gov.in
goa,south goa,salcete,salcete,Kaveslium,Kaveslium Station,15.18555,73.94721,2025,8,August,1.4,NULL,Safe,NULL,NULL,NULL,NULL,1100.7900390625,monthly,unmatched,0.0,valid,August_WL_1994-2025.pdf,NULL,IMD Gridded Rainfall (0.25x0.25 deg),local_pdf,official_web_fallback,official_web_fallback,pdf_text,NULL,netcdf_spatial_lookup,63,NULL,NULL,https://cgwb.gov.in
goa,south goa,salcete,salcete,Majorda Bpada Curilo,Majorda Bpada Curilo Station,15.32117,73.91711,2025,8,August,1.74,NULL,Safe,NULL,NULL,NULL,NULL,1100.7900390625,monthly,unmatched,0.0,valid,August_WL_1994-2025.pdf,NULL,IMD Gridded Rainfall (0.25x0.25 deg),local_pdf,official_web_fallback,official_web_fallback,pdf_text,NULL,netcdf_spatial_lookup,63,NULL,NULL,https://cgwb.gov.in
goa,south goa,sanguem,sanguem,Bati,Bati Station,15.13176,74.22646,2025,8,August,2.37,NULL,Safe,NULL,NULL,NULL,NULL,1220.7679443359375,monthly,unmatched,0.0,valid,August_WL_1994-2025.pdf,NULL,IMD Gridded Rainfall (0.25x0.25 deg),local_pdf,official_web_fallback,official_web_fallback,pdf_text,NULL,netcdf_spatial_lookup,63,NULL,NULL,https://cgwb.gov.in
goa,south goa,sanguem,sanguem,Deulwada Kolamba,Deulwada Kolamba Station,15.15021,74.13099,2025,8,August,1.93,NULL,Safe,NULL,NULL,NULL,NULL,1220.7679443359375,monthly,unmatched,0.0,valid,August_WL_1994-2025.pdf,NULL,IMD Gridded Rainfall (0.25x0.25 deg),local_pdf,official_web_fallback,official_web_fallback,pdf_text,NULL,netcdf_spatial_lookup,63,NULL,NULL,https://cgwb.gov.in
goa,south goa,sanguem,sanguem,Guddemal,Guddemal Station,15.28545,74.12968,2025,8,August,4.86,NULL,Safe,NULL,NULL,NULL,NULL,1220.7679443359375,monthly,unmatched,0.0,valid,August_WL_1994-2025.pdf,NULL,IMD Gridded Rainfall (0.25x0.25 deg),local_pdf,official_web_fallback,official_web_fallback,pdf_text,NULL,netcdf_spatial_lookup,63,NULL,NULL,https://cgwb.gov.in
goa,south goa,sanguem,sanguem,Jambavli,Jambavli Station,15.18658,74.09529,2025,8,August,5.73,NULL,Safe,NULL,NULL,NULL,NULL,1100.7900390625,monthly,unmatched,0.0,valid,August_WL_1994-2025.pdf,NULL,IMD Gridded Rainfall (0.25x0.25 deg),local_pdf,official_web_fallback,official_web_fallback,pdf_text,NULL,netcdf_spatial_lookup,63,NULL,NULL,https://cgwb.gov.in
goa,south goa,sanguem,sanguem,Kalay,Kalay Station,15.2885,74.18007,2025,8,August,8.84,NULL,Safe,NULL,NULL,NULL,NULL,1220.7679443359375,monthly,unmatched,0.0,valid,August_WL_1994-2025.pdf,NULL,IMD Gridded Rainfall (0.25x0.25 deg),local_pdf,official_web_fallback,official_web_fallback,pdf_text,NULL,netcdf_spatial_lookup,63,NULL,NULL,https://cgwb.gov.in
goa,south goa,sanguem,sanguem,Neturlim,Neturlim Station,15.09065,74.21671,2025,8,August,9.63,NULL,Safe,NULL,NULL,NULL,NULL,1176.3265380859375,monthly,unmatched,0.0,valid,August_WL_1994-2025.pdf,NULL,IMD Gridded Rainfall (0.25x0.25 deg),local_pdf,official_web_fallback,official_web_fallback,pdf_text,NULL,netcdf_spatial_lookup,63,NULL,NULL,https://cgwb.gov.in
goa,south goa,sanguem,sanguem,Rivona,Rivona Station,15.16415,74.1067,2025,8,August,4.67,NULL,Safe,NULL,NULL,NULL,NULL,1100.7900390625,monthly,unmatched,0.0,valid,August_WL_1994-2025.pdf,NULL,IMD Gridded Rainfall (0.25x0.25 deg),local_pdf,official_web_fallback,official_web_fallback,pdf_text,NULL,netcdf_spatial_lookup,63,NULL,NULL,https://cgwb.gov.in
goa,south goa,sanguem,sanguem,Themchewada,Themchewada Station,15.21958,74.15752,2025,8,August,5.91,NULL,Safe,NULL,NULL,NULL,NULL,1220.7679443359375,monthly,unmatched,0.0,valid,August_WL_1994-2025.pdf,NULL,IMD Gridded Rainfall (0.25x0.25 deg),local_pdf,official_web_fallback,official_web_fallback,pdf_text,NULL,netcdf_spatial_lookup,63,NULL,NULL,https://cgwb.gov.in
goa,south goa,sanguem,sanguem,Vadam,Vadam Station,15.13063,74.20753,2025,8,August,3.4,NULL,Safe,NULL,NULL,NULL,NULL,1220.7679443359375,monthly,unmatched,0.0,valid,August_WL_1994-2025.pdf,NULL,IMD Gridded Rainfall (0.25x0.25 deg),local_pdf,official_web_fallback,official_web_fallback,pdf_text,NULL,netcdf_spatial_lookup,63,NULL,NULL,https://cgwb.gov.in
goa,south goa,sanguem,sanguem,Vichundrem,Vichundrem Station,15.10364,74.20318,2025,8,August,1.3,NULL,Safe,NULL,NULL,NULL,NULL,1176.3265380859375,monthly,unmatched,0.0,valid,August_WL_1994-2025.pdf,NULL,IMD Gridded Rainfall (0.25x0.25 deg),local_pdf,official_web_fallback,official_web_fallback,pdf_text,NULL,netcdf_spatial_lookup,63,NULL,NULL,https://cgwb.gov.in
goa,north goa,bardez,bardez,Alto Betim Porvorim,Alto Betim Porvorim Station,15.52605,73.82982,2024,8,August,1.2,NULL,Safe,NULL,NULL,NULL,NULL,NULL,NULL,unmatched,0.0,valid,August_WL_1994-2025.pdf,NULL,NULL,local_pdf,official_web_fallback,official_web_fallback,pdf_text,NULL,NULL,415,NULL,NULL,https://cgwb.gov.in
goa,north goa,bardez,bardez,Amberem,Amberem Station,15.74045,73.82449,2024,8,August,2.4,NULL,Safe,NULL,NULL,NULL,NULL,NULL,NULL,unmatched,0.0,valid,August_WL_1994-2025.pdf,NULL,NULL,local_pdf,official_web_fallback,official_web_fallback,pdf_text,NULL,NULL,415,NULL,NULL,https://cgwb.gov.in
goa,north goa,bardez,bardez,Anjuna (Ct),Anjuna (Ct) Station,15.5842,73.73828,2024,8,August,7.1,NULL,Safe,NULL,NULL,NULL,NULL,NULL,NULL,unmatched,0.0,valid,August_WL_1994-2025.pdf,NULL,NULL,local_pdf,official_web_fallback,official_web_fallback,pdf_text,NULL,NULL,415,NULL,NULL,https://cgwb.gov.in
goa,north goa,bardez,bardez,Bastora,Bastora Station,15.51596,73.83858,2024,8,August,1.0,NULL,Safe,NULL,NULL,NULL,NULL,NULL,NULL,unmatched,0.0,valid,August_WL_1994-2025.pdf,NULL,NULL,local_pdf,official_web_fallback,official_web_fallback,pdf_text,NULL,NULL,415,NULL,NULL,https://cgwb.gov.in
goa,north goa,bardez,bardez,Calangute (Ct),Calangute (Ct) Station,15.54612,73.75861,2024,8,August,1.9,NULL,Safe,NULL,NULL,NULL,NULL,NULL,NULL,unmatched,0.0,valid,August_WL_1994-2025.pdf,NULL,NULL,local_pdf,official_web_fallback,official_web_fallback,pdf_text,NULL,NULL,415,NULL,NULL,https://cgwb.gov.in
goa,north goa,bardez,bardez,Colvale (Ct),Colvale (Ct) Station,15.64402,73.83727,2024,8,August,10.5,NULL,Safe,NULL,NULL,NULL,NULL,NULL,NULL,unmatched,0.0,valid,August_WL_1994-2025.pdf,NULL,NULL,local_pdf,official_web_fallback,official_web_fallback,pdf_text,NULL,NULL,415,NULL,NULL,https://cgwb.gov.in
goa,north goa,bardez,bardez,Mapuca,Mapuca Station,15.61013,73.82434,2024,8,August,1.2,NULL,Safe,NULL,NULL,NULL,NULL,NULL,NULL,unmatched,0.0,valid,August_WL_1994-2025.pdf,NULL,NULL,local_pdf,official_web_fallback,official_web_fallback,pdf_text,NULL,NULL,415,NULL,NULL,https://cgwb.gov.in
goa,north goa,bardez,bardez,Olaulim,Olaulim Station,15.56958,73.86345,2024,8,August,1.7,NULL,Safe,NULL,NULL,NULL,NULL,NULL,NULL,unmatched,0.0,valid,August_WL_1994-2025.pdf,NULL,NULL,local_pdf,official_web_fallback,official_web_fallback,pdf_text,NULL,NULL,415,NULL,NULL,https://cgwb.gov.in
goa,north goa,bardez,bardez,Parra,Parra Station,15.57282,73.79279,2024,8,August,2.2,NULL,Safe,NULL,NULL,NULL,NULL,NULL,NULL,unmatched,0.0,valid,August_WL_1994-2025.pdf,NULL,NULL,local_pdf,official_web_fallback,official_web_fallback,pdf_text,NULL,NULL,415,NULL,NULL,https://cgwb.gov.in
goa,north goa,bardez,bardez,Pirna,Pirna Station,15.66884,73.8818,2024,8,August,1.5,NULL,Safe,NULL,NULL,NULL,NULL,NULL,NULL,unmatched,0.0,valid,August_WL_1994-2025.pdf,NULL,NULL,local_pdf,official_web_fallback,official_web_fallback,pdf_text,NULL,NULL,415,NULL,NULL,https://cgwb.gov.in
goa,north goa,bardez,bardez,Pomburpa,Pomburpa Station,15.55926,73.86761,2024,8,August,2.1,NULL,Safe,NULL,NULL,NULL,NULL,NULL,NULL,unmatched,0.0,valid,August_WL_1994-2025.pdf,NULL,NULL,local_pdf,official_web_fallback,official_web_fallback,pdf_text,NULL,NULL,415,NULL,NULL,https://cgwb.gov.in
goa,north goa,bardez,bardez,Salvador-Do-Mundo (Ct),Salvador-Do-Mundo (Ct) Station,15.5376,73.86869,2024,8,August,1.2,NULL,Safe,NULL,NULL,NULL,NULL,NULL,NULL,unmatched,0.0,valid,August_WL_1994-2025.pdf,NULL,NULL,local_pdf,official_web_fallback,official_web_fallback,pdf_text,NULL,NULL,415,NULL,NULL,https://cgwb.gov.in
goa,north goa,bardez,bardez,Shivoli Brahmanwada,Shivoli Brahmanwada Station,15.62358,73.76681,2024,8,August,2.1,NULL,Safe,NULL,NULL,NULL,NULL,NULL,NULL,unmatched,0.0,valid,August_WL_1994-2025.pdf,NULL,NULL,local_pdf,official_web_fallback,official_web_fallback,pdf_text,NULL,NULL,415,NULL,NULL,https://cgwb.gov.in
goa,north goa,bardez,bardez,Sircaim,Sircaim Station,15.62689,73.87588,2024,8,August,1.6,NULL,Safe,NULL,NULL,NULL,NULL,NULL,NULL,unmatched,0.0,valid,August_WL_1994-2025.pdf,NULL,NULL,local_pdf,official_web_fallback,official_web_fallback,pdf_text,NULL,NULL,415,NULL,NULL,https://cgwb.gov.in
goa,north goa,bicholim,bicholim,Adwalpale,Adwalpale Station,15.63986,73.89602,2024,8,August,2.9,NULL,Safe,NULL,NULL,NULL,NULL,NULL,NULL,unmatched,0.0,valid,August_WL_1994-2025.pdf,NULL,NULL,local_pdf,official_web_fallback,official_web_fallback,pdf_text,NULL,NULL,415,NULL,NULL,https://cgwb.gov.in
goa,north goa,bicholim,bicholim,Devulawada Narve,Devulawada Narve Station,15.55205,73.92413,2024,8,August,9.3,NULL,Safe,NULL,NULL,NULL,NULL,NULL,NULL,unmatched,0.0,valid,August_WL_1994-2025.pdf,NULL,NULL,local_pdf,official_web_fallback,official_web_fallback,pdf_text,NULL,NULL,415,NULL,NULL,https://cgwb.gov.in
goa,north goa,bicholim,bicholim,Jambhul Batt,Jambhul Batt Station,15.58041,73.92604,2024,8,August,2.9,NULL,Safe,NULL,NULL,NULL,NULL,NULL,NULL,unmatched,0.0,valid,August_WL_1994-2025.pdf,NULL,NULL,local_pdf,official_web_fallback,official_web_fallback,pdf_text,NULL,NULL,415,NULL,NULL,https://cgwb.gov.in
goa,north goa,bicholim,bicholim,Mulgao,Mulgao Station,15.61711,73.92075,2024,8,August,1.4,NULL,Safe,NULL,NULL,NULL,NULL,NULL,NULL,unmatched,0.0,valid,August_WL_1994-2025.pdf,NULL,NULL,local_pdf,official_web_fallback,official_web_fallback,pdf_text,NULL,NULL,415,NULL,NULL,https://cgwb.gov.in
goa,north goa,bicholim,bicholim,Salem,Salem Station,15.68771,73.92681,2024,8,August,1.6,NULL,Safe,NULL,NULL,NULL,NULL,NULL,NULL,unmatched,0.0,valid,August_WL_1994-2025.pdf,NULL,NULL,local_pdf,official_web_fallback,official_web_fallback,pdf_text,NULL,NULL,415,NULL,NULL,https://cgwb.gov.in
goa,north goa,pernem,pernem,Corgao,Corgao Station,15.70939,73.75176,2024,8,August,4.1,NULL,Safe,NULL,NULL,NULL,NULL,NULL,NULL,unmatched,0.0,valid,August_WL_1994-2025.pdf,NULL,NULL,local_pdf,official_web_fallback,official_web_fallback,pdf_text,NULL,NULL,415,NULL,NULL,https://cgwb.gov.in
goa,north goa,pernem,pernem,Hasaravanni Vaipal,Hasaravanni Vaipal Station,15.73251,73.89959,2024,8,August,1.5,NULL,Safe,NULL,NULL,NULL,NULL,NULL,NULL,unmatched,0.0,valid,August_WL_1994-2025.pdf,NULL,NULL,local_pdf,official_web_fallback,official_web_fallback,pdf_text,NULL,NULL,415,NULL,NULL,https://cgwb.gov.in
goa,north goa,pernem,pernem,Haspur,Haspur Station,15.73698,73.90359,2024,8,August,2.0,NULL,Safe,NULL,NULL,NULL,NULL,NULL,NULL,unmatched,0.0,valid,August_WL_1994-2025.pdf,NULL,NULL,local_pdf,official_web_fallback,official_web_fallback,pdf_text,NULL,NULL,415,NULL,NULL,https://cgwb.gov.in
goa,north goa,pernem,pernem,Morji,Morji Station,15.63598,73.73963,2024,8,August,1.7,NULL,Safe,NULL,NULL,NULL,NULL,NULL,NULL,unmatched,0.0,valid,August_WL_1994-2025.pdf,NULL,NULL,local_pdf,official_web_fallback,official_web_fallback,pdf_text,NULL,NULL,415,NULL,NULL,https://cgwb.gov.in
goa,north goa,pernem,pernem,Nagjhar,Nagjhar Station,15.70843,73.85289,2024,8,August,7.1,NULL,Safe,NULL,NULL,NULL,NULL,NULL,NULL,unmatched,0.0,valid,August_WL_1994-2025.pdf,NULL,NULL,local_pdf,official_web_fallback,official_web_fallback,pdf_text,NULL,NULL,415,NULL,NULL,https://cgwb.gov.in
goa,north goa,pernem,pernem,Sawanthawada,Sawanthawada Station,15.68082,73.75108,2024,8,August,0.7,NULL,Safe,NULL,NULL,NULL,NULL,NULL,NULL,unmatched,0.0,valid,August_WL_1994-2025.pdf,NULL,NULL,local_pdf,official_web_fallback,official_web_fallback,pdf_text,NULL,NULL,415,NULL,NULL,https://cgwb.gov.in
goa,north goa,pernem,pernem,Varconda,Varconda Station,15.75465,73.83533,2024,8,August,5.6,NULL,Safe,NULL,NULL,NULL,NULL,NULL,NULL,unmatched,0.0,valid,August_WL_1994-2025.pdf,NULL,NULL,local_pdf,official_web_fallback,official_web_fallback,pdf_text,NULL,NULL,415,NULL,NULL,https://cgwb.gov.in
goa,north goa,satari,satari,Bayalwadikeri,Bayalwadikeri Station,15.61128,74.067,2024,8,August,2.7,NULL,Safe,NULL,NULL,NULL,NULL,NULL,NULL,unmatched,0.0,valid,August_WL_1994-2025.pdf,NULL,NULL,local_pdf,official_web_fallback,official_web_fallback,pdf_text,NULL,NULL,415,NULL,NULL,https://cgwb.gov.in
goa,north goa,satari,satari,Buimpal,Buimpal Station,15.53936,74.08822,2024,8,August,0.7,NULL,Safe,NULL,NULL,NULL,NULL,NULL,NULL,unmatched,0.0,valid,August_WL_1994-2025.pdf,NULL,NULL,local_pdf,official_web_fallback,official_web_fallback,pdf_text,NULL,NULL,415,NULL,NULL,https://cgwb.gov.in
goa,north goa,satari,satari,Charayode,Charayode Station,15.62783,74.13084,2024,8,August,0.8,NULL,Safe,NULL,NULL,NULL,NULL,NULL,NULL,unmatched,0.0,valid,August_WL_1994-2025.pdf,NULL,NULL,local_pdf,official_web_fallback,official_web_fallback,pdf_text,NULL,NULL,415,NULL,NULL,https://cgwb.gov.in
goa,north goa,satari,satari,Dhatwado Vante,Dhatwado Vante Station,15.49613,74.09753,2024,8,August,1.9,NULL,Safe,NULL,NULL,NULL,NULL,NULL,NULL,unmatched,0.0,valid,August_WL_1994-2025.pdf,NULL,NULL,local_pdf,official_web_fallback,official_web_fallback,pdf_text,NULL,NULL,415,NULL,NULL,https://cgwb.gov.in
goa,north goa,satari,satari,Honda,Honda Station,15.54722,74.05079,2024,8,August,1.7,NULL,Safe,NULL,NULL,NULL,NULL,NULL,NULL,unmatched,0.0,valid,August_WL_1994-2025.pdf,NULL,NULL,local_pdf,official_web_fallback,official_web_fallback,pdf_text,NULL,NULL,415,NULL,NULL,https://cgwb.gov.in
goa,north goa,satari,satari,Khadki(Harijanwada),Khadki(Harijanwada) Station,15.50253,74.13964,2024,8,August,2.1,NULL,Safe,NULL,NULL,NULL,NULL,NULL,NULL,unmatched,0.0,valid,August_WL_1994-2025.pdf,NULL,NULL,local_pdf,official_web_fallback,official_web_fallback,pdf_text,NULL,NULL,415,NULL,NULL,https://cgwb.gov.in
goa,north goa,satari,satari,Khotodem,Khotodem Station,15.48277,74.13695,2024,8,August,1.9,NULL,Safe,NULL,NULL,NULL,NULL,NULL,NULL,unmatched,0.0,valid,August_WL_1994-2025.pdf,NULL,NULL,local_pdf,official_web_fallback,official_web_fallback,pdf_text,NULL,NULL,416,NULL,NULL,https://cgwb.gov.in
goa,north goa,satari,satari,Morlem,Morlem Station,15.59397,74.04632,2024,8,August,2.7,NULL,Safe,NULL,NULL,NULL,NULL,NULL,NULL,unmatched,0.0,valid,August_WL_1994-2025.pdf,NULL,NULL,local_pdf,official_web_fallback,official_web_fallback,pdf_text,NULL,NULL,416,NULL,NULL,https://cgwb.gov.in
goa,north goa,satari,satari,Nagargao,Nagargao Station,15.56158,74.1632,2024,8,August,1.5,NULL,Safe,NULL,NULL,NULL,NULL,NULL,NULL,unmatched,0.0,valid,August_WL_1994-2025.pdf,NULL,NULL,local_pdf,official_web_fallback,official_web_fallback,pdf_text,NULL,NULL,416,NULL,NULL,https://cgwb.gov.in
goa,north goa,satari,satari,Valpoi,Valpoi Station,15.53301,74.13723,2024,8,August,1.0,NULL,Safe,NULL,NULL,NULL,NULL,NULL,NULL,unmatched,0.0,valid,August_WL_1994-2025.pdf,NULL,NULL,local_pdf,official_web_fallback,official_web_fallback,pdf_text,NULL,NULL,416,NULL,NULL,https://cgwb.gov.in
goa,north goa,tiswadi,tiswadi,Gavalebhat Chimbel,Gavalebhat Chimbel Station,15.48944,73.8742,2024,8,August,3.7,NULL,Safe,NULL,NULL,NULL,NULL,NULL,NULL,unmatched,0.0,valid,August_WL_1994-2025.pdf,NULL,NULL,local_pdf,official_web_fallback,official_web_fallback,pdf_text,NULL,NULL,416,NULL,NULL,https://cgwb.gov.in
goa,north goa,tiswadi,tiswadi,Karanjhalen,Karanjhalen Station,15.459,73.80281,2024,8,August,0.7,NULL,Safe,NULL,NULL,NULL,NULL,NULL,NULL,unmatched,0.0,valid,August_WL_1994-2025.pdf,NULL,NULL,local_pdf,official_web_fallback,official_web_fallback,pdf_text,NULL,NULL,416,NULL,NULL,https://cgwb.gov.in
goa,north goa,tiswadi,tiswadi,Velha Goa,Velha Goa Station,15.4976,73.91901,2024,8,August,0.2,NULL,Safe,NULL,NULL,NULL,NULL,NULL,NULL,unmatched,0.0,valid,August_WL_1994-2025.pdf,NULL,NULL,local_pdf,official_web_fallback,official_web_fallback,pdf_text,NULL,NULL,416,NULL,NULL,https://cgwb.gov.in
goa,south goa,canacona,canacona,Agonda,Agonda Station,15.04152,73.99121,2024,8,August,1.8,NULL,Safe,NULL,NULL,NULL,NULL,NULL,NULL,unmatched,0.0,valid,August_WL_1994-2025.pdf,NULL,NULL,local_pdf,official_web_fallback,official_web_fallback,pdf_text,NULL,NULL,416,NULL,NULL,https://cgwb.gov.in
goa,south goa,canacona,canacona,Canacona,Canacona Station,15.00716,74.05233,2024,8,August,1.2,NULL,Safe,NULL,NULL,NULL,NULL,NULL,NULL,unmatched,0.0,valid,August_WL_1994-2025.pdf,NULL,NULL,local_pdf,official_web_fallback,official_web_fallback,pdf_text,NULL,NULL,416,NULL,NULL,https://cgwb.gov.in
goa,south goa,canacona,canacona,Daptamol Lolien,Daptamol Lolien Station,14.94986,74.05528,2024,8,August,15.0,NULL,Safe,NULL,NULL,NULL,NULL,NULL,NULL,unmatched,0.0,valid,August_WL_1994-2025.pdf,NULL,NULL,local_pdf,official_web_fallback,official_web_fallback,pdf_text,NULL,NULL,416,NULL,NULL,https://cgwb.gov.in
goa,south goa,canacona,canacona,Gulem Velipwada,Gulem Velipwada Station,15.03918,74.02939,2024,8,August,1.9,NULL,Safe,NULL,NULL,NULL,NULL,NULL,NULL,unmatched,0.0,valid,August_WL_1994-2025.pdf,NULL,NULL,local_pdf,official_web_fallback,official_web_fallback,pdf_text,NULL,NULL,416,NULL,NULL,https://cgwb.gov.in
goa,south goa,canacona,canacona,Hattipal Poinguinem,Hattipal Poinguinem Station,14.98407,74.10869,2024,8,August,3.8,NULL,Safe,NULL,NULL,NULL,NULL,NULL,NULL,unmatched,0.0,valid,August_WL_1994-2025.pdf,NULL,NULL,local_pdf,official_web_fallback,official_web_fallback,pdf_text,NULL,NULL,416,NULL,NULL,https://cgwb.gov.in
goa,south goa,canacona,canacona,Mashe,Mashe Station,14.96289,74.05465,2024,8,August,2.6,NULL,Safe,NULL,NULL,NULL,NULL,NULL,NULL,unmatched,0.0,valid,August_WL_1994-2025.pdf,NULL,NULL,local_pdf,official_web_fallback,official_web_fallback,pdf_text,NULL,NULL,416,NULL,NULL,https://cgwb.gov.in
goa,south goa,canacona,canacona,Polem,Polem Station,14.91289,74.08455,2024,8,August,0.8,NULL,Safe,NULL,NULL,NULL,NULL,NULL,NULL,unmatched,0.0,valid,August_WL_1994-2025.pdf,NULL,NULL,local_pdf,official_web_fallback,official_web_fallback,pdf_text,NULL,NULL,416,NULL,NULL,https://cgwb.gov.in
goa,south goa,canacona,canacona,Shrishtal Gaondongar,Shrishtal Gaondongar Station,15.03725,74.11851,2024,8,August,3.5,NULL,Safe,NULL,NULL,NULL,NULL,NULL,NULL,unmatched,0.0,valid,August_WL_1994-2025.pdf,NULL,NULL,local_pdf,official_web_fallback,official_web_fallback,pdf_text,NULL,NULL,416,NULL,NULL,https://cgwb.gov.in
goa,south goa,dharbandora,dharbandora,Bolkharnem,Bolkharnem Station,15.42964,74.19235,2024,8,August,2.7,NULL,Safe,NULL,NULL,NULL,NULL,NULL,NULL,unmatched,0.0,valid,August_WL_1994-2025.pdf,NULL,NULL,local_pdf,official_web_fallback,official_web_fallback,pdf_text,NULL,NULL,416,NULL,NULL,https://cgwb.gov.in
goa,south goa,dharbandora,dharbandora,Colem,Colem Station,15.33497,74.24375,2024,8,August,2.6,NULL,Safe,NULL,NULL,NULL,NULL,NULL,NULL,unmatched,0.0,valid,August_WL_1994-2025.pdf,NULL,NULL,local_pdf,official_web_fallback,official_web_fallback,pdf_text,NULL,NULL,416,NULL,NULL,https://cgwb.gov.in
goa,south goa,dharbandora,dharbandora,Darbandora,Darbandora Station,15.39284,74.12097,2024,8,August,2.9,NULL,Safe,NULL,NULL,NULL,NULL,NULL,NULL,unmatched,0.0,valid,August_WL_1994-2025.pdf,NULL,NULL,local_pdf,official_web_fallback,official_web_fallback,pdf_text,NULL,NULL,416,NULL,NULL,https://cgwb.gov.in
goa,south goa,dharbandora,dharbandora,Molem,Molem Station,15.37701,74.22971,2024,8,August,0.9,NULL,Safe,NULL,NULL,NULL,NULL,NULL,NULL,unmatched,0.0,valid,August_WL_1994-2025.pdf,NULL,NULL,local_pdf,official_web_fallback,official_web_fallback,pdf_text,NULL,NULL,416,NULL,NULL,https://cgwb.gov.in
goa,south goa,mormugao,mormugao,Bagmola,Bagmola Station,15.37006,73.83826,2024,8,August,2.0,NULL,Safe,NULL,NULL,NULL,NULL,NULL,NULL,unmatched,0.0,valid,August_WL_1994-2025.pdf,NULL,NULL,local_pdf,official_web_fallback,official_web_fallback,pdf_text,NULL,NULL,416,NULL,NULL,https://cgwb.gov.in
goa,south goa,mormugao,mormugao,Chicalim (Ct),Chicalim (Ct) Station,15.39818,73.83679,2024,8,August,0.5,NULL,Safe,NULL,NULL,NULL,NULL,NULL,NULL,unmatched,0.0,valid,August_WL_1994-2025.pdf,NULL,NULL,local_pdf,official_web_fallback,official_web_fallback,pdf_text,NULL,NULL,416,NULL,NULL,https://cgwb.gov.in
goa,south goa,ponda,ponda,Borim (Ct),Borim (Ct) Station,15.35417,74.0016,2024,8,August,1.2,NULL,Safe,NULL,NULL,NULL,NULL,NULL,NULL,unmatched,0.0,valid,August_WL_1994-2025.pdf,NULL,NULL,local_pdf,official_web_fallback,official_web_fallback,pdf_text,NULL,NULL,416,NULL,NULL,https://cgwb.gov.in
goa,south goa,ponda,ponda,Kapsa,Kapsa Station,15.27344,74.1006,2024,8,August,1.2,NULL,Safe,NULL,NULL,NULL,NULL,NULL,NULL,unmatched,0.0,valid,August_WL_1994-2025.pdf,NULL,NULL,local_pdf,official_web_fallback,official_web_fallback,pdf_text,NULL,NULL,416,NULL,NULL,https://cgwb.gov.in
goa,south goa,ponda,ponda,Kundel Dassolwada,Kundel Dassolwada Station,15.45287,73.95255,2024,8,August,0.5,NULL,Safe,NULL,NULL,NULL,NULL,NULL,NULL,unmatched,0.0,valid,August_WL_1994-2025.pdf,NULL,NULL,local_pdf,official_web_fallback,official_web_fallback,pdf_text,NULL,NULL,416,NULL,NULL,https://cgwb.gov.in
goa,south goa,ponda,ponda,Shiroda,Shiroda Station,15.32068,74.03502,2024,8,August,4.8,NULL,Safe,NULL,NULL,NULL,NULL,NULL,NULL,unmatched,0.0,valid,August_WL_1994-2025.pdf,NULL,NULL,local_pdf,official_web_fallback,official_web_fallback,pdf_text,NULL,NULL,416,NULL,NULL,https://cgwb.gov.in
goa,south goa,quepem,quepem,Ghadiawada,Ghadiawada Station,15.23894,74.11303,2024,8,August,0.8,NULL,Safe,NULL,NULL,NULL,NULL,NULL,NULL,unmatched,0.0,valid,August_WL_1994-2025.pdf,NULL,NULL,local_pdf,official_web_fallback,official_web_fallback,pdf_text,NULL,NULL,416,NULL,NULL,https://cgwb.gov.in
goa,south goa,quepem,quepem,Malkarnem,Malkarnem Station,15.18693,74.12549,2024,8,August,3.0,NULL,Safe,NULL,NULL,NULL,NULL,NULL,NULL,unmatched,0.0,valid,August_WL_1994-2025.pdf,NULL,NULL,local_pdf,official_web_fallback,official_web_fallback,pdf_text,NULL,NULL,416,NULL,NULL,https://cgwb.gov.in
goa,south goa,quepem,quepem,Padi,Padi Station,15.09291,74.0306,2024,8,August,5.8,NULL,Safe,NULL,NULL,NULL,NULL,NULL,NULL,unmatched,0.0,valid,August_WL_1994-2025.pdf,NULL,NULL,local_pdf,official_web_fallback,official_web_fallback,pdf_text,NULL,NULL,416,NULL,NULL,https://cgwb.gov.in
goa,south goa,quepem,quepem,Quepem,Quepem Station,15.21751,74.08075,2024,8,August,2.8,NULL,Safe,NULL,NULL,NULL,NULL,NULL,NULL,unmatched,0.0,valid,August_WL_1994-2025.pdf,NULL,NULL,local_pdf,official_web_fallback,official_web_fallback,pdf_text,NULL,NULL,416,NULL,NULL,https://cgwb.gov.in
goa,south goa,salcete,salcete,Ballynuvhen,Ballynuvhen Station,15.31651,73.94542,2024,8,August,4.9,NULL,Safe,NULL,NULL,NULL,NULL,NULL,NULL,unmatched,0.0,valid,August_WL_1994-2025.pdf,NULL,NULL,local_pdf,official_web_fallback,official_web_fallback,pdf_text,NULL,NULL,416,NULL,NULL,https://cgwb.gov.in
goa,south goa,salcete,salcete,Betalbhatti,Betalbhatti Station,15.30071,73.92006,2024,8,August,1.3,NULL,Safe,NULL,NULL,NULL,NULL,NULL,NULL,unmatched,0.0,valid,August_WL_1994-2025.pdf,NULL,NULL,local_pdf,official_web_fallback,official_web_fallback,pdf_text,NULL,NULL,416,NULL,NULL,https://cgwb.gov.in
goa,south goa,salcete,salcete,Cuncolim,Cuncolim Station,15.18013,74.00004,2024,8,August,0.7,NULL,Safe,NULL,NULL,NULL,NULL,NULL,NULL,unmatched,0.0,valid,August_WL_1994-2025.pdf,NULL,NULL,local_pdf,official_web_fallback,official_web_fallback,pdf_text,NULL,NULL,416,NULL,NULL,https://cgwb.gov.in
goa,south goa,salcete,salcete,Kaveslium,Kaveslium Station,15.18555,73.94721,2024,8,August,1.2,NULL,Safe,NULL,NULL,NULL,NULL,NULL,NULL,unmatched,0.0,valid,August_WL_1994-2025.pdf,NULL,NULL,local_pdf,official_web_fallback,official_web_fallback,pdf_text,NULL,NULL,416,NULL,NULL,https://cgwb.gov.in
goa,south goa,salcete,salcete,Majorda Bpada Curilo,Majorda Bpada Curilo Station,15.32117,73.91711,2024,8,August,1.3,NULL,Safe,NULL,NULL,NULL,NULL,NULL,NULL,unmatched,0.0,valid,August_WL_1994-2025.pdf,NULL,NULL,local_pdf,official_web_fallback,official_web_fallback,pdf_text,NULL,NULL,416,NULL,NULL,https://cgwb.gov.in
goa,south goa,salcete,salcete,Panchwadi,Panchwadi Station,15.2836,74.09517,2024,8,August,4.8,NULL,Safe,NULL,NULL,NULL,NULL,NULL,NULL,unmatched,0.0,valid,August_WL_1994-2025.pdf,NULL,NULL,local_pdf,official_web_fallback,official_web_fallback,pdf_text,NULL,NULL,416,NULL,NULL,https://cgwb.gov.in
goa,south goa,sanguem,sanguem,Bati,Bati Station,15.13176,74.22645,2024,8,August,3.2,NULL,Safe,NULL,NULL,NULL,NULL,NULL,NULL,unmatched,0.0,valid,August_WL_1994-2025.pdf,NULL,NULL,local_pdf,official_web_fallback,official_web_fallback,pdf_text,NULL,NULL,416,NULL,NULL,https://cgwb.gov.in
goa,south goa,sanguem,sanguem,Deulwada Kolamba,Deulwada Kolamba Station,15.15021,74.13099,2024,8,August,1.9,NULL,Safe,NULL,NULL,NULL,NULL,NULL,NULL,unmatched,0.0,valid,August_WL_1994-2025.pdf,NULL,NULL,local_pdf,official_web_fallback,official_web_fallback,pdf_text,NULL,NULL,416,NULL,NULL,https://cgwb.gov.in
goa,south goa,sanguem,sanguem,Guddemal,Guddemal Station,15.28545,74.12969,2024,8,August,4.0,NULL,Safe,NULL,NULL,NULL,NULL,NULL,NULL,unmatched,0.0,valid,August_WL_1994-2025.pdf,NULL,NULL,local_pdf,official_web_fallback,official_web_fallback,pdf_text,NULL,NULL,416,NULL,NULL,https://cgwb.gov.in
goa,south goa,sanguem,sanguem,Jambavli,Jambavli Station,15.18658,74.09529,2024,8,August,4.5,NULL,Safe,NULL,NULL,NULL,NULL,NULL,NULL,unmatched,0.0,valid,August_WL_1994-2025.pdf,NULL,NULL,local_pdf,official_web_fallback,official_web_fallback,pdf_text,NULL,NULL,416,NULL,NULL,https://cgwb.gov.in
goa,south goa,sanguem,sanguem,Kalay,Kalay Station,15.2885,74.18007,2024,8,August,8.5,NULL,Safe,NULL,NULL,NULL,NULL,NULL,NULL,unmatched,0.0,valid,August_WL_1994-2025.pdf,NULL,NULL,local_pdf,official_web_fallback,official_web_fallback,pdf_text,NULL,NULL,416,NULL,NULL,https://cgwb.gov.in
goa,south goa,sanguem,sanguem,Neturlim,Neturlim Station,15.09065,74.21671,2024,8,August,9.4,NULL,Safe,NULL,NULL,NULL,NULL,NULL,NULL,unmatched,0.0,valid,August_WL_1994-2025.pdf,NULL,NULL,local_pdf,official_web_fallback,official_web_fallback,pdf_text,NULL,NULL,416,NULL,NULL,https://cgwb.gov.in
goa,south goa,sanguem,sanguem,Rivona,Rivona Station,15.16415,74.10671,2024,8,August,4.2,NULL,Safe,NULL,NULL,NULL,NULL,NULL,NULL,unmatched,0.0,valid,August_WL_1994-2025.pdf,NULL,NULL,local_pdf,official_web_fallback,official_web_fallback,pdf_text,NULL,NULL,416,NULL,NULL,https://cgwb.gov.in
goa,south goa,sanguem,sanguem,Themchewada,Themchewada Station,15.21958,74.15752,2024,8,August,4.2,NULL,Safe,NULL,NULL,NULL,NULL,NULL,NULL,unmatched,0.0,valid,August_WL_1994-2025.pdf,NULL,NULL,local_pdf,official_web_fallback,official_web_fallback,pdf_text,NULL,NULL,416,NULL,NULL,https://cgwb.gov.in
goa,south goa,sanguem,sanguem,Vadam,Vadam Station,15.13063,74.20754,2024,8,August,1.2,NULL,Safe,NULL,NULL,NULL,NULL,NULL,NULL,unmatched,0.0,valid,August_WL_1994-2025.pdf,NULL,NULL,local_pdf,official_web_fallback,official_web_fallback,pdf_text,NULL,NULL,416,NULL,NULL,https://cgwb.gov.in
goa,south goa,sanguem,sanguem,Vichundrem,Vichundrem Station,15.10364,74.20318,2024,8,August,1.0,NULL,Safe,NULL,NULL,NULL,NULL,NULL,NULL,unmatched,0.0,valid,August_WL_1994-2025.pdf,NULL,NULL,local_pdf,official_web_fallback,official_web_fallback,pdf_text,NULL,NULL,416,NULL,NULL,https://cgwb.gov.in
goa,north goa,bardez,bardez,Alto Betim Porvorim,Alto Betim Porvorim Station,15.52605,73.82982,2023,8,August,5.7,NULL,Safe,NULL,NULL,NULL,NULL,NULL,NULL,unmatched,0.0,valid,August_WL_1994-2025.pdf,NULL,NULL,local_pdf,official_web_fallback,official_web_fallback,pdf_text,NULL,NULL,779,NULL,NULL,https://cgwb.gov.in
goa,north goa,bardez,bardez,Amberem,Amberem Station,15.74045,73.82449,2023,8,August,7.5,NULL,Safe,NULL,NULL,NULL,NULL,NULL,NULL,unmatched,0.0,valid,August_WL_1994-2025.pdf,NULL,NULL,local_pdf,official_web_fallback,official_web_fallback,pdf_text,NULL,NULL,779,NULL,NULL,https://cgwb.gov.in
goa,north goa,bardez,bardez,Anjuna (Ct),Anjuna (Ct) Station,15.5842,73.73828,2023,8,August,9.0,NULL,Safe,NULL,NULL,NULL,NULL,NULL,NULL,unmatched,0.0,valid,August_WL_1994-2025.pdf,NULL,NULL,local_pdf,official_web_fallback,official_web_fallback,pdf_text,NULL,NULL,779,NULL,NULL,https://cgwb.gov.in
goa,north goa,bardez,bardez,Bastora,Bastora Station,15.51596,73.83858,2023,8,August,2.3,NULL,Safe,NULL,NULL,NULL,NULL,NULL,NULL,unmatched,0.0,valid,August_WL_1994-2025.pdf,NULL,NULL,local_pdf,official_web_fallback,official_web_fallback,pdf_text,NULL,NULL,779,NULL,NULL,https://cgwb.gov.in
goa,north goa,bardez,bardez,Calangute (Ct),Calangute (Ct) Station,15.54612,73.75861,2023,8,August,4.2,NULL,Safe,NULL,NULL,NULL,NULL,NULL,NULL,unmatched,0.0,valid,August_WL_1994-2025.pdf,NULL,NULL,local_pdf,official_web_fallback,official_web_fallback,pdf_text,NULL,NULL,779,NULL,NULL,https://cgwb.gov.in
goa,north goa,bardez,bardez,Colvale (Ct),Colvale (Ct) Station,15.64402,73.83727,2023,8,August,11.5,NULL,Safe,NULL,NULL,NULL,NULL,NULL,NULL,unmatched,0.0,valid,August_WL_1994-2025.pdf,NULL,NULL,local_pdf,official_web_fallback,official_web_fallback,pdf_text,NULL,NULL,779,NULL,NULL,https://cgwb.gov.in
goa,north goa,bardez,bardez,Mapuca,Mapuca Station,15.61013,73.82434,2023,8,August,3.7,NULL,Safe,NULL,NULL,NULL,NULL,NULL,NULL,unmatched,0.0,valid,August_WL_1994-2025.pdf,NULL,NULL,local_pdf,official_web_fallback,official_web_fallback,pdf_text,NULL,NULL,779,NULL,NULL,https://cgwb.gov.in
goa,north goa,bardez,bardez,Olaulim,Olaulim Station,15.56958,73.86345,2023,8,August,6.1,NULL,Safe,NULL,NULL,NULL,NULL,NULL,NULL,unmatched,0.0,valid,August_WL_1994-2025.pdf,NULL,NULL,local_pdf,official_web_fallback,official_web_fallback,pdf_text,NULL,NULL,779,NULL,NULL,https://cgwb.gov.in
goa,north goa,bardez,bardez,Parra,Parra Station,15.57282,73.79279,2023,8,August,1.5,NULL,Safe,NULL,NULL,NULL,NULL,NULL,NULL,unmatched,0.0,valid,August_WL_1994-2025.pdf,NULL,NULL,local_pdf,official_web_fallback,official_web_fallback,pdf_text,NULL,NULL,779,NULL,NULL,https://cgwb.gov.in
goa,north goa,bardez,bardez,Pirna,Pirna Station,15.66884,73.8818,2023,8,August,2.2,NULL,Safe,NULL,NULL,NULL,NULL,NULL,NULL,unmatched,0.0,valid,August_WL_1994-2025.pdf,NULL,NULL,local_pdf,official_web_fallback,official_web_fallback,pdf_text,NULL,NULL,779,NULL,NULL,https://cgwb.gov.in
goa,north goa,bardez,bardez,Pomburpa,Pomburpa Station,15.55926,73.86761,2023,8,August,3.6,NULL,Safe,NULL,NULL,NULL,NULL,NULL,NULL,unmatched,0.0,valid,August_WL_1994-2025.pdf,NULL,NULL,local_pdf,official_web_fallback,official_web_fallback,pdf_text,NULL,NULL,779,NULL,NULL,https://cgwb.gov.in
goa,north goa,bardez,bardez,Salvador-Do-Mundo (Ct),Salvador-Do-Mundo (Ct) Station,15.5376,73.86869,2023,8,August,3.2,NULL,Safe,NULL,NULL,NULL,NULL,NULL,NULL,unmatched,0.0,valid,August_WL_1994-2025.pdf,NULL,NULL,local_pdf,official_web_fallback,official_web_fallback,pdf_text,NULL,NULL,779,NULL,NULL,https://cgwb.gov.in
goa,north goa,bardez,bardez,Shivoli Brahmanwada,Shivoli Brahmanwada Station,15.62358,73.76681,2023,8,August,1.3,NULL,Safe,NULL,NULL,NULL,NULL,NULL,NULL,unmatched,0.0,valid,August_WL_1994-2025.pdf,NULL,NULL,local_pdf,official_web_fallback,official_web_fallback,pdf_text,NULL,NULL,779,NULL,NULL,https://cgwb.gov.in
goa,north goa,bardez,bardez,Sircaim,Sircaim Station,15.62689,73.87588,2023,8,August,3.1,NULL,Safe,NULL,NULL,NULL,NULL,NULL,NULL,unmatched,0.0,valid,August_WL_1994-2025.pdf,NULL,NULL,local_pdf,official_web_fallback,official_web_fallback,pdf_text,NULL,NULL,779,NULL,NULL,https://cgwb.gov.in
goa,north goa,bicholim,bicholim,Adwalpale,Adwalpale Station,15.63986,73.89602,2023,8,August,5.8,NULL,Safe,NULL,NULL,NULL,NULL,NULL,NULL,unmatched,0.0,valid,August_WL_1994-2025.pdf,NULL,NULL,local_pdf,official_web_fallback,official_web_fallback,pdf_text,NULL,NULL,779,NULL,NULL,https://cgwb.gov.in
goa,north goa,bicholim,bicholim,Devulawada Narve,Devulawada Narve Station,15.55205,73.92413,2023,8,August,14.9,NULL,Safe,NULL,NULL,NULL,NULL,NULL,NULL,unmatched,0.0,valid,August_WL_1994-2025.pdf,NULL,NULL,local_pdf,official_web_fallback,official_web_fallback,pdf_text,NULL,NULL,779,NULL,NULL,https://cgwb.gov.in
goa,north goa,bicholim,bicholim,Jambhul Batt,Jambhul Batt Station,15.58041,73.92604,2023,8,August,2.0,NULL,Safe,NULL,NULL,NULL,NULL,NULL,NULL,unmatched,0.0,valid,August_WL_1994-2025.pdf,NULL,NULL,local_pdf,official_web_fallback,official_web_fallback,pdf_text,NULL,NULL,779,NULL,NULL,https://cgwb.gov.in
goa,north goa,bicholim,bicholim,Mulgao,Mulgao Station,15.61711,73.92075,2023,8,August,3.2,NULL,Safe,NULL,NULL,NULL,NULL,NULL,NULL,unmatched,0.0,valid,August_WL_1994-2025.pdf,NULL,NULL,local_pdf,official_web_fallback,official_web_fallback,pdf_text,NULL,NULL,779,NULL,NULL,https://cgwb.gov.in
goa,north goa,bicholim,bicholim,Salem,Salem Station,15.68771,73.92681,2023,8,August,2.6,NULL,Safe,NULL,NULL,NULL,NULL,NULL,NULL,unmatched,0.0,valid,August_WL_1994-2025.pdf,NULL,NULL,local_pdf,official_web_fallback,official_web_fallback,pdf_text,NULL,NULL,779,NULL,NULL,https://cgwb.gov.in
goa,north goa,pernem,pernem,Corgao,Corgao Station,15.70939,73.75176,2023,8,August,4.7,NULL,Safe,NULL,NULL,NULL,NULL,NULL,NULL,unmatched,0.0,valid,August_WL_1994-2025.pdf,NULL,NULL,local_pdf,official_web_fallback,official_web_fallback,pdf_text,NULL,NULL,779,NULL,NULL,https://cgwb.gov.in
goa,north goa,pernem,pernem,Hasaravanni Vaipal,Hasaravanni Vaipal Station,15.73251,73.89959,2023,8,August,10.0,NULL,Safe,NULL,NULL,NULL,NULL,NULL,NULL,unmatched,0.0,valid,August_WL_1994-2025.pdf,NULL,NULL,local_pdf,official_web_fallback,official_web_fallback,pdf_text,NULL,NULL,779,NULL,NULL,https://cgwb.gov.in
goa,north goa,pernem,pernem,Haspur,Haspur Station,15.73698,73.90359,2023,8,August,2.3,NULL,Safe,NULL,NULL,NULL,NULL,NULL,NULL,unmatched,0.0,valid,August_WL_1994-2025.pdf,NULL,NULL,local_pdf,official_web_fallback,official_web_fallback,pdf_text,NULL,NULL,779,NULL,NULL,https://cgwb.gov.in
goa,north goa,pernem,pernem,Morji,Morji Station,15.63598,73.73963,2023,8,August,1.1,NULL,Safe,NULL,NULL,NULL,NULL,NULL,NULL,unmatched,0.0,valid,August_WL_1994-2025.pdf,NULL,NULL,local_pdf,official_web_fallback,official_web_fallback,pdf_text,NULL,NULL,779,NULL,NULL,https://cgwb.gov.in
goa,north goa,pernem,pernem,Nagjhar,Nagjhar Station,15.70843,73.85289,2023,8,August,8.5,NULL,Safe,NULL,NULL,NULL,NULL,NULL,NULL,unmatched,0.0,valid,August_WL_1994-2025.pdf,NULL,NULL,local_pdf,official_web_fallback,official_web_fallback,pdf_text,NULL,NULL,779,NULL,NULL,https://cgwb.gov.in
goa,north goa,pernem,pernem,Pernem,Pernem Station,15.7176,73.79806,2023,8,August,4.4,NULL,Safe,NULL,NULL,NULL,NULL,NULL,NULL,unmatched,0.0,valid,August_WL_1994-2025.pdf,NULL,NULL,local_pdf,official_web_fallback,official_web_fallback,pdf_text,NULL,NULL,780,NULL,NULL,https://cgwb.gov.in
goa,north goa,pernem,pernem,Sawanthawada,Sawanthawada Station,15.68082,73.75108,2023,8,August,1.8,NULL,Safe,NULL,NULL,NULL,NULL,NULL,NULL,unmatched,0.0,valid,August_WL_1994-2025.pdf,NULL,NULL,local_pdf,official_web_fallback,official_web_fallback,pdf_text,NULL,NULL,780,NULL,NULL,https://cgwb.gov.in
goa,north goa,pernem,pernem,Varconda,Varconda Station,15.75465,73.83533,2023,8,August,3.4,NULL,Safe,NULL,NULL,NULL,NULL,NULL,NULL,unmatched,0.0,valid,August_WL_1994-2025.pdf,NULL,NULL,local_pdf,official_web_fallback,official_web_fallback,pdf_text,NULL,NULL,780,NULL,NULL,https://cgwb.gov.in
goa,north goa,satari,satari,Bayalwadikeri,Bayalwadikeri Station,15.61128,74.067,2023,8,August,2.1,NULL,Safe,NULL,NULL,NULL,NULL,NULL,NULL,unmatched,0.0,valid,August_WL_1994-2025.pdf,NULL,NULL,local_pdf,official_web_fallback,official_web_fallback,pdf_text,NULL,NULL,780,NULL,NULL,https://cgwb.gov.in
goa,north goa,satari,satari,Bhamber Nanoda Cross,Bhamber Nanoda Cross Station,15.58778,74.19123,2023,8,August,4.0,NULL,Safe,NULL,NULL,NULL,NULL,NULL,NULL,unmatched,0.0,valid,August_WL_1994-2025.pdf,NULL,NULL,local_pdf,official_web_fallback,official_web_fallback,pdf_text,NULL,NULL,780,NULL,NULL,https://cgwb.gov.in
goa,north goa,satari,satari,Buimpal,Buimpal Station,15.53936,74.08822,2023,8,August,1.8,NULL,Safe,NULL,NULL,NULL,NULL,NULL,NULL,unmatched,0.0,valid,August_WL_1994-2025.pdf,NULL,NULL,local_pdf,official_web_fallback,official_web_fallback,pdf_text,NULL,NULL,780,NULL,NULL,https://cgwb.gov.in
goa,north goa,satari,satari,Charayode,Charayode Station,15.62783,74.13084,2023,8,August,2.0,NULL,Safe,NULL,NULL,NULL,NULL,NULL,NULL,unmatched,0.0,valid,August_WL_1994-2025.pdf,NULL,NULL,local_pdf,official_web_fallback,official_web_fallback,pdf_text,NULL,NULL,780,NULL,NULL,https://cgwb.gov.in
goa,north goa,satari,satari,Dhatwado Vante,Dhatwado Vante Station,15.49613,74.09753,2023,8,August,4.3,NULL,Safe,NULL,NULL,NULL,NULL,NULL,NULL,unmatched,0.0,valid,August_WL_1994-2025.pdf,NULL,NULL,local_pdf,official_web_fallback,official_web_fallback,pdf_text,NULL,NULL,780,NULL,NULL,https://cgwb.gov.in
goa,north goa,satari,satari,Honda,Honda Station,15.54722,74.05079,2023,8,August,2.9,NULL,Safe,NULL,NULL,NULL,NULL,NULL,NULL,unmatched,0.0,valid,August_WL_1994-2025.pdf,NULL,NULL,local_pdf,official_web_fallback,official_web_fallback,pdf_text,NULL,NULL,780,NULL,NULL,https://cgwb.gov.in
goa,north goa,satari,satari,Khadki(Harijanwada),Khadki(Harijanwada) Station,15.50253,74.13964,2023,8,August,3.3,NULL,Safe,NULL,NULL,NULL,NULL,NULL,NULL,unmatched,0.0,valid,August_WL_1994-2025.pdf,NULL,NULL,local_pdf,official_web_fallback,official_web_fallback,pdf_text,NULL,NULL,780,NULL,NULL,https://cgwb.gov.in
goa,north goa,satari,satari,Khotodem,Khotodem Station,15.48277,74.13695,2023,8,August,4.1,NULL,Safe,NULL,NULL,NULL,NULL,NULL,NULL,unmatched,0.0,valid,August_WL_1994-2025.pdf,NULL,NULL,local_pdf,official_web_fallback,official_web_fallback,pdf_text,NULL,NULL,780,NULL,NULL,https://cgwb.gov.in
goa,north goa,satari,satari,Morlem,Morlem Station,15.59397,74.04632,2023,8,August,3.2,NULL,Safe,NULL,NULL,NULL,NULL,NULL,NULL,unmatched,0.0,valid,August_WL_1994-2025.pdf,NULL,NULL,local_pdf,official_web_fallback,official_web_fallback,pdf_text,NULL,NULL,780,NULL,NULL,https://cgwb.gov.in
goa,north goa,satari,satari,Nagargao,Nagargao Station,15.56158,74.1632,2023,8,August,2.1,NULL,Safe,NULL,NULL,NULL,NULL,NULL,NULL,unmatched,0.0,valid,August_WL_1994-2025.pdf,NULL,NULL,local_pdf,official_web_fallback,official_web_fallback,pdf_text,NULL,NULL,780,NULL,NULL,https://cgwb.gov.in
goa,north goa,satari,satari,Valpoi,Valpoi Station,15.53301,74.13723,2023,8,August,3.3,NULL,Safe,NULL,NULL,NULL,NULL,NULL,NULL,unmatched,0.0,valid,August_WL_1994-2025.pdf,NULL,NULL,local_pdf,official_web_fallback,official_web_fallback,pdf_text,NULL,NULL,780,NULL,NULL,https://cgwb.gov.in
goa,north goa,tiswadi,tiswadi,Gavalebhat Chimbel,Gavalebhat Chimbel Station,15.48944,73.8742,2023,8,August,4.9,NULL,Safe,NULL,NULL,NULL,NULL,NULL,NULL,unmatched,0.0,valid,August_WL_1994-2025.pdf,NULL,NULL,local_pdf,official_web_fallback,official_web_fallback,pdf_text,NULL,NULL,780,NULL,NULL,https://cgwb.gov.in
goa,north goa,tiswadi,tiswadi,Goa-Velha,Goa-Velha Station,15.44139,73.87972,2023,8,August,0.9,NULL,Safe,NULL,NULL,NULL,NULL,NULL,NULL,unmatched,0.0,valid,August_WL_1994-2025.pdf,NULL,NULL,local_pdf,official_web_fallback,official_web_fallback,pdf_text,NULL,NULL,780,NULL,NULL,https://cgwb.gov.in
goa,north goa,tiswadi,tiswadi,Karanjhalen,Karanjhalen Station,15.459,73.80281,2023,8,August,2.5,NULL,Safe,NULL,NULL,NULL,NULL,NULL,NULL,unmatched,0.0,valid,August_WL_1994-2025.pdf,NULL,NULL,local_pdf,official_web_fallback,official_web_fallback,pdf_text,NULL,NULL,780,NULL,NULL,https://cgwb.gov.in
goa,north goa,tiswadi,tiswadi,Velha Goa,Velha Goa Station,15.4976,73.91901,2023,8,August,0.9,NULL,Safe,NULL,NULL,NULL,NULL,NULL,NULL,unmatched,0.0,valid,August_WL_1994-2025.pdf,NULL,NULL,local_pdf,official_web_fallback,official_web_fallback,pdf_text,NULL,NULL,780,NULL,NULL,https://cgwb.gov.in
goa,south goa,canacona,canacona,Agonda,Agonda Station,15.04152,73.99121,2023,8,August,3.3,NULL,Safe,NULL,NULL,NULL,NULL,NULL,NULL,unmatched,0.0,valid,August_WL_1994-2025.pdf,NULL,NULL,local_pdf,official_web_fallback,official_web_fallback,pdf_text,NULL,NULL,780,NULL,NULL,https://cgwb.gov.in
goa,south goa,canacona,canacona,Canacona,Canacona Station,15.00716,74.05233,2023,8,August,2.9,NULL,Safe,NULL,NULL,NULL,NULL,NULL,NULL,unmatched,0.0,valid,August_WL_1994-2025.pdf,NULL,NULL,local_pdf,official_web_fallback,official_web_fallback,pdf_text,NULL,NULL,780,NULL,NULL,https://cgwb.gov.in
goa,south goa,canacona,canacona,Daptamol Lolien,Daptamol Lolien Station,14.94986,74.05528,2023,8,August,15.8,NULL,Safe,NULL,NULL,NULL,NULL,NULL,NULL,unmatched,0.0,valid,August_WL_1994-2025.pdf,NULL,NULL,local_pdf,official_web_fallback,official_web_fallback,pdf_text,NULL,NULL,780,NULL,NULL,https://cgwb.gov.in
goa,south goa,canacona,canacona,Hattipal Poinguinem,Hattipal Poinguinem Station,14.98407,74.10869,2023,8,August,6.8,NULL,Safe,NULL,NULL,NULL,NULL,NULL,NULL,unmatched,0.0,valid,August_WL_1994-2025.pdf,NULL,NULL,local_pdf,official_web_fallback,official_web_fallback,pdf_text,NULL,NULL,780,NULL,NULL,https://cgwb.gov.in
goa,south goa,canacona,canacona,Mashe,Mashe Station,14.96289,74.05465,2023,8,August,3.7,NULL,Safe,NULL,NULL,NULL,NULL,NULL,NULL,unmatched,0.0,valid,August_WL_1994-2025.pdf,NULL,NULL,local_pdf,official_web_fallback,official_web_fallback,pdf_text,NULL,NULL,780,NULL,NULL,https://cgwb.gov.in
goa,south goa,canacona,canacona,Polem,Polem Station,14.91289,74.08455,2023,8,August,1.8,NULL,Safe,NULL,NULL,NULL,NULL,NULL,NULL,unmatched,0.0,valid,August_WL_1994-2025.pdf,NULL,NULL,local_pdf,official_web_fallback,official_web_fallback,pdf_text,NULL,NULL,780,NULL,NULL,https://cgwb.gov.in
goa,south goa,canacona,canacona,Shrishtal Gaondongar,Shrishtal Gaondongar Station,15.03725,74.11851,2023,8,August,4.4,NULL,Safe,NULL,NULL,NULL,NULL,NULL,NULL,unmatched,0.0,valid,August_WL_1994-2025.pdf,NULL,NULL,local_pdf,official_web_fallback,official_web_fallback,pdf_text,NULL,NULL,780,NULL,NULL,https://cgwb.gov.in
goa,south goa,canacona,canacona,Sristal,Sristal Station,14.99245,74.10557,2023,8,August,11.3,NULL,Safe,NULL,NULL,NULL,NULL,NULL,NULL,unmatched,0.0,valid,August_WL_1994-2025.pdf,NULL,NULL,local_pdf,official_web_fallback,official_web_fallback,pdf_text,NULL,NULL,780,NULL,NULL,https://cgwb.gov.in
goa,south goa,canacona,canacona,Yedda,Yedda Station,14.99803,74.19071,2023,8,August,0.5,NULL,Safe,NULL,NULL,NULL,NULL,NULL,NULL,unmatched,0.0,valid,August_WL_1994-2025.pdf,NULL,NULL,local_pdf,official_web_fallback,official_web_fallback,pdf_text,NULL,NULL,780,NULL,NULL,https://cgwb.gov.in
goa,south goa,dharbandora,dharbandora,Bolkharnem,Bolkharnem Station,15.42964,74.19235,2023,8,August,5.5,NULL,Safe,NULL,NULL,NULL,NULL,NULL,NULL,unmatched,0.0,valid,August_WL_1994-2025.pdf,NULL,NULL,local_pdf,official_web_fallback,official_web_fallback,pdf_text,NULL,NULL,780,NULL,NULL,https://cgwb.gov.in
goa,south goa,dharbandora,dharbandora,Colem,Colem Station,15.33497,74.24375,2023,8,August,4.9,NULL,Safe,NULL,NULL,NULL,NULL,NULL,NULL,unmatched,0.0,valid,August_WL_1994-2025.pdf,NULL,NULL,local_pdf,official_web_fallback,official_web_fallback,pdf_text,NULL,NULL,780,NULL,NULL,https://cgwb.gov.in
goa,south goa,dharbandora,dharbandora,Darbandora,Darbandora Station,15.39284,74.12097,2023,8,August,5.9,NULL,Safe,NULL,NULL,NULL,NULL,NULL,NULL,unmatched,0.0,valid,August_WL_1994-2025.pdf,NULL,NULL,local_pdf,official_web_fallback,official_web_fallback,pdf_text,NULL,NULL,780,NULL,NULL,https://cgwb.gov.in
goa,south goa,dharbandora,dharbandora,Molem,Molem Station,15.37701,74.22971,2023,8,August,3.2,NULL,Safe,NULL,NULL,NULL,NULL,NULL,NULL,unmatched,0.0,valid,August_WL_1994-2025.pdf,NULL,NULL,local_pdf,official_web_fallback,official_web_fallback,pdf_text,NULL,NULL,780,NULL,NULL,https://cgwb.gov.in
goa,south goa,mormugao,mormugao,Bagmola,Bagmola Station,15.37006,73.83826,2023,8,August,3.1,NULL,Safe,NULL,NULL,NULL,NULL,NULL,NULL,unmatched,0.0,valid,August_WL_1994-2025.pdf,NULL,NULL,local_pdf,official_web_fallback,official_web_fallback,pdf_text,NULL,NULL,780,NULL,NULL,https://cgwb.gov.in
goa,south goa,mormugao,mormugao,Chicalim (Ct),Chicalim (Ct) Station,15.39818,73.83679,2023,8,August,1.0,NULL,Safe,NULL,NULL,NULL,NULL,NULL,NULL,unmatched,0.0,valid,August_WL_1994-2025.pdf,NULL,NULL,local_pdf,official_web_fallback,official_web_fallback,pdf_text,NULL,NULL,780,NULL,NULL,https://cgwb.gov.in
goa,south goa,ponda,ponda,Borim (Ct),Borim (Ct) Station,15.35417,74.0016,2023,8,August,2.2,NULL,Safe,NULL,NULL,NULL,NULL,NULL,NULL,unmatched,0.0,valid,August_WL_1994-2025.pdf,NULL,NULL,local_pdf,official_web_fallback,official_web_fallback,pdf_text,NULL,NULL,780,NULL,NULL,https://cgwb.gov.in
goa,south goa,ponda,ponda,Kapsa,Kapsa Station,15.27344,74.1006,2023,8,August,4.4,NULL,Safe,NULL,NULL,NULL,NULL,NULL,NULL,unmatched,0.0,valid,August_WL_1994-2025.pdf,NULL,NULL,local_pdf,official_web_fallback,official_web_fallback,pdf_text,NULL,NULL,780,NULL,NULL,https://cgwb.gov.in
goa,south goa,ponda,ponda,Kundel Dassolwada,Kundel Dassolwada Station,15.45287,73.95255,2023,8,August,2.0,NULL,Safe,NULL,NULL,NULL,NULL,NULL,NULL,unmatched,0.0,valid,August_WL_1994-2025.pdf,NULL,NULL,local_pdf,official_web_fallback,official_web_fallback,pdf_text,NULL,NULL,780,NULL,NULL,https://cgwb.gov.in
goa,south goa,ponda,ponda,Mankem,Mankem Station,15.30549,74.04834,2023,8,August,3.2,NULL,Safe,NULL,NULL,NULL,NULL,NULL,NULL,unmatched,0.0,valid,August_WL_1994-2025.pdf,NULL,NULL,local_pdf,official_web_fallback,official_web_fallback,pdf_text,NULL,NULL,780,NULL,NULL,https://cgwb.gov.in
goa,south goa,ponda,ponda,Shiroda,Shiroda Station,15.32068,74.03502,2023,8,August,6.4,NULL,Safe,NULL,NULL,NULL,NULL,NULL,NULL,unmatched,0.0,valid,August_WL_1994-2025.pdf,NULL,NULL,local_pdf,official_web_fallback,official_web_fallback,pdf_text,NULL,NULL,780,NULL,NULL,https://cgwb.gov.in
goa,south goa,quepem,quepem,Ghadiawada,Ghadiawada Station,15.23894,74.11303,2023,8,August,1.6,NULL,Safe,NULL,NULL,NULL,NULL,NULL,NULL,unmatched,0.0,valid,August_WL_1994-2025.pdf,NULL,NULL,local_pdf,official_web_fallback,official_web_fallback,pdf_text,NULL,NULL,780,NULL,NULL,https://cgwb.gov.in
goa,south goa,quepem,quepem,Malkarnem,Malkarnem Station,15.18693,74.12549,2023,8,August,4.6,NULL,Safe,NULL,NULL,NULL,NULL,NULL,NULL,unmatched,0.0,valid,August_WL_1994-2025.pdf,NULL,NULL,local_pdf,official_web_fallback,official_web_fallback,pdf_text,NULL,NULL,780,NULL,NULL,https://cgwb.gov.in
goa,south goa,quepem,quepem,Padi,Padi Station,15.09291,74.0306,2023,8,August,4.7,NULL,Safe,NULL,NULL,NULL,NULL,NULL,NULL,unmatched,0.0,valid,August_WL_1994-2025.pdf,NULL,NULL,local_pdf,official_web_fallback,official_web_fallback,pdf_text,NULL,NULL,780,NULL,NULL,https://cgwb.gov.in
goa,south goa,quepem,quepem,Quepem,Quepem Station,15.21751,74.08075,2023,8,August,2.1,NULL,Safe,NULL,NULL,NULL,NULL,NULL,NULL,unmatched,0.0,valid,August_WL_1994-2025.pdf,NULL,NULL,local_pdf,official_web_fallback,official_web_fallback,pdf_text,NULL,NULL,781,NULL,NULL,https://cgwb.gov.in
goa,south goa,salcete,salcete,Ballynuvhen,Ballynuvhen Station,15.31651,73.94542,2023,8,August,6.0,NULL,Safe,NULL,NULL,NULL,NULL,NULL,NULL,unmatched,0.0,valid,August_WL_1994-2025.pdf,NULL,NULL,local_pdf,official_web_fallback,official_web_fallback,pdf_text,NULL,NULL,781,NULL,NULL,https://cgwb.gov.in
goa,south goa,salcete,salcete,Betalbhatti,Betalbhatti Station,15.30071,73.92006,2023,8,August,3.3,NULL,Safe,NULL,NULL,NULL,NULL,NULL,NULL,unmatched,0.0,valid,August_WL_1994-2025.pdf,NULL,NULL,local_pdf,official_web_fallback,official_web_fallback,pdf_text,NULL,NULL,781,NULL,NULL,https://cgwb.gov.in
goa,south goa,salcete,salcete,Cuncolim,Cuncolim Station,15.18013,74.00004,2023,8,August,5.9,NULL,Safe,NULL,NULL,NULL,NULL,NULL,NULL,unmatched,0.0,valid,August_WL_1994-2025.pdf,NULL,NULL,local_pdf,official_web_fallback,official_web_fallback,pdf_text,NULL,NULL,781,NULL,NULL,https://cgwb.gov.in
goa,south goa,salcete,salcete,Kaveslium,Kaveslium Station,15.18555,73.94721,2023,8,August,2.0,NULL,Safe,NULL,NULL,NULL,NULL,NULL,NULL,unmatched,0.0,valid,August_WL_1994-2025.pdf,NULL,NULL,local_pdf,official_web_fallback,official_web_fallback,pdf_text,NULL,NULL,781,NULL,NULL,https://cgwb.gov.in
goa,south goa,salcete,salcete,Majorda Bpada Curilo,Majorda Bpada Curilo Station,15.32117,73.91711,2023,8,August,3.1,NULL,Safe,NULL,NULL,NULL,NULL,NULL,NULL,unmatched,0.0,valid,August_WL_1994-2025.pdf,NULL,NULL,local_pdf,official_web_fallback,official_web_fallback,pdf_text,NULL,NULL,781,NULL,NULL,https://cgwb.gov.in
goa,south goa,salcete,salcete,Navelim (Ct),Navelim (Ct) Station,15.25444,73.96722,2023,8,August,10.3,NULL,Safe,NULL,NULL,NULL,NULL,NULL,NULL,unmatched,0.0,valid,August_WL_1994-2025.pdf,NULL,NULL,local_pdf,official_web_fallback,official_web_fallback,pdf_text,NULL,NULL,781,NULL,NULL,https://cgwb.gov.in
goa,south goa,salcete,salcete,Panchwadi,Panchwadi Station,15.2836,74.09517,2023,8,August,5.3,NULL,Safe,NULL,NULL,NULL,NULL,NULL,NULL,unmatched,0.0,valid,August_WL_1994-2025.pdf,NULL,NULL,local_pdf,official_web_fallback,official_web_fallback,pdf_text,NULL,NULL,781,NULL,NULL,https://cgwb.gov.in
goa,south goa,sanguem,sanguem,Bati,Bati Station,15.13176,74.22645,2023,8,August,2.8,NULL,Safe,NULL,NULL,NULL,NULL,NULL,NULL,unmatched,0.0,valid,August_WL_1994-2025.pdf,NULL,NULL,local_pdf,official_web_fallback,official_web_fallback,pdf_text,NULL,NULL,781,NULL,NULL,https://cgwb.gov.in
goa,south goa,sanguem,sanguem,Deulwada Kolamba,Deulwada Kolamba Station,15.15021,74.13099,2023,8,August,2.8,NULL,Safe,NULL,NULL,NULL,NULL,NULL,NULL,unmatched,0.0,valid,August_WL_1994-2025.pdf,NULL,NULL,local_pdf,official_web_fallback,official_web_fallback,pdf_text,NULL,NULL,781,NULL,NULL,https://cgwb.gov.in
goa,south goa,sanguem,sanguem,Guddemal,Guddemal Station,15.28545,74.12969,2023,8,August,7.2,NULL,Safe,NULL,NULL,NULL,NULL,NULL,NULL,unmatched,0.0,valid,August_WL_1994-2025.pdf,NULL,NULL,local_pdf,official_web_fallback,official_web_fallback,pdf_text,NULL,NULL,781,NULL,NULL,https://cgwb.gov.in
goa,south goa,sanguem,sanguem,Jambavli,Jambavli Station,15.18658,74.09529,2023,8,August,7.8,NULL,Safe,NULL,NULL,NULL,NULL,NULL,NULL,unmatched,0.0,valid,August_WL_1994-2025.pdf,NULL,NULL,local_pdf,official_web_fallback,official_web_fallback,pdf_text,NULL,NULL,781,NULL,NULL,https://cgwb.gov.in
goa,south goa,sanguem,sanguem,Kalay,Kalay Station,15.2885,74.18007,2023,8,August,10.5,NULL,Safe,NULL,NULL,NULL,NULL,NULL,NULL,unmatched,0.0,valid,August_WL_1994-2025.pdf,NULL,NULL,local_pdf,official_web_fallback,official_web_fallback,pdf_text,NULL,NULL,781,NULL,NULL,https://cgwb.gov.in
goa,south goa,sanguem,sanguem,Rivona,Rivona Station,15.16415,74.10671,2023,8,August,5.7,NULL,Safe,NULL,NULL,NULL,NULL,NULL,NULL,unmatched,0.0,valid,August_WL_1994-2025.pdf,NULL,NULL,local_pdf,official_web_fallback,official_web_fallback,pdf_text,NULL,NULL,781,NULL,NULL,https://cgwb.gov.in
goa,south goa,sanguem,sanguem,Themchewada,Themchewada Station,15.21958,74.15752,2023,8,August,8.2,NULL,Safe,NULL,NULL,NULL,NULL,NULL,NULL,unmatched,0.0,valid,August_WL_1994-2025.pdf,NULL,NULL,local_pdf,official_web_fallback,official_web_fallback,pdf_text,NULL,NULL,781,NULL,NULL,https://cgwb.gov.in
goa,south goa,sanguem,sanguem,Vadam,Vadam Station,15.13063,74.20754,2023,8,August,4.0,NULL,Safe,NULL,NULL,NULL,NULL,NULL,NULL,unmatched,0.0,valid,August_WL_1994-2025.pdf,NULL,NULL,local_pdf,official_web_fallback,official_web_fallback,pdf_text,NULL,NULL,781,NULL,NULL,https://cgwb.gov.in
goa,south goa,sanguem,sanguem,Vichundrem,Vichundrem Station,15.10364,74.20318,2023,8,August,3.0,NULL,Safe,NULL,NULL,NULL,NULL,NULL,NULL,unmatched,0.0,valid,August_WL_1994-2025.pdf,NULL,NULL,local_pdf,official_web_fallback,official_web_fallback,pdf_text,NULL,NULL,781,NULL,NULL,https://cgwb.gov.in
goa,north goa,bardez,bardez,Amberem,Amberem Station,15.74045,73.82449,2022,8,August,6.0,NULL,Safe,NULL,NULL,NULL,NULL,NULL,NULL,unmatched,0.0,valid,August_WL_1994-2025.pdf,NULL,NULL,local_pdf,official_web_fallback,official_web_fallback,pdf_text,NULL,NULL,1170,NULL,NULL,https://cgwb.gov.in
goa,north goa,bardez,bardez,Anjuna (Ct),Anjuna (Ct) Station,15.5842,73.73828,2022,8,August,7.1,NULL,Safe,NULL,NULL,NULL,NULL,NULL,NULL,unmatched,0.0,valid,August_WL_1994-2025.pdf,NULL,NULL,local_pdf,official_web_fallback,official_web_fallback,pdf_text,NULL,NULL,1170,NULL,NULL,https://cgwb.gov.in
goa,north goa,bardez,bardez,Bastora,Bastora Station,15.51596,73.83858,2022,8,August,1.9,NULL,Safe,NULL,NULL,NULL,NULL,NULL,NULL,unmatched,0.0,valid,August_WL_1994-2025.pdf,NULL,NULL,local_pdf,official_web_fallback,official_web_fallback,pdf_text,NULL,NULL,1170,NULL,NULL,https://cgwb.gov.in
goa,north goa,bardez,bardez,Calangute (Ct),Calangute (Ct) Station,15.54612,73.75861,2022,8,August,4.6,NULL,Safe,NULL,NULL,NULL,NULL,NULL,NULL,unmatched,0.0,valid,August_WL_1994-2025.pdf,NULL,NULL,local_pdf,official_web_fallback,official_web_fallback,pdf_text,NULL,NULL,1170,NULL,NULL,https://cgwb.gov.in
goa,north goa,bardez,bardez,Colvale (Ct),Colvale (Ct) Station,15.64402,73.83727,2022,8,August,6.5,NULL,Safe,NULL,NULL,NULL,NULL,NULL,NULL,unmatched,0.0,valid,August_WL_1994-2025.pdf,NULL,NULL,local_pdf,official_web_fallback,official_web_fallback,pdf_text,NULL,NULL,1170,NULL,NULL,https://cgwb.gov.in
goa,north goa,bardez,bardez,Mapuca,Mapuca Station,15.61013,73.82434,2022,8,August,2.2,NULL,Safe,NULL,NULL,NULL,NULL,NULL,NULL,unmatched,0.0,valid,August_WL_1994-2025.pdf,NULL,NULL,local_pdf,official_web_fallback,official_web_fallback,pdf_text,NULL,NULL,1170,NULL,NULL,https://cgwb.gov.in
goa,north goa,bardez,bardez,Olaulim,Olaulim Station,15.56958,73.86345,2022,8,August,2.9,NULL,Safe,NULL,NULL,NULL,NULL,NULL,NULL,unmatched,0.0,valid,August_WL_1994-2025.pdf,NULL,NULL,local_pdf,official_web_fallback,official_web_fallback,pdf_text,NULL,NULL,1170,NULL,NULL,https://cgwb.gov.in
goa,north goa,bardez,bardez,Parra,Parra Station,15.57282,73.79279,2022,8,August,0.9,NULL,Safe,NULL,NULL,NULL,NULL,NULL,NULL,unmatched,0.0,valid,August_WL_1994-2025.pdf,NULL,NULL,local_pdf,official_web_fallback,official_web_fallback,pdf_text,NULL,NULL,1170,NULL,NULL,https://cgwb.gov.in
goa,north goa,bardez,bardez,Pirna,Pirna Station,15.66884,73.8818,2022,8,August,1.9,NULL,Safe,NULL,NULL,NULL,NULL,NULL,NULL,unmatched,0.0,valid,August_WL_1994-2025.pdf,NULL,NULL,local_pdf,official_web_fallback,official_web_fallback,pdf_text,NULL,NULL,1170,NULL,NULL,https://cgwb.gov.in
goa,north goa,bardez,bardez,Pomburpa,Pomburpa Station,15.55926,73.86761,2022,8,August,2.9,NULL,Safe,NULL,NULL,NULL,NULL,NULL,NULL,unmatched,0.0,valid,August_WL_1994-2025.pdf,NULL,NULL,local_pdf,official_web_fallback,official_web_fallback,pdf_text,NULL,NULL,1170,NULL,NULL,https://cgwb.gov.in
goa,north goa,bardez,bardez,Salvador-Do-Mundo (Ct),Salvador-Do-Mundo (Ct) Station,15.5376,73.86869,2022,8,August,2.1,NULL,Safe,NULL,NULL,NULL,NULL,NULL,NULL,unmatched,0.0,valid,August_WL_1994-2025.pdf,NULL,NULL,local_pdf,official_web_fallback,official_web_fallback,pdf_text,NULL,NULL,1170,NULL,NULL,https://cgwb.gov.in
goa,north goa,bardez,bardez,Shivoli Brahmanwada,Shivoli Brahmanwada Station,15.62358,73.76681,2022,8,August,0.6,NULL,Safe,NULL,NULL,NULL,NULL,NULL,NULL,unmatched,0.0,valid,August_WL_1994-2025.pdf,NULL,NULL,local_pdf,official_web_fallback,official_web_fallback,pdf_text,NULL,NULL,1170,NULL,NULL,https://cgwb.gov.in
goa,north goa,bardez,bardez,Sircaim,Sircaim Station,15.62689,73.87588,2022,8,August,2.1,NULL,Safe,NULL,NULL,NULL,NULL,NULL,NULL,unmatched,0.0,valid,August_WL_1994-2025.pdf,NULL,NULL,local_pdf,official_web_fallback,official_web_fallback,pdf_text,NULL,NULL,1170,NULL,NULL,https://cgwb.gov.in
goa,north goa,bicholim,bicholim,Adwalpale,Adwalpale Station,15.63986,73.89602,2022,8,August,4.9,NULL,Safe,NULL,NULL,NULL,NULL,NULL,NULL,unmatched,0.0,valid,August_WL_1994-2025.pdf,NULL,NULL,local_pdf,official_web_fallback,official_web_fallback,pdf_text,NULL,NULL,1170,NULL,NULL,https://cgwb.gov.in
goa,north goa,bicholim,bicholim,Devulawada Narve,Devulawada Narve Station,15.55205,73.92413,2022,8,August,12.1,NULL,Safe,NULL,NULL,NULL,NULL,NULL,NULL,unmatched,0.0,valid,August_WL_1994-2025.pdf,NULL,NULL,local_pdf,official_web_fallback,official_web_fallback,pdf_text,NULL,NULL,1170,NULL,NULL,https://cgwb.gov.in
goa,north goa,bicholim,bicholim,Jambhul Batt,Jambhul Batt Station,15.58041,73.92604,2022,8,August,1.5,NULL,Safe,NULL,NULL,NULL,NULL,NULL,NULL,unmatched,0.0,valid,August_WL_1994-2025.pdf,NULL,NULL,local_pdf,official_web_fallback,official_web_fallback,pdf_text,NULL,NULL,1170,NULL,NULL,https://cgwb.gov.in
goa,north goa,bicholim,bicholim,Mulgao,Mulgao Station,15.61711,73.92075,2022,8,August,2.3,NULL,Safe,NULL,NULL,NULL,NULL,NULL,NULL,unmatched,0.0,valid,August_WL_1994-2025.pdf,NULL,NULL,local_pdf,official_web_fallback,official_web_fallback,pdf_text,NULL,NULL,1170,NULL,NULL,https://cgwb.gov.in
goa,north goa,bicholim,bicholim,Salem,Salem Station,15.68771,73.92681,2022,8,August,1.9,NULL,Safe,NULL,NULL,NULL,NULL,NULL,NULL,unmatched,0.0,valid,August_WL_1994-2025.pdf,NULL,NULL,local_pdf,official_web_fallback,official_web_fallback,pdf_text,NULL,NULL,1170,NULL,NULL,https://cgwb.gov.in
goa,north goa,pernem,pernem,Corgao,Corgao Station,15.70939,73.75176,2022,8,August,4.4,NULL,Safe,NULL,NULL,NULL,NULL,NULL,NULL,unmatched,0.0,valid,August_WL_1994-2025.pdf,NULL,NULL,local_pdf,official_web_fallback,official_web_fallback,pdf_text,NULL,NULL,1170,NULL,NULL,https://cgwb.gov.in
goa,north goa,pernem,pernem,Hasaravanni Vaipal,Hasaravanni Vaipal Station,15.73251,73.89959,2022,8,August,1.2,NULL,Safe,NULL,NULL,NULL,NULL,NULL,NULL,unmatched,0.0,valid,August_WL_1994-2025.pdf,NULL,NULL,local_pdf,official_web_fallback,official_web_fallback,pdf_text,NULL,NULL,1170,NULL,NULL,https://cgwb.gov.in
goa,north goa,pernem,pernem,Haspur,Haspur Station,15.73698,73.90359,2022,8,August,1.3,NULL,Safe,NULL,NULL,NULL,NULL,NULL,NULL,unmatched,0.0,valid,August_WL_1994-2025.pdf,NULL,NULL,local_pdf,official_web_fallback,official_web_fallback,pdf_text,NULL,NULL,1170,NULL,NULL,https://cgwb.gov.in
goa,north goa,pernem,pernem,Morji,Morji Station,15.63598,73.73963,2022,8,August,1.0,NULL,Safe,NULL,NULL,NULL,NULL,NULL,NULL,unmatched,0.0,valid,August_WL_1994-2025.pdf,NULL,NULL,local_pdf,official_web_fallback,official_web_fallback,pdf_text,NULL,NULL,1170,NULL,NULL,https://cgwb.gov.in
goa,north goa,pernem,pernem,Nagjhar,Nagjhar Station,15.70843,73.85289,2022,8,August,7.3,NULL,Safe,NULL,NULL,NULL,NULL,NULL,NULL,unmatched,0.0,valid,August_WL_1994-2025.pdf,NULL,NULL,local_pdf,official_web_fallback,official_web_fallback,pdf_text,NULL,NULL,1170,NULL,NULL,https://cgwb.gov.in
goa,north goa,pernem,pernem,Pernem,Pernem Station,15.7176,73.79806,2022,8,August,2.3,NULL,Safe,NULL,NULL,NULL,NULL,NULL,NULL,unmatched,0.0,valid,August_WL_1994-2025.pdf,NULL,NULL,local_pdf,official_web_fallback,official_web_fallback,pdf_text,NULL,NULL,1170,NULL,NULL,https://cgwb.gov.in
goa,north goa,pernem,pernem,Sawanthawada,Sawanthawada Station,15.68082,73.75108,2022,8,August,1.6,NULL,Safe,NULL,NULL,NULL,NULL,NULL,NULL,unmatched,0.0,valid,August_WL_1994-2025.pdf,NULL,NULL,local_pdf,official_web_fallback,official_web_fallback,pdf_text,NULL,NULL,1170,NULL,NULL,https://cgwb.gov.in
goa,north goa,pernem,pernem,Varconda,Varconda Station,15.75465,73.83533,2022,8,August,2.8,NULL,Safe,NULL,NULL,NULL,NULL,NULL,NULL,unmatched,0.0,valid,August_WL_1994-2025.pdf,NULL,NULL,local_pdf,official_web_fallback,official_web_fallback,pdf_text,NULL,NULL,1170,NULL,NULL,https://cgwb.gov.in
goa,north goa,satari,satari,Bayalwadikeri,Bayalwadikeri Station,15.61128,74.067,2022,8,August,1.3,NULL,Safe,NULL,NULL,NULL,NULL,NULL,NULL,unmatched,0.0,valid,August_WL_1994-2025.pdf,NULL,NULL,local_pdf,official_web_fallback,official_web_fallback,pdf_text,NULL,NULL,1170,NULL,NULL,https://cgwb.gov.in
goa,north goa,satari,satari,Bhamber Nanoda Cross,Bhamber Nanoda Cross Station,15.58778,74.19123,2022,8,August,3.6,NULL,Safe,NULL,NULL,NULL,NULL,NULL,NULL,unmatched,0.0,valid,August_WL_1994-2025.pdf,NULL,NULL,local_pdf,official_web_fallback,official_web_fallback,pdf_text,NULL,NULL,1170,NULL,NULL,https://cgwb.gov.in
goa,north goa,satari,satari,Buimpal,Buimpal Station,15.53936,74.08822,2022,8,August,1.6,NULL,Safe,NULL,NULL,NULL,NULL,NULL,NULL,unmatched,0.0,valid,August_WL_1994-2025.pdf,NULL,NULL,local_pdf,official_web_fallback,official_web_fallback,pdf_text,NULL,NULL,1170,NULL,NULL,https://cgwb.gov.in
goa,north goa,satari,satari,Charayode,Charayode Station,15.62783,74.13084,2022,8,August,1.4,NULL,Safe,NULL,NULL,NULL,NULL,NULL,NULL,unmatched,0.0,valid,August_WL_1994-2025.pdf,NULL,NULL,local_pdf,official_web_fallback,official_web_fallback,pdf_text,NULL,NULL,1170,NULL,NULL,https://cgwb.gov.in
goa,north goa,satari,satari,Dhatwado Vante,Dhatwado Vante Station,15.49613,74.09753,2022,8,August,2.8,NULL,Safe,NULL,NULL,NULL,NULL,NULL,NULL,unmatched,0.0,valid,August_WL_1994-2025.pdf,NULL,NULL,local_pdf,official_web_fallback,official_web_fallback,pdf_text,NULL,NULL,1170,NULL,NULL,https://cgwb.gov.in
goa,north goa,satari,satari,Honda,Honda Station,15.54722,74.05079,2022,8,August,2.3,NULL,Safe,NULL,NULL,NULL,NULL,NULL,NULL,unmatched,0.0,valid,August_WL_1994-2025.pdf,NULL,NULL,local_pdf,official_web_fallback,official_web_fallback,pdf_text,NULL,NULL,1170,NULL,NULL,https://cgwb.gov.in
goa,north goa,satari,satari,Khadki(Harijanwada),Khadki(Harijanwada) Station,15.50253,74.13964,2022,8,August,3.5,NULL,Safe,NULL,NULL,NULL,NULL,NULL,NULL,unmatched,0.0,valid,August_WL_1994-2025.pdf,NULL,NULL,local_pdf,official_web_fallback,official_web_fallback,pdf_text,NULL,NULL,1170,NULL,NULL,https://cgwb.gov.in
goa,north goa,satari,satari,Khotodem,Khotodem Station,15.48277,74.13695,2022,8,August,2.4,NULL,Safe,NULL,NULL,NULL,NULL,NULL,NULL,unmatched,0.0,valid,August_WL_1994-2025.pdf,NULL,NULL,local_pdf,official_web_fallback,official_web_fallback,pdf_text,NULL,NULL,1170,NULL,NULL,https://cgwb.gov.in
goa,north goa,satari,satari,Morlem,Morlem Station,15.59397,74.04632,2022,8,August,2.8,NULL,Safe,NULL,NULL,NULL,NULL,NULL,NULL,unmatched,0.0,valid,August_WL_1994-2025.pdf,NULL,NULL,local_pdf,official_web_fallback,official_web_fallback,pdf_text,NULL,NULL,1170,NULL,NULL,https://cgwb.gov.in
goa,north goa,satari,satari,Nagargao,Nagargao Station,15.56158,74.1632,2022,8,August,1.3,NULL,Safe,NULL,NULL,NULL,NULL,NULL,NULL,unmatched,0.0,valid,August_WL_1994-2025.pdf,NULL,NULL,local_pdf,official_web_fallback,official_web_fallback,pdf_text,NULL,NULL,1170,NULL,NULL,https://cgwb.gov.in
goa,north goa,satari,satari,Valpoi,Valpoi Station,15.53301,74.13723,2022,8,August,1.7,NULL,Safe,NULL,NULL,NULL,NULL,NULL,NULL,unmatched,0.0,valid,August_WL_1994-2025.pdf,NULL,NULL,local_pdf,official_web_fallback,official_web_fallback,pdf_text,NULL,NULL,1170,NULL,NULL,https://cgwb.gov.in
goa,north goa,tiswadi,tiswadi,Gavalebhat Chimbel,Gavalebhat Chimbel Station,15.48944,73.8742,2022,8,August,4.8,NULL,Safe,NULL,NULL,NULL,NULL,NULL,NULL,unmatched,0.0,valid,August_WL_1994-2025.pdf,NULL,NULL,local_pdf,official_web_fallback,official_web_fallback,pdf_text,NULL,NULL,1170,NULL,NULL,https://cgwb.gov.in
goa,north goa,tiswadi,tiswadi,Karanjhalen,Karanjhalen Station,15.459,73.80281,2022,8,August,2.1,NULL,Safe,NULL,NULL,NULL,NULL,NULL,NULL,unmatched,0.0,valid,August_WL_1994-2025.pdf,NULL,NULL,local_pdf,official_web_fallback,official_web_fallback,pdf_text,NULL,NULL,1170,NULL,NULL,https://cgwb.gov.in
goa,north goa,tiswadi,tiswadi,Velha Goa,Velha Goa Station,15.4976,73.91901,2022,8,August,0.8,NULL,Safe,NULL,NULL,NULL,NULL,NULL,NULL,unmatched,0.0,valid,August_WL_1994-2025.pdf,NULL,NULL,local_pdf,official_web_fallback,official_web_fallback,pdf_text,NULL,NULL,1171,NULL,NULL,https://cgwb.gov.in
goa,south goa,canacona,canacona,Agonda,Agonda Station,15.04152,73.99121,2022,8,August,3.0,NULL,Safe,NULL,NULL,NULL,NULL,NULL,NULL,unmatched,0.0,valid,August_WL_1994-2025.pdf,NULL,NULL,local_pdf,official_web_fallback,official_web_fallback,pdf_text,NULL,NULL,1171,NULL,NULL,https://cgwb.gov.in
goa,south goa,canacona,canacona,Canacona,Canacona Station,15.00716,74.05233,2022,8,August,2.8,NULL,Safe,NULL,NULL,NULL,NULL,NULL,NULL,unmatched,0.0,valid,August_WL_1994-2025.pdf,NULL,NULL,local_pdf,official_web_fallback,official_web_fallback,pdf_text,NULL,NULL,1171,NULL,NULL,https://cgwb.gov.in
goa,south goa,canacona,canacona,Daptamol Lolien,Daptamol Lolien Station,14.94986,74.05528,2022,8,August,16.8,NULL,Safe,NULL,NULL,NULL,NULL,NULL,NULL,unmatched,0.0,valid,August_WL_1994-2025.pdf,NULL,NULL,local_pdf,official_web_fallback,official_web_fallback,pdf_text,NULL,NULL,1171,NULL,NULL,https://cgwb.gov.in
goa,south goa,canacona,canacona,Hattipal Poinguinem,Hattipal Poinguinem Station,14.98407,74.10869,2022,8,August,14.3,NULL,Safe,NULL,NULL,NULL,NULL,NULL,NULL,unmatched,0.0,valid,August_WL_1994-2025.pdf,NULL,NULL,local_pdf,official_web_fallback,official_web_fallback,pdf_text,NULL,NULL,1171,NULL,NULL,https://cgwb.gov.in
goa,south goa,canacona,canacona,Mashe,Mashe Station,14.96289,74.05465,2022,8,August,3.5,NULL,Safe,NULL,NULL,NULL,NULL,NULL,NULL,unmatched,0.0,valid,August_WL_1994-2025.pdf,NULL,NULL,local_pdf,official_web_fallback,official_web_fallback,pdf_text,NULL,NULL,1171,NULL,NULL,https://cgwb.gov.in
goa,south goa,canacona,canacona,Polem,Polem Station,14.91289,74.08455,2022,8,August,1.7,NULL,Safe,NULL,NULL,NULL,NULL,NULL,NULL,unmatched,0.0,valid,August_WL_1994-2025.pdf,NULL,NULL,local_pdf,official_web_fallback,official_web_fallback,pdf_text,NULL,NULL,1171,NULL,NULL,https://cgwb.gov.in
goa,south goa,canacona,canacona,Shrishtal Gaondongar,Shrishtal Gaondongar Station,15.03725,74.11851,2022,8,August,3.9,NULL,Safe,NULL,NULL,NULL,NULL,NULL,NULL,unmatched,0.0,valid,August_WL_1994-2025.pdf,NULL,NULL,local_pdf,official_web_fallback,official_web_fallback,pdf_text,NULL,NULL,1171,NULL,NULL,https://cgwb.gov.in
goa,south goa,canacona,canacona,Sristal,Sristal Station,14.99245,74.10557,2022,8,August,8.6,NULL,Safe,NULL,NULL,NULL,NULL,NULL,NULL,unmatched,0.0,valid,August_WL_1994-2025.pdf,NULL,NULL,local_pdf,official_web_fallback,official_web_fallback,pdf_text,NULL,NULL,1171,NULL,NULL,https://cgwb.gov.in
goa,south goa,dharbandora,dharbandora,Bolkharnem,Bolkharnem Station,15.42964,74.19235,2022,8,August,4.3,NULL,Safe,NULL,NULL,NULL,NULL,NULL,NULL,unmatched,0.0,valid,August_WL_1994-2025.pdf,NULL,NULL,local_pdf,official_web_fallback,official_web_fallback,pdf_text,NULL,NULL,1171,NULL,NULL,https://cgwb.gov.in
goa,south goa,dharbandora,dharbandora,Colem,Colem Station,15.33497,74.24375,2022,8,August,4.4,NULL,Safe,NULL,NULL,NULL,NULL,NULL,NULL,unmatched,0.0,valid,August_WL_1994-2025.pdf,NULL,NULL,local_pdf,official_web_fallback,official_web_fallback,pdf_text,NULL,NULL,1171,NULL,NULL,https://cgwb.gov.in
goa,south goa,dharbandora,dharbandora,Molem,Molem Station,15.37701,74.22971,2022,8,August,2.0,NULL,Safe,NULL,NULL,NULL,NULL,NULL,NULL,unmatched,0.0,valid,August_WL_1994-2025.pdf,NULL,NULL,local_pdf,official_web_fallback,official_web_fallback,pdf_text,NULL,NULL,1171,NULL,NULL,https://cgwb.gov.in
goa,south goa,mormugao,mormugao,Bagmola,Bagmola Station,15.37006,73.83826,2022,8,August,3.0,NULL,Safe,NULL,NULL,NULL,NULL,NULL,NULL,unmatched,0.0,valid,August_WL_1994-2025.pdf,NULL,NULL,local_pdf,official_web_fallback,official_web_fallback,pdf_text,NULL,NULL,1171,NULL,NULL,https://cgwb.gov.in
goa,south goa,mormugao,mormugao,Chicalim (Ct),Chicalim (Ct) Station,15.39818,73.83679,2022,8,August,0.9,NULL,Safe,NULL,NULL,NULL,NULL,NULL,NULL,unmatched,0.0,valid,August_WL_1994-2025.pdf,NULL,NULL,local_pdf,official_web_fallback,official_web_fallback,pdf_text,NULL,NULL,1171,NULL,NULL,https://cgwb.gov.in
goa,south goa,ponda,ponda,Borim (Ct),Borim (Ct) Station,15.35417,74.0016,2022,8,August,4.8,NULL,Safe,NULL,NULL,NULL,NULL,NULL,NULL,unmatched,0.0,valid,August_WL_1994-2025.pdf,NULL,NULL,local_pdf,official_web_fallback,official_web_fallback,pdf_text,NULL,NULL,1171,NULL,NULL,https://cgwb.gov.in
goa,south goa,ponda,ponda,Kapsa,Kapsa Station,15.27344,74.1006,2022,8,August,4.4,NULL,Safe,NULL,NULL,NULL,NULL,NULL,NULL,unmatched,0.0,valid,August_WL_1994-2025.pdf,NULL,NULL,local_pdf,official_web_fallback,official_web_fallback,pdf_text,NULL,NULL,1171,NULL,NULL,https://cgwb.gov.in
goa,south goa,ponda,ponda,Kundel Dassolwada,Kundel Dassolwada Station,15.45287,73.95255,2022,8,August,1.9,NULL,Safe,NULL,NULL,NULL,NULL,NULL,NULL,unmatched,0.0,valid,August_WL_1994-2025.pdf,NULL,NULL,local_pdf,official_web_fallback,official_web_fallback,pdf_text,NULL,NULL,1171,NULL,NULL,https://cgwb.gov.in
goa,south goa,ponda,ponda,Mankem,Mankem Station,15.30549,74.04834,2022,8,August,3.0,NULL,Safe,NULL,NULL,NULL,NULL,NULL,NULL,unmatched,0.0,valid,August_WL_1994-2025.pdf,NULL,NULL,local_pdf,official_web_fallback,official_web_fallback,pdf_text,NULL,NULL,1171,NULL,NULL,https://cgwb.gov.in
goa,south goa,ponda,ponda,Shiroda,Shiroda Station,15.32068,74.03502,2022,8,August,6.2,NULL,Safe,NULL,NULL,NULL,NULL,NULL,NULL,unmatched,0.0,valid,August_WL_1994-2025.pdf,NULL,NULL,local_pdf,official_web_fallback,official_web_fallback,pdf_text,NULL,NULL,1171,NULL,NULL,https://cgwb.gov.in
goa,south goa,quepem,quepem,Ghadiawada,Ghadiawada Station,15.23894,74.11303,2022,8,August,1.5,NULL,Safe,NULL,NULL,NULL,NULL,NULL,NULL,unmatched,0.0,valid,August_WL_1994-2025.pdf,NULL,NULL,local_pdf,official_web_fallback,official_web_fallback,pdf_text,NULL,NULL,1171,NULL,NULL,https://cgwb.gov.in
goa,south goa,quepem,quepem,Malkarnem,Malkarnem Station,15.18693,74.12549,2022,8,August,8.3,NULL,Safe,NULL,NULL,NULL,NULL,NULL,NULL,unmatched,0.0,valid,August_WL_1994-2025.pdf,NULL,NULL,local_pdf,official_web_fallback,official_web_fallback,pdf_text,NULL,NULL,1171,NULL,NULL,https://cgwb.gov.in
goa,south goa,quepem,quepem,Padi,Padi Station,15.09291,74.0306,2022,8,August,6.5,NULL,Safe,NULL,NULL,NULL,NULL,NULL,NULL,unmatched,0.0,valid,August_WL_1994-2025.pdf,NULL,NULL,local_pdf,official_web_fallback,official_web_fallback,pdf_text,NULL,NULL,1171,NULL,NULL,https://cgwb.gov.in
goa,south goa,quepem,quepem,Quepem,Quepem Station,15.21751,74.08075,2022,8,August,2.3,NULL,Safe,NULL,NULL,NULL,NULL,NULL,NULL,unmatched,0.0,valid,August_WL_1994-2025.pdf,NULL,NULL,local_pdf,official_web_fallback,official_web_fallback,pdf_text,NULL,NULL,1171,NULL,NULL,https://cgwb.gov.in
goa,south goa,salcete,salcete,Ballynuvhen,Ballynuvhen Station,15.31651,73.94542,2022,8,August,5.3,NULL,Safe,NULL,NULL,NULL,NULL,NULL,NULL,unmatched,0.0,valid,August_WL_1994-2025.pdf,NULL,NULL,local_pdf,official_web_fallback,official_web_fallback,pdf_text,NULL,NULL,1171,NULL,NULL,https://cgwb.gov.in
goa,south goa,salcete,salcete,Betalbhatti,Betalbhatti Station,15.30071,73.92006,2022,8,August,3.5,NULL,Safe,NULL,NULL,NULL,NULL,NULL,NULL,unmatched,0.0,valid,August_WL_1994-2025.pdf,NULL,NULL,local_pdf,official_web_fallback,official_web_fallback,pdf_text,NULL,NULL,1171,NULL,NULL,https://cgwb.gov.in
goa,south goa,salcete,salcete,Cuncolim,Cuncolim Station,15.18013,74.00004,2022,8,August,1.4,NULL,Safe,NULL,NULL,NULL,NULL,NULL,NULL,unmatched,0.0,valid,August_WL_1994-2025.pdf,NULL,NULL,local_pdf,official_web_fallback,official_web_fallback,pdf_text,NULL,NULL,1171,NULL,NULL,https://cgwb.gov.in
goa,south goa,salcete,salcete,Kaveslium,Kaveslium Station,15.18555,73.94721,2022,8,August,2.1,NULL,Safe,NULL,NULL,NULL,NULL,NULL,NULL,unmatched,0.0,valid,August_WL_1994-2025.pdf,NULL,NULL,local_pdf,official_web_fallback,official_web_fallback,pdf_text,NULL,NULL,1171,NULL,NULL,https://cgwb.gov.in
goa,south goa,salcete,salcete,Majorda Bpada Curilo,Majorda Bpada Curilo Station,15.32117,73.91711,2022,8,August,2.8,NULL,Safe,NULL,NULL,NULL,NULL,NULL,NULL,unmatched,0.0,valid,August_WL_1994-2025.pdf,NULL,NULL,local_pdf,official_web_fallback,official_web_fallback,pdf_text,NULL,NULL,1171,NULL,NULL,https://cgwb.gov.in
goa,south goa,salcete,salcete,Navelim (Ct),Navelim (Ct) Station,15.25444,73.96722,2022,8,August,8.9,NULL,Safe,NULL,NULL,NULL,NULL,NULL,NULL,unmatched,0.0,valid,August_WL_1994-2025.pdf,NULL,NULL,local_pdf,official_web_fallback,official_web_fallback,pdf_text,NULL,NULL,1171,NULL,NULL,https://cgwb.gov.in
goa,south goa,salcete,salcete,Panchwadi,Panchwadi Station,15.2836,74.09517,2022,8,August,5.3,NULL,Safe,NULL,NULL,NULL,NULL,NULL,NULL,unmatched,0.0,valid,August_WL_1994-2025.pdf,NULL,NULL,local_pdf,official_web_fallback,official_web_fallback,pdf_text,NULL,NULL,1171,NULL,NULL,https://cgwb.gov.in
goa,south goa,sanguem,sanguem,Bati,Bati Station,15.13176,74.22645,2022,8,August,3.7,NULL,Safe,NULL,NULL,NULL,NULL,NULL,NULL,unmatched,0.0,valid,August_WL_1994-2025.pdf,NULL,NULL,local_pdf,official_web_fallback,official_web_fallback,pdf_text,NULL,NULL,1171,NULL,NULL,https://cgwb.gov.in
goa,south goa,sanguem,sanguem,Deulwada Kolamba,Deulwada Kolamba Station,15.15021,74.13099,2022,8,August,2.6,NULL,Safe,NULL,NULL,NULL,NULL,NULL,NULL,unmatched,0.0,valid,August_WL_1994-2025.pdf,NULL,NULL,local_pdf,official_web_fallback,official_web_fallback,pdf_text,NULL,NULL,1171,NULL,NULL,https://cgwb.gov.in
goa,south goa,sanguem,sanguem,Guddemal,Guddemal Station,15.28545,74.12969,2022,8,August,6.5,NULL,Safe,NULL,NULL,NULL,NULL,NULL,NULL,unmatched,0.0,valid,August_WL_1994-2025.pdf,NULL,NULL,local_pdf,official_web_fallback,official_web_fallback,pdf_text,NULL,NULL,1171,NULL,NULL,https://cgwb.gov.in
goa,south goa,sanguem,sanguem,Jambavli,Jambavli Station,15.18658,74.09529,2022,8,August,6.8,NULL,Safe,NULL,NULL,NULL,NULL,NULL,NULL,unmatched,0.0,valid,August_WL_1994-2025.pdf,NULL,NULL,local_pdf,official_web_fallback,official_web_fallback,pdf_text,NULL,NULL,1171,NULL,NULL,https://cgwb.gov.in
goa,south goa,sanguem,sanguem,Kalay,Kalay Station,15.2885,74.18007,2022,8,August,9.9,NULL,Safe,NULL,NULL,NULL,NULL,NULL,NULL,unmatched,0.0,valid,August_WL_1994-2025.pdf,NULL,NULL,local_pdf,official_web_fallback,official_web_fallback,pdf_text,NULL,NULL,1171,NULL,NULL,https://cgwb.gov.in
goa,south goa,sanguem,sanguem,Rivona,Rivona Station,15.16415,74.10671,2022,8,August,5.2,NULL,Safe,NULL,NULL,NULL,NULL,NULL,NULL,unmatched,0.0,valid,August_WL_1994-2025.pdf,NULL,NULL,local_pdf,official_web_fallback,official_web_fallback,pdf_text,NULL,NULL,1171,NULL,NULL,https://cgwb.gov.in
goa,south goa,sanguem,sanguem,Themchewada,Themchewada Station,15.21958,74.15752,2022,8,August,6.9,NULL,Safe,NULL,NULL,NULL,NULL,NULL,NULL,unmatched,0.0,valid,August_WL_1994-2025.pdf,NULL,NULL,local_pdf,official_web_fallback,official_web_fallback,pdf_text,NULL,NULL,1171,NULL,NULL,https://cgwb.gov.in
goa,south goa,sanguem,sanguem,Vadam,Vadam Station,15.13063,74.20754,2022,8,August,3.6,NULL,Safe,NULL,NULL,NULL,NULL,NULL,NULL,unmatched,0.0,valid,August_WL_1994-2025.pdf,NULL,NULL,local_pdf,official_web_fallback,official_web_fallback,pdf_text,NULL,NULL,1171,NULL,NULL,https://cgwb.gov.in
goa,south goa,sanguem,sanguem,Vichundrem,Vichundrem Station,15.10364,74.20318,2022,8,August,0.9,NULL,Safe,NULL,NULL,NULL,NULL,NULL,NULL,unmatched,0.0,valid,August_WL_1994-2025.pdf,NULL,NULL,local_pdf,official_web_fallback,official_web_fallback,pdf_text,NULL,NULL,1171,NULL,NULL,https://cgwb.gov.in
goa,north goa,bardez,bardez,Alto Betim Porvorim,Alto Betim Porvorim Station,15.52605,73.82982,2021,8,August,6.3,NULL,Safe,NULL,NULL,NULL,NULL,NULL,NULL,unmatched,0.0,valid,August_WL_1994-2025.pdf,NULL,NULL,local_pdf,official_web_fallback,official_web_fallback,pdf_text,NULL,NULL,1549,NULL,NULL,https://cgwb.gov.in
goa,north goa,bardez,bardez,Amberem,Amberem Station,15.74045,73.82449,2021,8,August,7.0,NULL,Safe,NULL,NULL,NULL,NULL,NULL,NULL,unmatched,0.0,valid,August_WL_1994-2025.pdf,NULL,NULL,local_pdf,official_web_fallback,official_web_fallback,pdf_text,NULL,NULL,1549,NULL,NULL,https://cgwb.gov.in
goa,north goa,bardez,bardez,Anjuna (Ct),Anjuna (Ct) Station,15.5842,73.73828,2021,8,August,9.5,NULL,Safe,NULL,NULL,NULL,NULL,NULL,NULL,unmatched,0.0,valid,August_WL_1994-2025.pdf,NULL,NULL,local_pdf,official_web_fallback,official_web_fallback,pdf_text,NULL,NULL,1549,NULL,NULL,https://cgwb.gov.in
goa,north goa,bardez,bardez,Bastora,Bastora Station,15.51596,73.83858,2021,8,August,2.3,NULL,Safe,NULL,NULL,NULL,NULL,NULL,NULL,unmatched,0.0,valid,August_WL_1994-2025.pdf,NULL,NULL,local_pdf,official_web_fallback,official_web_fallback,pdf_text,NULL,NULL,1549,NULL,NULL,https://cgwb.gov.in
goa,north goa,bardez,bardez,Calangute (Ct),Calangute (Ct) Station,15.54612,73.75861,2021,8,August,3.2,NULL,Safe,NULL,NULL,NULL,NULL,NULL,NULL,unmatched,0.0,valid,August_WL_1994-2025.pdf,NULL,NULL,local_pdf,official_web_fallback,official_web_fallback,pdf_text,NULL,NULL,1549,NULL,NULL,https://cgwb.gov.in
goa,north goa,bardez,bardez,Colvale (Ct),Colvale (Ct) Station,15.64402,73.83727,2021,8,August,11.1,NULL,Safe,NULL,NULL,NULL,NULL,NULL,NULL,unmatched,0.0,valid,August_WL_1994-2025.pdf,NULL,NULL,local_pdf,official_web_fallback,official_web_fallback,pdf_text,NULL,NULL,1549,NULL,NULL,https://cgwb.gov.in
goa,north goa,bardez,bardez,Mapuca,Mapuca Station,15.61013,73.82434,2021,8,August,3.0,NULL,Safe,NULL,NULL,NULL,NULL,NULL,NULL,unmatched,0.0,valid,August_WL_1994-2025.pdf,NULL,NULL,local_pdf,official_web_fallback,official_web_fallback,pdf_text,NULL,NULL,1549,NULL,NULL,https://cgwb.gov.in
goa,north goa,bardez,bardez,Olaulim,Olaulim Station,15.56958,73.86345,2021,8,August,5.2,NULL,Safe,NULL,NULL,NULL,NULL,NULL,NULL,unmatched,0.0,valid,August_WL_1994-2025.pdf,NULL,NULL,local_pdf,official_web_fallback,official_web_fallback,pdf_text,NULL,NULL,1549,NULL,NULL,https://cgwb.gov.in
goa,north goa,bardez,bardez,Parra,Parra Station,15.57282,73.79279,2021,8,August,1.4,NULL,Safe,NULL,NULL,NULL,NULL,NULL,NULL,unmatched,0.0,valid,August_WL_1994-2025.pdf,NULL,NULL,local_pdf,official_web_fallback,official_web_fallback,pdf_text,NULL,NULL,1549,NULL,NULL,https://cgwb.gov.in
goa,north goa,bardez,bardez,Pirna,Pirna Station,15.66884,73.8818,2021,8,August,2.2,NULL,Safe,NULL,NULL,NULL,NULL,NULL,NULL,unmatched,0.0,valid,August_WL_1994-2025.pdf,NULL,NULL,local_pdf,official_web_fallback,official_web_fallback,pdf_text,NULL,NULL,1549,NULL,NULL,https://cgwb.gov.in
goa,north goa,bardez,bardez,Pomburpa,Pomburpa Station,15.55926,73.86761,2021,8,August,3.7,NULL,Safe,NULL,NULL,NULL,NULL,NULL,NULL,unmatched,0.0,valid,August_WL_1994-2025.pdf,NULL,NULL,local_pdf,official_web_fallback,official_web_fallback,pdf_text,NULL,NULL,1549,NULL,NULL,https://cgwb.gov.in
goa,north goa,bardez,bardez,Salvador-Do-Mundo (Ct),Salvador-Do-Mundo (Ct) Station,15.5376,73.86869,2021,8,August,3.2,NULL,Safe,NULL,NULL,NULL,NULL,NULL,NULL,unmatched,0.0,valid,August_WL_1994-2025.pdf,NULL,NULL,local_pdf,official_web_fallback,official_web_fallback,pdf_text,NULL,NULL,1549,NULL,NULL,https://cgwb.gov.in
goa,north goa,bardez,bardez,Shivoli Brahmanwada,Shivoli Brahmanwada Station,15.62358,73.76681,2021,8,August,1.2,NULL,Safe,NULL,NULL,NULL,NULL,NULL,NULL,unmatched,0.0,valid,August_WL_1994-2025.pdf,NULL,NULL,local_pdf,official_web_fallback,official_web_fallback,pdf_text,NULL,NULL,1549,NULL,NULL,https://cgwb.gov.in
goa,north goa,bardez,bardez,Sircaim,Sircaim Station,15.62689,73.87588,2021,8,August,3.0,NULL,Safe,NULL,NULL,NULL,NULL,NULL,NULL,unmatched,0.0,valid,August_WL_1994-2025.pdf,NULL,NULL,local_pdf,official_web_fallback,official_web_fallback,pdf_text,NULL,NULL,1549,NULL,NULL,https://cgwb.gov.in
goa,north goa,bicholim,bicholim,Adwalpale,Adwalpale Station,15.63986,73.89602,2021,8,August,5.7,NULL,Safe,NULL,NULL,NULL,NULL,NULL,NULL,unmatched,0.0,valid,August_WL_1994-2025.pdf,NULL,NULL,local_pdf,official_web_fallback,official_web_fallback,pdf_text,NULL,NULL,1549,NULL,NULL,https://cgwb.gov.in
goa,north goa,bicholim,bicholim,Devulawada Narve,Devulawada Narve Station,15.55205,73.92413,2021,8,August,14.2,NULL,Safe,NULL,NULL,NULL,NULL,NULL,NULL,unmatched,0.0,valid,August_WL_1994-2025.pdf,NULL,NULL,local_pdf,official_web_fallback,official_web_fallback,pdf_text,NULL,NULL,1549,NULL,NULL,https://cgwb.gov.in
goa,north goa,bicholim,bicholim,Jambhul Batt,Jambhul Batt Station,15.58041,73.92604,2021,8,August,1.9,NULL,Safe,NULL,NULL,NULL,NULL,NULL,NULL,unmatched,0.0,valid,August_WL_1994-2025.pdf,NULL,NULL,local_pdf,official_web_fallback,official_web_fallback,pdf_text,NULL,NULL,1549,NULL,NULL,https://cgwb.gov.in
goa,north goa,bicholim,bicholim,Mulgao,Mulgao Station,15.61711,73.92075,2021,8,August,2.9,NULL,Safe,NULL,NULL,NULL,NULL,NULL,NULL,unmatched,0.0,valid,August_WL_1994-2025.pdf,NULL,NULL,local_pdf,official_web_fallback,official_web_fallback,pdf_text,NULL,NULL,1549,NULL,NULL,https://cgwb.gov.in
goa,north goa,bicholim,bicholim,Salem,Salem Station,15.68771,73.92681,2021,8,August,2.5,NULL,Safe,NULL,NULL,NULL,NULL,NULL,NULL,unmatched,0.0,valid,August_WL_1994-2025.pdf,NULL,NULL,local_pdf,official_web_fallback,official_web_fallback,pdf_text,NULL,NULL,1549,NULL,NULL,https://cgwb.gov.in
goa,north goa,pernem,pernem,Corgao,Corgao Station,15.70939,73.75176,2021,8,August,4.7,NULL,Safe,NULL,NULL,NULL,NULL,NULL,NULL,unmatched,0.0,valid,August_WL_1994-2025.pdf,NULL,NULL,local_pdf,official_web_fallback,official_web_fallback,pdf_text,NULL,NULL,1549,NULL,NULL,https://cgwb.gov.in
goa,north goa,pernem,pernem,Hasaravanni Vaipal,Hasaravanni Vaipal Station,15.73251,73.89959,2021,8,August,2.5,NULL,Safe,NULL,NULL,NULL,NULL,NULL,NULL,unmatched,0.0,valid,August_WL_1994-2025.pdf,NULL,NULL,local_pdf,official_web_fallback,official_web_fallback,pdf_text,NULL,NULL,1549,NULL,NULL,https://cgwb.gov.in
goa,north goa,pernem,pernem,Haspur,Haspur Station,15.73698,73.90359,2021,8,August,4.6,NULL,Safe,NULL,NULL,NULL,NULL,NULL,NULL,unmatched,0.0,valid,August_WL_1994-2025.pdf,NULL,NULL,local_pdf,official_web_fallback,official_web_fallback,pdf_text,NULL,NULL,1549,NULL,NULL,https://cgwb.gov.in
goa,north goa,pernem,pernem,Morji,Morji Station,15.63598,73.73963,2021,8,August,1.2,NULL,Safe,NULL,NULL,NULL,NULL,NULL,NULL,unmatched,0.0,valid,August_WL_1994-2025.pdf,NULL,NULL,local_pdf,official_web_fallback,official_web_fallback,pdf_text,NULL,NULL,1549,NULL,NULL,https://cgwb.gov.in
goa,north goa,pernem,pernem,Nagjhar,Nagjhar Station,15.70843,73.85289,2021,8,August,8.1,NULL,Safe,NULL,NULL,NULL,NULL,NULL,NULL,unmatched,0.0,valid,August_WL_1994-2025.pdf,NULL,NULL,local_pdf,official_web_fallback,official_web_fallback,pdf_text,NULL,NULL,1549,NULL,NULL,https://cgwb.gov.in
goa,north goa,pernem,pernem,Pernem,Pernem Station,15.7176,73.79806,2021,8,August,2.8,NULL,Safe,NULL,NULL,NULL,NULL,NULL,NULL,unmatched,0.0,valid,August_WL_1994-2025.pdf,NULL,NULL,local_pdf,official_web_fallback,official_web_fallback,pdf_text,NULL,NULL,1549,NULL,NULL,https://cgwb.gov.in
goa,north goa,pernem,pernem,Sawanthawada,Sawanthawada Station,15.68082,73.75108,2021,8,August,1.7,NULL,Safe,NULL,NULL,NULL,NULL,NULL,NULL,unmatched,0.0,valid,August_WL_1994-2025.pdf,NULL,NULL,local_pdf,official_web_fallback,official_web_fallback,pdf_text,NULL,NULL,1549,NULL,NULL,https://cgwb.gov.in
goa,north goa,pernem,pernem,Varconda,Varconda Station,15.75465,73.83533,2021,8,August,3.8,NULL,Safe,NULL,NULL,NULL,NULL,NULL,NULL,unmatched,0.0,valid,August_WL_1994-2025.pdf,NULL,NULL,local_pdf,official_web_fallback,official_web_fallback,pdf_text,NULL,NULL,1549,NULL,NULL,https://cgwb.gov.in
goa,north goa,satari,satari,Bayalwadikeri,Bayalwadikeri Station,15.61128,74.067,2021,8,August,2.3,NULL,Safe,NULL,NULL,NULL,NULL,NULL,NULL,unmatched,0.0,valid,August_WL_1994-2025.pdf,NULL,NULL,local_pdf,official_web_fallback,official_web_fallback,pdf_text,NULL,NULL,1549,NULL,NULL,https://cgwb.gov.in
goa,north goa,satari,satari,Bhamber Nanoda Cross,Bhamber Nanoda Cross Station,15.58778,74.19123,2021,8,August,3.6,NULL,Safe,NULL,NULL,NULL,NULL,NULL,NULL,unmatched,0.0,valid,August_WL_1994-2025.pdf,NULL,NULL,local_pdf,official_web_fallback,official_web_fallback,pdf_text,NULL,NULL,1549,NULL,NULL,https://cgwb.gov.in
goa,north goa,satari,satari,Buimpal,Buimpal Station,15.53936,74.08822,2021,8,August,2.0,NULL,Safe,NULL,NULL,NULL,NULL,NULL,NULL,unmatched,0.0,valid,August_WL_1994-2025.pdf,NULL,NULL,local_pdf,official_web_fallback,official_web_fallback,pdf_text,NULL,NULL,1549,NULL,NULL,https://cgwb.gov.in
goa,north goa,satari,satari,Charayode,Charayode Station,15.62783,74.13084,2021,8,August,2.4,NULL,Safe,NULL,NULL,NULL,NULL,NULL,NULL,unmatched,0.0,valid,August_WL_1994-2025.pdf,NULL,NULL,local_pdf,official_web_fallback,official_web_fallback,pdf_text,NULL,NULL,1549,NULL,NULL,https://cgwb.gov.in
goa,north goa,satari,satari,Dhatwado Vante,Dhatwado Vante Station,15.49613,74.09753,2021,8,August,2.9,NULL,Safe,NULL,NULL,NULL,NULL,NULL,NULL,unmatched,0.0,valid,August_WL_1994-2025.pdf,NULL,NULL,local_pdf,official_web_fallback,official_web_fallback,pdf_text,NULL,NULL,1549,NULL,NULL,https://cgwb.gov.in
goa,north goa,satari,satari,Honda,Honda Station,15.54722,74.05079,2021,8,August,2.7,NULL,Safe,NULL,NULL,NULL,NULL,NULL,NULL,unmatched,0.0,valid,August_WL_1994-2025.pdf,NULL,NULL,local_pdf,official_web_fallback,official_web_fallback,pdf_text,NULL,NULL,1549,NULL,NULL,https://cgwb.gov.in
goa,north goa,satari,satari,Khadki(Harijanwada),Khadki(Harijanwada) Station,15.50253,74.13964,2021,8,August,4.7,NULL,Safe,NULL,NULL,NULL,NULL,NULL,NULL,unmatched,0.0,valid,August_WL_1994-2025.pdf,NULL,NULL,local_pdf,official_web_fallback,official_web_fallback,pdf_text,NULL,NULL,1549,NULL,NULL,https://cgwb.gov.in
goa,north goa,satari,satari,Khotodem,Khotodem Station,15.48277,74.13695,2021,8,August,4.9,NULL,Safe,NULL,NULL,NULL,NULL,NULL,NULL,unmatched,0.0,valid,August_WL_1994-2025.pdf,NULL,NULL,local_pdf,official_web_fallback,official_web_fallback,pdf_text,NULL,NULL,1549,NULL,NULL,https://cgwb.gov.in
goa,north goa,satari,satari,Morlem,Morlem Station,15.59397,74.04632,2021,8,August,4.0,NULL,Safe,NULL,NULL,NULL,NULL,NULL,NULL,unmatched,0.0,valid,August_WL_1994-2025.pdf,NULL,NULL,local_pdf,official_web_fallback,official_web_fallback,pdf_text,NULL,NULL,1549,NULL,NULL,https://cgwb.gov.in
goa,north goa,satari,satari,Nagargao,Nagargao Station,15.56158,74.1632,2021,8,August,1.4,NULL,Safe,NULL,NULL,NULL,NULL,NULL,NULL,unmatched,0.0,valid,August_WL_1994-2025.pdf,NULL,NULL,local_pdf,official_web_fallback,official_web_fallback,pdf_text,NULL,NULL,1549,NULL,NULL,https://cgwb.gov.in
goa,north goa,satari,satari,Valpoi,Valpoi Station,15.53301,74.13723,2021,8,August,3.4,NULL,Safe,NULL,NULL,NULL,NULL,NULL,NULL,unmatched,0.0,valid,August_WL_1994-2025.pdf,NULL,NULL,local_pdf,official_web_fallback,official_web_fallback,pdf_text,NULL,NULL,1549,NULL,NULL,https://cgwb.gov.in
goa,north goa,tiswadi,tiswadi,Gavalebhat Chimbel,Gavalebhat Chimbel Station,15.48944,73.8742,2021,8,August,3.7,NULL,Safe,NULL,NULL,NULL,NULL,NULL,NULL,unmatched,0.0,valid,August_WL_1994-2025.pdf,NULL,NULL,local_pdf,official_web_fallback,official_web_fallback,pdf_text,NULL,NULL,1549,NULL,NULL,https://cgwb.gov.in
goa,north goa,tiswadi,tiswadi,Karanjhalen,Karanjhalen Station,15.459,73.80281,2021,8,August,2.3,NULL,Safe,NULL,NULL,NULL,NULL,NULL,NULL,unmatched,0.0,valid,August_WL_1994-2025.pdf,NULL,NULL,local_pdf,official_web_fallback,official_web_fallback,pdf_text,NULL,NULL,1550,NULL,NULL,https://cgwb.gov.in
goa,north goa,tiswadi,tiswadi,Velha Goa,Velha Goa Station,15.4976,73.91901,2021,8,August,2.2,NULL,Safe,NULL,NULL,NULL,NULL,NULL,NULL,unmatched,0.0,valid,August_WL_1994-2025.pdf,NULL,NULL,local_pdf,official_web_fallback,official_web_fallback,pdf_text,NULL,NULL,1550,NULL,NULL,https://cgwb.gov.in
goa,south goa,canacona,canacona,Agonda,Agonda Station,15.04152,73.99121,2021,8,August,2.9,NULL,Safe,NULL,NULL,NULL,NULL,NULL,NULL,unmatched,0.0,valid,August_WL_1994-2025.pdf,NULL,NULL,local_pdf,official_web_fallback,official_web_fallback,pdf_text,NULL,NULL,1550,NULL,NULL,https://cgwb.gov.in
goa,south goa,canacona,canacona,Canacona,Canacona Station,15.00716,74.05233,2021,8,August,2.3,NULL,Safe,NULL,NULL,NULL,NULL,NULL,NULL,unmatched,0.0,valid,August_WL_1994-2025.pdf,NULL,NULL,local_pdf,official_web_fallback,official_web_fallback,pdf_text,NULL,NULL,1550,NULL,NULL,https://cgwb.gov.in
goa,south goa,canacona,canacona,Daptamol Lolien,Daptamol Lolien Station,14.94986,74.05528,2021,8,August,15.8,NULL,Safe,NULL,NULL,NULL,NULL,NULL,NULL,unmatched,0.0,valid,August_WL_1994-2025.pdf,NULL,NULL,local_pdf,official_web_fallback,official_web_fallback,pdf_text,NULL,NULL,1550,NULL,NULL,https://cgwb.gov.in
goa,south goa,canacona,canacona,Hattipal Poinguinem,Hattipal Poinguinem Station,14.98407,74.10869,2021,8,August,6.3,NULL,Safe,NULL,NULL,NULL,NULL,NULL,NULL,unmatched,0.0,valid,August_WL_1994-2025.pdf,NULL,NULL,local_pdf,official_web_fallback,official_web_fallback,pdf_text,NULL,NULL,1550,NULL,NULL,https://cgwb.gov.in
goa,south goa,canacona,canacona,Mashe,Mashe Station,14.96289,74.05465,2021,8,August,3.4,NULL,Safe,NULL,NULL,NULL,NULL,NULL,NULL,unmatched,0.0,valid,August_WL_1994-2025.pdf,NULL,NULL,local_pdf,official_web_fallback,official_web_fallback,pdf_text,NULL,NULL,1550,NULL,NULL,https://cgwb.gov.in
goa,south goa,canacona,canacona,Polem,Polem Station,14.91289,74.08455,2021,8,August,1.8,NULL,Safe,NULL,NULL,NULL,NULL,NULL,NULL,unmatched,0.0,valid,August_WL_1994-2025.pdf,NULL,NULL,local_pdf,official_web_fallback,official_web_fallback,pdf_text,NULL,NULL,1550,NULL,NULL,https://cgwb.gov.in
goa,south goa,canacona,canacona,Shrishtal Gaondongar,Shrishtal Gaondongar Station,15.03725,74.11851,2021,8,August,4.0,NULL,Safe,NULL,NULL,NULL,NULL,NULL,NULL,unmatched,0.0,valid,August_WL_1994-2025.pdf,NULL,NULL,local_pdf,official_web_fallback,official_web_fallback,pdf_text,NULL,NULL,1550,NULL,NULL,https://cgwb.gov.in
goa,south goa,canacona,canacona,Sristal,Sristal Station,14.99245,74.10557,2021,8,August,10.2,NULL,Safe,NULL,NULL,NULL,NULL,NULL,NULL,unmatched,0.0,valid,August_WL_1994-2025.pdf,NULL,NULL,local_pdf,official_web_fallback,official_web_fallback,pdf_text,NULL,NULL,1550,NULL,NULL,https://cgwb.gov.in
goa,south goa,dharbandora,dharbandora,Bolkharnem,Bolkharnem Station,15.42964,74.19235,2021,8,August,5.4,NULL,Safe,NULL,NULL,NULL,NULL,NULL,NULL,unmatched,0.0,valid,August_WL_1994-2025.pdf,NULL,NULL,local_pdf,official_web_fallback,official_web_fallback,pdf_text,NULL,NULL,1550,NULL,NULL,https://cgwb.gov.in
goa,south goa,dharbandora,dharbandora,Colem,Colem Station,15.33497,74.24375,2021,8,August,3.4,NULL,Safe,NULL,NULL,NULL,NULL,NULL,NULL,unmatched,0.0,valid,August_WL_1994-2025.pdf,NULL,NULL,local_pdf,official_web_fallback,official_web_fallback,pdf_text,NULL,NULL,1550,NULL,NULL,https://cgwb.gov.in
goa,south goa,dharbandora,dharbandora,Molem,Molem Station,15.37701,74.22971,2021,8,August,1.9,NULL,Safe,NULL,NULL,NULL,NULL,NULL,NULL,unmatched,0.0,valid,August_WL_1994-2025.pdf,NULL,NULL,local_pdf,official_web_fallback,official_web_fallback,pdf_text,NULL,NULL,1550,NULL,NULL,https://cgwb.gov.in
goa,south goa,mormugao,mormugao,Bagmola,Bagmola Station,15.37006,73.83826,2021,8,August,3.1,NULL,Safe,NULL,NULL,NULL,NULL,NULL,NULL,unmatched,0.0,valid,August_WL_1994-2025.pdf,NULL,NULL,local_pdf,official_web_fallback,official_web_fallback,pdf_text,NULL,NULL,1550,NULL,NULL,https://cgwb.gov.in
goa,south goa,mormugao,mormugao,Chicalim (Ct),Chicalim (Ct) Station,15.39818,73.83679,2021,8,August,0.9,NULL,Safe,NULL,NULL,NULL,NULL,NULL,NULL,unmatched,0.0,valid,August_WL_1994-2025.pdf,NULL,NULL,local_pdf,official_web_fallback,official_web_fallback,pdf_text,NULL,NULL,1550,NULL,NULL,https://cgwb.gov.in
goa,south goa,ponda,ponda,Borim (Ct),Borim (Ct) Station,15.35417,74.0016,2021,8,August,5.4,NULL,Safe,NULL,NULL,NULL,NULL,NULL,NULL,unmatched,0.0,valid,August_WL_1994-2025.pdf,NULL,NULL,local_pdf,official_web_fallback,official_web_fallback,pdf_text,NULL,NULL,1550,NULL,NULL,https://cgwb.gov.in
goa,south goa,ponda,ponda,Kapsa,Kapsa Station,15.27344,74.1006,2021,8,August,4.1,NULL,Safe,NULL,NULL,NULL,NULL,NULL,NULL,unmatched,0.0,valid,August_WL_1994-2025.pdf,NULL,NULL,local_pdf,official_web_fallback,official_web_fallback,pdf_text,NULL,NULL,1550,NULL,NULL,https://cgwb.gov.in
goa,south goa,ponda,ponda,Kundel Dassolwada,Kundel Dassolwada Station,15.45287,73.95255,2021,8,August,1.9,NULL,Safe,NULL,NULL,NULL,NULL,NULL,NULL,unmatched,0.0,valid,August_WL_1994-2025.pdf,NULL,NULL,local_pdf,official_web_fallback,official_web_fallback,pdf_text,NULL,NULL,1550,NULL,NULL,https://cgwb.gov.in
goa,south goa,ponda,ponda,Mankem,Mankem Station,15.30549,74.04834,2021,8,August,2.6,NULL,Safe,NULL,NULL,NULL,NULL,NULL,NULL,unmatched,0.0,valid,August_WL_1994-2025.pdf,NULL,NULL,local_pdf,official_web_fallback,official_web_fallback,pdf_text,NULL,NULL,1550,NULL,NULL,https://cgwb.gov.in
goa,south goa,ponda,ponda,Shiroda,Shiroda Station,15.32068,74.03502,2021,8,August,6.2,NULL,Safe,NULL,NULL,NULL,NULL,NULL,NULL,unmatched,0.0,valid,August_WL_1994-2025.pdf,NULL,NULL,local_pdf,official_web_fallback,official_web_fallback,pdf_text,NULL,NULL,1550,NULL,NULL,https://cgwb.gov.in
goa,south goa,quepem,quepem,Ghadiawada,Ghadiawada Station,15.23894,74.11303,2021,8,August,1.7,NULL,Safe,NULL,NULL,NULL,NULL,NULL,NULL,unmatched,0.0,valid,August_WL_1994-2025.pdf,NULL,NULL,local_pdf,official_web_fallback,official_web_fallback,pdf_text,NULL,NULL,1550,NULL,NULL,https://cgwb.gov.in
goa,south goa,quepem,quepem,Malkarnem,Malkarnem Station,15.18693,74.12549,2021,8,August,8.3,NULL,Safe,NULL,NULL,NULL,NULL,NULL,NULL,unmatched,0.0,valid,August_WL_1994-2025.pdf,NULL,NULL,local_pdf,official_web_fallback,official_web_fallback,pdf_text,NULL,NULL,1550,NULL,NULL,https://cgwb.gov.in
goa,south goa,quepem,quepem,Padi,Padi Station,15.09291,74.0306,2021,8,August,6.6,NULL,Safe,NULL,NULL,NULL,NULL,NULL,NULL,unmatched,0.0,valid,August_WL_1994-2025.pdf,NULL,NULL,local_pdf,official_web_fallback,official_web_fallback,pdf_text,NULL,NULL,1550,NULL,NULL,https://cgwb.gov.in
goa,south goa,quepem,quepem,Quepem,Quepem Station,15.21751,74.08075,2021,8,August,1.7,NULL,Safe,NULL,NULL,NULL,NULL,NULL,NULL,unmatched,0.0,valid,August_WL_1994-2025.pdf,NULL,NULL,local_pdf,official_web_fallback,official_web_fallback,pdf_text,NULL,NULL,1550,NULL,NULL,https://cgwb.gov.in
goa,south goa,salcete,salcete,Ballynuvhen,Ballynuvhen Station,15.31651,73.94542,2021,8,August,5.6,NULL,Safe,NULL,NULL,NULL,NULL,NULL,NULL,unmatched,0.0,valid,August_WL_1994-2025.pdf,NULL,NULL,local_pdf,official_web_fallback,official_web_fallback,pdf_text,NULL,NULL,1550,NULL,NULL,https://cgwb.gov.in
goa,south goa,salcete,salcete,Betalbhatti,Betalbhatti Station,15.30071,73.92006,2021,8,August,2.4,NULL,Safe,NULL,NULL,NULL,NULL,NULL,NULL,unmatched,0.0,valid,August_WL_1994-2025.pdf,NULL,NULL,local_pdf,official_web_fallback,official_web_fallback,pdf_text,NULL,NULL,1550,NULL,NULL,https://cgwb.gov.in
goa,south goa,salcete,salcete,Cuncolim,Cuncolim Station,15.18013,74.00004,2021,8,August,1.3,NULL,Safe,NULL,NULL,NULL,NULL,NULL,NULL,unmatched,0.0,valid,August_WL_1994-2025.pdf,NULL,NULL,local_pdf,official_web_fallback,official_web_fallback,pdf_text,NULL,NULL,1550,NULL,NULL,https://cgwb.gov.in
goa,south goa,salcete,salcete,Kaveslium,Kaveslium Station,15.18555,73.94721,2021,8,August,1.8,NULL,Safe,NULL,NULL,NULL,NULL,NULL,NULL,unmatched,0.0,valid,August_WL_1994-2025.pdf,NULL,NULL,local_pdf,official_web_fallback,official_web_fallback,pdf_text,NULL,NULL,1550,NULL,NULL,https://cgwb.gov.in
goa,south goa,salcete,salcete,Majorda Bpada Curilo,Majorda Bpada Curilo Station,15.32117,73.91711,2021,8,August,2.3,NULL,Safe,NULL,NULL,NULL,NULL,NULL,NULL,unmatched,0.0,valid,August_WL_1994-2025.pdf,NULL,NULL,local_pdf,official_web_fallback,official_web_fallback,pdf_text,NULL,NULL,1550,NULL,NULL,https://cgwb.gov.in
goa,south goa,salcete,salcete,Navelim (Ct),Navelim (Ct) Station,15.25444,73.96722,2021,8,August,9.2,NULL,Safe,NULL,NULL,NULL,NULL,NULL,NULL,unmatched,0.0,valid,August_WL_1994-2025.pdf,NULL,NULL,local_pdf,official_web_fallback,official_web_fallback,pdf_text,NULL,NULL,1550,NULL,NULL,https://cgwb.gov.in
goa,south goa,salcete,salcete,Panchwadi,Panchwadi Station,15.2836,74.09517,2021,8,August,5.4,NULL,Safe,NULL,NULL,NULL,NULL,NULL,NULL,unmatched,0.0,valid,August_WL_1994-2025.pdf,NULL,NULL,local_pdf,official_web_fallback,official_web_fallback,pdf_text,NULL,NULL,1550,NULL,NULL,https://cgwb.gov.in
goa,south goa,sanguem,sanguem,Bati,Bati Station,15.13176,74.22645,2021,8,August,3.2,NULL,Safe,NULL,NULL,NULL,NULL,NULL,NULL,unmatched,0.0,valid,August_WL_1994-2025.pdf,NULL,NULL,local_pdf,official_web_fallback,official_web_fallback,pdf_text,NULL,NULL,1550,NULL,NULL,https://cgwb.gov.in
goa,south goa,sanguem,sanguem,Deulwada Kolamba,Deulwada Kolamba Station,15.15021,74.13099,2021,8,August,2.6,NULL,Safe,NULL,NULL,NULL,NULL,NULL,NULL,unmatched,0.0,valid,August_WL_1994-2025.pdf,NULL,NULL,local_pdf,official_web_fallback,official_web_fallback,pdf_text,NULL,NULL,1550,NULL,NULL,https://cgwb.gov.in
goa,south goa,sanguem,sanguem,Guddemal,Guddemal Station,15.28545,74.12969,2021,8,August,7.1,NULL,Safe,NULL,NULL,NULL,NULL,NULL,NULL,unmatched,0.0,valid,August_WL_1994-2025.pdf,NULL,NULL,local_pdf,official_web_fallback,official_web_fallback,pdf_text,NULL,NULL,1550,NULL,NULL,https://cgwb.gov.in
goa,south goa,sanguem,sanguem,Jambavli,Jambavli Station,15.18658,74.09529,2021,8,August,6.6,NULL,Safe,NULL,NULL,NULL,NULL,NULL,NULL,unmatched,0.0,valid,August_WL_1994-2025.pdf,NULL,NULL,local_pdf,official_web_fallback,official_web_fallback,pdf_text,NULL,NULL,1550,NULL,NULL,https://cgwb.gov.in
goa,south goa,sanguem,sanguem,Kalay,Kalay Station,15.2885,74.18007,2021,8,August,10.4,NULL,Safe,NULL,NULL,NULL,NULL,NULL,NULL,unmatched,0.0,valid,August_WL_1994-2025.pdf,NULL,NULL,local_pdf,official_web_fallback,official_web_fallback,pdf_text,NULL,NULL,1550,NULL,NULL,https://cgwb.gov.in
goa,south goa,sanguem,sanguem,Rivona,Rivona Station,15.16415,74.10671,2021,8,August,5.8,NULL,Safe,NULL,NULL,NULL,NULL,NULL,NULL,unmatched,0.0,valid,August_WL_1994-2025.pdf,NULL,NULL,local_pdf,official_web_fallback,official_web_fallback,pdf_text,NULL,NULL,1550,NULL,NULL,https://cgwb.gov.in
goa,south goa,sanguem,sanguem,Themchewada,Themchewada Station,15.21958,74.15752,2021,8,August,6.8,NULL,Safe,NULL,NULL,NULL,NULL,NULL,NULL,unmatched,0.0,valid,August_WL_1994-2025.pdf,NULL,NULL,local_pdf,official_web_fallback,official_web_fallback,pdf_text,NULL,NULL,1550,NULL,NULL,https://cgwb.gov.in
goa,south goa,sanguem,sanguem,Vadam,Vadam Station,15.13063,74.20754,2021,8,August,3.4,NULL,Safe,NULL,NULL,NULL,NULL,NULL,NULL,unmatched,0.0,valid,August_WL_1994-2025.pdf,NULL,NULL,local_pdf,official_web_fallback,official_web_fallback,pdf_text,NULL,NULL,1550,NULL,NULL,https://cgwb.gov.in
goa,south goa,sanguem,sanguem,Vichundrem,Vichundrem Station,15.10364,74.20318,2021,8,August,1.1,NULL,Safe,NULL,NULL,NULL,NULL,NULL,NULL,unmatched,0.0,valid,August_WL_1994-2025.pdf,NULL,NULL,local_pdf,official_web_fallback,official_web_fallback,pdf_text,NULL,NULL,1550,NULL,NULL,https://cgwb.gov.in
goa,north goa,bardez,bardez,Alto Betim Porvorim,Alto Betim Porvorim Station,15.52605,73.82982,2018,8,August,5.3,NULL,Safe,NULL,NULL,NULL,NULL,NULL,NULL,unmatched,0.0,valid,August_WL_1994-2025.pdf,NULL,NULL,local_pdf,official_web_fallback,official_web_fallback,pdf_text,NULL,NULL,2495,NULL,NULL,https://cgwb.gov.in
goa,north goa,bardez,bardez,Amberem,Amberem Station,15.74045,73.82449,2018,8,August,6.5,NULL,Safe,NULL,NULL,NULL,NULL,NULL,NULL,unmatched,0.0,valid,August_WL_1994-2025.pdf,NULL,NULL,local_pdf,official_web_fallback,official_web_fallback,pdf_text,NULL,NULL,2495,NULL,NULL,https://cgwb.gov.in
goa,north goa,bardez,bardez,Anjuna (Ct),Anjuna (Ct) Station,15.5842,73.73828,2018,8,August,8.9,NULL,Safe,NULL,NULL,NULL,NULL,NULL,NULL,unmatched,0.0,valid,August_WL_1994-2025.pdf,NULL,NULL,local_pdf,official_web_fallback,official_web_fallback,pdf_text,NULL,NULL,2495,NULL,NULL,https://cgwb.gov.in
goa,north goa,bardez,bardez,Bastora,Bastora Station,15.51596,73.83858,2018,8,August,1.6,NULL,Safe,NULL,NULL,NULL,NULL,NULL,NULL,unmatched,0.0,valid,August_WL_1994-2025.pdf,NULL,NULL,local_pdf,official_web_fallback,official_web_fallback,pdf_text,NULL,NULL,2495,NULL,NULL,https://cgwb.gov.in
goa,north goa,bardez,bardez,Calangute (Ct),Calangute (Ct) Station,15.54612,73.75861,2018,8,August,4.6,NULL,Safe,NULL,NULL,NULL,NULL,NULL,NULL,unmatched,0.0,valid,August_WL_1994-2025.pdf,NULL,NULL,local_pdf,official_web_fallback,official_web_fallback,pdf_text,NULL,NULL,2495,NULL,NULL,https://cgwb.gov.in
goa,north goa,bardez,bardez,Colvale (Ct),Colvale (Ct) Station,15.64402,73.83727,2018,8,August,10.6,NULL,Safe,NULL,NULL,NULL,NULL,NULL,NULL,unmatched,0.0,valid,August_WL_1994-2025.pdf,NULL,NULL,local_pdf,official_web_fallback,official_web_fallback,pdf_text,NULL,NULL,2495,NULL,NULL,https://cgwb.gov.in
goa,north goa,bardez,bardez,Mapuca,Mapuca Station,15.61013,73.82434,2018,8,August,2.6,NULL,Safe,NULL,NULL,NULL,NULL,NULL,NULL,unmatched,0.0,valid,August_WL_1994-2025.pdf,NULL,NULL,local_pdf,official_web_fallback,official_web_fallback,pdf_text,NULL,NULL,2495,NULL,NULL,https://cgwb.gov.in
goa,north goa,bardez,bardez,Olaulim,Olaulim Station,15.56958,73.86345,2018,8,August,4.3,NULL,Safe,NULL,NULL,NULL,NULL,NULL,NULL,unmatched,0.0,valid,August_WL_1994-2025.pdf,NULL,NULL,local_pdf,official_web_fallback,official_web_fallback,pdf_text,NULL,NULL,2495,NULL,NULL,https://cgwb.gov.in
goa,north goa,bardez,bardez,Parra,Parra Station,15.57282,73.79279,2018,8,August,0.7,NULL,Safe,NULL,NULL,NULL,NULL,NULL,NULL,unmatched,0.0,valid,August_WL_1994-2025.pdf,NULL,NULL,local_pdf,official_web_fallback,official_web_fallback,pdf_text,NULL,NULL,2495,NULL,NULL,https://cgwb.gov.in
goa,north goa,bardez,bardez,Pirna,Pirna Station,15.66884,73.8818,2018,8,August,1.3,NULL,Safe,NULL,NULL,NULL,NULL,NULL,NULL,unmatched,0.0,valid,August_WL_1994-2025.pdf,NULL,NULL,local_pdf,official_web_fallback,official_web_fallback,pdf_text,NULL,NULL,2495,NULL,NULL,https://cgwb.gov.in
goa,north goa,bardez,bardez,Pomburpa,Pomburpa Station,15.55926,73.86761,2018,8,August,3.0,NULL,Safe,NULL,NULL,NULL,NULL,NULL,NULL,unmatched,0.0,valid,August_WL_1994-2025.pdf,NULL,NULL,local_pdf,official_web_fallback,official_web_fallback,pdf_text,NULL,NULL,2495,NULL,NULL,https://cgwb.gov.in
goa,north goa,bardez,bardez,Salvador-Do-Mundo (Ct),Salvador-Do-Mundo (Ct) Station,15.5376,73.86869,2018,8,August,2.0,NULL,Safe,NULL,NULL,NULL,NULL,NULL,NULL,unmatched,0.0,valid,August_WL_1994-2025.pdf,NULL,NULL,local_pdf,official_web_fallback,official_web_fallback,pdf_text,NULL,NULL,2495,NULL,NULL,https://cgwb.gov.in
goa,north goa,bardez,bardez,Shivoli Brahmanwada,Shivoli Brahmanwada Station,15.62358,73.76681,2018,8,August,0.7,NULL,Safe,NULL,NULL,NULL,NULL,NULL,NULL,unmatched,0.0,valid,August_WL_1994-2025.pdf,NULL,NULL,local_pdf,official_web_fallback,official_web_fallback,pdf_text,NULL,NULL,2495,NULL,NULL,https://cgwb.gov.in
goa,north goa,bardez,bardez,Sircaim,Sircaim Station,15.62689,73.87588,2018,8,August,2.4,NULL,Safe,NULL,NULL,NULL,NULL,NULL,NULL,unmatched,0.0,valid,August_WL_1994-2025.pdf,NULL,NULL,local_pdf,official_web_fallback,official_web_fallback,pdf_text,NULL,NULL,2495,NULL,NULL,https://cgwb.gov.in
goa,north goa,bicholim,bicholim,Adwalpale,Adwalpale Station,15.63986,73.89602,2018,8,August,4.5,NULL,Safe,NULL,NULL,NULL,NULL,NULL,NULL,unmatched,0.0,valid,August_WL_1994-2025.pdf,NULL,NULL,local_pdf,official_web_fallback,official_web_fallback,pdf_text,NULL,NULL,2495,NULL,NULL,https://cgwb.gov.in
goa,north goa,bicholim,bicholim,Jambhul Batt,Jambhul Batt Station,15.58041,73.92604,2018,8,August,0.9,NULL,Safe,NULL,NULL,NULL,NULL,NULL,NULL,unmatched,0.0,valid,August_WL_1994-2025.pdf,NULL,NULL,local_pdf,official_web_fallback,official_web_fallback,pdf_text,NULL,NULL,2495,NULL,NULL,https://cgwb.gov.in
goa,north goa,bicholim,bicholim,Mulgao,Mulgao Station,15.61711,73.92075,2018,8,August,2.0,NULL,Safe,NULL,NULL,NULL,NULL,NULL,NULL,unmatched,0.0,valid,August_WL_1994-2025.pdf,NULL,NULL,local_pdf,official_web_fallback,official_web_fallback,pdf_text,NULL,NULL,2495,NULL,NULL,https://cgwb.gov.in
goa,north goa,bicholim,bicholim,Salem,Salem Station,15.68771,73.92681,2018,8,August,1.6,NULL,Safe,NULL,NULL,NULL,NULL,NULL,NULL,unmatched,0.0,valid,August_WL_1994-2025.pdf,NULL,NULL,local_pdf,official_web_fallback,official_web_fallback,pdf_text,NULL,NULL,2495,NULL,NULL,https://cgwb.gov.in
goa,north goa,pernem,pernem,Corgao,Corgao Station,15.70939,73.75176,2018,8,August,3.4,NULL,Safe,NULL,NULL,NULL,NULL,NULL,NULL,unmatched,0.0,valid,August_WL_1994-2025.pdf,NULL,NULL,local_pdf,official_web_fallback,official_web_fallback,pdf_text,NULL,NULL,2495,NULL,NULL,https://cgwb.gov.in
goa,north goa,pernem,pernem,Hasaravanni Vaipal,Hasaravanni Vaipal Station,15.73251,73.89959,2018,8,August,1.5,NULL,Safe,NULL,NULL,NULL,NULL,NULL,NULL,unmatched,0.0,valid,August_WL_1994-2025.pdf,NULL,NULL,local_pdf,official_web_fallback,official_web_fallback,pdf_text,NULL,NULL,2495,NULL,NULL,https://cgwb.gov.in
goa,north goa,pernem,pernem,Haspur,Haspur Station,15.73698,73.90359,2018,8,August,3.3,NULL,Safe,NULL,NULL,NULL,NULL,NULL,NULL,unmatched,0.0,valid,August_WL_1994-2025.pdf,NULL,NULL,local_pdf,official_web_fallback,official_web_fallback,pdf_text,NULL,NULL,2495,NULL,NULL,https://cgwb.gov.in
goa,north goa,pernem,pernem,Morji,Morji Station,15.63598,73.73963,2018,8,August,0.6,NULL,Safe,NULL,NULL,NULL,NULL,NULL,NULL,unmatched,0.0,valid,August_WL_1994-2025.pdf,NULL,NULL,local_pdf,official_web_fallback,official_web_fallback,pdf_text,NULL,NULL,2495,NULL,NULL,https://cgwb.gov.in
goa,north goa,pernem,pernem,Nagjhar,Nagjhar Station,15.70843,73.85289,2018,8,August,7.3,NULL,Safe,NULL,NULL,NULL,NULL,NULL,NULL,unmatched,0.0,valid,August_WL_1994-2025.pdf,NULL,NULL,local_pdf,official_web_fallback,official_web_fallback,pdf_text,NULL,NULL,2495,NULL,NULL,https://cgwb.gov.in
goa,north goa,pernem,pernem,Pernem,Pernem Station,15.7176,73.79806,2018,8,August,3.5,NULL,Safe,NULL,NULL,NULL,NULL,NULL,NULL,unmatched,0.0,valid,August_WL_1994-2025.pdf,NULL,NULL,local_pdf,official_web_fallback,official_web_fallback,pdf_text,NULL,NULL,2495,NULL,NULL,https://cgwb.gov.in
goa,north goa,pernem,pernem,Sawanthawada,Sawanthawada Station,15.68082,73.75108,2018,8,August,0.8,NULL,Safe,NULL,NULL,NULL,NULL,NULL,NULL,unmatched,0.0,valid,August_WL_1994-2025.pdf,NULL,NULL,local_pdf,official_web_fallback,official_web_fallback,pdf_text,NULL,NULL,2496,NULL,NULL,https://cgwb.gov.in
goa,north goa,pernem,pernem,Varconda,Varconda Station,15.75465,73.83533,2018,8,August,2.8,NULL,Safe,NULL,NULL,NULL,NULL,NULL,NULL,unmatched,0.0,valid,August_WL_1994-2025.pdf,NULL,NULL,local_pdf,official_web_fallback,official_web_fallback,pdf_text,NULL,NULL,2496,NULL,NULL,https://cgwb.gov.in
goa,north goa,satari,satari,Bayalwadikeri,Bayalwadikeri Station,15.61128,74.067,2018,8,August,1.4,NULL,Safe,NULL,NULL,NULL,NULL,NULL,NULL,unmatched,0.0,valid,August_WL_1994-2025.pdf,NULL,NULL,local_pdf,official_web_fallback,official_web_fallback,pdf_text,NULL,NULL,2496,NULL,NULL,https://cgwb.gov.in
goa,north goa,satari,satari,Bhamber Nanoda Cross,Bhamber Nanoda Cross Station,15.58778,74.19123,2018,8,August,2.4,NULL,Safe,NULL,NULL,NULL,NULL,NULL,NULL,unmatched,0.0,valid,August_WL_1994-2025.pdf,NULL,NULL,local_pdf,official_web_fallback,official_web_fallback,pdf_text,NULL,NULL,2496,NULL,NULL,https://cgwb.gov.in
goa,north goa,satari,satari,Buimpal,Buimpal Station,15.53936,74.08822,2018,8,August,1.0,NULL,Safe,NULL,NULL,NULL,NULL,NULL,NULL,unmatched,0.0,valid,August_WL_1994-2025.pdf,NULL,NULL,local_pdf,official_web_fallback,official_web_fallback,pdf_text,NULL,NULL,2496,NULL,NULL,https://cgwb.gov.in
goa,north goa,satari,satari,Charayode,Charayode Station,15.62783,74.13084,2018,8,August,0.7,NULL,Safe,NULL,NULL,NULL,NULL,NULL,NULL,unmatched,0.0,valid,August_WL_1994-2025.pdf,NULL,NULL,local_pdf,official_web_fallback,official_web_fallback,pdf_text,NULL,NULL,2496,NULL,NULL,https://cgwb.gov.in
goa,north goa,satari,satari,Dhatwado Vante,Dhatwado Vante Station,15.49613,74.09753,2018,8,August,2.2,NULL,Safe,NULL,NULL,NULL,NULL,NULL,NULL,unmatched,0.0,valid,August_WL_1994-2025.pdf,NULL,NULL,local_pdf,official_web_fallback,official_web_fallback,pdf_text,NULL,NULL,2496,NULL,NULL,https://cgwb.gov.in
goa,north goa,satari,satari,Honda,Honda Station,15.54722,74.05079,2018,8,August,1.9,NULL,Safe,NULL,NULL,NULL,NULL,NULL,NULL,unmatched,0.0,valid,August_WL_1994-2025.pdf,NULL,NULL,local_pdf,official_web_fallback,official_web_fallback,pdf_text,NULL,NULL,2496,NULL,NULL,https://cgwb.gov.in
goa,north goa,satari,satari,Khadki(Harijanwada),Khadki(Harijanwada) Station,15.50253,74.13964,2018,8,August,3.2,NULL,Safe,NULL,NULL,NULL,NULL,NULL,NULL,unmatched,0.0,valid,August_WL_1994-2025.pdf,NULL,NULL,local_pdf,official_web_fallback,official_web_fallback,pdf_text,NULL,NULL,2496,NULL,NULL,https://cgwb.gov.in
goa,north goa,satari,satari,Khotodem,Khotodem Station,15.48277,74.13695,2018,8,August,3.1,NULL,Safe,NULL,NULL,NULL,NULL,NULL,NULL,unmatched,0.0,valid,August_WL_1994-2025.pdf,NULL,NULL,local_pdf,official_web_fallback,official_web_fallback,pdf_text,NULL,NULL,2496,NULL,NULL,https://cgwb.gov.in
goa,north goa,satari,satari,Morlem,Morlem Station,15.59397,74.04632,2018,8,August,2.9,NULL,Safe,NULL,NULL,NULL,NULL,NULL,NULL,unmatched,0.0,valid,August_WL_1994-2025.pdf,NULL,NULL,local_pdf,official_web_fallback,official_web_fallback,pdf_text,NULL,NULL,2496,NULL,NULL,https://cgwb.gov.in
goa,north goa,satari,satari,Nagargao,Nagargao Station,15.56158,74.1632,2018,8,August,0.5,NULL,Safe,NULL,NULL,NULL,NULL,NULL,NULL,unmatched,0.0,valid,August_WL_1994-2025.pdf,NULL,NULL,local_pdf,official_web_fallback,official_web_fallback,pdf_text,NULL,NULL,2496,NULL,NULL,https://cgwb.gov.in
goa,north goa,satari,satari,Valpoi,Valpoi Station,15.53301,74.13723,2018,8,August,1.8,NULL,Safe,NULL,NULL,NULL,NULL,NULL,NULL,unmatched,0.0,valid,August_WL_1994-2025.pdf,NULL,NULL,local_pdf,official_web_fallback,official_web_fallback,pdf_text,NULL,NULL,2496,NULL,NULL,https://cgwb.gov.in
goa,north goa,tiswadi,tiswadi,Gavalebhat Chimbel,Gavalebhat Chimbel Station,15.48944,73.8742,2018,8,August,4.5,NULL,Safe,NULL,NULL,NULL,NULL,NULL,NULL,unmatched,0.0,valid,August_WL_1994-2025.pdf,NULL,NULL,local_pdf,official_web_fallback,official_web_fallback,pdf_text,NULL,NULL,2496,NULL,NULL,https://cgwb.gov.in
goa,north goa,tiswadi,tiswadi,Karanjhalen,Karanjhalen Station,15.459,73.80281,2018,8,August,1.5,NULL,Safe,NULL,NULL,NULL,NULL,NULL,NULL,unmatched,0.0,valid,August_WL_1994-2025.pdf,NULL,NULL,local_pdf,official_web_fallback,official_web_fallback,pdf_text,NULL,NULL,2496,NULL,NULL,https://cgwb.gov.in
goa,north goa,tiswadi,tiswadi,Velha Goa,Velha Goa Station,15.4976,73.91901,2018,8,August,0.5,NULL,Safe,NULL,NULL,NULL,NULL,NULL,NULL,unmatched,0.0,valid,August_WL_1994-2025.pdf,NULL,NULL,local_pdf,official_web_fallback,official_web_fallback,pdf_text,NULL,NULL,2496,NULL,NULL,https://cgwb.gov.in
goa,south goa,canacona,canacona,Agonda,Agonda Station,15.04152,73.99121,2018,8,August,2.3,NULL,Safe,NULL,NULL,NULL,NULL,NULL,NULL,unmatched,0.0,valid,August_WL_1994-2025.pdf,NULL,NULL,local_pdf,official_web_fallback,official_web_fallback,pdf_text,NULL,NULL,2496,NULL,NULL,https://cgwb.gov.in
goa,south goa,canacona,canacona,Canacona,Canacona Station,15.00716,74.05233,2018,8,August,1.7,NULL,Safe,NULL,NULL,NULL,NULL,NULL,NULL,unmatched,0.0,valid,August_WL_1994-2025.pdf,NULL,NULL,local_pdf,official_web_fallback,official_web_fallback,pdf_text,NULL,NULL,2496,NULL,NULL,https://cgwb.gov.in
goa,south goa,canacona,canacona,Daptamol Lolien,Daptamol Lolien Station,14.94986,74.05528,2018,8,August,14.5,NULL,Safe,NULL,NULL,NULL,NULL,NULL,NULL,unmatched,0.0,valid,August_WL_1994-2025.pdf,NULL,NULL,local_pdf,official_web_fallback,official_web_fallback,pdf_text,NULL,NULL,2496,NULL,NULL,https://cgwb.gov.in
goa,south goa,canacona,canacona,Hattipal Poinguinem,Hattipal Poinguinem Station,14.98407,74.10869,2018,8,August,5.8,NULL,Safe,NULL,NULL,NULL,NULL,NULL,NULL,unmatched,0.0,valid,August_WL_1994-2025.pdf,NULL,NULL,local_pdf,official_web_fallback,official_web_fallback,pdf_text,NULL,NULL,2496,NULL,NULL,https://cgwb.gov.in
goa,south goa,canacona,canacona,Mashe,Mashe Station,14.96289,74.05465,2018,8,August,3.1,NULL,Safe,NULL,NULL,NULL,NULL,NULL,NULL,unmatched,0.0,valid,August_WL_1994-2025.pdf,NULL,NULL,local_pdf,official_web_fallback,official_web_fallback,pdf_text,NULL,NULL,2496,NULL,NULL,https://cgwb.gov.in
goa,south goa,canacona,canacona,Shrishtal Gaondongar,Shrishtal Gaondongar Station,15.03725,74.11851,2018,8,August,3.6,NULL,Safe,NULL,NULL,NULL,NULL,NULL,NULL,unmatched,0.0,valid,August_WL_1994-2025.pdf,NULL,NULL,local_pdf,official_web_fallback,official_web_fallback,pdf_text,NULL,NULL,2496,NULL,NULL,https://cgwb.gov.in
goa,south goa,canacona,canacona,Sristal,Sristal Station,14.99245,74.10557,2018,8,August,8.6,NULL,Safe,NULL,NULL,NULL,NULL,NULL,NULL,unmatched,0.0,valid,August_WL_1994-2025.pdf,NULL,NULL,local_pdf,official_web_fallback,official_web_fallback,pdf_text,NULL,NULL,2496,NULL,NULL,https://cgwb.gov.in
goa,south goa,canacona,canacona,Yedda,Yedda Station,14.99803,74.19071,2018,8,August,0.3,NULL,Safe,NULL,NULL,NULL,NULL,NULL,NULL,unmatched,0.0,valid,August_WL_1994-2025.pdf,NULL,NULL,local_pdf,official_web_fallback,official_web_fallback,pdf_text,NULL,NULL,2496,NULL,NULL,https://cgwb.gov.in
goa,south goa,dharbandora,dharbandora,Bolkharnem,Bolkharnem Station,15.42964,74.19235,2018,8,August,4.1,NULL,Safe,NULL,NULL,NULL,NULL,NULL,NULL,unmatched,0.0,valid,August_WL_1994-2025.pdf,NULL,NULL,local_pdf,official_web_fallback,official_web_fallback,pdf_text,NULL,NULL,2496,NULL,NULL,https://cgwb.gov.in
goa,south goa,dharbandora,dharbandora,Colem,Colem Station,15.33497,74.24375,2018,8,August,2.2,NULL,Safe,NULL,NULL,NULL,NULL,NULL,NULL,unmatched,0.0,valid,August_WL_1994-2025.pdf,NULL,NULL,local_pdf,official_web_fallback,official_web_fallback,pdf_text,NULL,NULL,2496,NULL,NULL,https://cgwb.gov.in
goa,south goa,dharbandora,dharbandora,Molem,Molem Station,15.37701,74.22971,2018,8,August,0.4,NULL,Safe,NULL,NULL,NULL,NULL,NULL,NULL,unmatched,0.0,valid,August_WL_1994-2025.pdf,NULL,NULL,local_pdf,official_web_fallback,official_web_fallback,pdf_text,NULL,NULL,2496,NULL,NULL,https://cgwb.gov.in
goa,south goa,mormugao,mormugao,Bagmola,Bagmola Station,15.37006,73.83826,2018,8,August,2.4,NULL,Safe,NULL,NULL,NULL,NULL,NULL,NULL,unmatched,0.0,valid,August_WL_1994-2025.pdf,NULL,NULL,local_pdf,official_web_fallback,official_web_fallback,pdf_text,NULL,NULL,2496,NULL,NULL,https://cgwb.gov.in
goa,south goa,mormugao,mormugao,Chicalim (Ct),Chicalim (Ct) Station,15.39818,73.83679,2018,8,August,0.6,NULL,Safe,NULL,NULL,NULL,NULL,NULL,NULL,unmatched,0.0,valid,August_WL_1994-2025.pdf,NULL,NULL,local_pdf,official_web_fallback,official_web_fallback,pdf_text,NULL,NULL,2496,NULL,NULL,https://cgwb.gov.in
goa,south goa,ponda,ponda,Borim (Ct),Borim (Ct) Station,15.35417,74.0016,2018,8,August,1.2,NULL,Safe,NULL,NULL,NULL,NULL,NULL,NULL,unmatched,0.0,valid,August_WL_1994-2025.pdf,NULL,NULL,local_pdf,official_web_fallback,official_web_fallback,pdf_text,NULL,NULL,2496,NULL,NULL,https://cgwb.gov.in
goa,south goa,ponda,ponda,Kapsa,Kapsa Station,15.27344,74.1006,2018,8,August,2.8,NULL,Safe,NULL,NULL,NULL,NULL,NULL,NULL,unmatched,0.0,valid,August_WL_1994-2025.pdf,NULL,NULL,local_pdf,official_web_fallback,official_web_fallback,pdf_text,NULL,NULL,2496,NULL,NULL,https://cgwb.gov.in
goa,south goa,ponda,ponda,Kundel Dassolwada,Kundel Dassolwada Station,15.45287,73.95255,2018,8,August,1.2,NULL,Safe,NULL,NULL,NULL,NULL,NULL,NULL,unmatched,0.0,valid,August_WL_1994-2025.pdf,NULL,NULL,local_pdf,official_web_fallback,official_web_fallback,pdf_text,NULL,NULL,2496,NULL,NULL,https://cgwb.gov.in
goa,south goa,ponda,ponda,Mankem,Mankem Station,15.30549,74.04834,2018,8,August,2.2,NULL,Safe,NULL,NULL,NULL,NULL,NULL,NULL,unmatched,0.0,valid,August_WL_1994-2025.pdf,NULL,NULL,local_pdf,official_web_fallback,official_web_fallback,pdf_text,NULL,NULL,2496,NULL,NULL,https://cgwb.gov.in
goa,south goa,ponda,ponda,Shiroda,Shiroda Station,15.32068,74.03502,2018,8,August,5.0,NULL,Safe,NULL,NULL,NULL,NULL,NULL,NULL,unmatched,0.0,valid,August_WL_1994-2025.pdf,NULL,NULL,local_pdf,official_web_fallback,official_web_fallback,pdf_text,NULL,NULL,2496,NULL,NULL,https://cgwb.gov.in
goa,south goa,quepem,quepem,Ghadiawada,Ghadiawada Station,15.23894,74.11303,2018,8,August,0.7,NULL,Safe,NULL,NULL,NULL,NULL,NULL,NULL,unmatched,0.0,valid,August_WL_1994-2025.pdf,NULL,NULL,local_pdf,official_web_fallback,official_web_fallback,pdf_text,NULL,NULL,2496,NULL,NULL,https://cgwb.gov.in
goa,south goa,quepem,quepem,Malkarnem,Malkarnem Station,15.18693,74.12549,2018,8,August,3.4,NULL,Safe,NULL,NULL,NULL,NULL,NULL,NULL,unmatched,0.0,valid,August_WL_1994-2025.pdf,NULL,NULL,local_pdf,official_web_fallback,official_web_fallback,pdf_text,NULL,NULL,2496,NULL,NULL,https://cgwb.gov.in
goa,south goa,quepem,quepem,Padi,Padi Station,15.09291,74.0306,2018,8,August,5.7,NULL,Safe,NULL,NULL,NULL,NULL,NULL,NULL,unmatched,0.0,valid,August_WL_1994-2025.pdf,NULL,NULL,local_pdf,official_web_fallback,official_web_fallback,pdf_text,NULL,NULL,2496,NULL,NULL,https://cgwb.gov.in
goa,south goa,quepem,quepem,Quepem,Quepem Station,15.21751,74.08075,2018,8,August,1.3,NULL,Safe,NULL,NULL,NULL,NULL,NULL,NULL,unmatched,0.0,valid,August_WL_1994-2025.pdf,NULL,NULL,local_pdf,official_web_fallback,official_web_fallback,pdf_text,NULL,NULL,2496,NULL,NULL,https://cgwb.gov.in
goa,south goa,salcete,salcete,Ballynuvhen,Ballynuvhen Station,15.31651,73.94542,2018,8,August,4.7,NULL,Safe,NULL,NULL,NULL,NULL,NULL,NULL,unmatched,0.0,valid,August_WL_1994-2025.pdf,NULL,NULL,local_pdf,official_web_fallback,official_web_fallback,pdf_text,NULL,NULL,2496,NULL,NULL,https://cgwb.gov.in
goa,south goa,salcete,salcete,Barodi Velni Betul,Barodi Velni Betul Station,15.14996,73.96082,2018,8,August,1.4,NULL,Safe,NULL,NULL,NULL,NULL,NULL,NULL,unmatched,0.0,valid,August_WL_1994-2025.pdf,NULL,NULL,local_pdf,official_web_fallback,official_web_fallback,pdf_text,NULL,NULL,2496,NULL,NULL,https://cgwb.gov.in
goa,south goa,salcete,salcete,Betalbhatti,Betalbhatti Station,15.30071,73.92006,2018,8,August,2.5,NULL,Safe,NULL,NULL,NULL,NULL,NULL,NULL,unmatched,0.0,valid,August_WL_1994-2025.pdf,NULL,NULL,local_pdf,official_web_fallback,official_web_fallback,pdf_text,NULL,NULL,2496,NULL,NULL,https://cgwb.gov.in
goa,south goa,salcete,salcete,Cuncolim,Cuncolim Station,15.18013,74.00004,2018,8,August,0.9,NULL,Safe,NULL,NULL,NULL,NULL,NULL,NULL,unmatched,0.0,valid,August_WL_1994-2025.pdf,NULL,NULL,local_pdf,official_web_fallback,official_web_fallback,pdf_text,NULL,NULL,2497,NULL,NULL,https://cgwb.gov.in
goa,south goa,salcete,salcete,Kaveslium,Kaveslium Station,15.18555,73.94721,2018,8,August,1.2,NULL,Safe,NULL,NULL,NULL,NULL,NULL,NULL,unmatched,0.0,valid,August_WL_1994-2025.pdf,NULL,NULL,local_pdf,official_web_fallback,official_web_fallback,pdf_text,NULL,NULL,2497,NULL,NULL,https://cgwb.gov.in
goa,south goa,salcete,salcete,Majorda Bpada Curilo,Majorda Bpada Curilo Station,15.32117,73.91711,2018,8,August,1.8,NULL,Safe,NULL,NULL,NULL,NULL,NULL,NULL,unmatched,0.0,valid,August_WL_1994-2025.pdf,NULL,NULL,local_pdf,official_web_fallback,official_web_fallback,pdf_text,NULL,NULL,2497,NULL,NULL,https://cgwb.gov.in
goa,south goa,salcete,salcete,Navelim (Ct),Navelim (Ct) Station,15.25444,73.96722,2018,8,August,1.1,NULL,Safe,NULL,NULL,NULL,NULL,NULL,NULL,unmatched,0.0,valid,August_WL_1994-2025.pdf,NULL,NULL,local_pdf,official_web_fallback,official_web_fallback,pdf_text,NULL,NULL,2497,NULL,NULL,https://cgwb.gov.in
goa,south goa,salcete,salcete,Panchwadi,Panchwadi Station,15.2836,74.09517,2018,8,August,4.6,NULL,Safe,NULL,NULL,NULL,NULL,NULL,NULL,unmatched,0.0,valid,August_WL_1994-2025.pdf,NULL,NULL,local_pdf,official_web_fallback,official_web_fallback,pdf_text,NULL,NULL,2497,NULL,NULL,https://cgwb.gov.in
goa,south goa,sanguem,sanguem,Bati,Bati Station,15.13176,74.22645,2018,8,August,2.6,NULL,Safe,NULL,NULL,NULL,NULL,NULL,NULL,unmatched,0.0,valid,August_WL_1994-2025.pdf,NULL,NULL,local_pdf,official_web_fallback,official_web_fallback,pdf_text,NULL,NULL,2497,NULL,NULL,https://cgwb.gov.in
goa,south goa,sanguem,sanguem,Deulwada Kolamba,Deulwada Kolamba Station,15.15021,74.13099,2018,8,August,1.9,NULL,Safe,NULL,NULL,NULL,NULL,NULL,NULL,unmatched,0.0,valid,August_WL_1994-2025.pdf,NULL,NULL,local_pdf,official_web_fallback,official_web_fallback,pdf_text,NULL,NULL,2497,NULL,NULL,https://cgwb.gov.in
goa,south goa,sanguem,sanguem,Guddemal,Guddemal Station,15.28545,74.12969,2018,8,August,6.3,NULL,Safe,NULL,NULL,NULL,NULL,NULL,NULL,unmatched,0.0,valid,August_WL_1994-2025.pdf,NULL,NULL,local_pdf,official_web_fallback,official_web_fallback,pdf_text,NULL,NULL,2497,NULL,NULL,https://cgwb.gov.in
goa,south goa,sanguem,sanguem,Jambavli,Jambavli Station,15.18658,74.09529,2018,8,August,6.0,NULL,Safe,NULL,NULL,NULL,NULL,NULL,NULL,unmatched,0.0,valid,August_WL_1994-2025.pdf,NULL,NULL,local_pdf,official_web_fallback,official_web_fallback,pdf_text,NULL,NULL,2497,NULL,NULL,https://cgwb.gov.in
goa,south goa,sanguem,sanguem,Kalay,Kalay Station,15.2885,74.18007,2018,8,August,8.7,NULL,Safe,NULL,NULL,NULL,NULL,NULL,NULL,unmatched,0.0,valid,August_WL_1994-2025.pdf,NULL,NULL,local_pdf,official_web_fallback,official_web_fallback,pdf_text,NULL,NULL,2497,NULL,NULL,https://cgwb.gov.in
goa,south goa,sanguem,sanguem,Rivona,Rivona Station,15.16415,74.10671,2018,8,August,4.9,NULL,Safe,NULL,NULL,NULL,NULL,NULL,NULL,unmatched,0.0,valid,August_WL_1994-2025.pdf,NULL,NULL,local_pdf,official_web_fallback,official_web_fallback,pdf_text,NULL,NULL,2497,NULL,NULL,https://cgwb.gov.in
goa,south goa,sanguem,sanguem,Themchewada,Themchewada Station,15.21958,74.15752,2018,8,August,6.5,NULL,Safe,NULL,NULL,NULL,NULL,NULL,NULL,unmatched,0.0,valid,August_WL_1994-2025.pdf,NULL,NULL,local_pdf,official_web_fallback,official_web_fallback,pdf_text,NULL,NULL,2497,NULL,NULL,https://cgwb.gov.in
goa,south goa,sanguem,sanguem,Vadam,Vadam Station,15.13063,74.20754,2018,8,August,3.1,NULL,Safe,NULL,NULL,NULL,NULL,NULL,NULL,unmatched,0.0,valid,August_WL_1994-2025.pdf,NULL,NULL,local_pdf,official_web_fallback,official_web_fallback,pdf_text,NULL,NULL,2497,NULL,NULL,https://cgwb.gov.in
goa,south goa,sanguem,sanguem,Vichundrem,Vichundrem Station,15.10364,74.20318,2018,8,August,0.5,NULL,Safe,NULL,NULL,NULL,NULL,NULL,NULL,unmatched,0.0,valid,August_WL_1994-2025.pdf,NULL,NULL,local_pdf,official_web_fallback,official_web_fallback,pdf_text,NULL,NULL,2497,NULL,NULL,https://cgwb.gov.in
goa,north goa,bardez,bardez,Alto Betim Porvorim,Alto Betim Porvorim Station,15.52605,73.82982,2017,8,August,2.3,NULL,Safe,NULL,NULL,NULL,NULL,NULL,NULL,unmatched,0.0,valid,August_WL_1994-2025.pdf,NULL,NULL,local_pdf,official_web_fallback,official_web_fallback,pdf_text,NULL,NULL,2864,NULL,NULL,https://cgwb.gov.in
goa,north goa,bardez,bardez,Amberem,Amberem Station,15.74045,73.82449,2017,8,August,6.3,NULL,Safe,NULL,NULL,NULL,NULL,NULL,NULL,unmatched,0.0,valid,August_WL_1994-2025.pdf,NULL,NULL,local_pdf,official_web_fallback,official_web_fallback,pdf_text,NULL,NULL,2864,NULL,NULL,https://cgwb.gov.in
goa,north goa,bardez,bardez,Anjuna (Ct),Anjuna (Ct) Station,15.5842,73.73828,2017,8,August,6.2,NULL,Safe,NULL,NULL,NULL,NULL,NULL,NULL,unmatched,0.0,valid,August_WL_1994-2025.pdf,NULL,NULL,local_pdf,official_web_fallback,official_web_fallback,pdf_text,NULL,NULL,2864,NULL,NULL,https://cgwb.gov.in
goa,north goa,bardez,bardez,Bastora,Bastora Station,15.51596,73.83858,2017,8,August,1.4,NULL,Safe,NULL,NULL,NULL,NULL,NULL,NULL,unmatched,0.0,valid,August_WL_1994-2025.pdf,NULL,NULL,local_pdf,official_web_fallback,official_web_fallback,pdf_text,NULL,NULL,2864,NULL,NULL,https://cgwb.gov.in
goa,north goa,bardez,bardez,Calangute (Ct),Calangute (Ct) Station,15.54612,73.75861,2017,8,August,4.5,NULL,Safe,NULL,NULL,NULL,NULL,NULL,NULL,unmatched,0.0,valid,August_WL_1994-2025.pdf,NULL,NULL,local_pdf,official_web_fallback,official_web_fallback,pdf_text,NULL,NULL,2864,NULL,NULL,https://cgwb.gov.in
goa,north goa,bardez,bardez,Mapuca,Mapuca Station,15.61013,73.82434,2017,8,August,1.7,NULL,Safe,NULL,NULL,NULL,NULL,NULL,NULL,unmatched,0.0,valid,August_WL_1994-2025.pdf,NULL,NULL,local_pdf,official_web_fallback,official_web_fallback,pdf_text,NULL,NULL,2864,NULL,NULL,https://cgwb.gov.in
goa,north goa,bardez,bardez,Parra,Parra Station,15.57282,73.79279,2017,8,August,0.5,NULL,Safe,NULL,NULL,NULL,NULL,NULL,NULL,unmatched,0.0,valid,August_WL_1994-2025.pdf,NULL,NULL,local_pdf,official_web_fallback,official_web_fallback,pdf_text,NULL,NULL,2864,NULL,NULL,https://cgwb.gov.in
goa,north goa,bardez,bardez,Pirna,Pirna Station,15.66884,73.8818,2017,8,August,1.4,NULL,Safe,NULL,NULL,NULL,NULL,NULL,NULL,unmatched,0.0,valid,August_WL_1994-2025.pdf,NULL,NULL,local_pdf,official_web_fallback,official_web_fallback,pdf_text,NULL,NULL,2865,NULL,NULL,https://cgwb.gov.in
goa,north goa,bardez,bardez,Pomburpa,Pomburpa Station,15.55926,73.86761,2017,8,August,2.3,NULL,Safe,NULL,NULL,NULL,NULL,NULL,NULL,unmatched,0.0,valid,August_WL_1994-2025.pdf,NULL,NULL,local_pdf,official_web_fallback,official_web_fallback,pdf_text,NULL,NULL,2865,NULL,NULL,https://cgwb.gov.in
goa,north goa,bardez,bardez,Salvador-Do-Mundo (Ct),Salvador-Do-Mundo (Ct) Station,15.5376,73.86869,2017,8,August,1.2,NULL,Safe,NULL,NULL,NULL,NULL,NULL,NULL,unmatched,0.0,valid,August_WL_1994-2025.pdf,NULL,NULL,local_pdf,official_web_fallback,official_web_fallback,pdf_text,NULL,NULL,2865,NULL,NULL,https://cgwb.gov.in
goa,north goa,bardez,bardez,Shivoli Brahmanwada,Shivoli Brahmanwada Station,15.62358,73.76681,2017,8,August,0.1,NULL,Safe,NULL,NULL,NULL,NULL,NULL,NULL,unmatched,0.0,valid,August_WL_1994-2025.pdf,NULL,NULL,local_pdf,official_web_fallback,official_web_fallback,pdf_text,NULL,NULL,2865,NULL,NULL,https://cgwb.gov.in
goa,north goa,bardez,bardez,Sircaim,Sircaim Station,15.62689,73.87588,2017,8,August,1.7,NULL,Safe,NULL,NULL,NULL,NULL,NULL,NULL,unmatched,0.0,valid,August_WL_1994-2025.pdf,NULL,NULL,local_pdf,official_web_fallback,official_web_fallback,pdf_text,NULL,NULL,2865,NULL,NULL,https://cgwb.gov.in
goa,north goa,bicholim,bicholim,Adwalpale,Adwalpale Station,15.63986,73.89602,2017,8,August,4.3,NULL,Safe,NULL,NULL,NULL,NULL,NULL,NULL,unmatched,0.0,valid,August_WL_1994-2025.pdf,NULL,NULL,local_pdf,official_web_fallback,official_web_fallback,pdf_text,NULL,NULL,2865,NULL,NULL,https://cgwb.gov.in
goa,north goa,bicholim,bicholim,Devulawada Narve,Devulawada Narve Station,15.55205,73.92413,2017,8,August,10.1,NULL,Safe,NULL,NULL,NULL,NULL,NULL,NULL,unmatched,0.0,valid,August_WL_1994-2025.pdf,NULL,NULL,local_pdf,official_web_fallback,official_web_fallback,pdf_text,NULL,NULL,2865,NULL,NULL,https://cgwb.gov.in
goa,north goa,bicholim,bicholim,Jambhul Batt,Jambhul Batt Station,15.58041,73.92604,2017,8,August,0.7,NULL,Safe,NULL,NULL,NULL,NULL,NULL,NULL,unmatched,0.0,valid,August_WL_1994-2025.pdf,NULL,NULL,local_pdf,official_web_fallback,official_web_fallback,pdf_text,NULL,NULL,2865,NULL,NULL,https://cgwb.gov.in
goa,north goa,bicholim,bicholim,Mulgao,Mulgao Station,15.61711,73.92075,2017,8,August,2.1,NULL,Safe,NULL,NULL,NULL,NULL,NULL,NULL,unmatched,0.0,valid,August_WL_1994-2025.pdf,NULL,NULL,local_pdf,official_web_fallback,official_web_fallback,pdf_text,NULL,NULL,2865,NULL,NULL,https://cgwb.gov.in
goa,north goa,bicholim,bicholim,Salem,Salem Station,15.68771,73.92681,2017,8,August,1.4,NULL,Safe,NULL,NULL,NULL,NULL,NULL,NULL,unmatched,0.0,valid,August_WL_1994-2025.pdf,NULL,NULL,local_pdf,official_web_fallback,official_web_fallback,pdf_text,NULL,NULL,2865,NULL,NULL,https://cgwb.gov.in
goa,north goa,pernem,pernem,Corgao,Corgao Station,15.70939,73.75176,2017,8,August,3.3,NULL,Safe,NULL,NULL,NULL,NULL,NULL,NULL,unmatched,0.0,valid,August_WL_1994-2025.pdf,NULL,NULL,local_pdf,official_web_fallback,official_web_fallback,pdf_text,NULL,NULL,2865,NULL,NULL,https://cgwb.gov.in
goa,north goa,pernem,pernem,Hasaravanni Vaipal,Hasaravanni Vaipal Station,15.73251,73.89959,2017,8,August,0.9,NULL,Safe,NULL,NULL,NULL,NULL,NULL,NULL,unmatched,0.0,valid,August_WL_1994-2025.pdf,NULL,NULL,local_pdf,official_web_fallback,official_web_fallback,pdf_text,NULL,NULL,2865,NULL,NULL,https://cgwb.gov.in
goa,north goa,pernem,pernem,Haspur,Haspur Station,15.73698,73.90359,2017,8,August,1.6,NULL,Safe,NULL,NULL,NULL,NULL,NULL,NULL,unmatched,0.0,valid,August_WL_1994-2025.pdf,NULL,NULL,local_pdf,official_web_fallback,official_web_fallback,pdf_text,NULL,NULL,2865,NULL,NULL,https://cgwb.gov.in
goa,north goa,pernem,pernem,Morji,Morji Station,15.63598,73.73963,2017,8,August,0.6,NULL,Safe,NULL,NULL,NULL,NULL,NULL,NULL,unmatched,0.0,valid,August_WL_1994-2025.pdf,NULL,NULL,local_pdf,official_web_fallback,official_web_fallback,pdf_text,NULL,NULL,2865,NULL,NULL,https://cgwb.gov.in
goa,north goa,pernem,pernem,Nagjhar,Nagjhar Station,15.70843,73.85289,2017,8,August,6.8,NULL,Safe,NULL,NULL,NULL,NULL,NULL,NULL,unmatched,0.0,valid,August_WL_1994-2025.pdf,NULL,NULL,local_pdf,official_web_fallback,official_web_fallback,pdf_text,NULL,NULL,2865,NULL,NULL,https://cgwb.gov.in
goa,north goa,pernem,pernem,Pernem,Pernem Station,15.7176,73.79806,2017,8,August,3.6,NULL,Safe,NULL,NULL,NULL,NULL,NULL,NULL,unmatched,0.0,valid,August_WL_1994-2025.pdf,NULL,NULL,local_pdf,official_web_fallback,official_web_fallback,pdf_text,NULL,NULL,2865,NULL,NULL,https://cgwb.gov.in
goa,north goa,pernem,pernem,Sawanthawada,Sawanthawada Station,15.68082,73.75108,2017,8,August,0.7,NULL,Safe,NULL,NULL,NULL,NULL,NULL,NULL,unmatched,0.0,valid,August_WL_1994-2025.pdf,NULL,NULL,local_pdf,official_web_fallback,official_web_fallback,pdf_text,NULL,NULL,2865,NULL,NULL,https://cgwb.gov.in
goa,north goa,pernem,pernem,Varconda,Varconda Station,15.75465,73.83533,2017,8,August,2.2,NULL,Safe,NULL,NULL,NULL,NULL,NULL,NULL,unmatched,0.0,valid,August_WL_1994-2025.pdf,NULL,NULL,local_pdf,official_web_fallback,official_web_fallback,pdf_text,NULL,NULL,2865,NULL,NULL,https://cgwb.gov.in
goa,north goa,satari,satari,Bayalwadikeri,Bayalwadikeri Station,15.61128,74.067,2017,8,August,1.2,NULL,Safe,NULL,NULL,NULL,NULL,NULL,NULL,unmatched,0.0,valid,August_WL_1994-2025.pdf,NULL,NULL,local_pdf,official_web_fallback,official_web_fallback,pdf_text,NULL,NULL,2865,NULL,NULL,https://cgwb.gov.in
goa,north goa,satari,satari,Bhamber Nanoda Cross,Bhamber Nanoda Cross Station,15.58778,74.19123,2017,8,August,2.8,NULL,Safe,NULL,NULL,NULL,NULL,NULL,NULL,unmatched,0.0,valid,August_WL_1994-2025.pdf,NULL,NULL,local_pdf,official_web_fallback,official_web_fallback,pdf_text,NULL,NULL,2865,NULL,NULL,https://cgwb.gov.in
goa,north goa,satari,satari,Buimpal,Buimpal Station,15.53936,74.08822,2017,8,August,0.9,NULL,Safe,NULL,NULL,NULL,NULL,NULL,NULL,unmatched,0.0,valid,August_WL_1994-2025.pdf,NULL,NULL,local_pdf,official_web_fallback,official_web_fallback,pdf_text,NULL,NULL,2865,NULL,NULL,https://cgwb.gov.in
goa,north goa,satari,satari,Charayode,Charayode Station,15.62783,74.13084,2017,8,August,1.0,NULL,Safe,NULL,NULL,NULL,NULL,NULL,NULL,unmatched,0.0,valid,August_WL_1994-2025.pdf,NULL,NULL,local_pdf,official_web_fallback,official_web_fallback,pdf_text,NULL,NULL,2865,NULL,NULL,https://cgwb.gov.in
goa,north goa,satari,satari,Dhatwado Vante,Dhatwado Vante Station,15.49613,74.09753,2017,8,August,2.2,NULL,Safe,NULL,NULL,NULL,NULL,NULL,NULL,unmatched,0.0,valid,August_WL_1994-2025.pdf,NULL,NULL,local_pdf,official_web_fallback,official_web_fallback,pdf_text,NULL,NULL,2865,NULL,NULL,https://cgwb.gov.in
goa,north goa,satari,satari,Honda,Honda Station,15.54722,74.05079,2017,8,August,1.6,NULL,Safe,NULL,NULL,NULL,NULL,NULL,NULL,unmatched,0.0,valid,August_WL_1994-2025.pdf,NULL,NULL,local_pdf,official_web_fallback,official_web_fallback,pdf_text,NULL,NULL,2865,NULL,NULL,https://cgwb.gov.in
goa,north goa,satari,satari,Khadki(Harijanwada),Khadki(Harijanwada) Station,15.50253,74.13964,2017,8,August,3.0,NULL,Safe,NULL,NULL,NULL,NULL,NULL,NULL,unmatched,0.0,valid,August_WL_1994-2025.pdf,NULL,NULL,local_pdf,official_web_fallback,official_web_fallback,pdf_text,NULL,NULL,2865,NULL,NULL,https://cgwb.gov.in
goa,north goa,satari,satari,Khotodem,Khotodem Station,15.48277,74.13695,2017,8,August,2.2,NULL,Safe,NULL,NULL,NULL,NULL,NULL,NULL,unmatched,0.0,valid,August_WL_1994-2025.pdf,NULL,NULL,local_pdf,official_web_fallback,official_web_fallback,pdf_text,NULL,NULL,2865,NULL,NULL,https://cgwb.gov.in
goa,north goa,satari,satari,Morlem,Morlem Station,15.59397,74.04632,2017,8,August,2.6,NULL,Safe,NULL,NULL,NULL,NULL,NULL,NULL,unmatched,0.0,valid,August_WL_1994-2025.pdf,NULL,NULL,local_pdf,official_web_fallback,official_web_fallback,pdf_text,NULL,NULL,2865,NULL,NULL,https://cgwb.gov.in
goa,north goa,satari,satari,Nagargao,Nagargao Station,15.56158,74.1632,2017,8,August,0.6,NULL,Safe,NULL,NULL,NULL,NULL,NULL,NULL,unmatched,0.0,valid,August_WL_1994-2025.pdf,NULL,NULL,local_pdf,official_web_fallback,official_web_fallback,pdf_text,NULL,NULL,2865,NULL,NULL,https://cgwb.gov.in
goa,north goa,satari,satari,Valpoi,Valpoi Station,15.53301,74.13723,2017,8,August,1.6,NULL,Safe,NULL,NULL,NULL,NULL,NULL,NULL,unmatched,0.0,valid,August_WL_1994-2025.pdf,NULL,NULL,local_pdf,official_web_fallback,official_web_fallback,pdf_text,NULL,NULL,2865,NULL,NULL,https://cgwb.gov.in
goa,north goa,tiswadi,tiswadi,Gavalebhat Chimbel,Gavalebhat Chimbel Station,15.48944,73.8742,2017,8,August,0.6,NULL,Safe,NULL,NULL,NULL,NULL,NULL,NULL,unmatched,0.0,valid,August_WL_1994-2025.pdf,NULL,NULL,local_pdf,official_web_fallback,official_web_fallback,pdf_text,NULL,NULL,2865,NULL,NULL,https://cgwb.gov.in
goa,north goa,tiswadi,tiswadi,Karanjhalen,Karanjhalen Station,15.459,73.80281,2017,8,August,1.2,NULL,Safe,NULL,NULL,NULL,NULL,NULL,NULL,unmatched,0.0,valid,August_WL_1994-2025.pdf,NULL,NULL,local_pdf,official_web_fallback,official_web_fallback,pdf_text,NULL,NULL,2865,NULL,NULL,https://cgwb.gov.in
goa,north goa,tiswadi,tiswadi,Velha Goa,Velha Goa Station,15.4976,73.91901,2017,8,August,0.5,NULL,Safe,NULL,NULL,NULL,NULL,NULL,NULL,unmatched,0.0,valid,August_WL_1994-2025.pdf,NULL,NULL,local_pdf,official_web_fallback,official_web_fallback,pdf_text,NULL,NULL,2865,NULL,NULL,https://cgwb.gov.in
goa,south goa,canacona,canacona,Agonda,Agonda Station,15.04152,73.99121,2017,8,August,0.4,NULL,Safe,NULL,NULL,NULL,NULL,NULL,NULL,unmatched,0.0,valid,August_WL_1994-2025.pdf,NULL,NULL,local_pdf,official_web_fallback,official_web_fallback,pdf_text,NULL,NULL,2865,NULL,NULL,https://cgwb.gov.in
goa,south goa,canacona,canacona,Canacona,Canacona Station,15.00716,74.05233,2017,8,August,1.2,NULL,Safe,NULL,NULL,NULL,NULL,NULL,NULL,unmatched,0.0,valid,August_WL_1994-2025.pdf,NULL,NULL,local_pdf,official_web_fallback,official_web_fallback,pdf_text,NULL,NULL,2865,NULL,NULL,https://cgwb.gov.in
goa,south goa,canacona,canacona,Daptamol Lolien,Daptamol Lolien Station,14.94986,74.05528,2017,8,August,12.3,NULL,Safe,NULL,NULL,NULL,NULL,NULL,NULL,unmatched,0.0,valid,August_WL_1994-2025.pdf,NULL,NULL,local_pdf,official_web_fallback,official_web_fallback,pdf_text,NULL,NULL,2865,NULL,NULL,https://cgwb.gov.in
goa,south goa,canacona,canacona,Gulem Velipwada,Gulem Velipwada Station,15.03918,74.02939,2017,8,August,2.5,NULL,Safe,NULL,NULL,NULL,NULL,NULL,NULL,unmatched,0.0,valid,August_WL_1994-2025.pdf,NULL,NULL,local_pdf,official_web_fallback,official_web_fallback,pdf_text,NULL,NULL,2865,NULL,NULL,https://cgwb.gov.in
goa,south goa,canacona,canacona,Hattipal Poinguinem,Hattipal Poinguinem Station,14.98407,74.10869,2017,8,August,4.2,NULL,Safe,NULL,NULL,NULL,NULL,NULL,NULL,unmatched,0.0,valid,August_WL_1994-2025.pdf,NULL,NULL,local_pdf,official_web_fallback,official_web_fallback,pdf_text,NULL,NULL,2865,NULL,NULL,https://cgwb.gov.in
goa,south goa,canacona,canacona,Mashe,Mashe Station,14.96289,74.05465,2017,8,August,1.9,NULL,Safe,NULL,NULL,NULL,NULL,NULL,NULL,unmatched,0.0,valid,August_WL_1994-2025.pdf,NULL,NULL,local_pdf,official_web_fallback,official_web_fallback,pdf_text,NULL,NULL,2865,NULL,NULL,https://cgwb.gov.in
goa,south goa,canacona,canacona,Sristal,Sristal Station,14.99245,74.10557,2017,8,August,4.2,NULL,Safe,NULL,NULL,NULL,NULL,NULL,NULL,unmatched,0.0,valid,August_WL_1994-2025.pdf,NULL,NULL,local_pdf,official_web_fallback,official_web_fallback,pdf_text,NULL,NULL,2865,NULL,NULL,https://cgwb.gov.in
goa,south goa,canacona,canacona,Yedda,Yedda Station,14.99803,74.19071,2017,8,August,0.3,NULL,Safe,NULL,NULL,NULL,NULL,NULL,NULL,unmatched,0.0,valid,August_WL_1994-2025.pdf,NULL,NULL,local_pdf,official_web_fallback,official_web_fallback,pdf_text,NULL,NULL,2865,NULL,NULL,https://cgwb.gov.in
goa,south goa,dharbandora,dharbandora,Bolkharnem,Bolkharnem Station,15.42964,74.19235,2017,8,August,4.2,NULL,Safe,NULL,NULL,NULL,NULL,NULL,NULL,unmatched,0.0,valid,August_WL_1994-2025.pdf,NULL,NULL,local_pdf,official_web_fallback,official_web_fallback,pdf_text,NULL,NULL,2865,NULL,NULL,https://cgwb.gov.in
goa,south goa,dharbandora,dharbandora,Colem,Colem Station,15.33497,74.24375,2017,8,August,3.0,NULL,Safe,NULL,NULL,NULL,NULL,NULL,NULL,unmatched,0.0,valid,August_WL_1994-2025.pdf,NULL,NULL,local_pdf,official_web_fallback,official_web_fallback,pdf_text,NULL,NULL,2865,NULL,NULL,https://cgwb.gov.in
goa,south goa,dharbandora,dharbandora,Molem,Molem Station,15.37701,74.22971,2017,8,August,1.8,NULL,Safe,NULL,NULL,NULL,NULL,NULL,NULL,unmatched,0.0,valid,August_WL_1994-2025.pdf,NULL,NULL,local_pdf,official_web_fallback,official_web_fallback,pdf_text,NULL,NULL,2866,NULL,NULL,https://cgwb.gov.in
goa,south goa,mormugao,mormugao,Bagmola,Bagmola Station,15.37006,73.83826,2017,8,August,2.3,NULL,Safe,NULL,NULL,NULL,NULL,NULL,NULL,unmatched,0.0,valid,August_WL_1994-2025.pdf,NULL,NULL,local_pdf,official_web_fallback,official_web_fallback,pdf_text,NULL,NULL,2866,NULL,NULL,https://cgwb.gov.in
goa,south goa,mormugao,mormugao,Chicalim (Ct),Chicalim (Ct) Station,15.39818,73.83679,2017,8,August,2.8,NULL,Safe,NULL,NULL,NULL,NULL,NULL,NULL,unmatched,0.0,valid,August_WL_1994-2025.pdf,NULL,NULL,local_pdf,official_web_fallback,official_web_fallback,pdf_text,NULL,NULL,2866,NULL,NULL,https://cgwb.gov.in
goa,south goa,ponda,ponda,Borim (Ct),Borim (Ct) Station,15.35417,74.0016,2017,8,August,0.8,NULL,Safe,NULL,NULL,NULL,NULL,NULL,NULL,unmatched,0.0,valid,August_WL_1994-2025.pdf,NULL,NULL,local_pdf,official_web_fallback,official_web_fallback,pdf_text,NULL,NULL,2866,NULL,NULL,https://cgwb.gov.in
goa,south goa,ponda,ponda,Kapsa,Kapsa Station,15.27344,74.1006,2017,8,August,1.6,NULL,Safe,NULL,NULL,NULL,NULL,NULL,NULL,unmatched,0.0,valid,August_WL_1994-2025.pdf,NULL,NULL,local_pdf,official_web_fallback,official_web_fallback,pdf_text,NULL,NULL,2866,NULL,NULL,https://cgwb.gov.in
goa,south goa,ponda,ponda,Kundel Dassolwada,Kundel Dassolwada Station,15.45287,73.95255,2017,8,August,1.0,NULL,Safe,NULL,NULL,NULL,NULL,NULL,NULL,unmatched,0.0,valid,August_WL_1994-2025.pdf,NULL,NULL,local_pdf,official_web_fallback,official_web_fallback,pdf_text,NULL,NULL,2866,NULL,NULL,https://cgwb.gov.in
goa,south goa,ponda,ponda,Mankem,Mankem Station,15.30549,74.04834,2017,8,August,1.3,NULL,Safe,NULL,NULL,NULL,NULL,NULL,NULL,unmatched,0.0,valid,August_WL_1994-2025.pdf,NULL,NULL,local_pdf,official_web_fallback,official_web_fallback,pdf_text,NULL,NULL,2866,NULL,NULL,https://cgwb.gov.in
goa,south goa,ponda,ponda,Shiroda,Shiroda Station,15.32068,74.03502,2017,8,August,4.5,NULL,Safe,NULL,NULL,NULL,NULL,NULL,NULL,unmatched,0.0,valid,August_WL_1994-2025.pdf,NULL,NULL,local_pdf,official_web_fallback,official_web_fallback,pdf_text,NULL,NULL,2866,NULL,NULL,https://cgwb.gov.in
goa,south goa,quepem,quepem,Ghadiawada,Ghadiawada Station,15.23894,74.11303,2017,8,August,0.7,NULL,Safe,NULL,NULL,NULL,NULL,NULL,NULL,unmatched,0.0,valid,August_WL_1994-2025.pdf,NULL,NULL,local_pdf,official_web_fallback,official_web_fallback,pdf_text,NULL,NULL,2866,NULL,NULL,https://cgwb.gov.in
goa,south goa,quepem,quepem,Padi,Padi Station,15.09291,74.0306,2017,8,August,7.6,NULL,Safe,NULL,NULL,NULL,NULL,NULL,NULL,unmatched,0.0,valid,August_WL_1994-2025.pdf,NULL,NULL,local_pdf,official_web_fallback,official_web_fallback,pdf_text,NULL,NULL,2866,NULL,NULL,https://cgwb.gov.in
goa,south goa,quepem,quepem,Quepem,Quepem Station,15.21751,74.08075,2017,8,August,1.1,NULL,Safe,NULL,NULL,NULL,NULL,NULL,NULL,unmatched,0.0,valid,August_WL_1994-2025.pdf,NULL,NULL,local_pdf,official_web_fallback,official_web_fallback,pdf_text,NULL,NULL,2866,NULL,NULL,https://cgwb.gov.in
goa,south goa,salcete,salcete,Ballynuvhen,Ballynuvhen Station,15.31651,73.94542,2017,8,August,4.4,NULL,Safe,NULL,NULL,NULL,NULL,NULL,NULL,unmatched,0.0,valid,August_WL_1994-2025.pdf,NULL,NULL,local_pdf,official_web_fallback,official_web_fallback,pdf_text,NULL,NULL,2866,NULL,NULL,https://cgwb.gov.in
goa,south goa,salcete,salcete,Betalbhatti,Betalbhatti Station,15.30071,73.92006,2017,8,August,1.9,NULL,Safe,NULL,NULL,NULL,NULL,NULL,NULL,unmatched,0.0,valid,August_WL_1994-2025.pdf,NULL,NULL,local_pdf,official_web_fallback,official_web_fallback,pdf_text,NULL,NULL,2866,NULL,NULL,https://cgwb.gov.in
goa,south goa,salcete,salcete,Cuncolim,Cuncolim Station,15.18013,74.00004,2017,8,August,0.9,NULL,Safe,NULL,NULL,NULL,NULL,NULL,NULL,unmatched,0.0,valid,August_WL_1994-2025.pdf,NULL,NULL,local_pdf,official_web_fallback,official_web_fallback,pdf_text,NULL,NULL,2866,NULL,NULL,https://cgwb.gov.in
goa,south goa,salcete,salcete,Kaveslium,Kaveslium Station,15.18555,73.94721,2017,8,August,1.0,NULL,Safe,NULL,NULL,NULL,NULL,NULL,NULL,unmatched,0.0,valid,August_WL_1994-2025.pdf,NULL,NULL,local_pdf,official_web_fallback,official_web_fallback,pdf_text,NULL,NULL,2866,NULL,NULL,https://cgwb.gov.in
goa,south goa,salcete,salcete,Majorda Bpada Curilo,Majorda Bpada Curilo Station,15.32117,73.91711,2017,8,August,1.4,NULL,Safe,NULL,NULL,NULL,NULL,NULL,NULL,unmatched,0.0,valid,August_WL_1994-2025.pdf,NULL,NULL,local_pdf,official_web_fallback,official_web_fallback,pdf_text,NULL,NULL,2866,NULL,NULL,https://cgwb.gov.in
goa,south goa,salcete,salcete,Navelim (Ct),Navelim (Ct) Station,15.25444,73.96722,2017,8,August,1.1,NULL,Safe,NULL,NULL,NULL,NULL,NULL,NULL,unmatched,0.0,valid,August_WL_1994-2025.pdf,NULL,NULL,local_pdf,official_web_fallback,official_web_fallback,pdf_text,NULL,NULL,2866,NULL,NULL,https://cgwb.gov.in
goa,south goa,salcete,salcete,Panchwadi,Panchwadi Station,15.2836,74.09517,2017,8,August,4.0,NULL,Safe,NULL,NULL,NULL,NULL,NULL,NULL,unmatched,0.0,valid,August_WL_1994-2025.pdf,NULL,NULL,local_pdf,official_web_fallback,official_web_fallback,pdf_text,NULL,NULL,2866,NULL,NULL,https://cgwb.gov.in
goa,south goa,sanguem,sanguem,Bati,Bati Station,15.13176,74.22645,2017,8,August,2.1,NULL,Safe,NULL,NULL,NULL,NULL,NULL,NULL,unmatched,0.0,valid,August_WL_1994-2025.pdf,NULL,NULL,local_pdf,official_web_fallback,official_web_fallback,pdf_text,NULL,NULL,2866,NULL,NULL,https://cgwb.gov.in
goa,south goa,sanguem,sanguem,Deulwada Kolamba,Deulwada Kolamba Station,15.15021,74.13099,2017,8,August,1.6,NULL,Safe,NULL,NULL,NULL,NULL,NULL,NULL,unmatched,0.0,valid,August_WL_1994-2025.pdf,NULL,NULL,local_pdf,official_web_fallback,official_web_fallback,pdf_text,NULL,NULL,2866,NULL,NULL,https://cgwb.gov.in
goa,south goa,sanguem,sanguem,Guddemal,Guddemal Station,15.28545,74.12969,2017,8,August,4.1,NULL,Safe,NULL,NULL,NULL,NULL,NULL,NULL,unmatched,0.0,valid,August_WL_1994-2025.pdf,NULL,NULL,local_pdf,official_web_fallback,official_web_fallback,pdf_text,NULL,NULL,2866,NULL,NULL,https://cgwb.gov.in
goa,south goa,sanguem,sanguem,Jambavli,Jambavli Station,15.18658,74.09529,2017,8,August,4.5,NULL,Safe,NULL,NULL,NULL,NULL,NULL,NULL,unmatched,0.0,valid,August_WL_1994-2025.pdf,NULL,NULL,local_pdf,official_web_fallback,official_web_fallback,pdf_text,NULL,NULL,2866,NULL,NULL,https://cgwb.gov.in
goa,south goa,sanguem,sanguem,Kalay,Kalay Station,15.2885,74.18007,2017,8,August,8.0,NULL,Safe,NULL,NULL,NULL,NULL,NULL,NULL,unmatched,0.0,valid,August_WL_1994-2025.pdf,NULL,NULL,local_pdf,official_web_fallback,official_web_fallback,pdf_text,NULL,NULL,2866,NULL,NULL,https://cgwb.gov.in
goa,south goa,sanguem,sanguem,Rivona,Rivona Station,15.16415,74.10671,2017,8,August,4.6,NULL,Safe,NULL,NULL,NULL,NULL,NULL,NULL,unmatched,0.0,valid,August_WL_1994-2025.pdf,NULL,NULL,local_pdf,official_web_fallback,official_web_fallback,pdf_text,NULL,NULL,2866,NULL,NULL,https://cgwb.gov.in
goa,south goa,sanguem,sanguem,Themchewada,Themchewada Station,15.21958,74.15752,2017,8,August,6.5,NULL,Safe,NULL,NULL,NULL,NULL,NULL,NULL,unmatched,0.0,valid,August_WL_1994-2025.pdf,NULL,NULL,local_pdf,official_web_fallback,official_web_fallback,pdf_text,NULL,NULL,2866,NULL,NULL,https://cgwb.gov.in
goa,south goa,sanguem,sanguem,Vadam,Vadam Station,15.13063,74.20754,2017,8,August,3.6,NULL,Safe,NULL,NULL,NULL,NULL,NULL,NULL,unmatched,0.0,valid,August_WL_1994-2025.pdf,NULL,NULL,local_pdf,official_web_fallback,official_web_fallback,pdf_text,NULL,NULL,2866,NULL,NULL,https://cgwb.gov.in
goa,south goa,sanguem,sanguem,Vichundrem,Vichundrem Station,15.10364,74.20318,2017,8,August,0.4,NULL,Safe,NULL,NULL,NULL,NULL,NULL,NULL,unmatched,0.0,valid,August_WL_1994-2025.pdf,NULL,NULL,local_pdf,official_web_fallback,official_web_fallback,pdf_text,NULL,NULL,2866,NULL,NULL,https://cgwb.gov.in
goa,north goa,bardez,bardez,Alto Betim Porvorim,Alto Betim Porvorim Station,15.52605,73.82982,2016,8,August,5.1,NULL,Safe,NULL,NULL,NULL,NULL,NULL,NULL,unmatched,0.0,valid,August_WL_1994-2025.pdf,NULL,NULL,local_pdf,official_web_fallback,official_web_fallback,pdf_text,NULL,NULL,3224,NULL,NULL,https://cgwb.gov.in
goa,north goa,bardez,bardez,Amberem,Amberem Station,15.74045,73.82449,2016,8,August,6.4,NULL,Safe,NULL,NULL,NULL,NULL,NULL,NULL,unmatched,0.0,valid,August_WL_1994-2025.pdf,NULL,NULL,local_pdf,official_web_fallback,official_web_fallback,pdf_text,NULL,NULL,3224,NULL,NULL,https://cgwb.gov.in
goa,north goa,bardez,bardez,Anjuna (Ct),Anjuna (Ct) Station,15.5842,73.73828,2016,8,August,7.1,NULL,Safe,NULL,NULL,NULL,NULL,NULL,NULL,unmatched,0.0,valid,August_WL_1994-2025.pdf,NULL,NULL,local_pdf,official_web_fallback,official_web_fallback,pdf_text,NULL,NULL,3224,NULL,NULL,https://cgwb.gov.in
goa,north goa,bardez,bardez,Bastora,Bastora Station,15.51596,73.83858,2016,8,August,1.7,NULL,Safe,NULL,NULL,NULL,NULL,NULL,NULL,unmatched,0.0,valid,August_WL_1994-2025.pdf,NULL,NULL,local_pdf,official_web_fallback,official_web_fallback,pdf_text,NULL,NULL,3224,NULL,NULL,https://cgwb.gov.in
goa,north goa,bardez,bardez,Calangute (Ct),Calangute (Ct) Station,15.54612,73.75861,2016,8,August,3.6,NULL,Safe,NULL,NULL,NULL,NULL,NULL,NULL,unmatched,0.0,valid,August_WL_1994-2025.pdf,NULL,NULL,local_pdf,official_web_fallback,official_web_fallback,pdf_text,NULL,NULL,3224,NULL,NULL,https://cgwb.gov.in
goa,north goa,bardez,bardez,Colvale (Ct),Colvale (Ct) Station,15.64402,73.83727,2016,8,August,9.7,NULL,Safe,NULL,NULL,NULL,NULL,NULL,NULL,unmatched,0.0,valid,August_WL_1994-2025.pdf,NULL,NULL,local_pdf,official_web_fallback,official_web_fallback,pdf_text,NULL,NULL,3224,NULL,NULL,https://cgwb.gov.in
goa,north goa,bardez,bardez,Mapuca,Mapuca Station,15.61013,73.82434,2016,8,August,2.2,NULL,Safe,NULL,NULL,NULL,NULL,NULL,NULL,unmatched,0.0,valid,August_WL_1994-2025.pdf,NULL,NULL,local_pdf,official_web_fallback,official_web_fallback,pdf_text,NULL,NULL,3224,NULL,NULL,https://cgwb.gov.in
goa,north goa,bardez,bardez,Olaulim,Olaulim Station,15.56958,73.86345,2016,8,August,1.5,NULL,Safe,NULL,NULL,NULL,NULL,NULL,NULL,unmatched,0.0,valid,August_WL_1994-2025.pdf,NULL,NULL,local_pdf,official_web_fallback,official_web_fallback,pdf_text,NULL,NULL,3224,NULL,NULL,https://cgwb.gov.in
goa,north goa,bardez,bardez,Parra,Parra Station,15.57282,73.79279,2016,8,August,0.8,NULL,Safe,NULL,NULL,NULL,NULL,NULL,NULL,unmatched,0.0,valid,August_WL_1994-2025.pdf,NULL,NULL,local_pdf,official_web_fallback,official_web_fallback,pdf_text,NULL,NULL,3224,NULL,NULL,https://cgwb.gov.in
goa,north goa,bardez,bardez,Pirna,Pirna Station,15.66884,73.8818,2016,8,August,1.5,NULL,Safe,NULL,NULL,NULL,NULL,NULL,NULL,unmatched,0.0,valid,August_WL_1994-2025.pdf,NULL,NULL,local_pdf,official_web_fallback,official_web_fallback,pdf_text,NULL,NULL,3224,NULL,NULL,https://cgwb.gov.in
goa,north goa,bardez,bardez,Pomburpa,Pomburpa Station,15.55926,73.86761,2016,8,August,3.1,NULL,Safe,NULL,NULL,NULL,NULL,NULL,NULL,unmatched,0.0,valid,August_WL_1994-2025.pdf,NULL,NULL,local_pdf,official_web_fallback,official_web_fallback,pdf_text,NULL,NULL,3224,NULL,NULL,https://cgwb.gov.in
goa,north goa,bardez,bardez,Salvador-Do-Mundo (Ct),Salvador-Do-Mundo (Ct) Station,15.5376,73.86869,2016,8,August,2.3,NULL,Safe,NULL,NULL,NULL,NULL,NULL,NULL,unmatched,0.0,valid,August_WL_1994-2025.pdf,NULL,NULL,local_pdf,official_web_fallback,official_web_fallback,pdf_text,NULL,NULL,3224,NULL,NULL,https://cgwb.gov.in
goa,north goa,bardez,bardez,Shivoli Brahmanwada,Shivoli Brahmanwada Station,15.62358,73.76681,2016,8,August,0.5,NULL,Safe,NULL,NULL,NULL,NULL,NULL,NULL,unmatched,0.0,valid,August_WL_1994-2025.pdf,NULL,NULL,local_pdf,official_web_fallback,official_web_fallback,pdf_text,NULL,NULL,3224,NULL,NULL,https://cgwb.gov.in
goa,north goa,bardez,bardez,Sircaim,Sircaim Station,15.62689,73.87588,2016,8,August,1.9,NULL,Safe,NULL,NULL,NULL,NULL,NULL,NULL,unmatched,0.0,valid,August_WL_1994-2025.pdf,NULL,NULL,local_pdf,official_web_fallback,official_web_fallback,pdf_text,NULL,NULL,3224,NULL,NULL,https://cgwb.gov.in
goa,north goa,bicholim,bicholim,Adwalpale,Adwalpale Station,15.63986,73.89602,2016,8,August,4.5,NULL,Safe,NULL,NULL,NULL,NULL,NULL,NULL,unmatched,0.0,valid,August_WL_1994-2025.pdf,NULL,NULL,local_pdf,official_web_fallback,official_web_fallback,pdf_text,NULL,NULL,3224,NULL,NULL,https://cgwb.gov.in
goa,north goa,bicholim,bicholim,Devulawada Narve,Devulawada Narve Station,15.55205,73.92413,2016,8,August,13.1,NULL,Safe,NULL,NULL,NULL,NULL,NULL,NULL,unmatched,0.0,valid,August_WL_1994-2025.pdf,NULL,NULL,local_pdf,official_web_fallback,official_web_fallback,pdf_text,NULL,NULL,3224,NULL,NULL,https://cgwb.gov.in
goa,north goa,bicholim,bicholim,Jambhul Batt,Jambhul Batt Station,15.58041,73.92604,2016,8,August,1.0,NULL,Safe,NULL,NULL,NULL,NULL,NULL,NULL,unmatched,0.0,valid,August_WL_1994-2025.pdf,NULL,NULL,local_pdf,official_web_fallback,official_web_fallback,pdf_text,NULL,NULL,3224,NULL,NULL,https://cgwb.gov.in
goa,north goa,bicholim,bicholim,Mulgao,Mulgao Station,15.61711,73.92075,2016,8,August,2.4,NULL,Safe,NULL,NULL,NULL,NULL,NULL,NULL,unmatched,0.0,valid,August_WL_1994-2025.pdf,NULL,NULL,local_pdf,official_web_fallback,official_web_fallback,pdf_text,NULL,NULL,3224,NULL,NULL,https://cgwb.gov.in
goa,north goa,bicholim,bicholim,Salem,Salem Station,15.68771,73.92681,2016,8,August,2.1,NULL,Safe,NULL,NULL,NULL,NULL,NULL,NULL,unmatched,0.0,valid,August_WL_1994-2025.pdf,NULL,NULL,local_pdf,official_web_fallback,official_web_fallback,pdf_text,NULL,NULL,3224,NULL,NULL,https://cgwb.gov.in
goa,north goa,pernem,pernem,Corgao,Corgao Station,15.70939,73.75176,2016,8,August,3.5,NULL,Safe,NULL,NULL,NULL,NULL,NULL,NULL,unmatched,0.0,valid,August_WL_1994-2025.pdf,NULL,NULL,local_pdf,official_web_fallback,official_web_fallback,pdf_text,NULL,NULL,3224,NULL,NULL,https://cgwb.gov.in
goa,north goa,pernem,pernem,Hasaravanni Vaipal,Hasaravanni Vaipal Station,15.73251,73.89959,2016,8,August,1.5,NULL,Safe,NULL,NULL,NULL,NULL,NULL,NULL,unmatched,0.0,valid,August_WL_1994-2025.pdf,NULL,NULL,local_pdf,official_web_fallback,official_web_fallback,pdf_text,NULL,NULL,3224,NULL,NULL,https://cgwb.gov.in
goa,north goa,pernem,pernem,Haspur,Haspur Station,15.73698,73.90359,2016,8,August,3.5,NULL,Safe,NULL,NULL,NULL,NULL,NULL,NULL,unmatched,0.0,valid,August_WL_1994-2025.pdf,NULL,NULL,local_pdf,official_web_fallback,official_web_fallback,pdf_text,NULL,NULL,3224,NULL,NULL,https://cgwb.gov.in
goa,north goa,pernem,pernem,Morji,Morji Station,15.63598,73.73963,2016,8,August,0.2,NULL,Safe,NULL,NULL,NULL,NULL,NULL,NULL,unmatched,0.0,valid,August_WL_1994-2025.pdf,NULL,NULL,local_pdf,official_web_fallback,official_web_fallback,pdf_text,NULL,NULL,3224,NULL,NULL,https://cgwb.gov.in
goa,north goa,pernem,pernem,Nagjhar,Nagjhar Station,15.70843,73.85289,2016,8,August,7.2,NULL,Safe,NULL,NULL,NULL,NULL,NULL,NULL,unmatched,0.0,valid,August_WL_1994-2025.pdf,NULL,NULL,local_pdf,official_web_fallback,official_web_fallback,pdf_text,NULL,NULL,3224,NULL,NULL,https://cgwb.gov.in
goa,north goa,pernem,pernem,Pernem,Pernem Station,15.7176,73.79806,2016,8,August,3.3,NULL,Safe,NULL,NULL,NULL,NULL,NULL,NULL,unmatched,0.0,valid,August_WL_1994-2025.pdf,NULL,NULL,local_pdf,official_web_fallback,official_web_fallback,pdf_text,NULL,NULL,3224,NULL,NULL,https://cgwb.gov.in
goa,north goa,pernem,pernem,Varconda,Varconda Station,15.75465,73.83533,2016,8,August,2.8,NULL,Safe,NULL,NULL,NULL,NULL,NULL,NULL,unmatched,0.0,valid,August_WL_1994-2025.pdf,NULL,NULL,local_pdf,official_web_fallback,official_web_fallback,pdf_text,NULL,NULL,3224,NULL,NULL,https://cgwb.gov.in
goa,north goa,satari,satari,Bayalwadikeri,Bayalwadikeri Station,15.61128,74.067,2016,8,August,1.7,NULL,Safe,NULL,NULL,NULL,NULL,NULL,NULL,unmatched,0.0,valid,August_WL_1994-2025.pdf,NULL,NULL,local_pdf,official_web_fallback,official_web_fallback,pdf_text,NULL,NULL,3224,NULL,NULL,https://cgwb.gov.in
goa,north goa,satari,satari,Bhamber Nanoda Cross,Bhamber Nanoda Cross Station,15.58778,74.19123,2016,8,August,2.8,NULL,Safe,NULL,NULL,NULL,NULL,NULL,NULL,unmatched,0.0,valid,August_WL_1994-2025.pdf,NULL,NULL,local_pdf,official_web_fallback,official_web_fallback,pdf_text,NULL,NULL,3224,NULL,NULL,https://cgwb.gov.in
goa,north goa,satari,satari,Buimpal,Buimpal Station,15.53936,74.08822,2016,8,August,1.1,NULL,Safe,NULL,NULL,NULL,NULL,NULL,NULL,unmatched,0.0,valid,August_WL_1994-2025.pdf,NULL,NULL,local_pdf,official_web_fallback,official_web_fallback,pdf_text,NULL,NULL,3224,NULL,NULL,https://cgwb.gov.in
goa,north goa,satari,satari,Charayode,Charayode Station,15.62783,74.13084,2016,8,August,0.6,NULL,Safe,NULL,NULL,NULL,NULL,NULL,NULL,unmatched,0.0,valid,August_WL_1994-2025.pdf,NULL,NULL,local_pdf,official_web_fallback,official_web_fallback,pdf_text,NULL,NULL,3224,NULL,NULL,https://cgwb.gov.in
goa,north goa,satari,satari,Dhatwado Vante,Dhatwado Vante Station,15.49613,74.09753,2016,8,August,2.8,NULL,Safe,NULL,NULL,NULL,NULL,NULL,NULL,unmatched,0.0,valid,August_WL_1994-2025.pdf,NULL,NULL,local_pdf,official_web_fallback,official_web_fallback,pdf_text,NULL,NULL,3224,NULL,NULL,https://cgwb.gov.in
goa,north goa,satari,satari,Honda,Honda Station,15.54722,74.05079,2016,8,August,2.2,NULL,Safe,NULL,NULL,NULL,NULL,NULL,NULL,unmatched,0.0,valid,August_WL_1994-2025.pdf,NULL,NULL,local_pdf,official_web_fallback,official_web_fallback,pdf_text,NULL,NULL,3225,NULL,NULL,https://cgwb.gov.in
goa,north goa,satari,satari,Khadki(Harijanwada),Khadki(Harijanwada) Station,15.50253,74.13964,2016,8,August,2.9,NULL,Safe,NULL,NULL,NULL,NULL,NULL,NULL,unmatched,0.0,valid,August_WL_1994-2025.pdf,NULL,NULL,local_pdf,official_web_fallback,official_web_fallback,pdf_text,NULL,NULL,3225,NULL,NULL,https://cgwb.gov.in
goa,north goa,satari,satari,Khotodem,Khotodem Station,15.48277,74.13695,2016,8,August,4.6,NULL,Safe,NULL,NULL,NULL,NULL,NULL,NULL,unmatched,0.0,valid,August_WL_1994-2025.pdf,NULL,NULL,local_pdf,official_web_fallback,official_web_fallback,pdf_text,NULL,NULL,3225,NULL,NULL,https://cgwb.gov.in
goa,north goa,satari,satari,Morlem,Morlem Station,15.59397,74.04632,2016,8,August,3.2,NULL,Safe,NULL,NULL,NULL,NULL,NULL,NULL,unmatched,0.0,valid,August_WL_1994-2025.pdf,NULL,NULL,local_pdf,official_web_fallback,official_web_fallback,pdf_text,NULL,NULL,3225,NULL,NULL,https://cgwb.gov.in
goa,north goa,satari,satari,Nagargao,Nagargao Station,15.56158,74.1632,2016,8,August,0.8,NULL,Safe,NULL,NULL,NULL,NULL,NULL,NULL,unmatched,0.0,valid,August_WL_1994-2025.pdf,NULL,NULL,local_pdf,official_web_fallback,official_web_fallback,pdf_text,NULL,NULL,3225,NULL,NULL,https://cgwb.gov.in
goa,north goa,satari,satari,Valpoi,Valpoi Station,15.53301,74.13723,2016,8,August,3.1,NULL,Safe,NULL,NULL,NULL,NULL,NULL,NULL,unmatched,0.0,valid,August_WL_1994-2025.pdf,NULL,NULL,local_pdf,official_web_fallback,official_web_fallback,pdf_text,NULL,NULL,3225,NULL,NULL,https://cgwb.gov.in
goa,north goa,tiswadi,tiswadi,Gavalebhat Chimbel,Gavalebhat Chimbel Station,15.48944,73.8742,2016,8,August,1.0,NULL,Safe,NULL,NULL,NULL,NULL,NULL,NULL,unmatched,0.0,valid,August_WL_1994-2025.pdf,NULL,NULL,local_pdf,official_web_fallback,official_web_fallback,pdf_text,NULL,NULL,3225,NULL,NULL,https://cgwb.gov.in
goa,north goa,tiswadi,tiswadi,Karanjhalen,Karanjhalen Station,15.459,73.80281,2016,8,August,1.7,NULL,Safe,NULL,NULL,NULL,NULL,NULL,NULL,unmatched,0.0,valid,August_WL_1994-2025.pdf,NULL,NULL,local_pdf,official_web_fallback,official_web_fallback,pdf_text,NULL,NULL,3225,NULL,NULL,https://cgwb.gov.in
goa,north goa,tiswadi,tiswadi,Velha Goa,Velha Goa Station,15.4976,73.91901,2016,8,August,0.6,NULL,Safe,NULL,NULL,NULL,NULL,NULL,NULL,unmatched,0.0,valid,August_WL_1994-2025.pdf,NULL,NULL,local_pdf,official_web_fallback,official_web_fallback,pdf_text,NULL,NULL,3225,NULL,NULL,https://cgwb.gov.in
goa,south goa,canacona,canacona,Agonda,Agonda Station,15.04152,73.99121,2016,8,August,1.5,NULL,Safe,NULL,NULL,NULL,NULL,NULL,NULL,unmatched,0.0,valid,August_WL_1994-2025.pdf,NULL,NULL,local_pdf,official_web_fallback,official_web_fallback,pdf_text,NULL,NULL,3225,NULL,NULL,https://cgwb.gov.in
goa,south goa,canacona,canacona,Canacona,Canacona Station,15.00716,74.05233,2016,8,August,1.8,NULL,Safe,NULL,NULL,NULL,NULL,NULL,NULL,unmatched,0.0,valid,August_WL_1994-2025.pdf,NULL,NULL,local_pdf,official_web_fallback,official_web_fallback,pdf_text,NULL,NULL,3225,NULL,NULL,https://cgwb.gov.in
goa,south goa,canacona,canacona,Daptamol Lolien,Daptamol Lolien Station,14.94986,74.05528,2016,8,August,12.5,NULL,Safe,NULL,NULL,NULL,NULL,NULL,NULL,unmatched,0.0,valid,August_WL_1994-2025.pdf,NULL,NULL,local_pdf,official_web_fallback,official_web_fallback,pdf_text,NULL,NULL,3225,NULL,NULL,https://cgwb.gov.in
goa,south goa,canacona,canacona,Gulem Velipwada,Gulem Velipwada Station,15.03918,74.02939,2016,8,August,0.1,NULL,Safe,NULL,NULL,NULL,NULL,NULL,NULL,unmatched,0.0,valid,August_WL_1994-2025.pdf,NULL,NULL,local_pdf,official_web_fallback,official_web_fallback,pdf_text,NULL,NULL,3225,NULL,NULL,https://cgwb.gov.in
goa,south goa,canacona,canacona,Hattipal Poinguinem,Hattipal Poinguinem Station,14.98407,74.10869,2016,8,August,6.0,NULL,Safe,NULL,NULL,NULL,NULL,NULL,NULL,unmatched,0.0,valid,August_WL_1994-2025.pdf,NULL,NULL,local_pdf,official_web_fallback,official_web_fallback,pdf_text,NULL,NULL,3225,NULL,NULL,https://cgwb.gov.in
goa,south goa,canacona,canacona,Mashe,Mashe Station,14.96289,74.05465,2016,8,August,3.1,NULL,Safe,NULL,NULL,NULL,NULL,NULL,NULL,unmatched,0.0,valid,August_WL_1994-2025.pdf,NULL,NULL,local_pdf,official_web_fallback,official_web_fallback,pdf_text,NULL,NULL,3225,NULL,NULL,https://cgwb.gov.in
goa,south goa,canacona,canacona,Poinguinim,Poinguinim Station,14.97528,74.09035,2016,8,August,8.2,NULL,Safe,NULL,NULL,NULL,NULL,NULL,NULL,unmatched,0.0,valid,August_WL_1994-2025.pdf,NULL,NULL,local_pdf,official_web_fallback,official_web_fallback,pdf_text,NULL,NULL,3225,NULL,NULL,https://cgwb.gov.in
goa,south goa,canacona,canacona,Polem,Polem Station,14.91289,74.08455,2016,8,August,1.9,NULL,Safe,NULL,NULL,NULL,NULL,NULL,NULL,unmatched,0.0,valid,August_WL_1994-2025.pdf,NULL,NULL,local_pdf,official_web_fallback,official_web_fallback,pdf_text,NULL,NULL,3225,NULL,NULL,https://cgwb.gov.in
goa,south goa,canacona,canacona,Shrishtal Gaondongar,Shrishtal Gaondongar Station,15.03725,74.11851,2016,8,August,3.8,NULL,Safe,NULL,NULL,NULL,NULL,NULL,NULL,unmatched,0.0,valid,August_WL_1994-2025.pdf,NULL,NULL,local_pdf,official_web_fallback,official_web_fallback,pdf_text,NULL,NULL,3225,NULL,NULL,https://cgwb.gov.in
goa,south goa,canacona,canacona,Sristal,Sristal Station,14.99245,74.10557,2016,8,August,3.1,NULL,Safe,NULL,NULL,NULL,NULL,NULL,NULL,unmatched,0.0,valid,August_WL_1994-2025.pdf,NULL,NULL,local_pdf,official_web_fallback,official_web_fallback,pdf_text,NULL,NULL,3225,NULL,NULL,https://cgwb.gov.in
goa,south goa,canacona,canacona,Yedda,Yedda Station,14.99803,74.19071,2016,8,August,7.6,NULL,Safe,NULL,NULL,NULL,NULL,NULL,NULL,unmatched,0.0,valid,August_WL_1994-2025.pdf,NULL,NULL,local_pdf,official_web_fallback,official_web_fallback,pdf_text,NULL,NULL,3225,NULL,NULL,https://cgwb.gov.in
goa,south goa,dharbandora,dharbandora,Bolkharnem,Bolkharnem Station,15.42964,74.19235,2016,8,August,2.9,NULL,Safe,NULL,NULL,NULL,NULL,NULL,NULL,unmatched,0.0,valid,August_WL_1994-2025.pdf,NULL,NULL,local_pdf,official_web_fallback,official_web_fallback,pdf_text,NULL,NULL,3225,NULL,NULL,https://cgwb.gov.in
goa,south goa,dharbandora,dharbandora,Colem,Colem Station,15.33497,74.24375,2016,8,August,4.4,NULL,Safe,NULL,NULL,NULL,NULL,NULL,NULL,unmatched,0.0,valid,August_WL_1994-2025.pdf,NULL,NULL,local_pdf,official_web_fallback,official_web_fallback,pdf_text,NULL,NULL,3225,NULL,NULL,https://cgwb.gov.in
goa,south goa,dharbandora,dharbandora,Molem,Molem Station,15.37701,74.22971,2016,8,August,1.8,NULL,Safe,NULL,NULL,NULL,NULL,NULL,NULL,unmatched,0.0,valid,August_WL_1994-2025.pdf,NULL,NULL,local_pdf,official_web_fallback,official_web_fallback,pdf_text,NULL,NULL,3225,NULL,NULL,https://cgwb.gov.in
goa,south goa,mormugao,mormugao,Bagmola,Bagmola Station,15.37006,73.83826,2016,8,August,2.5,NULL,Safe,NULL,NULL,NULL,NULL,NULL,NULL,unmatched,0.0,valid,August_WL_1994-2025.pdf,NULL,NULL,local_pdf,official_web_fallback,official_web_fallback,pdf_text,NULL,NULL,3225,NULL,NULL,https://cgwb.gov.in
goa,south goa,mormugao,mormugao,Chicalim (Ct),Chicalim (Ct) Station,15.39818,73.83679,2016,8,August,0.6,NULL,Safe,NULL,NULL,NULL,NULL,NULL,NULL,unmatched,0.0,valid,August_WL_1994-2025.pdf,NULL,NULL,local_pdf,official_web_fallback,official_web_fallback,pdf_text,NULL,NULL,3225,NULL,NULL,https://cgwb.gov.in
goa,south goa,ponda,ponda,Borim (Ct),Borim (Ct) Station,15.35417,74.0016,2016,8,August,1.2,NULL,Safe,NULL,NULL,NULL,NULL,NULL,NULL,unmatched,0.0,valid,August_WL_1994-2025.pdf,NULL,NULL,local_pdf,official_web_fallback,official_web_fallback,pdf_text,NULL,NULL,3225,NULL,NULL,https://cgwb.gov.in
goa,south goa,ponda,ponda,Kapsa,Kapsa Station,15.27344,74.1006,2016,8,August,3.0,NULL,Safe,NULL,NULL,NULL,NULL,NULL,NULL,unmatched,0.0,valid,August_WL_1994-2025.pdf,NULL,NULL,local_pdf,official_web_fallback,official_web_fallback,pdf_text,NULL,NULL,3225,NULL,NULL,https://cgwb.gov.in
goa,south goa,ponda,ponda,Kundel Dassolwada,Kundel Dassolwada Station,15.45287,73.95255,2016,8,August,1.4,NULL,Safe,NULL,NULL,NULL,NULL,NULL,NULL,unmatched,0.0,valid,August_WL_1994-2025.pdf,NULL,NULL,local_pdf,official_web_fallback,official_web_fallback,pdf_text,NULL,NULL,3225,NULL,NULL,https://cgwb.gov.in
goa,south goa,ponda,ponda,Mankem,Mankem Station,15.30549,74.04834,2016,8,August,3.0,NULL,Safe,NULL,NULL,NULL,NULL,NULL,NULL,unmatched,0.0,valid,August_WL_1994-2025.pdf,NULL,NULL,local_pdf,official_web_fallback,official_web_fallback,pdf_text,NULL,NULL,3225,NULL,NULL,https://cgwb.gov.in
goa,south goa,ponda,ponda,Shiroda,Shiroda Station,15.32068,74.03502,2016,8,August,5.5,NULL,Safe,NULL,NULL,NULL,NULL,NULL,NULL,unmatched,0.0,valid,August_WL_1994-2025.pdf,NULL,NULL,local_pdf,official_web_fallback,official_web_fallback,pdf_text,NULL,NULL,3225,NULL,NULL,https://cgwb.gov.in
goa,south goa,quepem,quepem,Ghadiawada,Ghadiawada Station,15.23894,74.11303,2016,8,August,1.0,NULL,Safe,NULL,NULL,NULL,NULL,NULL,NULL,unmatched,0.0,valid,August_WL_1994-2025.pdf,NULL,NULL,local_pdf,official_web_fallback,official_web_fallback,pdf_text,NULL,NULL,3225,NULL,NULL,https://cgwb.gov.in
goa,south goa,quepem,quepem,Malkarnem,Malkarnem Station,15.18693,74.12549,2016,8,August,4.5,NULL,Safe,NULL,NULL,NULL,NULL,NULL,NULL,unmatched,0.0,valid,August_WL_1994-2025.pdf,NULL,NULL,local_pdf,official_web_fallback,official_web_fallback,pdf_text,NULL,NULL,3225,NULL,NULL,https://cgwb.gov.in
goa,south goa,quepem,quepem,Padi,Padi Station,15.09291,74.0306,2016,8,August,5.8,NULL,Safe,NULL,NULL,NULL,NULL,NULL,NULL,unmatched,0.0,valid,August_WL_1994-2025.pdf,NULL,NULL,local_pdf,official_web_fallback,official_web_fallback,pdf_text,NULL,NULL,3225,NULL,NULL,https://cgwb.gov.in
goa,south goa,quepem,quepem,Quepem,Quepem Station,15.21751,74.08075,2016,8,August,1.6,NULL,Safe,NULL,NULL,NULL,NULL,NULL,NULL,unmatched,0.0,valid,August_WL_1994-2025.pdf,NULL,NULL,local_pdf,official_web_fallback,official_web_fallback,pdf_text,NULL,NULL,3225,NULL,NULL,https://cgwb.gov.in
goa,south goa,salcete,salcete,Akamol Ambavalli,Akamol Ambavalli Station,15.19028,74.00016,2016,8,August,2.7,NULL,Safe,NULL,NULL,NULL,NULL,NULL,NULL,unmatched,0.0,valid,August_WL_1994-2025.pdf,NULL,NULL,local_pdf,official_web_fallback,official_web_fallback,pdf_text,NULL,NULL,3225,NULL,NULL,https://cgwb.gov.in
goa,south goa,salcete,salcete,Ballynuvhen,Ballynuvhen Station,15.31651,73.94542,2016,8,August,5.0,NULL,Safe,NULL,NULL,NULL,NULL,NULL,NULL,unmatched,0.0,valid,August_WL_1994-2025.pdf,NULL,NULL,local_pdf,official_web_fallback,official_web_fallback,pdf_text,NULL,NULL,3225,NULL,NULL,https://cgwb.gov.in
goa,south goa,salcete,salcete,Betalbhatti,Betalbhatti Station,15.30071,73.92006,2016,8,August,2.4,NULL,Safe,NULL,NULL,NULL,NULL,NULL,NULL,unmatched,0.0,valid,August_WL_1994-2025.pdf,NULL,NULL,local_pdf,official_web_fallback,official_web_fallback,pdf_text,NULL,NULL,3225,NULL,NULL,https://cgwb.gov.in
goa,south goa,salcete,salcete,Cuncolim,Cuncolim Station,15.18013,74.00004,2016,8,August,1.2,NULL,Safe,NULL,NULL,NULL,NULL,NULL,NULL,unmatched,0.0,valid,August_WL_1994-2025.pdf,NULL,NULL,local_pdf,official_web_fallback,official_web_fallback,pdf_text,NULL,NULL,3225,NULL,NULL,https://cgwb.gov.in
goa,south goa,salcete,salcete,Kaveslium,Kaveslium Station,15.18555,73.94721,2016,8,August,1.5,NULL,Safe,NULL,NULL,NULL,NULL,NULL,NULL,unmatched,0.0,valid,August_WL_1994-2025.pdf,NULL,NULL,local_pdf,official_web_fallback,official_web_fallback,pdf_text,NULL,NULL,3225,NULL,NULL,https://cgwb.gov.in
goa,south goa,salcete,salcete,Majorda Bpada Curilo,Majorda Bpada Curilo Station,15.32117,73.91711,2016,8,August,2.0,NULL,Safe,NULL,NULL,NULL,NULL,NULL,NULL,unmatched,0.0,valid,August_WL_1994-2025.pdf,NULL,NULL,local_pdf,official_web_fallback,official_web_fallback,pdf_text,NULL,NULL,3225,NULL,NULL,https://cgwb.gov.in
goa,south goa,salcete,salcete,Navelim (Ct),Navelim (Ct) Station,15.25444,73.96722,2016,8,August,1.6,NULL,Safe,NULL,NULL,NULL,NULL,NULL,NULL,unmatched,0.0,valid,August_WL_1994-2025.pdf,NULL,NULL,local_pdf,official_web_fallback,official_web_fallback,pdf_text,NULL,NULL,3225,NULL,NULL,https://cgwb.gov.in
goa,south goa,salcete,salcete,Panchwadi,Panchwadi Station,15.2836,74.09517,2016,8,August,4.4,NULL,Safe,NULL,NULL,NULL,NULL,NULL,NULL,unmatched,0.0,valid,August_WL_1994-2025.pdf,NULL,NULL,local_pdf,official_web_fallback,official_web_fallback,pdf_text,NULL,NULL,3226,NULL,NULL,https://cgwb.gov.in
goa,south goa,sanguem,sanguem,Bati,Bati Station,15.13176,74.22645,2016,8,August,2.1,NULL,Safe,NULL,NULL,NULL,NULL,NULL,NULL,unmatched,0.0,valid,August_WL_1994-2025.pdf,NULL,NULL,local_pdf,official_web_fallback,official_web_fallback,pdf_text,NULL,NULL,3226,NULL,NULL,https://cgwb.gov.in
goa,south goa,sanguem,sanguem,Deulwada Kolamba,Deulwada Kolamba Station,15.15021,74.13099,2016,8,August,1.9,NULL,Safe,NULL,NULL,NULL,NULL,NULL,NULL,unmatched,0.0,valid,August_WL_1994-2025.pdf,NULL,NULL,local_pdf,official_web_fallback,official_web_fallback,pdf_text,NULL,NULL,3226,NULL,NULL,https://cgwb.gov.in
goa,south goa,sanguem,sanguem,Guddemal,Guddemal Station,15.28545,74.12969,2016,8,August,7.2,NULL,Safe,NULL,NULL,NULL,NULL,NULL,NULL,unmatched,0.0,valid,August_WL_1994-2025.pdf,NULL,NULL,local_pdf,official_web_fallback,official_web_fallback,pdf_text,NULL,NULL,3226,NULL,NULL,https://cgwb.gov.in
goa,south goa,sanguem,sanguem,Jambavli,Jambavli Station,15.18658,74.09529,2016,8,August,7.6,NULL,Safe,NULL,NULL,NULL,NULL,NULL,NULL,unmatched,0.0,valid,August_WL_1994-2025.pdf,NULL,NULL,local_pdf,official_web_fallback,official_web_fallback,pdf_text,NULL,NULL,3226,NULL,NULL,https://cgwb.gov.in
goa,south goa,sanguem,sanguem,Kalay,Kalay Station,15.2885,74.18007,2016,8,August,9.6,NULL,Safe,NULL,NULL,NULL,NULL,NULL,NULL,unmatched,0.0,valid,August_WL_1994-2025.pdf,NULL,NULL,local_pdf,official_web_fallback,official_web_fallback,pdf_text,NULL,NULL,3226,NULL,NULL,https://cgwb.gov.in
goa,south goa,sanguem,sanguem,Rivona,Rivona Station,15.16415,74.10671,2016,8,August,5.6,NULL,Safe,NULL,NULL,NULL,NULL,NULL,NULL,unmatched,0.0,valid,August_WL_1994-2025.pdf,NULL,NULL,local_pdf,official_web_fallback,official_web_fallback,pdf_text,NULL,NULL,3226,NULL,NULL,https://cgwb.gov.in
goa,south goa,sanguem,sanguem,Themchewada,Themchewada Station,15.21958,74.15752,2016,8,August,5.1,NULL,Safe,NULL,NULL,NULL,NULL,NULL,NULL,unmatched,0.0,valid,August_WL_1994-2025.pdf,NULL,NULL,local_pdf,official_web_fallback,official_web_fallback,pdf_text,NULL,NULL,3226,NULL,NULL,https://cgwb.gov.in
goa,south goa,sanguem,sanguem,Vadam,Vadam Station,15.13063,74.20754,2016,8,August,3.6,NULL,Safe,NULL,NULL,NULL,NULL,NULL,NULL,unmatched,0.0,valid,August_WL_1994-2025.pdf,NULL,NULL,local_pdf,official_web_fallback,official_web_fallback,pdf_text,NULL,NULL,3226,NULL,NULL,https://cgwb.gov.in
goa,south goa,sanguem,sanguem,Vichundrem,Vichundrem Station,15.10364,74.20318,2016,8,August,1.6,NULL,Safe,NULL,NULL,NULL,NULL,NULL,NULL,unmatched,0.0,valid,August_WL_1994-2025.pdf,NULL,NULL,local_pdf,official_web_fallback,official_web_fallback,pdf_text,NULL,NULL,3226,NULL,NULL,https://cgwb.gov.in
goa,north goa,bardez,bardez,Alto Betim Porvorim,Alto Betim Porvorim Station,15.52605,73.82982,2015,8,August,6.0,NULL,Safe,NULL,NULL,NULL,NULL,NULL,NULL,unmatched,0.0,valid,August_WL_1994-2025.pdf,NULL,NULL,local_pdf,official_web_fallback,official_web_fallback,pdf_text,NULL,NULL,3592,NULL,NULL,https://cgwb.gov.in
goa,north goa,bardez,bardez,Amberem,Amberem Station,15.74045,73.82449,2015,8,August,6.9,NULL,Safe,NULL,NULL,NULL,NULL,NULL,NULL,unmatched,0.0,valid,August_WL_1994-2025.pdf,NULL,NULL,local_pdf,official_web_fallback,official_web_fallback,pdf_text,NULL,NULL,3592,NULL,NULL,https://cgwb.gov.in
goa,north goa,bardez,bardez,Anjuna (Ct),Anjuna (Ct) Station,15.5842,73.73828,2015,8,August,7.5,NULL,Safe,NULL,NULL,NULL,NULL,NULL,NULL,unmatched,0.0,valid,August_WL_1994-2025.pdf,NULL,NULL,local_pdf,official_web_fallback,official_web_fallback,pdf_text,NULL,NULL,3592,NULL,NULL,https://cgwb.gov.in
goa,north goa,bardez,bardez,Bastora,Bastora Station,15.51596,73.83858,2015,8,August,1.5,NULL,Safe,NULL,NULL,NULL,NULL,NULL,NULL,unmatched,0.0,valid,August_WL_1994-2025.pdf,NULL,NULL,local_pdf,official_web_fallback,official_web_fallback,pdf_text,NULL,NULL,3592,NULL,NULL,https://cgwb.gov.in
goa,north goa,bardez,bardez,Calangute (Ct),Calangute (Ct) Station,15.54612,73.75861,2015,8,August,4.2,NULL,Safe,NULL,NULL,NULL,NULL,NULL,NULL,unmatched,0.0,valid,August_WL_1994-2025.pdf,NULL,NULL,local_pdf,official_web_fallback,official_web_fallback,pdf_text,NULL,NULL,3592,NULL,NULL,https://cgwb.gov.in
goa,north goa,bardez,bardez,Colvale (Ct),Colvale (Ct) Station,15.64402,73.83727,2015,8,August,9.5,NULL,Safe,NULL,NULL,NULL,NULL,NULL,NULL,unmatched,0.0,valid,August_WL_1994-2025.pdf,NULL,NULL,local_pdf,official_web_fallback,official_web_fallback,pdf_text,NULL,NULL,3592,NULL,NULL,https://cgwb.gov.in
goa,north goa,bardez,bardez,Mapuca,Mapuca Station,15.61013,73.82434,2015,8,August,3.0,NULL,Safe,NULL,NULL,NULL,NULL,NULL,NULL,unmatched,0.0,valid,August_WL_1994-2025.pdf,NULL,NULL,local_pdf,official_web_fallback,official_web_fallback,pdf_text,NULL,NULL,3592,NULL,NULL,https://cgwb.gov.in
goa,north goa,bardez,bardez,Olaulim,Olaulim Station,15.56958,73.86345,2015,8,August,1.4,NULL,Safe,NULL,NULL,NULL,NULL,NULL,NULL,unmatched,0.0,valid,August_WL_1994-2025.pdf,NULL,NULL,local_pdf,official_web_fallback,official_web_fallback,pdf_text,NULL,NULL,3592,NULL,NULL,https://cgwb.gov.in
goa,north goa,bardez,bardez,Parra,Parra Station,15.57282,73.79279,2015,8,August,1.0,NULL,Safe,NULL,NULL,NULL,NULL,NULL,NULL,unmatched,0.0,valid,August_WL_1994-2025.pdf,NULL,NULL,local_pdf,official_web_fallback,official_web_fallback,pdf_text,NULL,NULL,3592,NULL,NULL,https://cgwb.gov.in
goa,north goa,bardez,bardez,Pirna,Pirna Station,15.66884,73.8818,2015,8,August,1.5,NULL,Safe,NULL,NULL,NULL,NULL,NULL,NULL,unmatched,0.0,valid,August_WL_1994-2025.pdf,NULL,NULL,local_pdf,official_web_fallback,official_web_fallback,pdf_text,NULL,NULL,3592,NULL,NULL,https://cgwb.gov.in
goa,north goa,bardez,bardez,Pomburpa,Pomburpa Station,15.55926,73.86761,2015,8,August,2.6,NULL,Safe,NULL,NULL,NULL,NULL,NULL,NULL,unmatched,0.0,valid,August_WL_1994-2025.pdf,NULL,NULL,local_pdf,official_web_fallback,official_web_fallback,pdf_text,NULL,NULL,3592,NULL,NULL,https://cgwb.gov.in
goa,north goa,bardez,bardez,Salvador-Do-Mundo (Ct),Salvador-Do-Mundo (Ct) Station,15.5376,73.86869,2015,8,August,3.6,NULL,Safe,NULL,NULL,NULL,NULL,NULL,NULL,unmatched,0.0,valid,August_WL_1994-2025.pdf,NULL,NULL,local_pdf,official_web_fallback,official_web_fallback,pdf_text,NULL,NULL,3592,NULL,NULL,https://cgwb.gov.in
goa,north goa,bardez,bardez,Shivoli Brahmanwada,Shivoli Brahmanwada Station,15.62358,73.76681,2015,8,August,0.9,NULL,Safe,NULL,NULL,NULL,NULL,NULL,NULL,unmatched,0.0,valid,August_WL_1994-2025.pdf,NULL,NULL,local_pdf,official_web_fallback,official_web_fallback,pdf_text,NULL,NULL,3592,NULL,NULL,https://cgwb.gov.in
goa,north goa,bardez,bardez,Sircaim,Sircaim Station,15.62689,73.87588,2015,8,August,2.2,NULL,Safe,NULL,NULL,NULL,NULL,NULL,NULL,unmatched,0.0,valid,August_WL_1994-2025.pdf,NULL,NULL,local_pdf,official_web_fallback,official_web_fallback,pdf_text,NULL,NULL,3592,NULL,NULL,https://cgwb.gov.in
goa,north goa,bicholim,bicholim,Adwalpale,Adwalpale Station,15.63986,73.89602,2015,8,August,5.1,NULL,Safe,NULL,NULL,NULL,NULL,NULL,NULL,unmatched,0.0,valid,August_WL_1994-2025.pdf,NULL,NULL,local_pdf,official_web_fallback,official_web_fallback,pdf_text,NULL,NULL,3592,NULL,NULL,https://cgwb.gov.in
goa,north goa,bicholim,bicholim,Devulawada Narve,Devulawada Narve Station,15.55205,73.92413,2015,8,August,14.4,NULL,Safe,NULL,NULL,NULL,NULL,NULL,NULL,unmatched,0.0,valid,August_WL_1994-2025.pdf,NULL,NULL,local_pdf,official_web_fallback,official_web_fallback,pdf_text,NULL,NULL,3592,NULL,NULL,https://cgwb.gov.in
goa,north goa,bicholim,bicholim,Jambhul Batt,Jambhul Batt Station,15.58041,73.92604,2015,8,August,1.2,NULL,Safe,NULL,NULL,NULL,NULL,NULL,NULL,unmatched,0.0,valid,August_WL_1994-2025.pdf,NULL,NULL,local_pdf,official_web_fallback,official_web_fallback,pdf_text,NULL,NULL,3592,NULL,NULL,https://cgwb.gov.in
goa,north goa,bicholim,bicholim,Mulgao,Mulgao Station,15.61711,73.92075,2015,8,August,2.5,NULL,Safe,NULL,NULL,NULL,NULL,NULL,NULL,unmatched,0.0,valid,August_WL_1994-2025.pdf,NULL,NULL,local_pdf,official_web_fallback,official_web_fallback,pdf_text,NULL,NULL,3592,NULL,NULL,https://cgwb.gov.in
goa,north goa,bicholim,bicholim,Salem,Salem Station,15.68771,73.92681,2015,8,August,2.3,NULL,Safe,NULL,NULL,NULL,NULL,NULL,NULL,unmatched,0.0,valid,August_WL_1994-2025.pdf,NULL,NULL,local_pdf,official_web_fallback,official_web_fallback,pdf_text,NULL,NULL,3592,NULL,NULL,https://cgwb.gov.in
goa,north goa,pernem,pernem,Corgao,Corgao Station,15.70939,73.75176,2015,8,August,3.7,NULL,Safe,NULL,NULL,NULL,NULL,NULL,NULL,unmatched,0.0,valid,August_WL_1994-2025.pdf,NULL,NULL,local_pdf,official_web_fallback,official_web_fallback,pdf_text,NULL,NULL,3592,NULL,NULL,https://cgwb.gov.in
goa,north goa,pernem,pernem,Hasaravanni Vaipal,Hasaravanni Vaipal Station,15.73251,73.89959,2015,8,August,2.4,NULL,Safe,NULL,NULL,NULL,NULL,NULL,NULL,unmatched,0.0,valid,August_WL_1994-2025.pdf,NULL,NULL,local_pdf,official_web_fallback,official_web_fallback,pdf_text,NULL,NULL,3592,NULL,NULL,https://cgwb.gov.in
goa,north goa,pernem,pernem,Haspur,Haspur Station,15.73698,73.90359,2015,8,August,3.7,NULL,Safe,NULL,NULL,NULL,NULL,NULL,NULL,unmatched,0.0,valid,August_WL_1994-2025.pdf,NULL,NULL,local_pdf,official_web_fallback,official_web_fallback,pdf_text,NULL,NULL,3592,NULL,NULL,https://cgwb.gov.in
goa,north goa,pernem,pernem,Morji,Morji Station,15.63598,73.73963,2015,8,August,0.1,NULL,Safe,NULL,NULL,NULL,NULL,NULL,NULL,unmatched,0.0,valid,August_WL_1994-2025.pdf,NULL,NULL,local_pdf,official_web_fallback,official_web_fallback,pdf_text,NULL,NULL,3592,NULL,NULL,https://cgwb.gov.in
goa,north goa,pernem,pernem,Nagjhar,Nagjhar Station,15.70843,73.85289,2015,8,August,7.5,NULL,Safe,NULL,NULL,NULL,NULL,NULL,NULL,unmatched,0.0,valid,August_WL_1994-2025.pdf,NULL,NULL,local_pdf,official_web_fallback,official_web_fallback,pdf_text,NULL,NULL,3592,NULL,NULL,https://cgwb.gov.in
goa,north goa,pernem,pernem,Pernem,Pernem Station,15.7176,73.79806,2015,8,August,3.0,NULL,Safe,NULL,NULL,NULL,NULL,NULL,NULL,unmatched,0.0,valid,August_WL_1994-2025.pdf,NULL,NULL,local_pdf,official_web_fallback,official_web_fallback,pdf_text,NULL,NULL,3592,NULL,NULL,https://cgwb.gov.in
goa,north goa,pernem,pernem,Sawanthawada,Sawanthawada Station,15.68082,73.75108,2015,8,August,1.0,NULL,Safe,NULL,NULL,NULL,NULL,NULL,NULL,unmatched,0.0,valid,August_WL_1994-2025.pdf,NULL,NULL,local_pdf,official_web_fallback,official_web_fallback,pdf_text,NULL,NULL,3592,NULL,NULL,https://cgwb.gov.in
goa,north goa,pernem,pernem,Varconda,Varconda Station,15.75465,73.83533,2015,8,August,3.3,NULL,Safe,NULL,NULL,NULL,NULL,NULL,NULL,unmatched,0.0,valid,August_WL_1994-2025.pdf,NULL,NULL,local_pdf,official_web_fallback,official_web_fallback,pdf_text,NULL,NULL,3592,NULL,NULL,https://cgwb.gov.in
goa,north goa,satari,satari,Bayalwadikeri,Bayalwadikeri Station,15.61128,74.067,2015,8,August,1.6,NULL,Safe,NULL,NULL,NULL,NULL,NULL,NULL,unmatched,0.0,valid,August_WL_1994-2025.pdf,NULL,NULL,local_pdf,official_web_fallback,official_web_fallback,pdf_text,NULL,NULL,3592,NULL,NULL,https://cgwb.gov.in
goa,north goa,satari,satari,Bhamber Nanoda Cross,Bhamber Nanoda Cross Station,15.58778,74.19123,2015,8,August,3.5,NULL,Safe,NULL,NULL,NULL,NULL,NULL,NULL,unmatched,0.0,valid,August_WL_1994-2025.pdf,NULL,NULL,local_pdf,official_web_fallback,official_web_fallback,pdf_text,NULL,NULL,3592,NULL,NULL,https://cgwb.gov.in
goa,north goa,satari,satari,Buimpal,Buimpal Station,15.53936,74.08822,2015,8,August,1.2,NULL,Safe,NULL,NULL,NULL,NULL,NULL,NULL,unmatched,0.0,valid,August_WL_1994-2025.pdf,NULL,NULL,local_pdf,official_web_fallback,official_web_fallback,pdf_text,NULL,NULL,3592,NULL,NULL,https://cgwb.gov.in
goa,north goa,satari,satari,Dhatwado Vante,Dhatwado Vante Station,15.49613,74.09753,2015,8,August,7.4,NULL,Safe,NULL,NULL,NULL,NULL,NULL,NULL,unmatched,0.0,valid,August_WL_1994-2025.pdf,NULL,NULL,local_pdf,official_web_fallback,official_web_fallback,pdf_text,NULL,NULL,3592,NULL,NULL,https://cgwb.gov.in
goa,north goa,satari,satari,Honda,Honda Station,15.54722,74.05079,2015,8,August,2.3,NULL,Safe,NULL,NULL,NULL,NULL,NULL,NULL,unmatched,0.0,valid,August_WL_1994-2025.pdf,NULL,NULL,local_pdf,official_web_fallback,official_web_fallback,pdf_text,NULL,NULL,3592,NULL,NULL,https://cgwb.gov.in
goa,north goa,satari,satari,Khadki(Harijanwada),Khadki(Harijanwada) Station,15.50253,74.13964,2015,8,August,5.2,NULL,Safe,NULL,NULL,NULL,NULL,NULL,NULL,unmatched,0.0,valid,August_WL_1994-2025.pdf,NULL,NULL,local_pdf,official_web_fallback,official_web_fallback,pdf_text,NULL,NULL,3592,NULL,NULL,https://cgwb.gov.in
goa,north goa,satari,satari,Khotodem,Khotodem Station,15.48277,74.13695,2015,8,August,4.7,NULL,Safe,NULL,NULL,NULL,NULL,NULL,NULL,unmatched,0.0,valid,August_WL_1994-2025.pdf,NULL,NULL,local_pdf,official_web_fallback,official_web_fallback,pdf_text,NULL,NULL,3592,NULL,NULL,https://cgwb.gov.in
goa,north goa,satari,satari,Morlem,Morlem Station,15.59397,74.04632,2015,8,August,3.4,NULL,Safe,NULL,NULL,NULL,NULL,NULL,NULL,unmatched,0.0,valid,August_WL_1994-2025.pdf,NULL,NULL,local_pdf,official_web_fallback,official_web_fallback,pdf_text,NULL,NULL,3592,NULL,NULL,https://cgwb.gov.in
goa,north goa,satari,satari,Nagargao,Nagargao Station,15.56158,74.1632,2015,8,August,1.5,NULL,Safe,NULL,NULL,NULL,NULL,NULL,NULL,unmatched,0.0,valid,August_WL_1994-2025.pdf,NULL,NULL,local_pdf,official_web_fallback,official_web_fallback,pdf_text,NULL,NULL,3592,NULL,NULL,https://cgwb.gov.in
goa,north goa,satari,satari,Valpoi,Valpoi Station,15.53301,74.13723,2015,8,August,4.0,NULL,Safe,NULL,NULL,NULL,NULL,NULL,NULL,unmatched,0.0,valid,August_WL_1994-2025.pdf,NULL,NULL,local_pdf,official_web_fallback,official_web_fallback,pdf_text,NULL,NULL,3592,NULL,NULL,https://cgwb.gov.in
goa,north goa,tiswadi,tiswadi,Gavalebhat Chimbel,Gavalebhat Chimbel Station,15.48944,73.8742,2015,8,August,1.2,NULL,Safe,NULL,NULL,NULL,NULL,NULL,NULL,unmatched,0.0,valid,August_WL_1994-2025.pdf,NULL,NULL,local_pdf,official_web_fallback,official_web_fallback,pdf_text,NULL,NULL,3592,NULL,NULL,https://cgwb.gov.in
goa,north goa,tiswadi,tiswadi,Karanjhalen,Karanjhalen Station,15.459,73.80281,2015,8,August,1.7,NULL,Safe,NULL,NULL,NULL,NULL,NULL,NULL,unmatched,0.0,valid,August_WL_1994-2025.pdf,NULL,NULL,local_pdf,official_web_fallback,official_web_fallback,pdf_text,NULL,NULL,3592,NULL,NULL,https://cgwb.gov.in
goa,north goa,tiswadi,tiswadi,Velha Goa,Velha Goa Station,15.4976,73.91901,2015,8,August,1.7,NULL,Safe,NULL,NULL,NULL,NULL,NULL,NULL,unmatched,0.0,valid,August_WL_1994-2025.pdf,NULL,NULL,local_pdf,official_web_fallback,official_web_fallback,pdf_text,NULL,NULL,3593,NULL,NULL,https://cgwb.gov.in
goa,south goa,canacona,canacona,Agonda,Agonda Station,15.04152,73.99121,2015,8,August,2.5,NULL,Safe,NULL,NULL,NULL,NULL,NULL,NULL,unmatched,0.0,valid,August_WL_1994-2025.pdf,NULL,NULL,local_pdf,official_web_fallback,official_web_fallback,pdf_text,NULL,NULL,3593,NULL,NULL,https://cgwb.gov.in
goa,south goa,canacona,canacona,Canacona,Canacona Station,15.00716,74.05233,2015,8,August,1.9,NULL,Safe,NULL,NULL,NULL,NULL,NULL,NULL,unmatched,0.0,valid,August_WL_1994-2025.pdf,NULL,NULL,local_pdf,official_web_fallback,official_web_fallback,pdf_text,NULL,NULL,3593,NULL,NULL,https://cgwb.gov.in
goa,south goa,canacona,canacona,Daptamol Lolien,Daptamol Lolien Station,14.94986,74.05528,2015,8,August,14.2,NULL,Safe,NULL,NULL,NULL,NULL,NULL,NULL,unmatched,0.0,valid,August_WL_1994-2025.pdf,NULL,NULL,local_pdf,official_web_fallback,official_web_fallback,pdf_text,NULL,NULL,3593,NULL,NULL,https://cgwb.gov.in
goa,south goa,canacona,canacona,Gulem Velipwada,Gulem Velipwada Station,15.03918,74.02939,2015,8,August,0.3,NULL,Safe,NULL,NULL,NULL,NULL,NULL,NULL,unmatched,0.0,valid,August_WL_1994-2025.pdf,NULL,NULL,local_pdf,official_web_fallback,official_web_fallback,pdf_text,NULL,NULL,3593,NULL,NULL,https://cgwb.gov.in
goa,south goa,canacona,canacona,Hattipal Poinguinem,Hattipal Poinguinem Station,14.98407,74.10869,2015,8,August,6.2,NULL,Safe,NULL,NULL,NULL,NULL,NULL,NULL,unmatched,0.0,valid,August_WL_1994-2025.pdf,NULL,NULL,local_pdf,official_web_fallback,official_web_fallback,pdf_text,NULL,NULL,3593,NULL,NULL,https://cgwb.gov.in
goa,south goa,canacona,canacona,Mashe,Mashe Station,14.96289,74.05465,2015,8,August,3.2,NULL,Safe,NULL,NULL,NULL,NULL,NULL,NULL,unmatched,0.0,valid,August_WL_1994-2025.pdf,NULL,NULL,local_pdf,official_web_fallback,official_web_fallback,pdf_text,NULL,NULL,3593,NULL,NULL,https://cgwb.gov.in
goa,south goa,canacona,canacona,Polem,Polem Station,14.91289,74.08455,2015,8,August,3.0,NULL,Safe,NULL,NULL,NULL,NULL,NULL,NULL,unmatched,0.0,valid,August_WL_1994-2025.pdf,NULL,NULL,local_pdf,official_web_fallback,official_web_fallback,pdf_text,NULL,NULL,3593,NULL,NULL,https://cgwb.gov.in
goa,south goa,canacona,canacona,Shrishtal Gaondongar,Shrishtal Gaondongar Station,15.03725,74.11851,2015,8,August,3.7,NULL,Safe,NULL,NULL,NULL,NULL,NULL,NULL,unmatched,0.0,valid,August_WL_1994-2025.pdf,NULL,NULL,local_pdf,official_web_fallback,official_web_fallback,pdf_text,NULL,NULL,3593,NULL,NULL,https://cgwb.gov.in
goa,south goa,canacona,canacona,Sristal,Sristal Station,14.99245,74.10557,2015,8,August,10.0,NULL,Safe,NULL,NULL,NULL,NULL,NULL,NULL,unmatched,0.0,valid,August_WL_1994-2025.pdf,NULL,NULL,local_pdf,official_web_fallback,official_web_fallback,pdf_text,NULL,NULL,3593,NULL,NULL,https://cgwb.gov.in
goa,south goa,canacona,canacona,Yedda,Yedda Station,14.99803,74.19071,2015,8,August,0.3,NULL,Safe,NULL,NULL,NULL,NULL,NULL,NULL,unmatched,0.0,valid,August_WL_1994-2025.pdf,NULL,NULL,local_pdf,official_web_fallback,official_web_fallback,pdf_text,NULL,NULL,3593,NULL,NULL,https://cgwb.gov.in
goa,south goa,dharbandora,dharbandora,Bolkharnem,Bolkharnem Station,15.42964,74.19235,2015,8,August,4.8,NULL,Safe,NULL,NULL,NULL,NULL,NULL,NULL,unmatched,0.0,valid,August_WL_1994-2025.pdf,NULL,NULL,local_pdf,official_web_fallback,official_web_fallback,pdf_text,NULL,NULL,3593,NULL,NULL,https://cgwb.gov.in
goa,south goa,dharbandora,dharbandora,Colem,Colem Station,15.33497,74.24375,2015,8,August,5.5,NULL,Safe,NULL,NULL,NULL,NULL,NULL,NULL,unmatched,0.0,valid,August_WL_1994-2025.pdf,NULL,NULL,local_pdf,official_web_fallback,official_web_fallback,pdf_text,NULL,NULL,3593,NULL,NULL,https://cgwb.gov.in
goa,south goa,dharbandora,dharbandora,Molem,Molem Station,15.37701,74.22971,2015,8,August,3.3,NULL,Safe,NULL,NULL,NULL,NULL,NULL,NULL,unmatched,0.0,valid,August_WL_1994-2025.pdf,NULL,NULL,local_pdf,official_web_fallback,official_web_fallback,pdf_text,NULL,NULL,3593,NULL,NULL,https://cgwb.gov.in
goa,south goa,mormugao,mormugao,Bagmola,Bagmola Station,15.37006,73.83826,2015,8,August,2.4,NULL,Safe,NULL,NULL,NULL,NULL,NULL,NULL,unmatched,0.0,valid,August_WL_1994-2025.pdf,NULL,NULL,local_pdf,official_web_fallback,official_web_fallback,pdf_text,NULL,NULL,3593,NULL,NULL,https://cgwb.gov.in
goa,south goa,mormugao,mormugao,Chicalim (Ct),Chicalim (Ct) Station,15.39818,73.83679,2015,8,August,0.5,NULL,Safe,NULL,NULL,NULL,NULL,NULL,NULL,unmatched,0.0,valid,August_WL_1994-2025.pdf,NULL,NULL,local_pdf,official_web_fallback,official_web_fallback,pdf_text,NULL,NULL,3593,NULL,NULL,https://cgwb.gov.in
goa,south goa,ponda,ponda,Borim (Ct),Borim (Ct) Station,15.35417,74.0016,2015,8,August,1.0,NULL,Safe,NULL,NULL,NULL,NULL,NULL,NULL,unmatched,0.0,valid,August_WL_1994-2025.pdf,NULL,NULL,local_pdf,official_web_fallback,official_web_fallback,pdf_text,NULL,NULL,3593,NULL,NULL,https://cgwb.gov.in
goa,south goa,ponda,ponda,Kapsa,Kapsa Station,15.27344,74.1006,2015,8,August,3.2,NULL,Safe,NULL,NULL,NULL,NULL,NULL,NULL,unmatched,0.0,valid,August_WL_1994-2025.pdf,NULL,NULL,local_pdf,official_web_fallback,official_web_fallback,pdf_text,NULL,NULL,3593,NULL,NULL,https://cgwb.gov.in
goa,south goa,ponda,ponda,Kundel Dassolwada,Kundel Dassolwada Station,15.45287,73.95255,2015,8,August,1.5,NULL,Safe,NULL,NULL,NULL,NULL,NULL,NULL,unmatched,0.0,valid,August_WL_1994-2025.pdf,NULL,NULL,local_pdf,official_web_fallback,official_web_fallback,pdf_text,NULL,NULL,3593,NULL,NULL,https://cgwb.gov.in
goa,south goa,ponda,ponda,Mankem,Mankem Station,15.30549,74.04834,2015,8,August,2.7,NULL,Safe,NULL,NULL,NULL,NULL,NULL,NULL,unmatched,0.0,valid,August_WL_1994-2025.pdf,NULL,NULL,local_pdf,official_web_fallback,official_web_fallback,pdf_text,NULL,NULL,3593,NULL,NULL,https://cgwb.gov.in
goa,south goa,ponda,ponda,Shiroda,Shiroda Station,15.32068,74.03502,2015,8,August,5.3,NULL,Safe,NULL,NULL,NULL,NULL,NULL,NULL,unmatched,0.0,valid,August_WL_1994-2025.pdf,NULL,NULL,local_pdf,official_web_fallback,official_web_fallback,pdf_text,NULL,NULL,3593,NULL,NULL,https://cgwb.gov.in
goa,south goa,quepem,quepem,Ghadiawada,Ghadiawada Station,15.23894,74.11303,2015,8,August,0.9,NULL,Safe,NULL,NULL,NULL,NULL,NULL,NULL,unmatched,0.0,valid,August_WL_1994-2025.pdf,NULL,NULL,local_pdf,official_web_fallback,official_web_fallback,pdf_text,NULL,NULL,3593,NULL,NULL,https://cgwb.gov.in
goa,south goa,quepem,quepem,Malkarnem,Malkarnem Station,15.18693,74.12549,2015,8,August,8.5,NULL,Safe,NULL,NULL,NULL,NULL,NULL,NULL,unmatched,0.0,valid,August_WL_1994-2025.pdf,NULL,NULL,local_pdf,official_web_fallback,official_web_fallback,pdf_text,NULL,NULL,3593,NULL,NULL,https://cgwb.gov.in
goa,south goa,quepem,quepem,Padi,Padi Station,15.09291,74.0306,2015,8,August,5.7,NULL,Safe,NULL,NULL,NULL,NULL,NULL,NULL,unmatched,0.0,valid,August_WL_1994-2025.pdf,NULL,NULL,local_pdf,official_web_fallback,official_web_fallback,pdf_text,NULL,NULL,3593,NULL,NULL,https://cgwb.gov.in
goa,south goa,salcete,salcete,Akamol Ambavalli,Akamol Ambavalli Station,15.19028,74.00016,2015,8,August,3.4,NULL,Safe,NULL,NULL,NULL,NULL,NULL,NULL,unmatched,0.0,valid,August_WL_1994-2025.pdf,NULL,NULL,local_pdf,official_web_fallback,official_web_fallback,pdf_text,NULL,NULL,3593,NULL,NULL,https://cgwb.gov.in
goa,south goa,salcete,salcete,Ballynuvhen,Ballynuvhen Station,15.31651,73.94542,2015,8,August,5.0,NULL,Safe,NULL,NULL,NULL,NULL,NULL,NULL,unmatched,0.0,valid,August_WL_1994-2025.pdf,NULL,NULL,local_pdf,official_web_fallback,official_web_fallback,pdf_text,NULL,NULL,3593,NULL,NULL,https://cgwb.gov.in
goa,south goa,salcete,salcete,Betalbhatti,Betalbhatti Station,15.30071,73.92006,2015,8,August,2.3,NULL,Safe,NULL,NULL,NULL,NULL,NULL,NULL,unmatched,0.0,valid,August_WL_1994-2025.pdf,NULL,NULL,local_pdf,official_web_fallback,official_web_fallback,pdf_text,NULL,NULL,3593,NULL,NULL,https://cgwb.gov.in
goa,south goa,salcete,salcete,Cuncolim,Cuncolim Station,15.18013,74.00004,2015,8,August,1.2,NULL,Safe,NULL,NULL,NULL,NULL,NULL,NULL,unmatched,0.0,valid,August_WL_1994-2025.pdf,NULL,NULL,local_pdf,official_web_fallback,official_web_fallback,pdf_text,NULL,NULL,3593,NULL,NULL,https://cgwb.gov.in
goa,south goa,salcete,salcete,Kaveslium,Kaveslium Station,15.18555,73.94721,2015,8,August,1.4,NULL,Safe,NULL,NULL,NULL,NULL,NULL,NULL,unmatched,0.0,valid,August_WL_1994-2025.pdf,NULL,NULL,local_pdf,official_web_fallback,official_web_fallback,pdf_text,NULL,NULL,3593,NULL,NULL,https://cgwb.gov.in
goa,south goa,salcete,salcete,Majorda Bpada Curilo,Majorda Bpada Curilo Station,15.32117,73.91711,2015,8,August,1.9,NULL,Safe,NULL,NULL,NULL,NULL,NULL,NULL,unmatched,0.0,valid,August_WL_1994-2025.pdf,NULL,NULL,local_pdf,official_web_fallback,official_web_fallback,pdf_text,NULL,NULL,3593,NULL,NULL,https://cgwb.gov.in
goa,south goa,salcete,salcete,Navelim (Ct),Navelim (Ct) Station,15.25444,73.96722,2015,8,August,3.6,NULL,Safe,NULL,NULL,NULL,NULL,NULL,NULL,unmatched,0.0,valid,August_WL_1994-2025.pdf,NULL,NULL,local_pdf,official_web_fallback,official_web_fallback,pdf_text,NULL,NULL,3593,NULL,NULL,https://cgwb.gov.in
goa,south goa,salcete,salcete,Panchwadi,Panchwadi Station,15.2836,74.09517,2015,8,August,4.9,NULL,Safe,NULL,NULL,NULL,NULL,NULL,NULL,unmatched,0.0,valid,August_WL_1994-2025.pdf,NULL,NULL,local_pdf,official_web_fallback,official_web_fallback,pdf_text,NULL,NULL,3593,NULL,NULL,https://cgwb.gov.in
goa,south goa,sanguem,sanguem,Bati,Bati Station,15.13176,74.22645,2015,8,August,2.6,NULL,Safe,NULL,NULL,NULL,NULL,NULL,NULL,unmatched,0.0,valid,August_WL_1994-2025.pdf,NULL,NULL,local_pdf,official_web_fallback,official_web_fallback,pdf_text,NULL,NULL,3593,NULL,NULL,https://cgwb.gov.in
goa,south goa,sanguem,sanguem,Deulwada Kolamba,Deulwada Kolamba Station,15.15021,74.13099,2015,8,August,1.9,NULL,Safe,NULL,NULL,NULL,NULL,NULL,NULL,unmatched,0.0,valid,August_WL_1994-2025.pdf,NULL,NULL,local_pdf,official_web_fallback,official_web_fallback,pdf_text,NULL,NULL,3593,NULL,NULL,https://cgwb.gov.in
goa,south goa,sanguem,sanguem,Guddemal,Guddemal Station,15.28545,74.12969,2015,8,August,6.9,NULL,Safe,NULL,NULL,NULL,NULL,NULL,NULL,unmatched,0.0,valid,August_WL_1994-2025.pdf,NULL,NULL,local_pdf,official_web_fallback,official_web_fallback,pdf_text,NULL,NULL,3593,NULL,NULL,https://cgwb.gov.in
goa,south goa,sanguem,sanguem,Jambavli,Jambavli Station,15.18658,74.09529,2015,8,August,6.8,NULL,Safe,NULL,NULL,NULL,NULL,NULL,NULL,unmatched,0.0,valid,August_WL_1994-2025.pdf,NULL,NULL,local_pdf,official_web_fallback,official_web_fallback,pdf_text,NULL,NULL,3593,NULL,NULL,https://cgwb.gov.in
goa,south goa,sanguem,sanguem,Kalay,Kalay Station,15.2885,74.18007,2015,8,August,9.7,NULL,Safe,NULL,NULL,NULL,NULL,NULL,NULL,unmatched,0.0,valid,August_WL_1994-2025.pdf,NULL,NULL,local_pdf,official_web_fallback,official_web_fallback,pdf_text,NULL,NULL,3593,NULL,NULL,https://cgwb.gov.in
goa,south goa,sanguem,sanguem,Rivona,Rivona Station,15.16415,74.10671,2015,8,August,5.6,NULL,Safe,NULL,NULL,NULL,NULL,NULL,NULL,unmatched,0.0,valid,August_WL_1994-2025.pdf,NULL,NULL,local_pdf,official_web_fallback,official_web_fallback,pdf_text,NULL,NULL,3593,NULL,NULL,https://cgwb.gov.in
goa,south goa,sanguem,sanguem,Themchewada,Themchewada Station,15.21958,74.15752,2015,8,August,7.8,NULL,Safe,NULL,NULL,NULL,NULL,NULL,NULL,unmatched,0.0,valid,August_WL_1994-2025.pdf,NULL,NULL,local_pdf,official_web_fallback,official_web_fallback,pdf_text,NULL,NULL,3593,NULL,NULL,https://cgwb.gov.in
goa,south goa,sanguem,sanguem,Vadam,Vadam Station,15.13063,74.20754,2015,8,August,3.5,NULL,Safe,NULL,NULL,NULL,NULL,NULL,NULL,unmatched,0.0,valid,August_WL_1994-2025.pdf,NULL,NULL,local_pdf,official_web_fallback,official_web_fallback,pdf_text,NULL,NULL,3593,NULL,NULL,https://cgwb.gov.in
goa,south goa,sanguem,sanguem,Vichundrem,Vichundrem Station,15.10364,74.20318,2015,8,August,1.4,NULL,Safe,NULL,NULL,NULL,NULL,NULL,NULL,unmatched,0.0,valid,August_WL_1994-2025.pdf,NULL,NULL,local_pdf,official_web_fallback,official_web_fallback,pdf_text,NULL,NULL,3593,NULL,NULL,https://cgwb.gov.in
goa,north goa,bardez,bardez,Alto Betim Porvorim,Alto Betim Porvorim Station,15.52605,73.82982,2014,8,August,3.6,NULL,Safe,NULL,NULL,NULL,NULL,NULL,NULL,unmatched,0.0,valid,August_WL_1994-2025.pdf,NULL,NULL,local_pdf,official_web_fallback,official_web_fallback,pdf_text,NULL,NULL,3935,NULL,NULL,https://cgwb.gov.in
goa,north goa,bardez,bardez,Amberem,Amberem Station,15.74045,73.82449,2014,8,August,6.5,NULL,Safe,NULL,NULL,NULL,NULL,NULL,NULL,unmatched,0.0,valid,August_WL_1994-2025.pdf,NULL,NULL,local_pdf,official_web_fallback,official_web_fallback,pdf_text,NULL,NULL,3935,NULL,NULL,https://cgwb.gov.in
goa,north goa,bardez,bardez,Anjuna (Ct),Anjuna (Ct) Station,15.5842,73.73828,2014,8,August,6.4,NULL,Safe,NULL,NULL,NULL,NULL,NULL,NULL,unmatched,0.0,valid,August_WL_1994-2025.pdf,NULL,NULL,local_pdf,official_web_fallback,official_web_fallback,pdf_text,NULL,NULL,3935,NULL,NULL,https://cgwb.gov.in
goa,north goa,bardez,bardez,Baga,Baga Station,15.56,73.751,2014,8,August,1.7,NULL,Safe,NULL,NULL,NULL,NULL,NULL,NULL,unmatched,0.0,valid,August_WL_1994-2025.pdf,NULL,NULL,local_pdf,official_web_fallback,official_web_fallback,pdf_text,NULL,NULL,3935,NULL,NULL,https://cgwb.gov.in
goa,north goa,bardez,bardez,Bastora,Bastora Station,15.51596,73.83858,2014,8,August,1.4,NULL,Safe,NULL,NULL,NULL,NULL,NULL,NULL,unmatched,0.0,valid,August_WL_1994-2025.pdf,NULL,NULL,local_pdf,official_web_fallback,official_web_fallback,pdf_text,NULL,NULL,3935,NULL,NULL,https://cgwb.gov.in
goa,north goa,bardez,bardez,Calangute (Ct),Calangute (Ct) Station,15.54612,73.75861,2014,8,August,4.5,NULL,Safe,NULL,NULL,NULL,NULL,NULL,NULL,unmatched,0.0,valid,August_WL_1994-2025.pdf,NULL,NULL,local_pdf,official_web_fallback,official_web_fallback,pdf_text,NULL,NULL,3935,NULL,NULL,https://cgwb.gov.in
goa,north goa,bardez,bardez,Colvale (Ct),Colvale (Ct) Station,15.64402,73.83727,2014,8,August,10.4,NULL,Safe,NULL,NULL,NULL,NULL,NULL,NULL,unmatched,0.0,valid,August_WL_1994-2025.pdf,NULL,NULL,local_pdf,official_web_fallback,official_web_fallback,pdf_text,NULL,NULL,3935,NULL,NULL,https://cgwb.gov.in
goa,north goa,bardez,bardez,Mapuca,Mapuca Station,15.61013,73.82434,2014,8,August,1.1,NULL,Safe,NULL,NULL,NULL,NULL,NULL,NULL,unmatched,0.0,valid,August_WL_1994-2025.pdf,NULL,NULL,local_pdf,official_web_fallback,official_web_fallback,pdf_text,NULL,NULL,3935,NULL,NULL,https://cgwb.gov.in
goa,north goa,bardez,bardez,Olaulim,Olaulim Station,15.56958,73.86345,2014,8,August,4.7,NULL,Safe,NULL,NULL,NULL,NULL,NULL,NULL,unmatched,0.0,valid,August_WL_1994-2025.pdf,NULL,NULL,local_pdf,official_web_fallback,official_web_fallback,pdf_text,NULL,NULL,3935,NULL,NULL,https://cgwb.gov.in
goa,north goa,bardez,bardez,Parra,Parra Station,15.57282,73.79279,2014,8,August,0.6,NULL,Safe,NULL,NULL,NULL,NULL,NULL,NULL,unmatched,0.0,valid,August_WL_1994-2025.pdf,NULL,NULL,local_pdf,official_web_fallback,official_web_fallback,pdf_text,NULL,NULL,3935,NULL,NULL,https://cgwb.gov.in
goa,north goa,bardez,bardez,Pirna,Pirna Station,15.66884,73.8818,2014,8,August,2.9,NULL,Safe,NULL,NULL,NULL,NULL,NULL,NULL,unmatched,0.0,valid,August_WL_1994-2025.pdf,NULL,NULL,local_pdf,official_web_fallback,official_web_fallback,pdf_text,NULL,NULL,3935,NULL,NULL,https://cgwb.gov.in
goa,north goa,bardez,bardez,Pomburpa,Pomburpa Station,15.55926,73.86761,2014,8,August,2.9,NULL,Safe,NULL,NULL,NULL,NULL,NULL,NULL,unmatched,0.0,valid,August_WL_1994-2025.pdf,NULL,NULL,local_pdf,official_web_fallback,official_web_fallback,pdf_text,NULL,NULL,3935,NULL,NULL,https://cgwb.gov.in
goa,north goa,bardez,bardez,Salvador-Do-Mundo (Ct),Salvador-Do-Mundo (Ct) Station,15.5376,73.86869,2014,8,August,2.1,NULL,Safe,NULL,NULL,NULL,NULL,NULL,NULL,unmatched,0.0,valid,August_WL_1994-2025.pdf,NULL,NULL,local_pdf,official_web_fallback,official_web_fallback,pdf_text,NULL,NULL,3935,NULL,NULL,https://cgwb.gov.in
goa,north goa,bardez,bardez,Shivoli Brahmanwada,Shivoli Brahmanwada Station,15.62358,73.76681,2014,8,August,0.7,NULL,Safe,NULL,NULL,NULL,NULL,NULL,NULL,unmatched,0.0,valid,August_WL_1994-2025.pdf,NULL,NULL,local_pdf,official_web_fallback,official_web_fallback,pdf_text,NULL,NULL,3935,NULL,NULL,https://cgwb.gov.in
goa,north goa,bardez,bardez,Sircaim,Sircaim Station,15.62689,73.87588,2014,8,August,2.1,NULL,Safe,NULL,NULL,NULL,NULL,NULL,NULL,unmatched,0.0,valid,August_WL_1994-2025.pdf,NULL,NULL,local_pdf,official_web_fallback,official_web_fallback,pdf_text,NULL,NULL,3935,NULL,NULL,https://cgwb.gov.in
goa,north goa,bicholim,bicholim,Adwalpale,Adwalpale Station,15.63986,73.89602,2014,8,August,4.4,NULL,Safe,NULL,NULL,NULL,NULL,NULL,NULL,unmatched,0.0,valid,August_WL_1994-2025.pdf,NULL,NULL,local_pdf,official_web_fallback,official_web_fallback,pdf_text,NULL,NULL,3935,NULL,NULL,https://cgwb.gov.in
goa,north goa,bicholim,bicholim,Devulawada Narve,Devulawada Narve Station,15.55205,73.92413,2014,8,August,3.1,NULL,Safe,NULL,NULL,NULL,NULL,NULL,NULL,unmatched,0.0,valid,August_WL_1994-2025.pdf,NULL,NULL,local_pdf,official_web_fallback,official_web_fallback,pdf_text,NULL,NULL,3935,NULL,NULL,https://cgwb.gov.in
goa,north goa,bicholim,bicholim,Jambhul Batt,Jambhul Batt Station,15.58041,73.92604,2014,8,August,1.1,NULL,Safe,NULL,NULL,NULL,NULL,NULL,NULL,unmatched,0.0,valid,August_WL_1994-2025.pdf,NULL,NULL,local_pdf,official_web_fallback,official_web_fallback,pdf_text,NULL,NULL,3935,NULL,NULL,https://cgwb.gov.in
goa,north goa,bicholim,bicholim,Mulgao,Mulgao Station,15.61711,73.92075,2014,8,August,0.2,NULL,Safe,NULL,NULL,NULL,NULL,NULL,NULL,unmatched,0.0,valid,August_WL_1994-2025.pdf,NULL,NULL,local_pdf,official_web_fallback,official_web_fallback,pdf_text,NULL,NULL,3935,NULL,NULL,https://cgwb.gov.in
goa,north goa,bicholim,bicholim,Salem,Salem Station,15.68771,73.92681,2014,8,August,1.9,NULL,Safe,NULL,NULL,NULL,NULL,NULL,NULL,unmatched,0.0,valid,August_WL_1994-2025.pdf,NULL,NULL,local_pdf,official_web_fallback,official_web_fallback,pdf_text,NULL,NULL,3935,NULL,NULL,https://cgwb.gov.in
goa,north goa,pernem,pernem,Corgao,Corgao Station,15.70939,73.75176,2014,8,August,3.4,NULL,Safe,NULL,NULL,NULL,NULL,NULL,NULL,unmatched,0.0,valid,August_WL_1994-2025.pdf,NULL,NULL,local_pdf,official_web_fallback,official_web_fallback,pdf_text,NULL,NULL,3936,NULL,NULL,https://cgwb.gov.in
goa,north goa,pernem,pernem,Hasaravanni Vaipal,Hasaravanni Vaipal Station,15.73251,73.89959,2014,8,August,0.6,NULL,Safe,NULL,NULL,NULL,NULL,NULL,NULL,unmatched,0.0,valid,August_WL_1994-2025.pdf,NULL,NULL,local_pdf,official_web_fallback,official_web_fallback,pdf_text,NULL,NULL,3936,NULL,NULL,https://cgwb.gov.in
goa,north goa,pernem,pernem,Haspur,Haspur Station,15.73698,73.90359,2014,8,August,3.5,NULL,Safe,NULL,NULL,NULL,NULL,NULL,NULL,unmatched,0.0,valid,August_WL_1994-2025.pdf,NULL,NULL,local_pdf,official_web_fallback,official_web_fallback,pdf_text,NULL,NULL,3936,NULL,NULL,https://cgwb.gov.in
goa,north goa,pernem,pernem,Morji,Morji Station,15.63598,73.73963,2014,8,August,0.1,NULL,Safe,NULL,NULL,NULL,NULL,NULL,NULL,unmatched,0.0,valid,August_WL_1994-2025.pdf,NULL,NULL,local_pdf,official_web_fallback,official_web_fallback,pdf_text,NULL,NULL,3936,NULL,NULL,https://cgwb.gov.in
goa,north goa,pernem,pernem,Nagjhar,Nagjhar Station,15.70843,73.85289,2014,8,August,7.3,NULL,Safe,NULL,NULL,NULL,NULL,NULL,NULL,unmatched,0.0,valid,August_WL_1994-2025.pdf,NULL,NULL,local_pdf,official_web_fallback,official_web_fallback,pdf_text,NULL,NULL,3936,NULL,NULL,https://cgwb.gov.in
goa,north goa,pernem,pernem,Pernem,Pernem Station,15.7176,73.79806,2014,8,August,4.7,NULL,Safe,NULL,NULL,NULL,NULL,NULL,NULL,unmatched,0.0,valid,August_WL_1994-2025.pdf,NULL,NULL,local_pdf,official_web_fallback,official_web_fallback,pdf_text,NULL,NULL,3936,NULL,NULL,https://cgwb.gov.in
goa,north goa,pernem,pernem,Sawanthawada,Sawanthawada Station,15.68082,73.75108,2014,8,August,1.6,NULL,Safe,NULL,NULL,NULL,NULL,NULL,NULL,unmatched,0.0,valid,August_WL_1994-2025.pdf,NULL,NULL,local_pdf,official_web_fallback,official_web_fallback,pdf_text,NULL,NULL,3936,NULL,NULL,https://cgwb.gov.in
goa,north goa,pernem,pernem,Varconda,Varconda Station,15.75465,73.83533,2014,8,August,2.6,NULL,Safe,NULL,NULL,NULL,NULL,NULL,NULL,unmatched,0.0,valid,August_WL_1994-2025.pdf,NULL,NULL,local_pdf,official_web_fallback,official_web_fallback,pdf_text,NULL,NULL,3936,NULL,NULL,https://cgwb.gov.in
goa,north goa,satari,satari,Bayalwadikeri,Bayalwadikeri Station,15.61128,74.067,2014,8,August,3.2,NULL,Safe,NULL,NULL,NULL,NULL,NULL,NULL,unmatched,0.0,valid,August_WL_1994-2025.pdf,NULL,NULL,local_pdf,official_web_fallback,official_web_fallback,pdf_text,NULL,NULL,3936,NULL,NULL,https://cgwb.gov.in
goa,north goa,satari,satari,Bhamber Nanoda Cross,Bhamber Nanoda Cross Station,15.58778,74.19123,2014,8,August,2.6,NULL,Safe,NULL,NULL,NULL,NULL,NULL,NULL,unmatched,0.0,valid,August_WL_1994-2025.pdf,NULL,NULL,local_pdf,official_web_fallback,official_web_fallback,pdf_text,NULL,NULL,3936,NULL,NULL,https://cgwb.gov.in
goa,north goa,satari,satari,Buimpal,Buimpal Station,15.53936,74.08822,2014,8,August,1.1,NULL,Safe,NULL,NULL,NULL,NULL,NULL,NULL,unmatched,0.0,valid,August_WL_1994-2025.pdf,NULL,NULL,local_pdf,official_web_fallback,official_web_fallback,pdf_text,NULL,NULL,3936,NULL,NULL,https://cgwb.gov.in
goa,north goa,satari,satari,Charayode,Charayode Station,15.62783,74.13084,2014,8,August,1.3,NULL,Safe,NULL,NULL,NULL,NULL,NULL,NULL,unmatched,0.0,valid,August_WL_1994-2025.pdf,NULL,NULL,local_pdf,official_web_fallback,official_web_fallback,pdf_text,NULL,NULL,3936,NULL,NULL,https://cgwb.gov.in
goa,north goa,satari,satari,Dhatwado Vante,Dhatwado Vante Station,15.49613,74.09753,2014,8,August,3.1,NULL,Safe,NULL,NULL,NULL,NULL,NULL,NULL,unmatched,0.0,valid,August_WL_1994-2025.pdf,NULL,NULL,local_pdf,official_web_fallback,official_web_fallback,pdf_text,NULL,NULL,3936,NULL,NULL,https://cgwb.gov.in
goa,north goa,satari,satari,Hivre Budruk,Hivre Budruk Station,15.63194,74.00174,2014,8,August,1.7,NULL,Safe,NULL,NULL,NULL,NULL,NULL,NULL,unmatched,0.0,valid,August_WL_1994-2025.pdf,NULL,NULL,local_pdf,official_web_fallback,official_web_fallback,pdf_text,NULL,NULL,3936,NULL,NULL,https://cgwb.gov.in
goa,north goa,satari,satari,Honda,Honda Station,15.54722,74.05079,2014,8,August,2.2,NULL,Safe,NULL,NULL,NULL,NULL,NULL,NULL,unmatched,0.0,valid,August_WL_1994-2025.pdf,NULL,NULL,local_pdf,official_web_fallback,official_web_fallback,pdf_text,NULL,NULL,3936,NULL,NULL,https://cgwb.gov.in
goa,north goa,satari,satari,Khadki(Harijanwada),Khadki(Harijanwada) Station,15.50253,74.13964,2014,8,August,4.3,NULL,Safe,NULL,NULL,NULL,NULL,NULL,NULL,unmatched,0.0,valid,August_WL_1994-2025.pdf,NULL,NULL,local_pdf,official_web_fallback,official_web_fallback,pdf_text,NULL,NULL,3936,NULL,NULL,https://cgwb.gov.in
goa,north goa,satari,satari,Khotodem,Khotodem Station,15.48277,74.13695,2014,8,August,5.0,NULL,Safe,NULL,NULL,NULL,NULL,NULL,NULL,unmatched,0.0,valid,August_WL_1994-2025.pdf,NULL,NULL,local_pdf,official_web_fallback,official_web_fallback,pdf_text,NULL,NULL,3936,NULL,NULL,https://cgwb.gov.in
goa,north goa,satari,satari,Morlem,Morlem Station,15.59397,74.04632,2014,8,August,2.6,NULL,Safe,NULL,NULL,NULL,NULL,NULL,NULL,unmatched,0.0,valid,August_WL_1994-2025.pdf,NULL,NULL,local_pdf,official_web_fallback,official_web_fallback,pdf_text,NULL,NULL,3936,NULL,NULL,https://cgwb.gov.in
goa,north goa,satari,satari,Nagargao,Nagargao Station,15.56158,74.1632,2014,8,August,0.8,NULL,Safe,NULL,NULL,NULL,NULL,NULL,NULL,unmatched,0.0,valid,August_WL_1994-2025.pdf,NULL,NULL,local_pdf,official_web_fallback,official_web_fallback,pdf_text,NULL,NULL,3936,NULL,NULL,https://cgwb.gov.in
goa,north goa,satari,satari,Valpoi,Valpoi Station,15.53301,74.13723,2014,8,August,3.0,NULL,Safe,NULL,NULL,NULL,NULL,NULL,NULL,unmatched,0.0,valid,August_WL_1994-2025.pdf,NULL,NULL,local_pdf,official_web_fallback,official_web_fallback,pdf_text,NULL,NULL,3936,NULL,NULL,https://cgwb.gov.in
goa,north goa,tiswadi,tiswadi,Gavalebhat Chimbel,Gavalebhat Chimbel Station,15.48944,73.8742,2014,8,August,4.3,NULL,Safe,NULL,NULL,NULL,NULL,NULL,NULL,unmatched,0.0,valid,August_WL_1994-2025.pdf,NULL,NULL,local_pdf,official_web_fallback,official_web_fallback,pdf_text,NULL,NULL,3936,NULL,NULL,https://cgwb.gov.in
goa,north goa,tiswadi,tiswadi,Karanjhalen,Karanjhalen Station,15.459,73.80281,2014,8,August,1.1,NULL,Safe,NULL,NULL,NULL,NULL,NULL,NULL,unmatched,0.0,valid,August_WL_1994-2025.pdf,NULL,NULL,local_pdf,official_web_fallback,official_web_fallback,pdf_text,NULL,NULL,3936,NULL,NULL,https://cgwb.gov.in
goa,north goa,tiswadi,tiswadi,Velha Goa,Velha Goa Station,15.4976,73.91901,2014,8,August,0.6,NULL,Safe,NULL,NULL,NULL,NULL,NULL,NULL,unmatched,0.0,valid,August_WL_1994-2025.pdf,NULL,NULL,local_pdf,official_web_fallback,official_web_fallback,pdf_text,NULL,NULL,3936,NULL,NULL,https://cgwb.gov.in
goa,south goa,canacona,canacona,Agonda,Agonda Station,15.04152,73.99121,2014,8,August,2.0,NULL,Safe,NULL,NULL,NULL,NULL,NULL,NULL,unmatched,0.0,valid,August_WL_1994-2025.pdf,NULL,NULL,local_pdf,official_web_fallback,official_web_fallback,pdf_text,NULL,NULL,3936,NULL,NULL,https://cgwb.gov.in
goa,south goa,canacona,canacona,Canacona,Canacona Station,15.00716,74.05233,2014,8,August,1.5,NULL,Safe,NULL,NULL,NULL,NULL,NULL,NULL,unmatched,0.0,valid,August_WL_1994-2025.pdf,NULL,NULL,local_pdf,official_web_fallback,official_web_fallback,pdf_text,NULL,NULL,3936,NULL,NULL,https://cgwb.gov.in
goa,south goa,canacona,canacona,Carmona,Carmona Station,15.20278,73.9525,2014,8,August,5.2,NULL,Safe,NULL,NULL,NULL,NULL,NULL,NULL,unmatched,0.0,valid,August_WL_1994-2025.pdf,NULL,NULL,local_pdf,official_web_fallback,official_web_fallback,pdf_text,NULL,NULL,3936,NULL,NULL,https://cgwb.gov.in
goa,south goa,canacona,canacona,Daptamol Lolien,Daptamol Lolien Station,14.94986,74.05528,2014,8,August,14.8,NULL,Safe,NULL,NULL,NULL,NULL,NULL,NULL,unmatched,0.0,valid,August_WL_1994-2025.pdf,NULL,NULL,local_pdf,official_web_fallback,official_web_fallback,pdf_text,NULL,NULL,3936,NULL,NULL,https://cgwb.gov.in
goa,south goa,canacona,canacona,Gulem Velipwada,Gulem Velipwada Station,15.03918,74.02939,2014,8,August,0.6,NULL,Safe,NULL,NULL,NULL,NULL,NULL,NULL,unmatched,0.0,valid,August_WL_1994-2025.pdf,NULL,NULL,local_pdf,official_web_fallback,official_web_fallback,pdf_text,NULL,NULL,3936,NULL,NULL,https://cgwb.gov.in
goa,south goa,canacona,canacona,Hattipal Poinguinem,Hattipal Poinguinem Station,14.98407,74.10869,2014,8,August,5.7,NULL,Safe,NULL,NULL,NULL,NULL,NULL,NULL,unmatched,0.0,valid,August_WL_1994-2025.pdf,NULL,NULL,local_pdf,official_web_fallback,official_web_fallback,pdf_text,NULL,NULL,3936,NULL,NULL,https://cgwb.gov.in
goa,south goa,canacona,canacona,Mashe,Mashe Station,14.96289,74.05465,2014,8,August,3.2,NULL,Safe,NULL,NULL,NULL,NULL,NULL,NULL,unmatched,0.0,valid,August_WL_1994-2025.pdf,NULL,NULL,local_pdf,official_web_fallback,official_web_fallback,pdf_text,NULL,NULL,3936,NULL,NULL,https://cgwb.gov.in
goa,south goa,canacona,canacona,Poinguinim,Poinguinim Station,14.97528,74.09035,2014,8,August,13.8,NULL,Safe,NULL,NULL,NULL,NULL,NULL,NULL,unmatched,0.0,valid,August_WL_1994-2025.pdf,NULL,NULL,local_pdf,official_web_fallback,official_web_fallback,pdf_text,NULL,NULL,3936,NULL,NULL,https://cgwb.gov.in
goa,south goa,canacona,canacona,Polem,Polem Station,14.91289,74.08455,2014,8,August,0.9,NULL,Safe,NULL,NULL,NULL,NULL,NULL,NULL,unmatched,0.0,valid,August_WL_1994-2025.pdf,NULL,NULL,local_pdf,official_web_fallback,official_web_fallback,pdf_text,NULL,NULL,3936,NULL,NULL,https://cgwb.gov.in
goa,south goa,canacona,canacona,Shrishtal Gaondongar,Shrishtal Gaondongar Station,15.03725,74.11851,2014,8,August,3.7,NULL,Safe,NULL,NULL,NULL,NULL,NULL,NULL,unmatched,0.0,valid,August_WL_1994-2025.pdf,NULL,NULL,local_pdf,official_web_fallback,official_web_fallback,pdf_text,NULL,NULL,3936,NULL,NULL,https://cgwb.gov.in
goa,south goa,canacona,canacona,Sristal,Sristal Station,14.99245,74.10557,2014,8,August,0.7,NULL,Safe,NULL,NULL,NULL,NULL,NULL,NULL,unmatched,0.0,valid,August_WL_1994-2025.pdf,NULL,NULL,local_pdf,official_web_fallback,official_web_fallback,pdf_text,NULL,NULL,3936,NULL,NULL,https://cgwb.gov.in
goa,south goa,canacona,canacona,Yedda,Yedda Station,14.99803,74.19071,2014,8,August,1.0,NULL,Safe,NULL,NULL,NULL,NULL,NULL,NULL,unmatched,0.0,valid,August_WL_1994-2025.pdf,NULL,NULL,local_pdf,official_web_fallback,official_web_fallback,pdf_text,NULL,NULL,3936,NULL,NULL,https://cgwb.gov.in
goa,south goa,dharbandora,dharbandora,Bolkharnem,Bolkharnem Station,15.42964,74.19235,2014,8,August,4.6,NULL,Safe,NULL,NULL,NULL,NULL,NULL,NULL,unmatched,0.0,valid,August_WL_1994-2025.pdf,NULL,NULL,local_pdf,official_web_fallback,official_web_fallback,pdf_text,NULL,NULL,3936,NULL,NULL,https://cgwb.gov.in
goa,south goa,dharbandora,dharbandora,Colem,Colem Station,15.33497,74.24375,2014,8,August,3.6,NULL,Safe,NULL,NULL,NULL,NULL,NULL,NULL,unmatched,0.0,valid,August_WL_1994-2025.pdf,NULL,NULL,local_pdf,official_web_fallback,official_web_fallback,pdf_text,NULL,NULL,3936,NULL,NULL,https://cgwb.gov.in
goa,south goa,dharbandora,dharbandora,Molem,Molem Station,15.37701,74.22971,2014,8,August,1.0,NULL,Safe,NULL,NULL,NULL,NULL,NULL,NULL,unmatched,0.0,valid,August_WL_1994-2025.pdf,NULL,NULL,local_pdf,official_web_fallback,official_web_fallback,pdf_text,NULL,NULL,3936,NULL,NULL,https://cgwb.gov.in
goa,south goa,mormugao,mormugao,Bagmola,Bagmola Station,15.37006,73.83826,2014,8,August,2.5,NULL,Safe,NULL,NULL,NULL,NULL,NULL,NULL,unmatched,0.0,valid,August_WL_1994-2025.pdf,NULL,NULL,local_pdf,official_web_fallback,official_web_fallback,pdf_text,NULL,NULL,3936,NULL,NULL,https://cgwb.gov.in
goa,south goa,mormugao,mormugao,Chicalim (Ct),Chicalim (Ct) Station,15.39818,73.83679,2014,8,August,1.0,NULL,Safe,NULL,NULL,NULL,NULL,NULL,NULL,unmatched,0.0,valid,August_WL_1994-2025.pdf,NULL,NULL,local_pdf,official_web_fallback,official_web_fallback,pdf_text,NULL,NULL,3936,NULL,NULL,https://cgwb.gov.in
goa,south goa,ponda,ponda,Borim (Ct),Borim (Ct) Station,15.35417,74.0016,2014,8,August,2.6,NULL,Safe,NULL,NULL,NULL,NULL,NULL,NULL,unmatched,0.0,valid,August_WL_1994-2025.pdf,NULL,NULL,local_pdf,official_web_fallback,official_web_fallback,pdf_text,NULL,NULL,3936,NULL,NULL,https://cgwb.gov.in
goa,south goa,ponda,ponda,Kapsa,Kapsa Station,15.27344,74.1006,2014,8,August,3.0,NULL,Safe,NULL,NULL,NULL,NULL,NULL,NULL,unmatched,0.0,valid,August_WL_1994-2025.pdf,NULL,NULL,local_pdf,official_web_fallback,official_web_fallback,pdf_text,NULL,NULL,3937,NULL,NULL,https://cgwb.gov.in
goa,south goa,ponda,ponda,Kundel Dassolwada,Kundel Dassolwada Station,15.45287,73.95255,2014,8,August,1.1,NULL,Safe,NULL,NULL,NULL,NULL,NULL,NULL,unmatched,0.0,valid,August_WL_1994-2025.pdf,NULL,NULL,local_pdf,official_web_fallback,official_web_fallback,pdf_text,NULL,NULL,3937,NULL,NULL,https://cgwb.gov.in
goa,south goa,ponda,ponda,Mankem,Mankem Station,15.30549,74.04834,2014,8,August,2.6,NULL,Safe,NULL,NULL,NULL,NULL,NULL,NULL,unmatched,0.0,valid,August_WL_1994-2025.pdf,NULL,NULL,local_pdf,official_web_fallback,official_web_fallback,pdf_text,NULL,NULL,3937,NULL,NULL,https://cgwb.gov.in
goa,south goa,ponda,ponda,Shiroda,Shiroda Station,15.32068,74.03502,2014,8,August,5.2,NULL,Safe,NULL,NULL,NULL,NULL,NULL,NULL,unmatched,0.0,valid,August_WL_1994-2025.pdf,NULL,NULL,local_pdf,official_web_fallback,official_web_fallback,pdf_text,NULL,NULL,3937,NULL,NULL,https://cgwb.gov.in
goa,south goa,quepem,quepem,Ghadiawada,Ghadiawada Station,15.23894,74.11303,2014,8,August,0.8,NULL,Safe,NULL,NULL,NULL,NULL,NULL,NULL,unmatched,0.0,valid,August_WL_1994-2025.pdf,NULL,NULL,local_pdf,official_web_fallback,official_web_fallback,pdf_text,NULL,NULL,3937,NULL,NULL,https://cgwb.gov.in
goa,south goa,quepem,quepem,Malkarnem,Malkarnem Station,15.18693,74.12549,2014,8,August,3.8,NULL,Safe,NULL,NULL,NULL,NULL,NULL,NULL,unmatched,0.0,valid,August_WL_1994-2025.pdf,NULL,NULL,local_pdf,official_web_fallback,official_web_fallback,pdf_text,NULL,NULL,3937,NULL,NULL,https://cgwb.gov.in
goa,south goa,quepem,quepem,Padi,Padi Station,15.09291,74.0306,2014,8,August,5.8,NULL,Safe,NULL,NULL,NULL,NULL,NULL,NULL,unmatched,0.0,valid,August_WL_1994-2025.pdf,NULL,NULL,local_pdf,official_web_fallback,official_web_fallback,pdf_text,NULL,NULL,3937,NULL,NULL,https://cgwb.gov.in
goa,south goa,quepem,quepem,Quepem,Quepem Station,15.21751,74.08075,2014,8,August,1.2,NULL,Safe,NULL,NULL,NULL,NULL,NULL,NULL,unmatched,0.0,valid,August_WL_1994-2025.pdf,NULL,NULL,local_pdf,official_web_fallback,official_web_fallback,pdf_text,NULL,NULL,3937,NULL,NULL,https://cgwb.gov.in
goa,south goa,salcete,salcete,Akamol Ambavalli,Akamol Ambavalli Station,15.19028,74.00016,2014,8,August,3.7,NULL,Safe,NULL,NULL,NULL,NULL,NULL,NULL,unmatched,0.0,valid,August_WL_1994-2025.pdf,NULL,NULL,local_pdf,official_web_fallback,official_web_fallback,pdf_text,NULL,NULL,3937,NULL,NULL,https://cgwb.gov.in
goa,south goa,salcete,salcete,Ballynuvhen,Ballynuvhen Station,15.31651,73.94542,2014,8,August,7.7,NULL,Safe,NULL,NULL,NULL,NULL,NULL,NULL,unmatched,0.0,valid,August_WL_1994-2025.pdf,NULL,NULL,local_pdf,official_web_fallback,official_web_fallback,pdf_text,NULL,NULL,3937,NULL,NULL,https://cgwb.gov.in
goa,south goa,salcete,salcete,Barodi Velni Betul,Barodi Velni Betul Station,15.14996,73.96082,2014,8,August,1.7,NULL,Safe,NULL,NULL,NULL,NULL,NULL,NULL,unmatched,0.0,valid,August_WL_1994-2025.pdf,NULL,NULL,local_pdf,official_web_fallback,official_web_fallback,pdf_text,NULL,NULL,3937,NULL,NULL,https://cgwb.gov.in
goa,south goa,salcete,salcete,Betalbhatti,Betalbhatti Station,15.30071,73.92006,2014,8,August,1.8,NULL,Safe,NULL,NULL,NULL,NULL,NULL,NULL,unmatched,0.0,valid,August_WL_1994-2025.pdf,NULL,NULL,local_pdf,official_web_fallback,official_web_fallback,pdf_text,NULL,NULL,3937,NULL,NULL,https://cgwb.gov.in
goa,south goa,salcete,salcete,Cuncolim,Cuncolim Station,15.18013,74.00004,2014,8,August,1.1,NULL,Safe,NULL,NULL,NULL,NULL,NULL,NULL,unmatched,0.0,valid,August_WL_1994-2025.pdf,NULL,NULL,local_pdf,official_web_fallback,official_web_fallback,pdf_text,NULL,NULL,3937,NULL,NULL,https://cgwb.gov.in
goa,south goa,salcete,salcete,Kaveslium,Kaveslium Station,15.18555,73.94721,2014,8,August,2.0,NULL,Safe,NULL,NULL,NULL,NULL,NULL,NULL,unmatched,0.0,valid,August_WL_1994-2025.pdf,NULL,NULL,local_pdf,official_web_fallback,official_web_fallback,pdf_text,NULL,NULL,3937,NULL,NULL,https://cgwb.gov.in
goa,south goa,salcete,salcete,Majorda Bpada Curilo,Majorda Bpada Curilo Station,15.32117,73.91711,2014,8,August,2.1,NULL,Safe,NULL,NULL,NULL,NULL,NULL,NULL,unmatched,0.0,valid,August_WL_1994-2025.pdf,NULL,NULL,local_pdf,official_web_fallback,official_web_fallback,pdf_text,NULL,NULL,3937,NULL,NULL,https://cgwb.gov.in
goa,south goa,salcete,salcete,Navelim (Ct),Navelim (Ct) Station,15.25444,73.96722,2014,8,August,1.8,NULL,Safe,NULL,NULL,NULL,NULL,NULL,NULL,unmatched,0.0,valid,August_WL_1994-2025.pdf,NULL,NULL,local_pdf,official_web_fallback,official_web_fallback,pdf_text,NULL,NULL,3937,NULL,NULL,https://cgwb.gov.in
goa,south goa,salcete,salcete,Panchwadi,Panchwadi Station,15.2836,74.09517,2014,8,August,3.2,NULL,Safe,NULL,NULL,NULL,NULL,NULL,NULL,unmatched,0.0,valid,August_WL_1994-2025.pdf,NULL,NULL,local_pdf,official_web_fallback,official_web_fallback,pdf_text,NULL,NULL,3937,NULL,NULL,https://cgwb.gov.in
goa,south goa,sanguem,sanguem,Bati,Bati Station,15.13176,74.22645,2014,8,August,2.3,NULL,Safe,NULL,NULL,NULL,NULL,NULL,NULL,unmatched,0.0,valid,August_WL_1994-2025.pdf,NULL,NULL,local_pdf,official_web_fallback,official_web_fallback,pdf_text,NULL,NULL,3937,NULL,NULL,https://cgwb.gov.in
goa,south goa,sanguem,sanguem,Deulwada Kolamba,Deulwada Kolamba Station,15.15021,74.13099,2014,8,August,1.9,NULL,Safe,NULL,NULL,NULL,NULL,NULL,NULL,unmatched,0.0,valid,August_WL_1994-2025.pdf,NULL,NULL,local_pdf,official_web_fallback,official_web_fallback,pdf_text,NULL,NULL,3937,NULL,NULL,https://cgwb.gov.in
goa,south goa,sanguem,sanguem,Guddemal,Guddemal Station,15.28545,74.12969,2014,8,August,6.7,NULL,Safe,NULL,NULL,NULL,NULL,NULL,NULL,unmatched,0.0,valid,August_WL_1994-2025.pdf,NULL,NULL,local_pdf,official_web_fallback,official_web_fallback,pdf_text,NULL,NULL,3937,NULL,NULL,https://cgwb.gov.in
goa,south goa,sanguem,sanguem,Jambavli,Jambavli Station,15.18658,74.09529,2014,8,August,7.1,NULL,Safe,NULL,NULL,NULL,NULL,NULL,NULL,unmatched,0.0,valid,August_WL_1994-2025.pdf,NULL,NULL,local_pdf,official_web_fallback,official_web_fallback,pdf_text,NULL,NULL,3937,NULL,NULL,https://cgwb.gov.in
goa,south goa,sanguem,sanguem,Kalay,Kalay Station,15.2885,74.18007,2014,8,August,9.3,NULL,Safe,NULL,NULL,NULL,NULL,NULL,NULL,unmatched,0.0,valid,August_WL_1994-2025.pdf,NULL,NULL,local_pdf,official_web_fallback,official_web_fallback,pdf_text,NULL,NULL,3937,NULL,NULL,https://cgwb.gov.in
goa,south goa,sanguem,sanguem,Rivona,Rivona Station,15.16415,74.10671,2014,8,August,5.7,NULL,Safe,NULL,NULL,NULL,NULL,NULL,NULL,unmatched,0.0,valid,August_WL_1994-2025.pdf,NULL,NULL,local_pdf,official_web_fallback,official_web_fallback,pdf_text,NULL,NULL,3937,NULL,NULL,https://cgwb.gov.in
goa,south goa,sanguem,sanguem,Themchewada,Themchewada Station,15.21958,74.15752,2014,8,August,6.9,NULL,Safe,NULL,NULL,NULL,NULL,NULL,NULL,unmatched,0.0,valid,August_WL_1994-2025.pdf,NULL,NULL,local_pdf,official_web_fallback,official_web_fallback,pdf_text,NULL,NULL,3937,NULL,NULL,https://cgwb.gov.in
goa,south goa,sanguem,sanguem,Vadam,Vadam Station,15.13063,74.20754,2014,8,August,2.6,NULL,Safe,NULL,NULL,NULL,NULL,NULL,NULL,unmatched,0.0,valid,August_WL_1994-2025.pdf,NULL,NULL,local_pdf,official_web_fallback,official_web_fallback,pdf_text,NULL,NULL,3937,NULL,NULL,https://cgwb.gov.in
goa,south goa,sanguem,sanguem,Vichundrem,Vichundrem Station,15.10364,74.20318,2014,8,August,0.6,NULL,Safe,NULL,NULL,NULL,NULL,NULL,NULL,unmatched,0.0,valid,August_WL_1994-2025.pdf,NULL,NULL,local_pdf,official_web_fallback,official_web_fallback,pdf_text,NULL,NULL,3937,NULL,NULL,https://cgwb.gov.in
goa,north goa,bardez,bardez,Alto Betim Porvorim,Alto Betim Porvorim Station,15.52605,73.82982,2013,8,August,2.4,NULL,Safe,NULL,NULL,NULL,NULL,NULL,NULL,unmatched,0.0,valid,August_WL_1994-2025.pdf,NULL,NULL,local_pdf,official_web_fallback,official_web_fallback,pdf_text,NULL,NULL,4261,NULL,NULL,https://cgwb.gov.in
goa,north goa,bardez,bardez,Anjuna (Ct),Anjuna (Ct) Station,15.5842,73.73828,2013,8,August,6.8,NULL,Safe,NULL,NULL,NULL,NULL,NULL,NULL,unmatched,0.0,valid,August_WL_1994-2025.pdf,NULL,NULL,local_pdf,official_web_fallback,official_web_fallback,pdf_text,NULL,NULL,4261,NULL,NULL,https://cgwb.gov.in
goa,north goa,bardez,bardez,Baga,Baga Station,15.56,73.751,2013,8,August,2.1,NULL,Safe,NULL,NULL,NULL,NULL,NULL,NULL,unmatched,0.0,valid,August_WL_1994-2025.pdf,NULL,NULL,local_pdf,official_web_fallback,official_web_fallback,pdf_text,NULL,NULL,4261,NULL,NULL,https://cgwb.gov.in
goa,north goa,bardez,bardez,Calangute (Ct),Calangute (Ct) Station,15.54612,73.75861,2013,8,August,3.1,NULL,Safe,NULL,NULL,NULL,NULL,NULL,NULL,unmatched,0.0,valid,August_WL_1994-2025.pdf,NULL,NULL,local_pdf,official_web_fallback,official_web_fallback,pdf_text,NULL,NULL,4261,NULL,NULL,https://cgwb.gov.in
goa,north goa,bardez,bardez,Colvale (Ct),Colvale (Ct) Station,15.64402,73.83727,2013,8,August,4.3,NULL,Safe,NULL,NULL,NULL,NULL,NULL,NULL,unmatched,0.0,valid,August_WL_1994-2025.pdf,NULL,NULL,local_pdf,official_web_fallback,official_web_fallback,pdf_text,NULL,NULL,4261,NULL,NULL,https://cgwb.gov.in
goa,north goa,bardez,bardez,Mapuca,Mapuca Station,15.61013,73.82434,2013,8,August,0.5,NULL,Safe,NULL,NULL,NULL,NULL,NULL,NULL,unmatched,0.0,valid,August_WL_1994-2025.pdf,NULL,NULL,local_pdf,official_web_fallback,official_web_fallback,pdf_text,NULL,NULL,4261,NULL,NULL,https://cgwb.gov.in
goa,north goa,bardez,bardez,Parra,Parra Station,15.57282,73.79279,2013,8,August,1.2,NULL,Safe,NULL,NULL,NULL,NULL,NULL,NULL,unmatched,0.0,valid,August_WL_1994-2025.pdf,NULL,NULL,local_pdf,official_web_fallback,official_web_fallback,pdf_text,NULL,NULL,4261,NULL,NULL,https://cgwb.gov.in
goa,north goa,bardez,bardez,Shivoli Brahmanwada,Shivoli Brahmanwada Station,15.62358,73.76681,2013,8,August,0.8,NULL,Safe,NULL,NULL,NULL,NULL,NULL,NULL,unmatched,0.0,valid,August_WL_1994-2025.pdf,NULL,NULL,local_pdf,official_web_fallback,official_web_fallback,pdf_text,NULL,NULL,4261,NULL,NULL,https://cgwb.gov.in
goa,north goa,bardez,bardez,Sircaim,Sircaim Station,15.62689,73.87588,2013,8,August,1.2,NULL,Safe,NULL,NULL,NULL,NULL,NULL,NULL,unmatched,0.0,valid,August_WL_1994-2025.pdf,NULL,NULL,local_pdf,official_web_fallback,official_web_fallback,pdf_text,NULL,NULL,4261,NULL,NULL,https://cgwb.gov.in
goa,north goa,bicholim,bicholim,Adwalpale,Adwalpale Station,15.63986,73.89602,2013,8,August,4.3,NULL,Safe,NULL,NULL,NULL,NULL,NULL,NULL,unmatched,0.0,valid,August_WL_1994-2025.pdf,NULL,NULL,local_pdf,official_web_fallback,official_web_fallback,pdf_text,NULL,NULL,4261,NULL,NULL,https://cgwb.gov.in
goa,north goa,bicholim,bicholim,Mulgao,Mulgao Station,15.61711,73.92075,2013,8,August,0.9,NULL,Safe,NULL,NULL,NULL,NULL,NULL,NULL,unmatched,0.0,valid,August_WL_1994-2025.pdf,NULL,NULL,local_pdf,official_web_fallback,official_web_fallback,pdf_text,NULL,NULL,4261,NULL,NULL,https://cgwb.gov.in
goa,north goa,bicholim,bicholim,Salem,Salem Station,15.68771,73.92681,2013,8,August,1.0,NULL,Safe,NULL,NULL,NULL,NULL,NULL,NULL,unmatched,0.0,valid,August_WL_1994-2025.pdf,NULL,NULL,local_pdf,official_web_fallback,official_web_fallback,pdf_text,NULL,NULL,4261,NULL,NULL,https://cgwb.gov.in
goa,north goa,pernem,pernem,Corgao,Corgao Station,15.70939,73.75176,2013,8,August,3.3,NULL,Safe,NULL,NULL,NULL,NULL,NULL,NULL,unmatched,0.0,valid,August_WL_1994-2025.pdf,NULL,NULL,local_pdf,official_web_fallback,official_web_fallback,pdf_text,NULL,NULL,4261,NULL,NULL,https://cgwb.gov.in
goa,north goa,pernem,pernem,Morji,Morji Station,15.63598,73.73963,2013,8,August,0.0,NULL,Safe,NULL,NULL,NULL,NULL,NULL,NULL,unmatched,0.0,valid,August_WL_1994-2025.pdf,NULL,NULL,local_pdf,official_web_fallback,official_web_fallback,pdf_text,NULL,NULL,4261,NULL,NULL,https://cgwb.gov.in
goa,north goa,pernem,pernem,Nagjhar,Nagjhar Station,15.70843,73.85289,2013,8,August,6.4,NULL,Safe,NULL,NULL,NULL,NULL,NULL,NULL,unmatched,0.0,valid,August_WL_1994-2025.pdf,NULL,NULL,local_pdf,official_web_fallback,official_web_fallback,pdf_text,NULL,NULL,4261,NULL,NULL,https://cgwb.gov.in
goa,north goa,pernem,pernem,Pernem,Pernem Station,15.7176,73.79806,2013,8,August,3.0,NULL,Safe,NULL,NULL,NULL,NULL,NULL,NULL,unmatched,0.0,valid,August_WL_1994-2025.pdf,NULL,NULL,local_pdf,official_web_fallback,official_web_fallback,pdf_text,NULL,NULL,4261,NULL,NULL,https://cgwb.gov.in
goa,north goa,pernem,pernem,Sawanthawada,Sawanthawada Station,15.68082,73.75108,2013,8,August,2.0,NULL,Safe,NULL,NULL,NULL,NULL,NULL,NULL,unmatched,0.0,valid,August_WL_1994-2025.pdf,NULL,NULL,local_pdf,official_web_fallback,official_web_fallback,pdf_text,NULL,NULL,4261,NULL,NULL,https://cgwb.gov.in
goa,north goa,pernem,pernem,Varconda,Varconda Station,15.75465,73.83533,2013,8,August,2.5,NULL,Safe,NULL,NULL,NULL,NULL,NULL,NULL,unmatched,0.0,valid,August_WL_1994-2025.pdf,NULL,NULL,local_pdf,official_web_fallback,official_web_fallback,pdf_text,NULL,NULL,4261,NULL,NULL,https://cgwb.gov.in
goa,north goa,satari,satari,Bayalwadikeri,Bayalwadikeri Station,15.61128,74.067,2013,8,August,1.6,NULL,Safe,NULL,NULL,NULL,NULL,NULL,NULL,unmatched,0.0,valid,August_WL_1994-2025.pdf,NULL,NULL,local_pdf,official_web_fallback,official_web_fallback,pdf_text,NULL,NULL,4261,NULL,NULL,https://cgwb.gov.in
goa,north goa,satari,satari,Bhamber Nanoda Cross,Bhamber Nanoda Cross Station,15.58778,74.19123,2013,8,August,3.5,NULL,Safe,NULL,NULL,NULL,NULL,NULL,NULL,unmatched,0.0,valid,August_WL_1994-2025.pdf,NULL,NULL,local_pdf,official_web_fallback,official_web_fallback,pdf_text,NULL,NULL,4261,NULL,NULL,https://cgwb.gov.in
goa,north goa,satari,satari,Buimpal,Buimpal Station,15.53936,74.08822,2013,8,August,1.6,NULL,Safe,NULL,NULL,NULL,NULL,NULL,NULL,unmatched,0.0,valid,August_WL_1994-2025.pdf,NULL,NULL,local_pdf,official_web_fallback,official_web_fallback,pdf_text,NULL,NULL,4261,NULL,NULL,https://cgwb.gov.in
goa,north goa,satari,satari,Charayode,Charayode Station,15.62783,74.13084,2013,8,August,1.8,NULL,Safe,NULL,NULL,NULL,NULL,NULL,NULL,unmatched,0.0,valid,August_WL_1994-2025.pdf,NULL,NULL,local_pdf,official_web_fallback,official_web_fallback,pdf_text,NULL,NULL,4261,NULL,NULL,https://cgwb.gov.in
goa,north goa,satari,satari,Honda,Honda Station,15.54722,74.05079,2013,8,August,0.9,NULL,Safe,NULL,NULL,NULL,NULL,NULL,NULL,unmatched,0.0,valid,August_WL_1994-2025.pdf,NULL,NULL,local_pdf,official_web_fallback,official_web_fallback,pdf_text,NULL,NULL,4261,NULL,NULL,https://cgwb.gov.in
goa,north goa,satari,satari,Khadki(Harijanwada),Khadki(Harijanwada) Station,15.50253,74.13964,2013,8,August,3.1,NULL,Safe,NULL,NULL,NULL,NULL,NULL,NULL,unmatched,0.0,valid,August_WL_1994-2025.pdf,NULL,NULL,local_pdf,official_web_fallback,official_web_fallback,pdf_text,NULL,NULL,4261,NULL,NULL,https://cgwb.gov.in
goa,north goa,satari,satari,Khotodem,Khotodem Station,15.48277,74.13695,2013,8,August,1.8,NULL,Safe,NULL,NULL,NULL,NULL,NULL,NULL,unmatched,0.0,valid,August_WL_1994-2025.pdf,NULL,NULL,local_pdf,official_web_fallback,official_web_fallback,pdf_text,NULL,NULL,4261,NULL,NULL,https://cgwb.gov.in
goa,north goa,satari,satari,Morlem,Morlem Station,15.59397,74.04632,2013,8,August,2.1,NULL,Safe,NULL,NULL,NULL,NULL,NULL,NULL,unmatched,0.0,valid,August_WL_1994-2025.pdf,NULL,NULL,local_pdf,official_web_fallback,official_web_fallback,pdf_text,NULL,NULL,4261,NULL,NULL,https://cgwb.gov.in
goa,north goa,satari,satari,Nagargao,Nagargao Station,15.56158,74.1632,2013,8,August,1.1,NULL,Safe,NULL,NULL,NULL,NULL,NULL,NULL,unmatched,0.0,valid,August_WL_1994-2025.pdf,NULL,NULL,local_pdf,official_web_fallback,official_web_fallback,pdf_text,NULL,NULL,4261,NULL,NULL,https://cgwb.gov.in
goa,north goa,satari,satari,Valpoi,Valpoi Station,15.53301,74.13723,2013,8,August,0.9,NULL,Safe,NULL,NULL,NULL,NULL,NULL,NULL,unmatched,0.0,valid,August_WL_1994-2025.pdf,NULL,NULL,local_pdf,official_web_fallback,official_web_fallback,pdf_text,NULL,NULL,4261,NULL,NULL,https://cgwb.gov.in
goa,north goa,tiswadi,tiswadi,Gavalebhat Chimbel,Gavalebhat Chimbel Station,15.48944,73.8742,2013,8,August,3.8,NULL,Safe,NULL,NULL,NULL,NULL,NULL,NULL,unmatched,0.0,valid,August_WL_1994-2025.pdf,NULL,NULL,local_pdf,official_web_fallback,official_web_fallback,pdf_text,NULL,NULL,4261,NULL,NULL,https://cgwb.gov.in
goa,north goa,tiswadi,tiswadi,Goa-Velha,Goa-Velha Station,15.44139,73.87972,2013,8,August,1.1,NULL,Safe,NULL,NULL,NULL,NULL,NULL,NULL,unmatched,0.0,valid,August_WL_1994-2025.pdf,NULL,NULL,local_pdf,official_web_fallback,official_web_fallback,pdf_text,NULL,NULL,4261,NULL,NULL,https://cgwb.gov.in
goa,north goa,tiswadi,tiswadi,Velha Goa,Velha Goa Station,15.4976,73.91901,2013,8,August,0.5,NULL,Safe,NULL,NULL,NULL,NULL,NULL,NULL,unmatched,0.0,valid,August_WL_1994-2025.pdf,NULL,NULL,local_pdf,official_web_fallback,official_web_fallback,pdf_text,NULL,NULL,4261,NULL,NULL,https://cgwb.gov.in
goa,south goa,canacona,canacona,Agonda,Agonda Station,15.04152,73.99121,2013,8,August,1.7,NULL,Safe,NULL,NULL,NULL,NULL,NULL,NULL,unmatched,0.0,valid,August_WL_1994-2025.pdf,NULL,NULL,local_pdf,official_web_fallback,official_web_fallback,pdf_text,NULL,NULL,4261,NULL,NULL,https://cgwb.gov.in
goa,south goa,canacona,canacona,Canacona,Canacona Station,15.00716,74.05233,2013,8,August,1.5,NULL,Safe,NULL,NULL,NULL,NULL,NULL,NULL,unmatched,0.0,valid,August_WL_1994-2025.pdf,NULL,NULL,local_pdf,official_web_fallback,official_web_fallback,pdf_text,NULL,NULL,4261,NULL,NULL,https://cgwb.gov.in
goa,south goa,canacona,canacona,Carmona,Carmona Station,15.20278,73.9525,2013,8,August,2.5,NULL,Safe,NULL,NULL,NULL,NULL,NULL,NULL,unmatched,0.0,valid,August_WL_1994-2025.pdf,NULL,NULL,local_pdf,official_web_fallback,official_web_fallback,pdf_text,NULL,NULL,4261,NULL,NULL,https://cgwb.gov.in
goa,south goa,canacona,canacona,Daptamol Lolien,Daptamol Lolien Station,14.94986,74.05528,2013,8,August,14.5,NULL,Safe,NULL,NULL,NULL,NULL,NULL,NULL,unmatched,0.0,valid,August_WL_1994-2025.pdf,NULL,NULL,local_pdf,official_web_fallback,official_web_fallback,pdf_text,NULL,NULL,4261,NULL,NULL,https://cgwb.gov.in
goa,south goa,canacona,canacona,Gulem Velipwada,Gulem Velipwada Station,15.03918,74.02939,2013,8,August,0.5,NULL,Safe,NULL,NULL,NULL,NULL,NULL,NULL,unmatched,0.0,valid,August_WL_1994-2025.pdf,NULL,NULL,local_pdf,official_web_fallback,official_web_fallback,pdf_text,NULL,NULL,4262,NULL,NULL,https://cgwb.gov.in
goa,south goa,canacona,canacona,Hattipal Poinguinem,Hattipal Poinguinem Station,14.98407,74.10869,2013,8,August,5.1,NULL,Safe,NULL,NULL,NULL,NULL,NULL,NULL,unmatched,0.0,valid,August_WL_1994-2025.pdf,NULL,NULL,local_pdf,official_web_fallback,official_web_fallback,pdf_text,NULL,NULL,4262,NULL,NULL,https://cgwb.gov.in
goa,south goa,canacona,canacona,Mashe,Mashe Station,14.96289,74.05465,2013,8,August,2.9,NULL,Safe,NULL,NULL,NULL,NULL,NULL,NULL,unmatched,0.0,valid,August_WL_1994-2025.pdf,NULL,NULL,local_pdf,official_web_fallback,official_web_fallback,pdf_text,NULL,NULL,4262,NULL,NULL,https://cgwb.gov.in
goa,south goa,canacona,canacona,Poinguinim,Poinguinim Station,14.97528,74.09035,2013,8,August,14.9,NULL,Safe,NULL,NULL,NULL,NULL,NULL,NULL,unmatched,0.0,valid,August_WL_1994-2025.pdf,NULL,NULL,local_pdf,official_web_fallback,official_web_fallback,pdf_text,NULL,NULL,4262,NULL,NULL,https://cgwb.gov.in
goa,south goa,canacona,canacona,Polem,Polem Station,14.91289,74.08455,2013,8,August,1.0,NULL,Safe,NULL,NULL,NULL,NULL,NULL,NULL,unmatched,0.0,valid,August_WL_1994-2025.pdf,NULL,NULL,local_pdf,official_web_fallback,official_web_fallback,pdf_text,NULL,NULL,4262,NULL,NULL,https://cgwb.gov.in
goa,south goa,canacona,canacona,Shrishtal Gaondongar,Shrishtal Gaondongar Station,15.03725,74.11851,2013,8,August,3.5,NULL,Safe,NULL,NULL,NULL,NULL,NULL,NULL,unmatched,0.0,valid,August_WL_1994-2025.pdf,NULL,NULL,local_pdf,official_web_fallback,official_web_fallback,pdf_text,NULL,NULL,4262,NULL,NULL,https://cgwb.gov.in
goa,south goa,canacona,canacona,Sristal,Sristal Station,14.99245,74.10557,2013,8,August,1.4,NULL,Safe,NULL,NULL,NULL,NULL,NULL,NULL,unmatched,0.0,valid,August_WL_1994-2025.pdf,NULL,NULL,local_pdf,official_web_fallback,official_web_fallback,pdf_text,NULL,NULL,4262,NULL,NULL,https://cgwb.gov.in
goa,south goa,canacona,canacona,Yedda,Yedda Station,14.99803,74.19071,2013,8,August,1.9,NULL,Safe,NULL,NULL,NULL,NULL,NULL,NULL,unmatched,0.0,valid,August_WL_1994-2025.pdf,NULL,NULL,local_pdf,official_web_fallback,official_web_fallback,pdf_text,NULL,NULL,4262,NULL,NULL,https://cgwb.gov.in
goa,south goa,dharbandora,dharbandora,Bolkharnem,Bolkharnem Station,15.42964,74.19235,2013,8,August,4.0,NULL,Safe,NULL,NULL,NULL,NULL,NULL,NULL,unmatched,0.0,valid,August_WL_1994-2025.pdf,NULL,NULL,local_pdf,official_web_fallback,official_web_fallback,pdf_text,NULL,NULL,4262,NULL,NULL,https://cgwb.gov.in
goa,south goa,dharbandora,dharbandora,Colem,Colem Station,15.33497,74.24375,2013,8,August,2.4,NULL,Safe,NULL,NULL,NULL,NULL,NULL,NULL,unmatched,0.0,valid,August_WL_1994-2025.pdf,NULL,NULL,local_pdf,official_web_fallback,official_web_fallback,pdf_text,NULL,NULL,4262,NULL,NULL,https://cgwb.gov.in
goa,south goa,dharbandora,dharbandora,Molem,Molem Station,15.37701,74.22971,2013,8,August,0.9,NULL,Safe,NULL,NULL,NULL,NULL,NULL,NULL,unmatched,0.0,valid,August_WL_1994-2025.pdf,NULL,NULL,local_pdf,official_web_fallback,official_web_fallback,pdf_text,NULL,NULL,4262,NULL,NULL,https://cgwb.gov.in
goa,south goa,mormugao,mormugao,Chicalim (Ct),Chicalim (Ct) Station,15.39818,73.83679,2013,8,August,1.4,NULL,Safe,NULL,NULL,NULL,NULL,NULL,NULL,unmatched,0.0,valid,August_WL_1994-2025.pdf,NULL,NULL,local_pdf,official_web_fallback,official_web_fallback,pdf_text,NULL,NULL,4262,NULL,NULL,https://cgwb.gov.in
goa,south goa,ponda,ponda,Borim (Ct),Borim (Ct) Station,15.35417,74.0016,2013,8,August,3.7,NULL,Safe,NULL,NULL,NULL,NULL,NULL,NULL,unmatched,0.0,valid,August_WL_1994-2025.pdf,NULL,NULL,local_pdf,official_web_fallback,official_web_fallback,pdf_text,NULL,NULL,4262,NULL,NULL,https://cgwb.gov.in
goa,south goa,ponda,ponda,Mankem,Mankem Station,15.30549,74.04834,2013,8,August,2.2,NULL,Safe,NULL,NULL,NULL,NULL,NULL,NULL,unmatched,0.0,valid,August_WL_1994-2025.pdf,NULL,NULL,local_pdf,official_web_fallback,official_web_fallback,pdf_text,NULL,NULL,4262,NULL,NULL,https://cgwb.gov.in
goa,south goa,ponda,ponda,Shiroda,Shiroda Station,15.32068,74.03502,2013,8,August,4.9,NULL,Safe,NULL,NULL,NULL,NULL,NULL,NULL,unmatched,0.0,valid,August_WL_1994-2025.pdf,NULL,NULL,local_pdf,official_web_fallback,official_web_fallback,pdf_text,NULL,NULL,4262,NULL,NULL,https://cgwb.gov.in
goa,south goa,quepem,quepem,Ghadiawada,Ghadiawada Station,15.23894,74.11303,2013,8,August,0.9,NULL,Safe,NULL,NULL,NULL,NULL,NULL,NULL,unmatched,0.0,valid,August_WL_1994-2025.pdf,NULL,NULL,local_pdf,official_web_fallback,official_web_fallback,pdf_text,NULL,NULL,4262,NULL,NULL,https://cgwb.gov.in
goa,south goa,quepem,quepem,Malkarnem,Malkarnem Station,15.18693,74.12549,2013,8,August,5.3,NULL,Safe,NULL,NULL,NULL,NULL,NULL,NULL,unmatched,0.0,valid,August_WL_1994-2025.pdf,NULL,NULL,local_pdf,official_web_fallback,official_web_fallback,pdf_text,NULL,NULL,4262,NULL,NULL,https://cgwb.gov.in
goa,south goa,quepem,quepem,Padi,Padi Station,15.09291,74.0306,2013,8,August,6.4,NULL,Safe,NULL,NULL,NULL,NULL,NULL,NULL,unmatched,0.0,valid,August_WL_1994-2025.pdf,NULL,NULL,local_pdf,official_web_fallback,official_web_fallback,pdf_text,NULL,NULL,4262,NULL,NULL,https://cgwb.gov.in
goa,south goa,quepem,quepem,Quepem,Quepem Station,15.21751,74.08075,2013,8,August,1.8,NULL,Safe,NULL,NULL,NULL,NULL,NULL,NULL,unmatched,0.0,valid,August_WL_1994-2025.pdf,NULL,NULL,local_pdf,official_web_fallback,official_web_fallback,pdf_text,NULL,NULL,4262,NULL,NULL,https://cgwb.gov.in
goa,south goa,salcete,salcete,Akamol Ambavalli,Akamol Ambavalli Station,15.19028,74.00016,2013,8,August,3.1,NULL,Safe,NULL,NULL,NULL,NULL,NULL,NULL,unmatched,0.0,valid,August_WL_1994-2025.pdf,NULL,NULL,local_pdf,official_web_fallback,official_web_fallback,pdf_text,NULL,NULL,4262,NULL,NULL,https://cgwb.gov.in
goa,south goa,salcete,salcete,Ballynuvhen,Ballynuvhen Station,15.31651,73.94542,2013,8,August,6.3,NULL,Safe,NULL,NULL,NULL,NULL,NULL,NULL,unmatched,0.0,valid,August_WL_1994-2025.pdf,NULL,NULL,local_pdf,official_web_fallback,official_web_fallback,pdf_text,NULL,NULL,4262,NULL,NULL,https://cgwb.gov.in
goa,south goa,salcete,salcete,Barodi Velni Betul,Barodi Velni Betul Station,15.14996,73.96082,2013,8,August,2.4,NULL,Safe,NULL,NULL,NULL,NULL,NULL,NULL,unmatched,0.0,valid,August_WL_1994-2025.pdf,NULL,NULL,local_pdf,official_web_fallback,official_web_fallback,pdf_text,NULL,NULL,4262,NULL,NULL,https://cgwb.gov.in
goa,south goa,salcete,salcete,Betalbhatti,Betalbhatti Station,15.30071,73.92006,2013,8,August,2.2,NULL,Safe,NULL,NULL,NULL,NULL,NULL,NULL,unmatched,0.0,valid,August_WL_1994-2025.pdf,NULL,NULL,local_pdf,official_web_fallback,official_web_fallback,pdf_text,NULL,NULL,4262,NULL,NULL,https://cgwb.gov.in
goa,south goa,salcete,salcete,Cuncolim,Cuncolim Station,15.18013,74.00004,2013,8,August,1.6,NULL,Safe,NULL,NULL,NULL,NULL,NULL,NULL,unmatched,0.0,valid,August_WL_1994-2025.pdf,NULL,NULL,local_pdf,official_web_fallback,official_web_fallback,pdf_text,NULL,NULL,4262,NULL,NULL,https://cgwb.gov.in
goa,south goa,salcete,salcete,Kaveslium,Kaveslium Station,15.18555,73.94721,2013,8,August,2.2,NULL,Safe,NULL,NULL,NULL,NULL,NULL,NULL,unmatched,0.0,valid,August_WL_1994-2025.pdf,NULL,NULL,local_pdf,official_web_fallback,official_web_fallback,pdf_text,NULL,NULL,4262,NULL,NULL,https://cgwb.gov.in
goa,south goa,salcete,salcete,Majorda Bpada Curilo,Majorda Bpada Curilo Station,15.32117,73.91711,2013,8,August,1.8,NULL,Safe,NULL,NULL,NULL,NULL,NULL,NULL,unmatched,0.0,valid,August_WL_1994-2025.pdf,NULL,NULL,local_pdf,official_web_fallback,official_web_fallback,pdf_text,NULL,NULL,4262,NULL,NULL,https://cgwb.gov.in
goa,south goa,salcete,salcete,Navelim (Ct),Navelim (Ct) Station,15.25444,73.96722,2013,8,August,2.1,NULL,Safe,NULL,NULL,NULL,NULL,NULL,NULL,unmatched,0.0,valid,August_WL_1994-2025.pdf,NULL,NULL,local_pdf,official_web_fallback,official_web_fallback,pdf_text,NULL,NULL,4262,NULL,NULL,https://cgwb.gov.in
goa,south goa,salcete,salcete,Panchwadi,Panchwadi Station,15.2836,74.09517,2013,8,August,2.7,NULL,Safe,NULL,NULL,NULL,NULL,NULL,NULL,unmatched,0.0,valid,August_WL_1994-2025.pdf,NULL,NULL,local_pdf,official_web_fallback,official_web_fallback,pdf_text,NULL,NULL,4262,NULL,NULL,https://cgwb.gov.in
goa,south goa,sanguem,sanguem,Bati,Bati Station,15.13176,74.22645,2013,8,August,4.2,NULL,Safe,NULL,NULL,NULL,NULL,NULL,NULL,unmatched,0.0,valid,August_WL_1994-2025.pdf,NULL,NULL,local_pdf,official_web_fallback,official_web_fallback,pdf_text,NULL,NULL,4262,NULL,NULL,https://cgwb.gov.in
goa,south goa,sanguem,sanguem,Deulwada Kolamba,Deulwada Kolamba Station,15.15021,74.13099,2013,8,August,1.9,NULL,Safe,NULL,NULL,NULL,NULL,NULL,NULL,unmatched,0.0,valid,August_WL_1994-2025.pdf,NULL,NULL,local_pdf,official_web_fallback,official_web_fallback,pdf_text,NULL,NULL,4262,NULL,NULL,https://cgwb.gov.in
goa,south goa,sanguem,sanguem,Guddemal,Guddemal Station,15.28545,74.12969,2013,8,August,4.7,NULL,Safe,NULL,NULL,NULL,NULL,NULL,NULL,unmatched,0.0,valid,August_WL_1994-2025.pdf,NULL,NULL,local_pdf,official_web_fallback,official_web_fallback,pdf_text,NULL,NULL,4262,NULL,NULL,https://cgwb.gov.in
goa,south goa,sanguem,sanguem,Jambavli,Jambavli Station,15.18658,74.09529,2013,8,August,5.3,NULL,Safe,NULL,NULL,NULL,NULL,NULL,NULL,unmatched,0.0,valid,August_WL_1994-2025.pdf,NULL,NULL,local_pdf,official_web_fallback,official_web_fallback,pdf_text,NULL,NULL,4262,NULL,NULL,https://cgwb.gov.in
goa,south goa,sanguem,sanguem,Kalay,Kalay Station,15.2885,74.18007,2013,8,August,3.7,NULL,Safe,NULL,NULL,NULL,NULL,NULL,NULL,unmatched,0.0,valid,August_WL_1994-2025.pdf,NULL,NULL,local_pdf,official_web_fallback,official_web_fallback,pdf_text,NULL,NULL,4262,NULL,NULL,https://cgwb.gov.in
goa,south goa,sanguem,sanguem,Rivona,Rivona Station,15.16415,74.10671,2013,8,August,5.5,NULL,Safe,NULL,NULL,NULL,NULL,NULL,NULL,unmatched,0.0,valid,August_WL_1994-2025.pdf,NULL,NULL,local_pdf,official_web_fallback,official_web_fallback,pdf_text,NULL,NULL,4262,NULL,NULL,https://cgwb.gov.in
goa,south goa,sanguem,sanguem,Themchewada,Themchewada Station,15.21958,74.15752,2013,8,August,6.2,NULL,Safe,NULL,NULL,NULL,NULL,NULL,NULL,unmatched,0.0,valid,August_WL_1994-2025.pdf,NULL,NULL,local_pdf,official_web_fallback,official_web_fallback,pdf_text,NULL,NULL,4262,NULL,NULL,https://cgwb.gov.in
goa,south goa,sanguem,sanguem,Vadam,Vadam Station,15.13063,74.20754,2013,8,August,3.4,NULL,Safe,NULL,NULL,NULL,NULL,NULL,NULL,unmatched,0.0,valid,August_WL_1994-2025.pdf,NULL,NULL,local_pdf,official_web_fallback,official_web_fallback,pdf_text,NULL,NULL,4262,NULL,NULL,https://cgwb.gov.in
goa,south goa,sanguem,sanguem,Vichundrem,Vichundrem Station,15.10364,74.20318,2013,8,August,1.1,NULL,Safe,NULL,NULL,NULL,NULL,NULL,NULL,unmatched,0.0,valid,August_WL_1994-2025.pdf,NULL,NULL,local_pdf,official_web_fallback,official_web_fallback,pdf_text,NULL,NULL,4262,NULL,NULL,https://cgwb.gov.in
goa,north goa,bardez,bardez,Alto Betim Porvorim,Alto Betim Porvorim Station,15.52605,73.82982,2012,8,August,1.3,NULL,Safe,NULL,NULL,NULL,NULL,NULL,NULL,unmatched,0.0,valid,August_WL_1994-2025.pdf,NULL,NULL,local_pdf,official_web_fallback,official_web_fallback,pdf_text,NULL,NULL,4533,NULL,NULL,https://cgwb.gov.in
goa,north goa,bardez,bardez,Baga,Baga Station,15.56,73.751,2012,8,August,2.1,NULL,Safe,NULL,NULL,NULL,NULL,NULL,NULL,unmatched,0.0,valid,August_WL_1994-2025.pdf,NULL,NULL,local_pdf,official_web_fallback,official_web_fallback,pdf_text,NULL,NULL,4533,NULL,NULL,https://cgwb.gov.in
goa,north goa,bardez,bardez,Calangute (Ct),Calangute (Ct) Station,15.54612,73.75861,2012,8,August,3.0,NULL,Safe,NULL,NULL,NULL,NULL,NULL,NULL,unmatched,0.0,valid,August_WL_1994-2025.pdf,NULL,NULL,local_pdf,official_web_fallback,official_web_fallback,pdf_text,NULL,NULL,4533,NULL,NULL,https://cgwb.gov.in
goa,north goa,bardez,bardez,Mapuca,Mapuca Station,15.61013,73.82434,2012,8,August,1.4,NULL,Safe,NULL,NULL,NULL,NULL,NULL,NULL,unmatched,0.0,valid,August_WL_1994-2025.pdf,NULL,NULL,local_pdf,official_web_fallback,official_web_fallback,pdf_text,NULL,NULL,4533,NULL,NULL,https://cgwb.gov.in
goa,north goa,bardez,bardez,Sircaim,Sircaim Station,15.62689,73.87588,2012,8,August,1.3,NULL,Safe,NULL,NULL,NULL,NULL,NULL,NULL,unmatched,0.0,valid,August_WL_1994-2025.pdf,NULL,NULL,local_pdf,official_web_fallback,official_web_fallback,pdf_text,NULL,NULL,4533,NULL,NULL,https://cgwb.gov.in
goa,north goa,bicholim,bicholim,Salem,Salem Station,15.68771,73.92681,2012,8,August,1.8,NULL,Safe,NULL,NULL,NULL,NULL,NULL,NULL,unmatched,0.0,valid,August_WL_1994-2025.pdf,NULL,NULL,local_pdf,official_web_fallback,official_web_fallback,pdf_text,NULL,NULL,4533,NULL,NULL,https://cgwb.gov.in
goa,north goa,pernem,pernem,Corgao,Corgao Station,15.70939,73.75176,2012,8,August,3.1,NULL,Safe,NULL,NULL,NULL,NULL,NULL,NULL,unmatched,0.0,valid,August_WL_1994-2025.pdf,NULL,NULL,local_pdf,official_web_fallback,official_web_fallback,pdf_text,NULL,NULL,4533,NULL,NULL,https://cgwb.gov.in
goa,north goa,pernem,pernem,Morji,Morji Station,15.63598,73.73963,2012,8,August,0.4,NULL,Safe,NULL,NULL,NULL,NULL,NULL,NULL,unmatched,0.0,valid,August_WL_1994-2025.pdf,NULL,NULL,local_pdf,official_web_fallback,official_web_fallback,pdf_text,NULL,NULL,4533,NULL,NULL,https://cgwb.gov.in
goa,north goa,pernem,pernem,Nagjhar,Nagjhar Station,15.70843,73.85289,2012,8,August,6.4,NULL,Safe,NULL,NULL,NULL,NULL,NULL,NULL,unmatched,0.0,valid,August_WL_1994-2025.pdf,NULL,NULL,local_pdf,official_web_fallback,official_web_fallback,pdf_text,NULL,NULL,4533,NULL,NULL,https://cgwb.gov.in
goa,north goa,pernem,pernem,Pernem,Pernem Station,15.7176,73.79806,2012,8,August,2.3,NULL,Safe,NULL,NULL,NULL,NULL,NULL,NULL,unmatched,0.0,valid,August_WL_1994-2025.pdf,NULL,NULL,local_pdf,official_web_fallback,official_web_fallback,pdf_text,NULL,NULL,4533,NULL,NULL,https://cgwb.gov.in
goa,north goa,pernem,pernem,Varconda,Varconda Station,15.75465,73.83533,2012,8,August,1.9,NULL,Safe,NULL,NULL,NULL,NULL,NULL,NULL,unmatched,0.0,valid,August_WL_1994-2025.pdf,NULL,NULL,local_pdf,official_web_fallback,official_web_fallback,pdf_text,NULL,NULL,4533,NULL,NULL,https://cgwb.gov.in
goa,north goa,satari,satari,Bayalwadikeri,Bayalwadikeri Station,15.61128,74.067,2012,8,August,1.4,NULL,Safe,NULL,NULL,NULL,NULL,NULL,NULL,unmatched,0.0,valid,August_WL_1994-2025.pdf,NULL,NULL,local_pdf,official_web_fallback,official_web_fallback,pdf_text,NULL,NULL,4533,NULL,NULL,https://cgwb.gov.in
goa,north goa,satari,satari,Honda,Honda Station,15.54722,74.05079,2012,8,August,1.6,NULL,Safe,NULL,NULL,NULL,NULL,NULL,NULL,unmatched,0.0,valid,August_WL_1994-2025.pdf,NULL,NULL,local_pdf,official_web_fallback,official_web_fallback,pdf_text,NULL,NULL,4533,NULL,NULL,https://cgwb.gov.in
goa,north goa,satari,satari,Khadki(Harijanwada),Khadki(Harijanwada) Station,15.50253,74.13964,2012,8,August,3.6,NULL,Safe,NULL,NULL,NULL,NULL,NULL,NULL,unmatched,0.0,valid,August_WL_1994-2025.pdf,NULL,NULL,local_pdf,official_web_fallback,official_web_fallback,pdf_text,NULL,NULL,4533,NULL,NULL,https://cgwb.gov.in
goa,north goa,satari,satari,Morlem,Morlem Station,15.59397,74.04632,2012,8,August,3.0,NULL,Safe,NULL,NULL,NULL,NULL,NULL,NULL,unmatched,0.0,valid,August_WL_1994-2025.pdf,NULL,NULL,local_pdf,official_web_fallback,official_web_fallback,pdf_text,NULL,NULL,4533,NULL,NULL,https://cgwb.gov.in
goa,north goa,satari,satari,Valpoi,Valpoi Station,15.53301,74.13723,2012,8,August,1.5,NULL,Safe,NULL,NULL,NULL,NULL,NULL,NULL,unmatched,0.0,valid,August_WL_1994-2025.pdf,NULL,NULL,local_pdf,official_web_fallback,official_web_fallback,pdf_text,NULL,NULL,4533,NULL,NULL,https://cgwb.gov.in
goa,north goa,tiswadi,tiswadi,Goa-Velha,Goa-Velha Station,15.44139,73.87972,2012,8,August,1.0,NULL,Safe,NULL,NULL,NULL,NULL,NULL,NULL,unmatched,0.0,valid,August_WL_1994-2025.pdf,NULL,NULL,local_pdf,official_web_fallback,official_web_fallback,pdf_text,NULL,NULL,4533,NULL,NULL,https://cgwb.gov.in
goa,north goa,tiswadi,tiswadi,Karanjhalen,Karanjhalen Station,15.459,73.80281,2012,8,August,0.8,NULL,Safe,NULL,NULL,NULL,NULL,NULL,NULL,unmatched,0.0,valid,August_WL_1994-2025.pdf,NULL,NULL,local_pdf,official_web_fallback,official_web_fallback,pdf_text,NULL,NULL,4533,NULL,NULL,https://cgwb.gov.in
goa,north goa,tiswadi,tiswadi,Velha Goa,Velha Goa Station,15.4976,73.91901,2012,8,August,0.2,NULL,Safe,NULL,NULL,NULL,NULL,NULL,NULL,unmatched,0.0,valid,August_WL_1994-2025.pdf,NULL,NULL,local_pdf,official_web_fallback,official_web_fallback,pdf_text,NULL,NULL,4533,NULL,NULL,https://cgwb.gov.in
goa,south goa,canacona,canacona,Agonda,Agonda Station,15.04152,73.99121,2012,8,August,1.6,NULL,Safe,NULL,NULL,NULL,NULL,NULL,NULL,unmatched,0.0,valid,August_WL_1994-2025.pdf,NULL,NULL,local_pdf,official_web_fallback,official_web_fallback,pdf_text,NULL,NULL,4533,NULL,NULL,https://cgwb.gov.in
goa,south goa,canacona,canacona,Canacona,Canacona Station,15.00716,74.05233,2012,8,August,1.5,NULL,Safe,NULL,NULL,NULL,NULL,NULL,NULL,unmatched,0.0,valid,August_WL_1994-2025.pdf,NULL,NULL,local_pdf,official_web_fallback,official_web_fallback,pdf_text,NULL,NULL,4533,NULL,NULL,https://cgwb.gov.in
goa,south goa,canacona,canacona,Daptamol Lolien,Daptamol Lolien Station,14.94986,74.05528,2012,8,August,14.7,NULL,Safe,NULL,NULL,NULL,NULL,NULL,NULL,unmatched,0.0,valid,August_WL_1994-2025.pdf,NULL,NULL,local_pdf,official_web_fallback,official_web_fallback,pdf_text,NULL,NULL,4533,NULL,NULL,https://cgwb.gov.in
goa,south goa,canacona,canacona,Gulem Velipwada,Gulem Velipwada Station,15.03918,74.02939,2012,8,August,0.6,NULL,Safe,NULL,NULL,NULL,NULL,NULL,NULL,unmatched,0.0,valid,August_WL_1994-2025.pdf,NULL,NULL,local_pdf,official_web_fallback,official_web_fallback,pdf_text,NULL,NULL,4533,NULL,NULL,https://cgwb.gov.in
goa,south goa,canacona,canacona,Hattipal Poinguinem,Hattipal Poinguinem Station,14.98407,74.10869,2012,8,August,5.8,NULL,Safe,NULL,NULL,NULL,NULL,NULL,NULL,unmatched,0.0,valid,August_WL_1994-2025.pdf,NULL,NULL,local_pdf,official_web_fallback,official_web_fallback,pdf_text,NULL,NULL,4533,NULL,NULL,https://cgwb.gov.in
goa,south goa,canacona,canacona,Shrishtal Gaondongar,Shrishtal Gaondongar Station,15.03725,74.11851,2012,8,August,3.4,NULL,Safe,NULL,NULL,NULL,NULL,NULL,NULL,unmatched,0.0,valid,August_WL_1994-2025.pdf,NULL,NULL,local_pdf,official_web_fallback,official_web_fallback,pdf_text,NULL,NULL,4533,NULL,NULL,https://cgwb.gov.in
goa,south goa,dharbandora,dharbandora,Bolkharnem,Bolkharnem Station,15.42964,74.19235,2012,8,August,4.1,NULL,Safe,NULL,NULL,NULL,NULL,NULL,NULL,unmatched,0.0,valid,August_WL_1994-2025.pdf,NULL,NULL,local_pdf,official_web_fallback,official_web_fallback,pdf_text,NULL,NULL,4533,NULL,NULL,https://cgwb.gov.in
goa,south goa,dharbandora,dharbandora,Colem,Colem Station,15.33497,74.24375,2012,8,August,4.2,NULL,Safe,NULL,NULL,NULL,NULL,NULL,NULL,unmatched,0.0,valid,August_WL_1994-2025.pdf,NULL,NULL,local_pdf,official_web_fallback,official_web_fallback,pdf_text,NULL,NULL,4533,NULL,NULL,https://cgwb.gov.in
goa,south goa,dharbandora,dharbandora,Molem,Molem Station,15.37701,74.22971,2012,8,August,1.2,NULL,Safe,NULL,NULL,NULL,NULL,NULL,NULL,unmatched,0.0,valid,August_WL_1994-2025.pdf,NULL,NULL,local_pdf,official_web_fallback,official_web_fallback,pdf_text,NULL,NULL,4533,NULL,NULL,https://cgwb.gov.in
goa,south goa,ponda,ponda,Shiroda,Shiroda Station,15.32068,74.03502,2012,8,August,5.2,NULL,Safe,NULL,NULL,NULL,NULL,NULL,NULL,unmatched,0.0,valid,August_WL_1994-2025.pdf,NULL,NULL,local_pdf,official_web_fallback,official_web_fallback,pdf_text,NULL,NULL,4533,NULL,NULL,https://cgwb.gov.in
goa,south goa,quepem,quepem,Ghadiawada,Ghadiawada Station,15.23894,74.11303,2012,8,August,1.0,NULL,Safe,NULL,NULL,NULL,NULL,NULL,NULL,unmatched,0.0,valid,August_WL_1994-2025.pdf,NULL,NULL,local_pdf,official_web_fallback,official_web_fallback,pdf_text,NULL,NULL,4533,NULL,NULL,https://cgwb.gov.in
goa,south goa,quepem,quepem,Quepem,Quepem Station,15.21751,74.08075,2012,8,August,2.1,NULL,Safe,NULL,NULL,NULL,NULL,NULL,NULL,unmatched,0.0,valid,August_WL_1994-2025.pdf,NULL,NULL,local_pdf,official_web_fallback,official_web_fallback,pdf_text,NULL,NULL,4533,NULL,NULL,https://cgwb.gov.in
goa,south goa,salcete,salcete,Akamol Ambavalli,Akamol Ambavalli Station,15.19028,74.00016,2012,8,August,3.7,NULL,Safe,NULL,NULL,NULL,NULL,NULL,NULL,unmatched,0.0,valid,August_WL_1994-2025.pdf,NULL,NULL,local_pdf,official_web_fallback,official_web_fallback,pdf_text,NULL,NULL,4533,NULL,NULL,https://cgwb.gov.in
goa,south goa,salcete,salcete,Ballynuvhen,Ballynuvhen Station,15.31651,73.94542,2012,8,August,4.6,NULL,Safe,NULL,NULL,NULL,NULL,NULL,NULL,unmatched,0.0,valid,August_WL_1994-2025.pdf,NULL,NULL,local_pdf,official_web_fallback,official_web_fallback,pdf_text,NULL,NULL,4533,NULL,NULL,https://cgwb.gov.in
goa,south goa,salcete,salcete,Majorda Bpada Curilo,Majorda Bpada Curilo Station,15.32117,73.91711,2012,8,August,1.8,NULL,Safe,NULL,NULL,NULL,NULL,NULL,NULL,unmatched,0.0,valid,August_WL_1994-2025.pdf,NULL,NULL,local_pdf,official_web_fallback,official_web_fallback,pdf_text,NULL,NULL,4533,NULL,NULL,https://cgwb.gov.in
goa,south goa,salcete,salcete,Navelim (Ct),Navelim (Ct) Station,15.25444,73.96722,2012,8,August,9.7,NULL,Safe,NULL,NULL,NULL,NULL,NULL,NULL,unmatched,0.0,valid,August_WL_1994-2025.pdf,NULL,NULL,local_pdf,official_web_fallback,official_web_fallback,pdf_text,NULL,NULL,4533,NULL,NULL,https://cgwb.gov.in
goa,south goa,salcete,salcete,Panchwadi,Panchwadi Station,15.2836,74.09517,2012,8,August,4.6,NULL,Safe,NULL,NULL,NULL,NULL,NULL,NULL,unmatched,0.0,valid,August_WL_1994-2025.pdf,NULL,NULL,local_pdf,official_web_fallback,official_web_fallback,pdf_text,NULL,NULL,4534,NULL,NULL,https://cgwb.gov.in
goa,south goa,sanguem,sanguem,Deulwada Kolamba,Deulwada Kolamba Station,15.15021,74.13099,2012,8,August,2.2,NULL,Safe,NULL,NULL,NULL,NULL,NULL,NULL,unmatched,0.0,valid,August_WL_1994-2025.pdf,NULL,NULL,local_pdf,official_web_fallback,official_web_fallback,pdf_text,NULL,NULL,4534,NULL,NULL,https://cgwb.gov.in
goa,north goa,bardez,bardez,Alto Betim Porvorim,Alto Betim Porvorim Station,15.52605,73.82982,2011,8,August,3.1,NULL,Safe,NULL,NULL,NULL,NULL,NULL,NULL,unmatched,0.0,valid,August_WL_1994-2025.pdf,NULL,NULL,local_pdf,official_web_fallback,official_web_fallback,pdf_text,NULL,NULL,4777,NULL,NULL,https://cgwb.gov.in
goa,north goa,bardez,bardez,Baga,Baga Station,15.56,73.751,2011,8,August,1.7,NULL,Safe,NULL,NULL,NULL,NULL,NULL,NULL,unmatched,0.0,valid,August_WL_1994-2025.pdf,NULL,NULL,local_pdf,official_web_fallback,official_web_fallback,pdf_text,NULL,NULL,4777,NULL,NULL,https://cgwb.gov.in
goa,north goa,bardez,bardez,Calangute (Ct),Calangute (Ct) Station,15.54612,73.75861,2011,8,August,2.9,NULL,Safe,NULL,NULL,NULL,NULL,NULL,NULL,unmatched,0.0,valid,August_WL_1994-2025.pdf,NULL,NULL,local_pdf,official_web_fallback,official_web_fallback,pdf_text,NULL,NULL,4777,NULL,NULL,https://cgwb.gov.in
goa,north goa,bardez,bardez,Mapuca,Mapuca Station,15.61013,73.82434,2011,8,August,1.6,NULL,Safe,NULL,NULL,NULL,NULL,NULL,NULL,unmatched,0.0,valid,August_WL_1994-2025.pdf,NULL,NULL,local_pdf,official_web_fallback,official_web_fallback,pdf_text,NULL,NULL,4777,NULL,NULL,https://cgwb.gov.in
goa,north goa,bardez,bardez,Sircaim,Sircaim Station,15.62689,73.87588,2011,8,August,1.3,NULL,Safe,NULL,NULL,NULL,NULL,NULL,NULL,unmatched,0.0,valid,August_WL_1994-2025.pdf,NULL,NULL,local_pdf,official_web_fallback,official_web_fallback,pdf_text,NULL,NULL,4777,NULL,NULL,https://cgwb.gov.in
goa,north goa,bicholim,bicholim,Mulgao,Mulgao Station,15.61711,73.92075,2011,8,August,1.1,NULL,Safe,NULL,NULL,NULL,NULL,NULL,NULL,unmatched,0.0,valid,August_WL_1994-2025.pdf,NULL,NULL,local_pdf,official_web_fallback,official_web_fallback,pdf_text,NULL,NULL,4777,NULL,NULL,https://cgwb.gov.in
goa,north goa,bicholim,bicholim,Salem,Salem Station,15.68771,73.92681,2011,8,August,1.0,NULL,Safe,NULL,NULL,NULL,NULL,NULL,NULL,unmatched,0.0,valid,August_WL_1994-2025.pdf,NULL,NULL,local_pdf,official_web_fallback,official_web_fallback,pdf_text,NULL,NULL,4777,NULL,NULL,https://cgwb.gov.in
goa,north goa,pernem,pernem,Corgao,Corgao Station,15.70939,73.75176,2011,8,August,1.5,NULL,Safe,NULL,NULL,NULL,NULL,NULL,NULL,unmatched,0.0,valid,August_WL_1994-2025.pdf,NULL,NULL,local_pdf,official_web_fallback,official_web_fallback,pdf_text,NULL,NULL,4777,NULL,NULL,https://cgwb.gov.in
goa,north goa,pernem,pernem,Nagjhar,Nagjhar Station,15.70843,73.85289,2011,8,August,6.2,NULL,Safe,NULL,NULL,NULL,NULL,NULL,NULL,unmatched,0.0,valid,August_WL_1994-2025.pdf,NULL,NULL,local_pdf,official_web_fallback,official_web_fallback,pdf_text,NULL,NULL,4778,NULL,NULL,https://cgwb.gov.in
goa,north goa,pernem,pernem,Pernem,Pernem Station,15.7176,73.79806,2011,8,August,2.0,NULL,Safe,NULL,NULL,NULL,NULL,NULL,NULL,unmatched,0.0,valid,August_WL_1994-2025.pdf,NULL,NULL,local_pdf,official_web_fallback,official_web_fallback,pdf_text,NULL,NULL,4778,NULL,NULL,https://cgwb.gov.in
goa,north goa,pernem,pernem,Varconda,Varconda Station,15.75465,73.83533,2011,8,August,1.7,NULL,Safe,NULL,NULL,NULL,NULL,NULL,NULL,unmatched,0.0,valid,August_WL_1994-2025.pdf,NULL,NULL,local_pdf,official_web_fallback,official_web_fallback,pdf_text,NULL,NULL,4778,NULL,NULL,https://cgwb.gov.in
goa,north goa,satari,satari,Bayalwadikeri,Bayalwadikeri Station,15.61128,74.067,2011,8,August,1.1,NULL,Safe,NULL,NULL,NULL,NULL,NULL,NULL,unmatched,0.0,valid,August_WL_1994-2025.pdf,NULL,NULL,local_pdf,official_web_fallback,official_web_fallback,pdf_text,NULL,NULL,4778,NULL,NULL,https://cgwb.gov.in
goa,north goa,satari,satari,Honda,Honda Station,15.54722,74.05079,2011,8,August,1.1,NULL,Safe,NULL,NULL,NULL,NULL,NULL,NULL,unmatched,0.0,valid,August_WL_1994-2025.pdf,NULL,NULL,local_pdf,official_web_fallback,official_web_fallback,pdf_text,NULL,NULL,4778,NULL,NULL,https://cgwb.gov.in
goa,north goa,satari,satari,Khadki(Harijanwada),Khadki(Harijanwada) Station,15.50253,74.13964,2011,8,August,3.5,NULL,Safe,NULL,NULL,NULL,NULL,NULL,NULL,unmatched,0.0,valid,August_WL_1994-2025.pdf,NULL,NULL,local_pdf,official_web_fallback,official_web_fallback,pdf_text,NULL,NULL,4778,NULL,NULL,https://cgwb.gov.in
goa,north goa,satari,satari,Morlem,Morlem Station,15.59397,74.04632,2011,8,August,1.8,NULL,Safe,NULL,NULL,NULL,NULL,NULL,NULL,unmatched,0.0,valid,August_WL_1994-2025.pdf,NULL,NULL,local_pdf,official_web_fallback,official_web_fallback,pdf_text,NULL,NULL,4778,NULL,NULL,https://cgwb.gov.in
goa,north goa,satari,satari,Valpoi,Valpoi Station,15.53301,74.13723,2011,8,August,2.4,NULL,Safe,NULL,NULL,NULL,NULL,NULL,NULL,unmatched,0.0,valid,August_WL_1994-2025.pdf,NULL,NULL,local_pdf,official_web_fallback,official_web_fallback,pdf_text,NULL,NULL,4778,NULL,NULL,https://cgwb.gov.in
goa,north goa,tiswadi,tiswadi,Goa-Velha,Goa-Velha Station,15.44139,73.87972,2011,8,August,0.9,NULL,Safe,NULL,NULL,NULL,NULL,NULL,NULL,unmatched,0.0,valid,August_WL_1994-2025.pdf,NULL,NULL,local_pdf,official_web_fallback,official_web_fallback,pdf_text,NULL,NULL,4778,NULL,NULL,https://cgwb.gov.in
goa,north goa,tiswadi,tiswadi,Karanjhalen,Karanjhalen Station,15.459,73.80281,2011,8,August,2.6,NULL,Safe,NULL,NULL,NULL,NULL,NULL,NULL,unmatched,0.0,valid,August_WL_1994-2025.pdf,NULL,NULL,local_pdf,official_web_fallback,official_web_fallback,pdf_text,NULL,NULL,4778,NULL,NULL,https://cgwb.gov.in
goa,north goa,tiswadi,tiswadi,Velha Goa,Velha Goa Station,15.4976,73.91901,2011,8,August,0.4,NULL,Safe,NULL,NULL,NULL,NULL,NULL,NULL,unmatched,0.0,valid,August_WL_1994-2025.pdf,NULL,NULL,local_pdf,official_web_fallback,official_web_fallback,pdf_text,NULL,NULL,4778,NULL,NULL,https://cgwb.gov.in
goa,south goa,canacona,canacona,Agonda,Agonda Station,15.04152,73.99121,2011,8,August,1.3,NULL,Safe,NULL,NULL,NULL,NULL,NULL,NULL,unmatched,0.0,valid,August_WL_1994-2025.pdf,NULL,NULL,local_pdf,official_web_fallback,official_web_fallback,pdf_text,NULL,NULL,4778,NULL,NULL,https://cgwb.gov.in
goa,south goa,canacona,canacona,Canacona,Canacona Station,15.00716,74.05233,2011,8,August,1.3,NULL,Safe,NULL,NULL,NULL,NULL,NULL,NULL,unmatched,0.0,valid,August_WL_1994-2025.pdf,NULL,NULL,local_pdf,official_web_fallback,official_web_fallback,pdf_text,NULL,NULL,4778,NULL,NULL,https://cgwb.gov.in
goa,south goa,canacona,canacona,Daptamol Lolien,Daptamol Lolien Station,14.94986,74.05528,2011,8,August,13.3,NULL,Safe,NULL,NULL,NULL,NULL,NULL,NULL,unmatched,0.0,valid,August_WL_1994-2025.pdf,NULL,NULL,local_pdf,official_web_fallback,official_web_fallback,pdf_text,NULL,NULL,4778,NULL,NULL,https://cgwb.gov.in
goa,south goa,canacona,canacona,Gulem Velipwada,Gulem Velipwada Station,15.03918,74.02939,2011,8,August,0.6,NULL,Safe,NULL,NULL,NULL,NULL,NULL,NULL,unmatched,0.0,valid,August_WL_1994-2025.pdf,NULL,NULL,local_pdf,official_web_fallback,official_web_fallback,pdf_text,NULL,NULL,4778,NULL,NULL,https://cgwb.gov.in
goa,south goa,canacona,canacona,Hattipal Poinguinem,Hattipal Poinguinem Station,14.98407,74.10869,2011,8,August,2.7,NULL,Safe,NULL,NULL,NULL,NULL,NULL,NULL,unmatched,0.0,valid,August_WL_1994-2025.pdf,NULL,NULL,local_pdf,official_web_fallback,official_web_fallback,pdf_text,NULL,NULL,4778,NULL,NULL,https://cgwb.gov.in
goa,south goa,canacona,canacona,Polem,Polem Station,14.91289,74.08455,2011,8,August,1.1,NULL,Safe,NULL,NULL,NULL,NULL,NULL,NULL,unmatched,0.0,valid,August_WL_1994-2025.pdf,NULL,NULL,local_pdf,official_web_fallback,official_web_fallback,pdf_text,NULL,NULL,4778,NULL,NULL,https://cgwb.gov.in
goa,south goa,canacona,canacona,Shrishtal Gaondongar,Shrishtal Gaondongar Station,15.03725,74.11851,2011,8,August,5.2,NULL,Safe,NULL,NULL,NULL,NULL,NULL,NULL,unmatched,0.0,valid,August_WL_1994-2025.pdf,NULL,NULL,local_pdf,official_web_fallback,official_web_fallback,pdf_text,NULL,NULL,4778,NULL,NULL,https://cgwb.gov.in
goa,south goa,dharbandora,dharbandora,Bolkharnem,Bolkharnem Station,15.42964,74.19235,2011,8,August,3.3,NULL,Safe,NULL,NULL,NULL,NULL,NULL,NULL,unmatched,0.0,valid,August_WL_1994-2025.pdf,NULL,NULL,local_pdf,official_web_fallback,official_web_fallback,pdf_text,NULL,NULL,4778,NULL,NULL,https://cgwb.gov.in
goa,south goa,dharbandora,dharbandora,Colem,Colem Station,15.33497,74.24375,2011,8,August,2.8,NULL,Safe,NULL,NULL,NULL,NULL,NULL,NULL,unmatched,0.0,valid,August_WL_1994-2025.pdf,NULL,NULL,local_pdf,official_web_fallback,official_web_fallback,pdf_text,NULL,NULL,4778,NULL,NULL,https://cgwb.gov.in
goa,south goa,dharbandora,dharbandora,Molem,Molem Station,15.37701,74.22971,2011,8,August,0.8,NULL,Safe,NULL,NULL,NULL,NULL,NULL,NULL,unmatched,0.0,valid,August_WL_1994-2025.pdf,NULL,NULL,local_pdf,official_web_fallback,official_web_fallback,pdf_text,NULL,NULL,4778,NULL,NULL,https://cgwb.gov.in
goa,south goa,ponda,ponda,Shiroda,Shiroda Station,15.32068,74.03502,2011,8,August,4.1,NULL,Safe,NULL,NULL,NULL,NULL,NULL,NULL,unmatched,0.0,valid,August_WL_1994-2025.pdf,NULL,NULL,local_pdf,official_web_fallback,official_web_fallback,pdf_text,NULL,NULL,4778,NULL,NULL,https://cgwb.gov.in
goa,south goa,quepem,quepem,Ghadiawada,Ghadiawada Station,15.23894,74.11303,2011,8,August,1.2,NULL,Safe,NULL,NULL,NULL,NULL,NULL,NULL,unmatched,0.0,valid,August_WL_1994-2025.pdf,NULL,NULL,local_pdf,official_web_fallback,official_web_fallback,pdf_text,NULL,NULL,4778,NULL,NULL,https://cgwb.gov.in
goa,south goa,quepem,quepem,Quepem,Quepem Station,15.21751,74.08075,2011,8,August,1.5,NULL,Safe,NULL,NULL,NULL,NULL,NULL,NULL,unmatched,0.0,valid,August_WL_1994-2025.pdf,NULL,NULL,local_pdf,official_web_fallback,official_web_fallback,pdf_text,NULL,NULL,4778,NULL,NULL,https://cgwb.gov.in
goa,south goa,salcete,salcete,Akamol Ambavalli,Akamol Ambavalli Station,15.19028,74.00016,2011,8,August,3.0,NULL,Safe,NULL,NULL,NULL,NULL,NULL,NULL,unmatched,0.0,valid,August_WL_1994-2025.pdf,NULL,NULL,local_pdf,official_web_fallback,official_web_fallback,pdf_text,NULL,NULL,4778,NULL,NULL,https://cgwb.gov.in
goa,south goa,salcete,salcete,Ballynuvhen,Ballynuvhen Station,15.31651,73.94542,2011,8,August,3.4,NULL,Safe,NULL,NULL,NULL,NULL,NULL,NULL,unmatched,0.0,valid,August_WL_1994-2025.pdf,NULL,NULL,local_pdf,official_web_fallback,official_web_fallback,pdf_text,NULL,NULL,4778,NULL,NULL,https://cgwb.gov.in
goa,south goa,salcete,salcete,Majorda Bpada Curilo,Majorda Bpada Curilo Station,15.32117,73.91711,2011,8,August,1.7,NULL,Safe,NULL,NULL,NULL,NULL,NULL,NULL,unmatched,0.0,valid,August_WL_1994-2025.pdf,NULL,NULL,local_pdf,official_web_fallback,official_web_fallback,pdf_text,NULL,NULL,4778,NULL,NULL,https://cgwb.gov.in
goa,south goa,salcete,salcete,Navelim (Ct),Navelim (Ct) Station,15.25444,73.96722,2011,8,August,8.8,NULL,Safe,NULL,NULL,NULL,NULL,NULL,NULL,unmatched,0.0,valid,August_WL_1994-2025.pdf,NULL,NULL,local_pdf,official_web_fallback,official_web_fallback,pdf_text,NULL,NULL,4778,NULL,NULL,https://cgwb.gov.in
goa,south goa,salcete,salcete,Panchwadi,Panchwadi Station,15.2836,74.09517,2011,8,August,3.9,NULL,Safe,NULL,NULL,NULL,NULL,NULL,NULL,unmatched,0.0,valid,August_WL_1994-2025.pdf,NULL,NULL,local_pdf,official_web_fallback,official_web_fallback,pdf_text,NULL,NULL,4778,NULL,NULL,https://cgwb.gov.in
goa,south goa,sanguem,sanguem,Deulwada Kolamba,Deulwada Kolamba Station,15.15021,74.13099,2011,8,August,1.1,NULL,Safe,NULL,NULL,NULL,NULL,NULL,NULL,unmatched,0.0,valid,August_WL_1994-2025.pdf,NULL,NULL,local_pdf,official_web_fallback,official_web_fallback,pdf_text,NULL,NULL,4778,NULL,NULL,https://cgwb.gov.in
goa,north goa,bardez,bardez,Alto Betim Porvorim,Alto Betim Porvorim Station,15.52605,73.82982,2010,8,August,4.1,NULL,Safe,NULL,NULL,NULL,NULL,NULL,NULL,unmatched,0.0,valid,August_WL_1994-2025.pdf,NULL,NULL,local_pdf,official_web_fallback,official_web_fallback,pdf_text,NULL,NULL,5022,NULL,NULL,https://cgwb.gov.in
goa,north goa,bardez,bardez,Calangute (Ct),Calangute (Ct) Station,15.54612,73.75861,2010,8,August,2.7,NULL,Safe,NULL,NULL,NULL,NULL,NULL,NULL,unmatched,0.0,valid,August_WL_1994-2025.pdf,NULL,NULL,local_pdf,official_web_fallback,official_web_fallback,pdf_text,NULL,NULL,5022,NULL,NULL,https://cgwb.gov.in
goa,north goa,bardez,bardez,Mapuca,Mapuca Station,15.61013,73.82434,2010,8,August,2.4,NULL,Safe,NULL,NULL,NULL,NULL,NULL,NULL,unmatched,0.0,valid,August_WL_1994-2025.pdf,NULL,NULL,local_pdf,official_web_fallback,official_web_fallback,pdf_text,NULL,NULL,5022,NULL,NULL,https://cgwb.gov.in
goa,north goa,bardez,bardez,Sircaim,Sircaim Station,15.62689,73.87588,2010,8,August,2.0,NULL,Safe,NULL,NULL,NULL,NULL,NULL,NULL,unmatched,0.0,valid,August_WL_1994-2025.pdf,NULL,NULL,local_pdf,official_web_fallback,official_web_fallback,pdf_text,NULL,NULL,5022,NULL,NULL,https://cgwb.gov.in
goa,north goa,bicholim,bicholim,Mulgao,Mulgao Station,15.61711,73.92075,2010,8,August,2.9,NULL,Safe,NULL,NULL,NULL,NULL,NULL,NULL,unmatched,0.0,valid,August_WL_1994-2025.pdf,NULL,NULL,local_pdf,official_web_fallback,official_web_fallback,pdf_text,NULL,NULL,5022,NULL,NULL,https://cgwb.gov.in
goa,north goa,bicholim,bicholim,Salem,Salem Station,15.68771,73.92681,2010,8,August,1.9,NULL,Safe,NULL,NULL,NULL,NULL,NULL,NULL,unmatched,0.0,valid,August_WL_1994-2025.pdf,NULL,NULL,local_pdf,official_web_fallback,official_web_fallback,pdf_text,NULL,NULL,5022,NULL,NULL,https://cgwb.gov.in
goa,north goa,pernem,pernem,Corgao,Corgao Station,15.70939,73.75176,2010,8,August,3.4,NULL,Safe,NULL,NULL,NULL,NULL,NULL,NULL,unmatched,0.0,valid,August_WL_1994-2025.pdf,NULL,NULL,local_pdf,official_web_fallback,official_web_fallback,pdf_text,NULL,NULL,5022,NULL,NULL,https://cgwb.gov.in
goa,north goa,pernem,pernem,Morji,Morji Station,15.63598,73.73963,2010,8,August,0.3,NULL,Safe,NULL,NULL,NULL,NULL,NULL,NULL,unmatched,0.0,valid,August_WL_1994-2025.pdf,NULL,NULL,local_pdf,official_web_fallback,official_web_fallback,pdf_text,NULL,NULL,5022,NULL,NULL,https://cgwb.gov.in
goa,north goa,pernem,pernem,Nagjhar,Nagjhar Station,15.70843,73.85289,2010,8,August,7.1,NULL,Safe,NULL,NULL,NULL,NULL,NULL,NULL,unmatched,0.0,valid,August_WL_1994-2025.pdf,NULL,NULL,local_pdf,official_web_fallback,official_web_fallback,pdf_text,NULL,NULL,5022,NULL,NULL,https://cgwb.gov.in
goa,north goa,pernem,pernem,Pernem,Pernem Station,15.7176,73.79806,2010,8,August,2.9,NULL,Safe,NULL,NULL,NULL,NULL,NULL,NULL,unmatched,0.0,valid,August_WL_1994-2025.pdf,NULL,NULL,local_pdf,official_web_fallback,official_web_fallback,pdf_text,NULL,NULL,5022,NULL,NULL,https://cgwb.gov.in
goa,north goa,pernem,pernem,Varconda,Varconda Station,15.75465,73.83533,2010,8,August,2.5,NULL,Safe,NULL,NULL,NULL,NULL,NULL,NULL,unmatched,0.0,valid,August_WL_1994-2025.pdf,NULL,NULL,local_pdf,official_web_fallback,official_web_fallback,pdf_text,NULL,NULL,5022,NULL,NULL,https://cgwb.gov.in
goa,north goa,satari,satari,Bayalwadikeri,Bayalwadikeri Station,15.61128,74.067,2010,8,August,1.9,NULL,Safe,NULL,NULL,NULL,NULL,NULL,NULL,unmatched,0.0,valid,August_WL_1994-2025.pdf,NULL,NULL,local_pdf,official_web_fallback,official_web_fallback,pdf_text,NULL,NULL,5022,NULL,NULL,https://cgwb.gov.in
goa,north goa,satari,satari,Honda,Honda Station,15.54722,74.05079,2010,8,August,2.1,NULL,Safe,NULL,NULL,NULL,NULL,NULL,NULL,unmatched,0.0,valid,August_WL_1994-2025.pdf,NULL,NULL,local_pdf,official_web_fallback,official_web_fallback,pdf_text,NULL,NULL,5022,NULL,NULL,https://cgwb.gov.in
goa,north goa,satari,satari,Khadki(Harijanwada),Khadki(Harijanwada) Station,15.50253,74.13964,2010,8,August,4.4,NULL,Safe,NULL,NULL,NULL,NULL,NULL,NULL,unmatched,0.0,valid,August_WL_1994-2025.pdf,NULL,NULL,local_pdf,official_web_fallback,official_web_fallback,pdf_text,NULL,NULL,5022,NULL,NULL,https://cgwb.gov.in
goa,north goa,satari,satari,Morlem,Morlem Station,15.59397,74.04632,2010,8,August,3.1,NULL,Safe,NULL,NULL,NULL,NULL,NULL,NULL,unmatched,0.0,valid,August_WL_1994-2025.pdf,NULL,NULL,local_pdf,official_web_fallback,official_web_fallback,pdf_text,NULL,NULL,5022,NULL,NULL,https://cgwb.gov.in
goa,north goa,satari,satari,Valpoi,Valpoi Station,15.53301,74.13723,2010,8,August,3.5,NULL,Safe,NULL,NULL,NULL,NULL,NULL,NULL,unmatched,0.0,valid,August_WL_1994-2025.pdf,NULL,NULL,local_pdf,official_web_fallback,official_web_fallback,pdf_text,NULL,NULL,5022,NULL,NULL,https://cgwb.gov.in
goa,north goa,tiswadi,tiswadi,Goa-Velha,Goa-Velha Station,15.44139,73.87972,2010,8,August,0.2,NULL,Safe,NULL,NULL,NULL,NULL,NULL,NULL,unmatched,0.0,valid,August_WL_1994-2025.pdf,NULL,NULL,local_pdf,official_web_fallback,official_web_fallback,pdf_text,NULL,NULL,5022,NULL,NULL,https://cgwb.gov.in
goa,north goa,tiswadi,tiswadi,Karanjhalen,Karanjhalen Station,15.459,73.80281,2010,8,August,1.6,NULL,Safe,NULL,NULL,NULL,NULL,NULL,NULL,unmatched,0.0,valid,August_WL_1994-2025.pdf,NULL,NULL,local_pdf,official_web_fallback,official_web_fallback,pdf_text,NULL,NULL,5022,NULL,NULL,https://cgwb.gov.in
goa,south goa,canacona,canacona,Agonda,Agonda Station,15.04152,73.99121,2010,8,August,2.0,NULL,Safe,NULL,NULL,NULL,NULL,NULL,NULL,unmatched,0.0,valid,August_WL_1994-2025.pdf,NULL,NULL,local_pdf,official_web_fallback,official_web_fallback,pdf_text,NULL,NULL,5022,NULL,NULL,https://cgwb.gov.in
goa,south goa,canacona,canacona,Canacona,Canacona Station,15.00716,74.05233,2010,8,August,1.7,NULL,Safe,NULL,NULL,NULL,NULL,NULL,NULL,unmatched,0.0,valid,August_WL_1994-2025.pdf,NULL,NULL,local_pdf,official_web_fallback,official_web_fallback,pdf_text,NULL,NULL,5022,NULL,NULL,https://cgwb.gov.in
goa,south goa,canacona,canacona,Carmona,Carmona Station,15.20278,73.9525,2010,8,August,2.8,NULL,Safe,NULL,NULL,NULL,NULL,NULL,NULL,unmatched,0.0,valid,August_WL_1994-2025.pdf,NULL,NULL,local_pdf,official_web_fallback,official_web_fallback,pdf_text,NULL,NULL,5022,NULL,NULL,https://cgwb.gov.in
goa,south goa,canacona,canacona,Daptamol Lolien,Daptamol Lolien Station,14.94986,74.05528,2010,8,August,14.6,NULL,Safe,NULL,NULL,NULL,NULL,NULL,NULL,unmatched,0.0,valid,August_WL_1994-2025.pdf,NULL,NULL,local_pdf,official_web_fallback,official_web_fallback,pdf_text,NULL,NULL,5022,NULL,NULL,https://cgwb.gov.in
goa,south goa,canacona,canacona,Gulem Velipwada,Gulem Velipwada Station,15.03918,74.02939,2010,8,August,0.6,NULL,Safe,NULL,NULL,NULL,NULL,NULL,NULL,unmatched,0.0,valid,August_WL_1994-2025.pdf,NULL,NULL,local_pdf,official_web_fallback,official_web_fallback,pdf_text,NULL,NULL,5022,NULL,NULL,https://cgwb.gov.in
goa,south goa,canacona,canacona,Hattipal Poinguinem,Hattipal Poinguinem Station,14.98407,74.10869,2010,8,August,5.4,NULL,Safe,NULL,NULL,NULL,NULL,NULL,NULL,unmatched,0.0,valid,August_WL_1994-2025.pdf,NULL,NULL,local_pdf,official_web_fallback,official_web_fallback,pdf_text,NULL,NULL,5022,NULL,NULL,https://cgwb.gov.in
goa,south goa,canacona,canacona,Polem,Polem Station,14.91289,74.08455,2010,8,August,1.0,NULL,Safe,NULL,NULL,NULL,NULL,NULL,NULL,unmatched,0.0,valid,August_WL_1994-2025.pdf,NULL,NULL,local_pdf,official_web_fallback,official_web_fallback,pdf_text,NULL,NULL,5022,NULL,NULL,https://cgwb.gov.in
goa,south goa,canacona,canacona,Shrishtal Gaondongar,Shrishtal Gaondongar Station,15.03725,74.11851,2010,8,August,3.6,NULL,Safe,NULL,NULL,NULL,NULL,NULL,NULL,unmatched,0.0,valid,August_WL_1994-2025.pdf,NULL,NULL,local_pdf,official_web_fallback,official_web_fallback,pdf_text,NULL,NULL,5022,NULL,NULL,https://cgwb.gov.in
goa,south goa,dharbandora,dharbandora,Bolkharnem,Bolkharnem Station,15.42964,74.19235,2010,8,August,4.7,NULL,Safe,NULL,NULL,NULL,NULL,NULL,NULL,unmatched,0.0,valid,August_WL_1994-2025.pdf,NULL,NULL,local_pdf,official_web_fallback,official_web_fallback,pdf_text,NULL,NULL,5022,NULL,NULL,https://cgwb.gov.in
goa,south goa,dharbandora,dharbandora,Colem,Colem Station,15.33497,74.24375,2010,8,August,4.2,NULL,Safe,NULL,NULL,NULL,NULL,NULL,NULL,unmatched,0.0,valid,August_WL_1994-2025.pdf,NULL,NULL,local_pdf,official_web_fallback,official_web_fallback,pdf_text,NULL,NULL,5022,NULL,NULL,https://cgwb.gov.in
goa,south goa,dharbandora,dharbandora,Molem,Molem Station,15.37701,74.22971,2010,8,August,1.7,NULL,Safe,NULL,NULL,NULL,NULL,NULL,NULL,unmatched,0.0,valid,August_WL_1994-2025.pdf,NULL,NULL,local_pdf,official_web_fallback,official_web_fallback,pdf_text,NULL,NULL,5022,NULL,NULL,https://cgwb.gov.in
goa,south goa,ponda,ponda,Shiroda,Shiroda Station,15.32068,74.03502,2010,8,August,5.1,NULL,Safe,NULL,NULL,NULL,NULL,NULL,NULL,unmatched,0.0,valid,August_WL_1994-2025.pdf,NULL,NULL,local_pdf,official_web_fallback,official_web_fallback,pdf_text,NULL,NULL,5022,NULL,NULL,https://cgwb.gov.in
goa,south goa,quepem,quepem,Ghadiawada,Ghadiawada Station,15.23894,74.11303,2010,8,August,1.0,NULL,Safe,NULL,NULL,NULL,NULL,NULL,NULL,unmatched,0.0,valid,August_WL_1994-2025.pdf,NULL,NULL,local_pdf,official_web_fallback,official_web_fallback,pdf_text,NULL,NULL,5022,NULL,NULL,https://cgwb.gov.in
goa,south goa,quepem,quepem,Quepem,Quepem Station,15.21751,74.08075,2010,8,August,1.3,NULL,Safe,NULL,NULL,NULL,NULL,NULL,NULL,unmatched,0.0,valid,August_WL_1994-2025.pdf,NULL,NULL,local_pdf,official_web_fallback,official_web_fallback,pdf_text,NULL,NULL,5023,NULL,NULL,https://cgwb.gov.in
goa,south goa,salcete,salcete,Akamol Ambavalli,Akamol Ambavalli Station,15.19028,74.00016,2010,8,August,3.2,NULL,Safe,NULL,NULL,NULL,NULL,NULL,NULL,unmatched,0.0,valid,August_WL_1994-2025.pdf,NULL,NULL,local_pdf,official_web_fallback,official_web_fallback,pdf_text,NULL,NULL,5023,NULL,NULL,https://cgwb.gov.in
goa,south goa,salcete,salcete,Ballynuvhen,Ballynuvhen Station,15.31651,73.94542,2010,8,August,4.8,NULL,Safe,NULL,NULL,NULL,NULL,NULL,NULL,unmatched,0.0,valid,August_WL_1994-2025.pdf,NULL,NULL,local_pdf,official_web_fallback,official_web_fallback,pdf_text,NULL,NULL,5023,NULL,NULL,https://cgwb.gov.in
goa,south goa,salcete,salcete,Majorda Bpada Curilo,Majorda Bpada Curilo Station,15.32117,73.91711,2010,8,August,1.4,NULL,Safe,NULL,NULL,NULL,NULL,NULL,NULL,unmatched,0.0,valid,August_WL_1994-2025.pdf,NULL,NULL,local_pdf,official_web_fallback,official_web_fallback,pdf_text,NULL,NULL,5023,NULL,NULL,https://cgwb.gov.in
goa,south goa,sanguem,sanguem,Deulwada Kolamba,Deulwada Kolamba Station,15.15021,74.13099,2010,8,August,0.2,NULL,Safe,NULL,NULL,NULL,NULL,NULL,NULL,unmatched,0.0,valid,August_WL_1994-2025.pdf,NULL,NULL,local_pdf,official_web_fallback,official_web_fallback,pdf_text,NULL,NULL,5023,NULL,NULL,https://cgwb.gov.in
goa,south goa,sanguem,sanguem,Neturlim,Neturlim Station,15.09065,74.21671,2010,8,August,9.2,NULL,Safe,NULL,NULL,NULL,NULL,NULL,NULL,unmatched,0.0,valid,August_WL_1994-2025.pdf,NULL,NULL,local_pdf,official_web_fallback,official_web_fallback,pdf_text,NULL,NULL,5023,NULL,NULL,https://cgwb.gov.in
goa,north goa,bardez,bardez,Alto Betim Porvorim,Alto Betim Porvorim Station,15.52605,73.82982,2009,8,August,3.1,NULL,Safe,NULL,NULL,NULL,NULL,NULL,NULL,unmatched,0.0,valid,August_WL_1994-2025.pdf,NULL,NULL,local_pdf,official_web_fallback,official_web_fallback,pdf_text,NULL,NULL,5268,NULL,NULL,https://cgwb.gov.in
goa,north goa,bardez,bardez,Calangute (Ct),Calangute (Ct) Station,15.54612,73.75861,2009,8,August,5.4,NULL,Safe,NULL,NULL,NULL,NULL,NULL,NULL,unmatched,0.0,valid,August_WL_1994-2025.pdf,NULL,NULL,local_pdf,official_web_fallback,official_web_fallback,pdf_text,NULL,NULL,5268,NULL,NULL,https://cgwb.gov.in
goa,north goa,bardez,bardez,Mapuca,Mapuca Station,15.61013,73.82434,2009,8,August,2.0,NULL,Safe,NULL,NULL,NULL,NULL,NULL,NULL,unmatched,0.0,valid,August_WL_1994-2025.pdf,NULL,NULL,local_pdf,official_web_fallback,official_web_fallback,pdf_text,NULL,NULL,5268,NULL,NULL,https://cgwb.gov.in
goa,north goa,bardez,bardez,Sircaim,Sircaim Station,15.62689,73.87588,2009,8,August,2.1,NULL,Safe,NULL,NULL,NULL,NULL,NULL,NULL,unmatched,0.0,valid,August_WL_1994-2025.pdf,NULL,NULL,local_pdf,official_web_fallback,official_web_fallback,pdf_text,NULL,NULL,5268,NULL,NULL,https://cgwb.gov.in
goa,north goa,bicholim,bicholim,Salem,Salem Station,15.68771,73.92681,2009,8,August,1.9,NULL,Safe,NULL,NULL,NULL,NULL,NULL,NULL,unmatched,0.0,valid,August_WL_1994-2025.pdf,NULL,NULL,local_pdf,official_web_fallback,official_web_fallback,pdf_text,NULL,NULL,5268,NULL,NULL,https://cgwb.gov.in
goa,north goa,pernem,pernem,Corgao,Corgao Station,15.70939,73.75176,2009,8,August,1.0,NULL,Safe,NULL,NULL,NULL,NULL,NULL,NULL,unmatched,0.0,valid,August_WL_1994-2025.pdf,NULL,NULL,local_pdf,official_web_fallback,official_web_fallback,pdf_text,NULL,NULL,5268,NULL,NULL,https://cgwb.gov.in
goa,north goa,pernem,pernem,Morji,Morji Station,15.63598,73.73963,2009,8,August,0.3,NULL,Safe,NULL,NULL,NULL,NULL,NULL,NULL,unmatched,0.0,valid,August_WL_1994-2025.pdf,NULL,NULL,local_pdf,official_web_fallback,official_web_fallback,pdf_text,NULL,NULL,5268,NULL,NULL,https://cgwb.gov.in
goa,north goa,pernem,pernem,Nagjhar,Nagjhar Station,15.70843,73.85289,2009,8,August,4.4,NULL,Safe,NULL,NULL,NULL,NULL,NULL,NULL,unmatched,0.0,valid,August_WL_1994-2025.pdf,NULL,NULL,local_pdf,official_web_fallback,official_web_fallback,pdf_text,NULL,NULL,5268,NULL,NULL,https://cgwb.gov.in
goa,north goa,pernem,pernem,Pernem,Pernem Station,15.7176,73.79806,2009,8,August,3.0,NULL,Safe,NULL,NULL,NULL,NULL,NULL,NULL,unmatched,0.0,valid,August_WL_1994-2025.pdf,NULL,NULL,local_pdf,official_web_fallback,official_web_fallback,pdf_text,NULL,NULL,5268,NULL,NULL,https://cgwb.gov.in
goa,north goa,pernem,pernem,Varconda,Varconda Station,15.75465,73.83533,2009,8,August,5.7,NULL,Safe,NULL,NULL,NULL,NULL,NULL,NULL,unmatched,0.0,valid,August_WL_1994-2025.pdf,NULL,NULL,local_pdf,official_web_fallback,official_web_fallback,pdf_text,NULL,NULL,5268,NULL,NULL,https://cgwb.gov.in
goa,north goa,satari,satari,Bayalwadikeri,Bayalwadikeri Station,15.61128,74.067,2009,8,August,2.2,NULL,Safe,NULL,NULL,NULL,NULL,NULL,NULL,unmatched,0.0,valid,August_WL_1994-2025.pdf,NULL,NULL,local_pdf,official_web_fallback,official_web_fallback,pdf_text,NULL,NULL,5268,NULL,NULL,https://cgwb.gov.in
goa,north goa,satari,satari,Honda,Honda Station,15.54722,74.05079,2009,8,August,1.6,NULL,Safe,NULL,NULL,NULL,NULL,NULL,NULL,unmatched,0.0,valid,August_WL_1994-2025.pdf,NULL,NULL,local_pdf,official_web_fallback,official_web_fallback,pdf_text,NULL,NULL,5268,NULL,NULL,https://cgwb.gov.in
goa,north goa,satari,satari,Khadki(Harijanwada),Khadki(Harijanwada) Station,15.50253,74.13964,2009,8,August,3.6,NULL,Safe,NULL,NULL,NULL,NULL,NULL,NULL,unmatched,0.0,valid,August_WL_1994-2025.pdf,NULL,NULL,local_pdf,official_web_fallback,official_web_fallback,pdf_text,NULL,NULL,5268,NULL,NULL,https://cgwb.gov.in
goa,north goa,satari,satari,Morlem,Morlem Station,15.59397,74.04632,2009,8,August,2.7,NULL,Safe,NULL,NULL,NULL,NULL,NULL,NULL,unmatched,0.0,valid,August_WL_1994-2025.pdf,NULL,NULL,local_pdf,official_web_fallback,official_web_fallback,pdf_text,NULL,NULL,5268,NULL,NULL,https://cgwb.gov.in
goa,north goa,satari,satari,Valpoi,Valpoi Station,15.53301,74.13723,2009,8,August,3.3,NULL,Safe,NULL,NULL,NULL,NULL,NULL,NULL,unmatched,0.0,valid,August_WL_1994-2025.pdf,NULL,NULL,local_pdf,official_web_fallback,official_web_fallback,pdf_text,NULL,NULL,5268,NULL,NULL,https://cgwb.gov.in
goa,north goa,tiswadi,tiswadi,Goa-Velha,Goa-Velha Station,15.44139,73.87972,2009,8,August,1.9,NULL,Safe,NULL,NULL,NULL,NULL,NULL,NULL,unmatched,0.0,valid,August_WL_1994-2025.pdf,NULL,NULL,local_pdf,official_web_fallback,official_web_fallback,pdf_text,NULL,NULL,5268,NULL,NULL,https://cgwb.gov.in
goa,south goa,canacona,canacona,Agonda,Agonda Station,15.04152,73.99121,2009,8,August,2.4,NULL,Safe,NULL,NULL,NULL,NULL,NULL,NULL,unmatched,0.0,valid,August_WL_1994-2025.pdf,NULL,NULL,local_pdf,official_web_fallback,official_web_fallback,pdf_text,NULL,NULL,5268,NULL,NULL,https://cgwb.gov.in
goa,south goa,canacona,canacona,Canacona,Canacona Station,15.00716,74.05233,2009,8,August,1.7,NULL,Safe,NULL,NULL,NULL,NULL,NULL,NULL,unmatched,0.0,valid,August_WL_1994-2025.pdf,NULL,NULL,local_pdf,official_web_fallback,official_web_fallback,pdf_text,NULL,NULL,5268,NULL,NULL,https://cgwb.gov.in
goa,south goa,canacona,canacona,Carmona,Carmona Station,15.20278,73.9525,2009,8,August,3.7,NULL,Safe,NULL,NULL,NULL,NULL,NULL,NULL,unmatched,0.0,valid,August_WL_1994-2025.pdf,NULL,NULL,local_pdf,official_web_fallback,official_web_fallback,pdf_text,NULL,NULL,5268,NULL,NULL,https://cgwb.gov.in
goa,south goa,canacona,canacona,Daptamol Lolien,Daptamol Lolien Station,14.94986,74.05528,2009,8,August,14.6,NULL,Safe,NULL,NULL,NULL,NULL,NULL,NULL,unmatched,0.0,valid,August_WL_1994-2025.pdf,NULL,NULL,local_pdf,official_web_fallback,official_web_fallback,pdf_text,NULL,NULL,5268,NULL,NULL,https://cgwb.gov.in
goa,south goa,canacona,canacona,Hattipal Poinguinem,Hattipal Poinguinem Station,14.98407,74.10869,2009,8,August,6.0,NULL,Safe,NULL,NULL,NULL,NULL,NULL,NULL,unmatched,0.0,valid,August_WL_1994-2025.pdf,NULL,NULL,local_pdf,official_web_fallback,official_web_fallback,pdf_text,NULL,NULL,5269,NULL,NULL,https://cgwb.gov.in
goa,south goa,canacona,canacona,Polem,Polem Station,14.91289,74.08455,2009,8,August,3.0,NULL,Safe,NULL,NULL,NULL,NULL,NULL,NULL,unmatched,0.0,valid,August_WL_1994-2025.pdf,NULL,NULL,local_pdf,official_web_fallback,official_web_fallback,pdf_text,NULL,NULL,5269,NULL,NULL,https://cgwb.gov.in
goa,south goa,canacona,canacona,Shrishtal Gaondongar,Shrishtal Gaondongar Station,15.03725,74.11851,2009,8,August,3.5,NULL,Safe,NULL,NULL,NULL,NULL,NULL,NULL,unmatched,0.0,valid,August_WL_1994-2025.pdf,NULL,NULL,local_pdf,official_web_fallback,official_web_fallback,pdf_text,NULL,NULL,5269,NULL,NULL,https://cgwb.gov.in
goa,south goa,dharbandora,dharbandora,Bolkharnem,Bolkharnem Station,15.42964,74.19235,2009,8,August,4.1,NULL,Safe,NULL,NULL,NULL,NULL,NULL,NULL,unmatched,0.0,valid,August_WL_1994-2025.pdf,NULL,NULL,local_pdf,official_web_fallback,official_web_fallback,pdf_text,NULL,NULL,5269,NULL,NULL,https://cgwb.gov.in
goa,south goa,dharbandora,dharbandora,Colem,Colem Station,15.33497,74.24375,2009,8,August,1.1,NULL,Safe,NULL,NULL,NULL,NULL,NULL,NULL,unmatched,0.0,valid,August_WL_1994-2025.pdf,NULL,NULL,local_pdf,official_web_fallback,official_web_fallback,pdf_text,NULL,NULL,5269,NULL,NULL,https://cgwb.gov.in
goa,south goa,dharbandora,dharbandora,Molem,Molem Station,15.37701,74.22971,2009,8,August,2.0,NULL,Safe,NULL,NULL,NULL,NULL,NULL,NULL,unmatched,0.0,valid,August_WL_1994-2025.pdf,NULL,NULL,local_pdf,official_web_fallback,official_web_fallback,pdf_text,NULL,NULL,5269,NULL,NULL,https://cgwb.gov.in
goa,south goa,ponda,ponda,Shiroda,Shiroda Station,15.32068,74.03502,2009,8,August,5.2,NULL,Safe,NULL,NULL,NULL,NULL,NULL,NULL,unmatched,0.0,valid,August_WL_1994-2025.pdf,NULL,NULL,local_pdf,official_web_fallback,official_web_fallback,pdf_text,NULL,NULL,5269,NULL,NULL,https://cgwb.gov.in
goa,south goa,quepem,quepem,Quepem,Quepem Station,15.21751,74.08075,2009,8,August,1.8,NULL,Safe,NULL,NULL,NULL,NULL,NULL,NULL,unmatched,0.0,valid,August_WL_1994-2025.pdf,NULL,NULL,local_pdf,official_web_fallback,official_web_fallback,pdf_text,NULL,NULL,5269,NULL,NULL,https://cgwb.gov.in
goa,south goa,salcete,salcete,Akamol Ambavalli,Akamol Ambavalli Station,15.19028,74.00016,2009,8,August,3.4,NULL,Safe,NULL,NULL,NULL,NULL,NULL,NULL,unmatched,0.0,valid,August_WL_1994-2025.pdf,NULL,NULL,local_pdf,official_web_fallback,official_web_fallback,pdf_text,NULL,NULL,5269,NULL,NULL,https://cgwb.gov.in
goa,south goa,salcete,salcete,Majorda Bpada Curilo,Majorda Bpada Curilo Station,15.32117,73.91711,2009,8,August,3.2,NULL,Safe,NULL,NULL,NULL,NULL,NULL,NULL,unmatched,0.0,valid,August_WL_1994-2025.pdf,NULL,NULL,local_pdf,official_web_fallback,official_web_fallback,pdf_text,NULL,NULL,5269,NULL,NULL,https://cgwb.gov.in
goa,south goa,sanguem,sanguem,Neturlim,Neturlim Station,15.09065,74.21671,2009,8,August,8.9,NULL,Safe,NULL,NULL,NULL,NULL,NULL,NULL,unmatched,0.0,valid,August_WL_1994-2025.pdf,NULL,NULL,local_pdf,official_web_fallback,official_web_fallback,pdf_text,NULL,NULL,5269,NULL,NULL,https://cgwb.gov.in
goa,north goa,bardez,bardez,Alto Betim Porvorim,Alto Betim Porvorim Station,15.52605,73.82982,2008,8,August,5.9,NULL,Safe,NULL,NULL,NULL,NULL,NULL,NULL,unmatched,0.0,valid,August_WL_1994-2025.pdf,NULL,NULL,local_pdf,official_web_fallback,official_web_fallback,pdf_text,NULL,NULL,5517,NULL,NULL,https://cgwb.gov.in
goa,north goa,bardez,bardez,Calangute (Ct),Calangute (Ct) Station,15.54612,73.75861,2008,8,August,5.3,NULL,Safe,NULL,NULL,NULL,NULL,NULL,NULL,unmatched,0.0,valid,August_WL_1994-2025.pdf,NULL,NULL,local_pdf,official_web_fallback,official_web_fallback,pdf_text,NULL,NULL,5517,NULL,NULL,https://cgwb.gov.in
goa,north goa,bardez,bardez,Mapuca,Mapuca Station,15.61013,73.82434,2008,8,August,10.2,NULL,Safe,NULL,NULL,NULL,NULL,NULL,NULL,unmatched,0.0,valid,August_WL_1994-2025.pdf,NULL,NULL,local_pdf,official_web_fallback,official_web_fallback,pdf_text,NULL,NULL,5517,NULL,NULL,https://cgwb.gov.in
goa,north goa,bardez,bardez,Sircaim,Sircaim Station,15.62689,73.87588,2008,8,August,2.4,NULL,Safe,NULL,NULL,NULL,NULL,NULL,NULL,unmatched,0.0,valid,August_WL_1994-2025.pdf,NULL,NULL,local_pdf,official_web_fallback,official_web_fallback,pdf_text,NULL,NULL,5517,NULL,NULL,https://cgwb.gov.in
goa,north goa,bicholim,bicholim,Bordem,Bordem Station,15.58472,73.9575,2008,8,August,3.3,NULL,Safe,NULL,NULL,NULL,NULL,NULL,NULL,unmatched,0.0,valid,August_WL_1994-2025.pdf,NULL,NULL,local_pdf,official_web_fallback,official_web_fallback,pdf_text,NULL,NULL,5517,NULL,NULL,https://cgwb.gov.in
goa,north goa,bicholim,bicholim,Mulgao,Mulgao Station,15.61711,73.92075,2008,8,August,3.7,NULL,Safe,NULL,NULL,NULL,NULL,NULL,NULL,unmatched,0.0,valid,August_WL_1994-2025.pdf,NULL,NULL,local_pdf,official_web_fallback,official_web_fallback,pdf_text,NULL,NULL,5517,NULL,NULL,https://cgwb.gov.in
goa,north goa,bicholim,bicholim,Salem,Salem Station,15.68771,73.92681,2008,8,August,1.4,NULL,Safe,NULL,NULL,NULL,NULL,NULL,NULL,unmatched,0.0,valid,August_WL_1994-2025.pdf,NULL,NULL,local_pdf,official_web_fallback,official_web_fallback,pdf_text,NULL,NULL,5517,NULL,NULL,https://cgwb.gov.in
goa,north goa,pernem,pernem,Corgao,Corgao Station,15.70939,73.75176,2008,8,August,2.7,NULL,Safe,NULL,NULL,NULL,NULL,NULL,NULL,unmatched,0.0,valid,August_WL_1994-2025.pdf,NULL,NULL,local_pdf,official_web_fallback,official_web_fallback,pdf_text,NULL,NULL,5517,NULL,NULL,https://cgwb.gov.in
goa,north goa,pernem,pernem,Morji,Morji Station,15.63598,73.73963,2008,8,August,0.2,NULL,Safe,NULL,NULL,NULL,NULL,NULL,NULL,unmatched,0.0,valid,August_WL_1994-2025.pdf,NULL,NULL,local_pdf,official_web_fallback,official_web_fallback,pdf_text,NULL,NULL,5517,NULL,NULL,https://cgwb.gov.in
goa,north goa,pernem,pernem,Nagjhar,Nagjhar Station,15.70843,73.85289,2008,8,August,6.4,NULL,Safe,NULL,NULL,NULL,NULL,NULL,NULL,unmatched,0.0,valid,August_WL_1994-2025.pdf,NULL,NULL,local_pdf,official_web_fallback,official_web_fallback,pdf_text,NULL,NULL,5517,NULL,NULL,https://cgwb.gov.in
goa,north goa,pernem,pernem,Pernem,Pernem Station,15.7176,73.79806,2008,8,August,0.1,NULL,Safe,NULL,NULL,NULL,NULL,NULL,NULL,unmatched,0.0,valid,August_WL_1994-2025.pdf,NULL,NULL,local_pdf,official_web_fallback,official_web_fallback,pdf_text,NULL,NULL,5517,NULL,NULL,https://cgwb.gov.in
goa,north goa,pernem,pernem,Varconda,Varconda Station,15.75465,73.83533,2008,8,August,3.4,NULL,Safe,NULL,NULL,NULL,NULL,NULL,NULL,unmatched,0.0,valid,August_WL_1994-2025.pdf,NULL,NULL,local_pdf,official_web_fallback,official_web_fallback,pdf_text,NULL,NULL,5517,NULL,NULL,https://cgwb.gov.in
goa,north goa,satari,satari,Bayalwadikeri,Bayalwadikeri Station,15.61128,74.067,2008,8,August,3.2,NULL,Safe,NULL,NULL,NULL,NULL,NULL,NULL,unmatched,0.0,valid,August_WL_1994-2025.pdf,NULL,NULL,local_pdf,official_web_fallback,official_web_fallback,pdf_text,NULL,NULL,5517,NULL,NULL,https://cgwb.gov.in
goa,north goa,satari,satari,Honda,Honda Station,15.54722,74.05079,2008,8,August,2.3,NULL,Safe,NULL,NULL,NULL,NULL,NULL,NULL,unmatched,0.0,valid,August_WL_1994-2025.pdf,NULL,NULL,local_pdf,official_web_fallback,official_web_fallback,pdf_text,NULL,NULL,5517,NULL,NULL,https://cgwb.gov.in
goa,north goa,satari,satari,Khadki(Harijanwada),Khadki(Harijanwada) Station,15.50253,74.13964,2008,8,August,6.0,NULL,Safe,NULL,NULL,NULL,NULL,NULL,NULL,unmatched,0.0,valid,August_WL_1994-2025.pdf,NULL,NULL,local_pdf,official_web_fallback,official_web_fallback,pdf_text,NULL,NULL,5517,NULL,NULL,https://cgwb.gov.in
goa,north goa,satari,satari,Morlem,Morlem Station,15.59397,74.04632,2008,8,August,2.3,NULL,Safe,NULL,NULL,NULL,NULL,NULL,NULL,unmatched,0.0,valid,August_WL_1994-2025.pdf,NULL,NULL,local_pdf,official_web_fallback,official_web_fallback,pdf_text,NULL,NULL,5517,NULL,NULL,https://cgwb.gov.in
goa,north goa,satari,satari,Valpoi,Valpoi Station,15.53301,74.13723,2008,8,August,3.7,NULL,Safe,NULL,NULL,NULL,NULL,NULL,NULL,unmatched,0.0,valid,August_WL_1994-2025.pdf,NULL,NULL,local_pdf,official_web_fallback,official_web_fallback,pdf_text,NULL,NULL,5517,NULL,NULL,https://cgwb.gov.in
goa,north goa,tiswadi,tiswadi,Goa-Velha,Goa-Velha Station,15.44139,73.87972,2008,8,August,1.4,NULL,Safe,NULL,NULL,NULL,NULL,NULL,NULL,unmatched,0.0,valid,August_WL_1994-2025.pdf,NULL,NULL,local_pdf,official_web_fallback,official_web_fallback,pdf_text,NULL,NULL,5517,NULL,NULL,https://cgwb.gov.in
goa,north goa,tiswadi,tiswadi,Karanjhalen,Karanjhalen Station,15.459,73.80281,2008,8,August,1.5,NULL,Safe,NULL,NULL,NULL,NULL,NULL,NULL,unmatched,0.0,valid,August_WL_1994-2025.pdf,NULL,NULL,local_pdf,official_web_fallback,official_web_fallback,pdf_text,NULL,NULL,5517,NULL,NULL,https://cgwb.gov.in
goa,south goa,canacona,canacona,Agonda,Agonda Station,15.04152,73.99121,2008,8,August,2.1,NULL,Safe,NULL,NULL,NULL,NULL,NULL,NULL,unmatched,0.0,valid,August_WL_1994-2025.pdf,NULL,NULL,local_pdf,official_web_fallback,official_web_fallback,pdf_text,NULL,NULL,5517,NULL,NULL,https://cgwb.gov.in
goa,south goa,canacona,canacona,Carmona,Carmona Station,15.20278,73.9525,2008,8,August,3.0,NULL,Safe,NULL,NULL,NULL,NULL,NULL,NULL,unmatched,0.0,valid,August_WL_1994-2025.pdf,NULL,NULL,local_pdf,official_web_fallback,official_web_fallback,pdf_text,NULL,NULL,5517,NULL,NULL,https://cgwb.gov.in
goa,south goa,canacona,canacona,Daptamol Lolien,Daptamol Lolien Station,14.94986,74.05528,2008,8,August,14.6,NULL,Safe,NULL,NULL,NULL,NULL,NULL,NULL,unmatched,0.0,valid,August_WL_1994-2025.pdf,NULL,NULL,local_pdf,official_web_fallback,official_web_fallback,pdf_text,NULL,NULL,5517,NULL,NULL,https://cgwb.gov.in
goa,south goa,canacona,canacona,Gulem Velipwada,Gulem Velipwada Station,15.03918,74.02939,2008,8,August,0.6,NULL,Safe,NULL,NULL,NULL,NULL,NULL,NULL,unmatched,0.0,valid,August_WL_1994-2025.pdf,NULL,NULL,local_pdf,official_web_fallback,official_web_fallback,pdf_text,NULL,NULL,5517,NULL,NULL,https://cgwb.gov.in
goa,south goa,canacona,canacona,Hattipal Poinguinem,Hattipal Poinguinem Station,14.98407,74.10869,2008,8,August,6.3,NULL,Safe,NULL,NULL,NULL,NULL,NULL,NULL,unmatched,0.0,valid,August_WL_1994-2025.pdf,NULL,NULL,local_pdf,official_web_fallback,official_web_fallback,pdf_text,NULL,NULL,5517,NULL,NULL,https://cgwb.gov.in
goa,south goa,canacona,canacona,Polem,Polem Station,14.91289,74.08455,2008,8,August,0.6,NULL,Safe,NULL,NULL,NULL,NULL,NULL,NULL,unmatched,0.0,valid,August_WL_1994-2025.pdf,NULL,NULL,local_pdf,official_web_fallback,official_web_fallback,pdf_text,NULL,NULL,5517,NULL,NULL,https://cgwb.gov.in
goa,south goa,canacona,canacona,Shrishtal Gaondongar,Shrishtal Gaondongar Station,15.03725,74.11851,2008,8,August,3.7,NULL,Safe,NULL,NULL,NULL,NULL,NULL,NULL,unmatched,0.0,valid,August_WL_1994-2025.pdf,NULL,NULL,local_pdf,official_web_fallback,official_web_fallback,pdf_text,NULL,NULL,5517,NULL,NULL,https://cgwb.gov.in
goa,south goa,dharbandora,dharbandora,Bolkharnem,Bolkharnem Station,15.42964,74.19235,2008,8,August,5.0,NULL,Safe,NULL,NULL,NULL,NULL,NULL,NULL,unmatched,0.0,valid,August_WL_1994-2025.pdf,NULL,NULL,local_pdf,official_web_fallback,official_web_fallback,pdf_text,NULL,NULL,5517,NULL,NULL,https://cgwb.gov.in
goa,south goa,dharbandora,dharbandora,Colem,Colem Station,15.33497,74.24375,2008,8,August,5.9,NULL,Safe,NULL,NULL,NULL,NULL,NULL,NULL,unmatched,0.0,valid,August_WL_1994-2025.pdf,NULL,NULL,local_pdf,official_web_fallback,official_web_fallback,pdf_text,NULL,NULL,5517,NULL,NULL,https://cgwb.gov.in
goa,south goa,dharbandora,dharbandora,Molem,Molem Station,15.37701,74.22971,2008,8,August,3.4,NULL,Safe,NULL,NULL,NULL,NULL,NULL,NULL,unmatched,0.0,valid,August_WL_1994-2025.pdf,NULL,NULL,local_pdf,official_web_fallback,official_web_fallback,pdf_text,NULL,NULL,5517,NULL,NULL,https://cgwb.gov.in
goa,south goa,ponda,ponda,Shiroda,Shiroda Station,15.32068,74.03502,2008,8,August,4.9,NULL,Safe,NULL,NULL,NULL,NULL,NULL,NULL,unmatched,0.0,valid,August_WL_1994-2025.pdf,NULL,NULL,local_pdf,official_web_fallback,official_web_fallback,pdf_text,NULL,NULL,5518,NULL,NULL,https://cgwb.gov.in
goa,south goa,quepem,quepem,Ghadiawada,Ghadiawada Station,15.23894,74.11303,2008,8,August,1.4,NULL,Safe,NULL,NULL,NULL,NULL,NULL,NULL,unmatched,0.0,valid,August_WL_1994-2025.pdf,NULL,NULL,local_pdf,official_web_fallback,official_web_fallback,pdf_text,NULL,NULL,5518,NULL,NULL,https://cgwb.gov.in
goa,south goa,quepem,quepem,Quepem,Quepem Station,15.21751,74.08075,2008,8,August,2.6,NULL,Safe,NULL,NULL,NULL,NULL,NULL,NULL,unmatched,0.0,valid,August_WL_1994-2025.pdf,NULL,NULL,local_pdf,official_web_fallback,official_web_fallback,pdf_text,NULL,NULL,5518,NULL,NULL,https://cgwb.gov.in
goa,south goa,salcete,salcete,Akamol Ambavalli,Akamol Ambavalli Station,15.19028,74.00016,2008,8,August,1.5,NULL,Safe,NULL,NULL,NULL,NULL,NULL,NULL,unmatched,0.0,valid,August_WL_1994-2025.pdf,NULL,NULL,local_pdf,official_web_fallback,official_web_fallback,pdf_text,NULL,NULL,5518,NULL,NULL,https://cgwb.gov.in
goa,south goa,salcete,salcete,Ballynuvhen,Ballynuvhen Station,15.31651,73.94542,2008,8,August,5.9,NULL,Safe,NULL,NULL,NULL,NULL,NULL,NULL,unmatched,0.0,valid,August_WL_1994-2025.pdf,NULL,NULL,local_pdf,official_web_fallback,official_web_fallback,pdf_text,NULL,NULL,5518,NULL,NULL,https://cgwb.gov.in
goa,south goa,salcete,salcete,Majorda Bpada Curilo,Majorda Bpada Curilo Station,15.32117,73.91711,2008,8,August,2.0,NULL,Safe,NULL,NULL,NULL,NULL,NULL,NULL,unmatched,0.0,valid,August_WL_1994-2025.pdf,NULL,NULL,local_pdf,official_web_fallback,official_web_fallback,pdf_text,NULL,NULL,5518,NULL,NULL,https://cgwb.gov.in
goa,south goa,sanguem,sanguem,Deulwada Kolamba,Deulwada Kolamba Station,15.15021,74.13099,2008,8,August,0.6,NULL,Safe,NULL,NULL,NULL,NULL,NULL,NULL,unmatched,0.0,valid,August_WL_1994-2025.pdf,NULL,NULL,local_pdf,official_web_fallback,official_web_fallback,pdf_text,NULL,NULL,5518,NULL,NULL,https://cgwb.gov.in
goa,south goa,sanguem,sanguem,Neturlim,Neturlim Station,15.09065,74.21671,2008,8,August,10.1,NULL,Safe,NULL,NULL,NULL,NULL,NULL,NULL,unmatched,0.0,valid,August_WL_1994-2025.pdf,NULL,NULL,local_pdf,official_web_fallback,official_web_fallback,pdf_text,NULL,NULL,5518,NULL,NULL,https://cgwb.gov.in
goa,north goa,bardez,bardez,Alto Betim Porvorim,Alto Betim Porvorim Station,15.52605,73.82982,2007,8,August,4.4,NULL,Safe,NULL,NULL,NULL,NULL,NULL,NULL,unmatched,0.0,valid,August_WL_1994-2025.pdf,NULL,NULL,local_pdf,official_web_fallback,official_web_fallback,pdf_text,NULL,NULL,5764,NULL,NULL,https://cgwb.gov.in
goa,north goa,bardez,bardez,Calangute (Ct),Calangute (Ct) Station,15.54612,73.75861,2007,8,August,3.2,NULL,Safe,NULL,NULL,NULL,NULL,NULL,NULL,unmatched,0.0,valid,August_WL_1994-2025.pdf,NULL,NULL,local_pdf,official_web_fallback,official_web_fallback,pdf_text,NULL,NULL,5764,NULL,NULL,https://cgwb.gov.in
goa,north goa,bardez,bardez,Mapuca,Mapuca Station,15.61013,73.82434,2007,8,August,0.6,NULL,Safe,NULL,NULL,NULL,NULL,NULL,NULL,unmatched,0.0,valid,August_WL_1994-2025.pdf,NULL,NULL,local_pdf,official_web_fallback,official_web_fallback,pdf_text,NULL,NULL,5764,NULL,NULL,https://cgwb.gov.in
goa,north goa,bardez,bardez,Sircaim,Sircaim Station,15.62689,73.87588,2007,8,August,2.2,NULL,Safe,NULL,NULL,NULL,NULL,NULL,NULL,unmatched,0.0,valid,August_WL_1994-2025.pdf,NULL,NULL,local_pdf,official_web_fallback,official_web_fallback,pdf_text,NULL,NULL,5764,NULL,NULL,https://cgwb.gov.in
goa,north goa,bicholim,bicholim,Mulgao,Mulgao Station,15.61711,73.92075,2007,8,August,2.4,NULL,Safe,NULL,NULL,NULL,NULL,NULL,NULL,unmatched,0.0,valid,August_WL_1994-2025.pdf,NULL,NULL,local_pdf,official_web_fallback,official_web_fallback,pdf_text,NULL,NULL,5764,NULL,NULL,https://cgwb.gov.in
goa,north goa,bicholim,bicholim,Salem,Salem Station,15.68771,73.92681,2007,8,August,1.8,NULL,Safe,NULL,NULL,NULL,NULL,NULL,NULL,unmatched,0.0,valid,August_WL_1994-2025.pdf,NULL,NULL,local_pdf,official_web_fallback,official_web_fallback,pdf_text,NULL,NULL,5764,NULL,NULL,https://cgwb.gov.in
goa,north goa,pernem,pernem,Corgao,Corgao Station,15.70939,73.75176,2007,8,August,0.9,NULL,Safe,NULL,NULL,NULL,NULL,NULL,NULL,unmatched,0.0,valid,August_WL_1994-2025.pdf,NULL,NULL,local_pdf,official_web_fallback,official_web_fallback,pdf_text,NULL,NULL,5764,NULL,NULL,https://cgwb.gov.in
goa,north goa,pernem,pernem,Morji,Morji Station,15.63598,73.73963,2007,8,August,0.4,NULL,Safe,NULL,NULL,NULL,NULL,NULL,NULL,unmatched,0.0,valid,August_WL_1994-2025.pdf,NULL,NULL,local_pdf,official_web_fallback,official_web_fallback,pdf_text,NULL,NULL,5765,NULL,NULL,https://cgwb.gov.in
goa,north goa,pernem,pernem,Nagjhar,Nagjhar Station,15.70843,73.85289,2007,8,August,6.4,NULL,Safe,NULL,NULL,NULL,NULL,NULL,NULL,unmatched,0.0,valid,August_WL_1994-2025.pdf,NULL,NULL,local_pdf,official_web_fallback,official_web_fallback,pdf_text,NULL,NULL,5765,NULL,NULL,https://cgwb.gov.in
goa,north goa,pernem,pernem,Pernem,Pernem Station,15.7176,73.79806,2007,8,August,0.5,NULL,Safe,NULL,NULL,NULL,NULL,NULL,NULL,unmatched,0.0,valid,August_WL_1994-2025.pdf,NULL,NULL,local_pdf,official_web_fallback,official_web_fallback,pdf_text,NULL,NULL,5765,NULL,NULL,https://cgwb.gov.in
goa,north goa,pernem,pernem,Varconda,Varconda Station,15.75465,73.83533,2007,8,August,1.3,NULL,Safe,NULL,NULL,NULL,NULL,NULL,NULL,unmatched,0.0,valid,August_WL_1994-2025.pdf,NULL,NULL,local_pdf,official_web_fallback,official_web_fallback,pdf_text,NULL,NULL,5765,NULL,NULL,https://cgwb.gov.in
goa,north goa,satari,satari,Bayalwadikeri,Bayalwadikeri Station,15.61128,74.067,2007,8,August,1.4,NULL,Safe,NULL,NULL,NULL,NULL,NULL,NULL,unmatched,0.0,valid,August_WL_1994-2025.pdf,NULL,NULL,local_pdf,official_web_fallback,official_web_fallback,pdf_text,NULL,NULL,5765,NULL,NULL,https://cgwb.gov.in
goa,north goa,satari,satari,Honda,Honda Station,15.54722,74.05079,2007,8,August,2.2,NULL,Safe,NULL,NULL,NULL,NULL,NULL,NULL,unmatched,0.0,valid,August_WL_1994-2025.pdf,NULL,NULL,local_pdf,official_web_fallback,official_web_fallback,pdf_text,NULL,NULL,5765,NULL,NULL,https://cgwb.gov.in
goa,north goa,satari,satari,Khadki(Harijanwada),Khadki(Harijanwada) Station,15.50253,74.13964,2007,8,August,1.7,NULL,Safe,NULL,NULL,NULL,NULL,NULL,NULL,unmatched,0.0,valid,August_WL_1994-2025.pdf,NULL,NULL,local_pdf,official_web_fallback,official_web_fallback,pdf_text,NULL,NULL,5765,NULL,NULL,https://cgwb.gov.in
goa,north goa,satari,satari,Valpoi,Valpoi Station,15.53301,74.13723,2007,8,August,3.8,NULL,Safe,NULL,NULL,NULL,NULL,NULL,NULL,unmatched,0.0,valid,August_WL_1994-2025.pdf,NULL,NULL,local_pdf,official_web_fallback,official_web_fallback,pdf_text,NULL,NULL,5765,NULL,NULL,https://cgwb.gov.in
goa,north goa,tiswadi,tiswadi,Goa-Velha,Goa-Velha Station,15.44139,73.87972,2007,8,August,1.3,NULL,Safe,NULL,NULL,NULL,NULL,NULL,NULL,unmatched,0.0,valid,August_WL_1994-2025.pdf,NULL,NULL,local_pdf,official_web_fallback,official_web_fallback,pdf_text,NULL,NULL,5765,NULL,NULL,https://cgwb.gov.in
goa,south goa,canacona,canacona,Agonda,Agonda Station,15.04152,73.99121,2007,8,August,2.1,NULL,Safe,NULL,NULL,NULL,NULL,NULL,NULL,unmatched,0.0,valid,August_WL_1994-2025.pdf,NULL,NULL,local_pdf,official_web_fallback,official_web_fallback,pdf_text,NULL,NULL,5765,NULL,NULL,https://cgwb.gov.in
goa,south goa,canacona,canacona,Canacona,Canacona Station,15.00716,74.05233,2007,8,August,1.8,NULL,Safe,NULL,NULL,NULL,NULL,NULL,NULL,unmatched,0.0,valid,August_WL_1994-2025.pdf,NULL,NULL,local_pdf,official_web_fallback,official_web_fallback,pdf_text,NULL,NULL,5765,NULL,NULL,https://cgwb.gov.in
goa,south goa,canacona,canacona,Carmona,Carmona Station,15.20278,73.9525,2007,8,August,1.7,NULL,Safe,NULL,NULL,NULL,NULL,NULL,NULL,unmatched,0.0,valid,August_WL_1994-2025.pdf,NULL,NULL,local_pdf,official_web_fallback,official_web_fallback,pdf_text,NULL,NULL,5765,NULL,NULL,https://cgwb.gov.in
goa,south goa,canacona,canacona,Daptamol Lolien,Daptamol Lolien Station,14.94986,74.05528,2007,8,August,14.5,NULL,Safe,NULL,NULL,NULL,NULL,NULL,NULL,unmatched,0.0,valid,August_WL_1994-2025.pdf,NULL,NULL,local_pdf,official_web_fallback,official_web_fallback,pdf_text,NULL,NULL,5765,NULL,NULL,https://cgwb.gov.in
goa,south goa,canacona,canacona,Gulem Velipwada,Gulem Velipwada Station,15.03918,74.02939,2007,8,August,0.6,NULL,Safe,NULL,NULL,NULL,NULL,NULL,NULL,unmatched,0.0,valid,August_WL_1994-2025.pdf,NULL,NULL,local_pdf,official_web_fallback,official_web_fallback,pdf_text,NULL,NULL,5765,NULL,NULL,https://cgwb.gov.in
goa,south goa,canacona,canacona,Hattipal Poinguinem,Hattipal Poinguinem Station,14.98407,74.10869,2007,8,August,5.9,NULL,Safe,NULL,NULL,NULL,NULL,NULL,NULL,unmatched,0.0,valid,August_WL_1994-2025.pdf,NULL,NULL,local_pdf,official_web_fallback,official_web_fallback,pdf_text,NULL,NULL,5765,NULL,NULL,https://cgwb.gov.in
goa,south goa,canacona,canacona,Polem,Polem Station,14.91289,74.08455,2007,8,August,1.0,NULL,Safe,NULL,NULL,NULL,NULL,NULL,NULL,unmatched,0.0,valid,August_WL_1994-2025.pdf,NULL,NULL,local_pdf,official_web_fallback,official_web_fallback,pdf_text,NULL,NULL,5765,NULL,NULL,https://cgwb.gov.in
goa,south goa,canacona,canacona,Shrishtal Gaondongar,Shrishtal Gaondongar Station,15.03725,74.11851,2007,8,August,3.6,NULL,Safe,NULL,NULL,NULL,NULL,NULL,NULL,unmatched,0.0,valid,August_WL_1994-2025.pdf,NULL,NULL,local_pdf,official_web_fallback,official_web_fallback,pdf_text,NULL,NULL,5765,NULL,NULL,https://cgwb.gov.in
goa,south goa,dharbandora,dharbandora,Bolkharnem,Bolkharnem Station,15.42964,74.19235,2007,8,August,4.7,NULL,Safe,NULL,NULL,NULL,NULL,NULL,NULL,unmatched,0.0,valid,August_WL_1994-2025.pdf,NULL,NULL,local_pdf,official_web_fallback,official_web_fallback,pdf_text,NULL,NULL,5765,NULL,NULL,https://cgwb.gov.in
goa,south goa,dharbandora,dharbandora,Colem,Colem Station,15.33497,74.24375,2007,8,August,3.8,NULL,Safe,NULL,NULL,NULL,NULL,NULL,NULL,unmatched,0.0,valid,August_WL_1994-2025.pdf,NULL,NULL,local_pdf,official_web_fallback,official_web_fallback,pdf_text,NULL,NULL,5765,NULL,NULL,https://cgwb.gov.in
goa,south goa,dharbandora,dharbandora,Molem,Molem Station,15.37701,74.22971,2007,8,August,1.6,NULL,Safe,NULL,NULL,NULL,NULL,NULL,NULL,unmatched,0.0,valid,August_WL_1994-2025.pdf,NULL,NULL,local_pdf,official_web_fallback,official_web_fallback,pdf_text,NULL,NULL,5765,NULL,NULL,https://cgwb.gov.in
goa,south goa,ponda,ponda,Shiroda,Shiroda Station,15.32068,74.03502,2007,8,August,5.4,NULL,Safe,NULL,NULL,NULL,NULL,NULL,NULL,unmatched,0.0,valid,August_WL_1994-2025.pdf,NULL,NULL,local_pdf,official_web_fallback,official_web_fallback,pdf_text,NULL,NULL,5765,NULL,NULL,https://cgwb.gov.in
goa,south goa,quepem,quepem,Ghadiawada,Ghadiawada Station,15.23894,74.11303,2007,8,August,1.1,NULL,Safe,NULL,NULL,NULL,NULL,NULL,NULL,unmatched,0.0,valid,August_WL_1994-2025.pdf,NULL,NULL,local_pdf,official_web_fallback,official_web_fallback,pdf_text,NULL,NULL,5765,NULL,NULL,https://cgwb.gov.in
goa,south goa,quepem,quepem,Quepem,Quepem Station,15.21751,74.08075,2007,8,August,1.6,NULL,Safe,NULL,NULL,NULL,NULL,NULL,NULL,unmatched,0.0,valid,August_WL_1994-2025.pdf,NULL,NULL,local_pdf,official_web_fallback,official_web_fallback,pdf_text,NULL,NULL,5765,NULL,NULL,https://cgwb.gov.in
goa,south goa,salcete,salcete,Akamol Ambavalli,Akamol Ambavalli Station,15.19028,74.00016,2007,8,August,3.3,NULL,Safe,NULL,NULL,NULL,NULL,NULL,NULL,unmatched,0.0,valid,August_WL_1994-2025.pdf,NULL,NULL,local_pdf,official_web_fallback,official_web_fallback,pdf_text,NULL,NULL,5765,NULL,NULL,https://cgwb.gov.in
goa,south goa,salcete,salcete,Ballynuvhen,Ballynuvhen Station,15.31651,73.94542,2007,8,August,4.9,NULL,Safe,NULL,NULL,NULL,NULL,NULL,NULL,unmatched,0.0,valid,August_WL_1994-2025.pdf,NULL,NULL,local_pdf,official_web_fallback,official_web_fallback,pdf_text,NULL,NULL,5765,NULL,NULL,https://cgwb.gov.in
goa,south goa,salcete,salcete,Majorda Bpada Curilo,Majorda Bpada Curilo Station,15.32117,73.91711,2007,8,August,1.3,NULL,Safe,NULL,NULL,NULL,NULL,NULL,NULL,unmatched,0.0,valid,August_WL_1994-2025.pdf,NULL,NULL,local_pdf,official_web_fallback,official_web_fallback,pdf_text,NULL,NULL,5765,NULL,NULL,https://cgwb.gov.in
goa,south goa,sanguem,sanguem,Deulwada Kolamba,Deulwada Kolamba Station,15.15021,74.13099,2007,8,August,0.1,NULL,Safe,NULL,NULL,NULL,NULL,NULL,NULL,unmatched,0.0,valid,August_WL_1994-2025.pdf,NULL,NULL,local_pdf,official_web_fallback,official_web_fallback,pdf_text,NULL,NULL,5765,NULL,NULL,https://cgwb.gov.in
goa,south goa,sanguem,sanguem,Neturlim,Neturlim Station,15.09065,74.21671,2007,8,August,9.2,NULL,Safe,NULL,NULL,NULL,NULL,NULL,NULL,unmatched,0.0,valid,August_WL_1994-2025.pdf,NULL,NULL,local_pdf,official_web_fallback,official_web_fallback,pdf_text,NULL,NULL,5765,NULL,NULL,https://cgwb.gov.in
goa,north goa,bardez,bardez,Alto Betim Porvorim,Alto Betim Porvorim Station,15.52605,73.82982,2006,8,August,6.0,NULL,Safe,NULL,NULL,NULL,NULL,NULL,NULL,unmatched,0.0,valid,August_WL_1994-2025.pdf,NULL,NULL,local_pdf,official_web_fallback,official_web_fallback,pdf_text,NULL,NULL,6023,NULL,NULL,https://cgwb.gov.in
goa,north goa,bardez,bardez,Calangute (Ct),Calangute (Ct) Station,15.54612,73.75861,2006,8,August,4.9,NULL,Safe,NULL,NULL,NULL,NULL,NULL,NULL,unmatched,0.0,valid,August_WL_1994-2025.pdf,NULL,NULL,local_pdf,official_web_fallback,official_web_fallback,pdf_text,NULL,NULL,6023,NULL,NULL,https://cgwb.gov.in
goa,north goa,bardez,bardez,Sircaim,Sircaim Station,15.62689,73.87588,2006,8,August,1.8,NULL,Safe,NULL,NULL,NULL,NULL,NULL,NULL,unmatched,0.0,valid,August_WL_1994-2025.pdf,NULL,NULL,local_pdf,official_web_fallback,official_web_fallback,pdf_text,NULL,NULL,6023,NULL,NULL,https://cgwb.gov.in
goa,north goa,bicholim,bicholim,Bordem,Bordem Station,15.58472,73.9575,2006,8,August,2.7,NULL,Safe,NULL,NULL,NULL,NULL,NULL,NULL,unmatched,0.0,valid,August_WL_1994-2025.pdf,NULL,NULL,local_pdf,official_web_fallback,official_web_fallback,pdf_text,NULL,NULL,6023,NULL,NULL,https://cgwb.gov.in
goa,north goa,bicholim,bicholim,Mulgao,Mulgao Station,15.61711,73.92075,2006,8,August,0.2,NULL,Safe,NULL,NULL,NULL,NULL,NULL,NULL,unmatched,0.0,valid,August_WL_1994-2025.pdf,NULL,NULL,local_pdf,official_web_fallback,official_web_fallback,pdf_text,NULL,NULL,6023,NULL,NULL,https://cgwb.gov.in
goa,north goa,bicholim,bicholim,Salem,Salem Station,15.68771,73.92681,2006,8,August,2.3,NULL,Safe,NULL,NULL,NULL,NULL,NULL,NULL,unmatched,0.0,valid,August_WL_1994-2025.pdf,NULL,NULL,local_pdf,official_web_fallback,official_web_fallback,pdf_text,NULL,NULL,6023,NULL,NULL,https://cgwb.gov.in
goa,north goa,pernem,pernem,Corgao,Corgao Station,15.70939,73.75176,2006,8,August,3.4,NULL,Safe,NULL,NULL,NULL,NULL,NULL,NULL,unmatched,0.0,valid,August_WL_1994-2025.pdf,NULL,NULL,local_pdf,official_web_fallback,official_web_fallback,pdf_text,NULL,NULL,6023,NULL,NULL,https://cgwb.gov.in
goa,north goa,pernem,pernem,Morji,Morji Station,15.63598,73.73963,2006,8,August,0.1,NULL,Safe,NULL,NULL,NULL,NULL,NULL,NULL,unmatched,0.0,valid,August_WL_1994-2025.pdf,NULL,NULL,local_pdf,official_web_fallback,official_web_fallback,pdf_text,NULL,NULL,6023,NULL,NULL,https://cgwb.gov.in
goa,north goa,pernem,pernem,Pernem,Pernem Station,15.7176,73.79806,2006,8,August,1.2,NULL,Safe,NULL,NULL,NULL,NULL,NULL,NULL,unmatched,0.0,valid,August_WL_1994-2025.pdf,NULL,NULL,local_pdf,official_web_fallback,official_web_fallback,pdf_text,NULL,NULL,6023,NULL,NULL,https://cgwb.gov.in
goa,north goa,pernem,pernem,Varconda,Varconda Station,15.75465,73.83533,2006,8,August,3.1,NULL,Safe,NULL,NULL,NULL,NULL,NULL,NULL,unmatched,0.0,valid,August_WL_1994-2025.pdf,NULL,NULL,local_pdf,official_web_fallback,official_web_fallback,pdf_text,NULL,NULL,6023,NULL,NULL,https://cgwb.gov.in
goa,north goa,satari,satari,Hivre Budruk,Hivre Budruk Station,15.63194,74.00174,2006,8,August,1.7,NULL,Safe,NULL,NULL,NULL,NULL,NULL,NULL,unmatched,0.0,valid,August_WL_1994-2025.pdf,NULL,NULL,local_pdf,official_web_fallback,official_web_fallback,pdf_text,NULL,NULL,6023,NULL,NULL,https://cgwb.gov.in
goa,north goa,satari,satari,Honda,Honda Station,15.54722,74.05079,2006,8,August,2.2,NULL,Safe,NULL,NULL,NULL,NULL,NULL,NULL,unmatched,0.0,valid,August_WL_1994-2025.pdf,NULL,NULL,local_pdf,official_web_fallback,official_web_fallback,pdf_text,NULL,NULL,6023,NULL,NULL,https://cgwb.gov.in
goa,north goa,satari,satari,Khadki(Harijanwada),Khadki(Harijanwada) Station,15.50253,74.13964,2006,8,August,5.0,NULL,Safe,NULL,NULL,NULL,NULL,NULL,NULL,unmatched,0.0,valid,August_WL_1994-2025.pdf,NULL,NULL,local_pdf,official_web_fallback,official_web_fallback,pdf_text,NULL,NULL,6023,NULL,NULL,https://cgwb.gov.in
goa,north goa,satari,satari,Morlem,Morlem Station,15.59397,74.04632,2006,8,August,3.3,NULL,Safe,NULL,NULL,NULL,NULL,NULL,NULL,unmatched,0.0,valid,August_WL_1994-2025.pdf,NULL,NULL,local_pdf,official_web_fallback,official_web_fallback,pdf_text,NULL,NULL,6023,NULL,NULL,https://cgwb.gov.in
goa,north goa,satari,satari,Valpoi,Valpoi Station,15.53301,74.13723,2006,8,August,4.0,NULL,Safe,NULL,NULL,NULL,NULL,NULL,NULL,unmatched,0.0,valid,August_WL_1994-2025.pdf,NULL,NULL,local_pdf,official_web_fallback,official_web_fallback,pdf_text,NULL,NULL,6023,NULL,NULL,https://cgwb.gov.in
goa,north goa,tiswadi,tiswadi,Goa-Velha,Goa-Velha Station,15.44139,73.87972,2006,8,August,0.5,NULL,Safe,NULL,NULL,NULL,NULL,NULL,NULL,unmatched,0.0,valid,August_WL_1994-2025.pdf,NULL,NULL,local_pdf,official_web_fallback,official_web_fallback,pdf_text,NULL,NULL,6023,NULL,NULL,https://cgwb.gov.in
goa,south goa,canacona,canacona,Daptamol Lolien,Daptamol Lolien Station,14.94986,74.05528,2006,8,August,14.6,NULL,Safe,NULL,NULL,NULL,NULL,NULL,NULL,unmatched,0.0,valid,August_WL_1994-2025.pdf,NULL,NULL,local_pdf,official_web_fallback,official_web_fallback,pdf_text,NULL,NULL,6023,NULL,NULL,https://cgwb.gov.in
goa,south goa,canacona,canacona,Gulem Velipwada,Gulem Velipwada Station,15.03918,74.02939,2006,8,August,0.5,NULL,Safe,NULL,NULL,NULL,NULL,NULL,NULL,unmatched,0.0,valid,August_WL_1994-2025.pdf,NULL,NULL,local_pdf,official_web_fallback,official_web_fallback,pdf_text,NULL,NULL,6023,NULL,NULL,https://cgwb.gov.in
goa,south goa,canacona,canacona,Hattipal Poinguinem,Hattipal Poinguinem Station,14.98407,74.10869,2006,8,August,6.1,NULL,Safe,NULL,NULL,NULL,NULL,NULL,NULL,unmatched,0.0,valid,August_WL_1994-2025.pdf,NULL,NULL,local_pdf,official_web_fallback,official_web_fallback,pdf_text,NULL,NULL,6023,NULL,NULL,https://cgwb.gov.in
goa,south goa,canacona,canacona,Polem,Polem Station,14.91289,74.08455,2006,8,August,0.8,NULL,Safe,NULL,NULL,NULL,NULL,NULL,NULL,unmatched,0.0,valid,August_WL_1994-2025.pdf,NULL,NULL,local_pdf,official_web_fallback,official_web_fallback,pdf_text,NULL,NULL,6023,NULL,NULL,https://cgwb.gov.in
goa,south goa,canacona,canacona,Shrishtal Gaondongar,Shrishtal Gaondongar Station,15.03725,74.11851,2006,8,August,1.8,NULL,Safe,NULL,NULL,NULL,NULL,NULL,NULL,unmatched,0.0,valid,August_WL_1994-2025.pdf,NULL,NULL,local_pdf,official_web_fallback,official_web_fallback,pdf_text,NULL,NULL,6023,NULL,NULL,https://cgwb.gov.in
goa,south goa,dharbandora,dharbandora,Bolkharnem,Bolkharnem Station,15.42964,74.19235,2006,8,August,4.6,NULL,Safe,NULL,NULL,NULL,NULL,NULL,NULL,unmatched,0.0,valid,August_WL_1994-2025.pdf,NULL,NULL,local_pdf,official_web_fallback,official_web_fallback,pdf_text,NULL,NULL,6023,NULL,NULL,https://cgwb.gov.in
goa,south goa,dharbandora,dharbandora,Colem,Colem Station,15.33497,74.24375,2006,8,August,4.5,NULL,Safe,NULL,NULL,NULL,NULL,NULL,NULL,unmatched,0.0,valid,August_WL_1994-2025.pdf,NULL,NULL,local_pdf,official_web_fallback,official_web_fallback,pdf_text,NULL,NULL,6023,NULL,NULL,https://cgwb.gov.in
goa,south goa,dharbandora,dharbandora,Molem,Molem Station,15.37701,74.22971,2006,8,August,2.3,NULL,Safe,NULL,NULL,NULL,NULL,NULL,NULL,unmatched,0.0,valid,August_WL_1994-2025.pdf,NULL,NULL,local_pdf,official_web_fallback,official_web_fallback,pdf_text,NULL,NULL,6023,NULL,NULL,https://cgwb.gov.in
goa,south goa,ponda,ponda,Shiroda,Shiroda Station,15.32068,74.03502,2006,8,August,5.2,NULL,Safe,NULL,NULL,NULL,NULL,NULL,NULL,unmatched,0.0,valid,August_WL_1994-2025.pdf,NULL,NULL,local_pdf,official_web_fallback,official_web_fallback,pdf_text,NULL,NULL,6023,NULL,NULL,https://cgwb.gov.in
goa,south goa,quepem,quepem,Ghadiawada,Ghadiawada Station,15.23894,74.11303,2006,8,August,1.0,NULL,Safe,NULL,NULL,NULL,NULL,NULL,NULL,unmatched,0.0,valid,August_WL_1994-2025.pdf,NULL,NULL,local_pdf,official_web_fallback,official_web_fallback,pdf_text,NULL,NULL,6024,NULL,NULL,https://cgwb.gov.in
goa,south goa,quepem,quepem,Quepem,Quepem Station,15.21751,74.08075,2006,8,August,1.3,NULL,Safe,NULL,NULL,NULL,NULL,NULL,NULL,unmatched,0.0,valid,August_WL_1994-2025.pdf,NULL,NULL,local_pdf,official_web_fallback,official_web_fallback,pdf_text,NULL,NULL,6024,NULL,NULL,https://cgwb.gov.in
goa,south goa,salcete,salcete,Akamol Ambavalli,Akamol Ambavalli Station,15.19028,74.00016,2006,8,August,4.3,NULL,Safe,NULL,NULL,NULL,NULL,NULL,NULL,unmatched,0.0,valid,August_WL_1994-2025.pdf,NULL,NULL,local_pdf,official_web_fallback,official_web_fallback,pdf_text,NULL,NULL,6024,NULL,NULL,https://cgwb.gov.in
goa,south goa,salcete,salcete,Ballynuvhen,Ballynuvhen Station,15.31651,73.94542,2006,8,August,6.3,NULL,Safe,NULL,NULL,NULL,NULL,NULL,NULL,unmatched,0.0,valid,August_WL_1994-2025.pdf,NULL,NULL,local_pdf,official_web_fallback,official_web_fallback,pdf_text,NULL,NULL,6024,NULL,NULL,https://cgwb.gov.in
goa,south goa,sanguem,sanguem,Deulwada Kolamba,Deulwada Kolamba Station,15.15021,74.13099,2006,8,August,1.7,NULL,Safe,NULL,NULL,NULL,NULL,NULL,NULL,unmatched,0.0,valid,August_WL_1994-2025.pdf,NULL,NULL,local_pdf,official_web_fallback,official_web_fallback,pdf_text,NULL,NULL,6024,NULL,NULL,https://cgwb.gov.in
goa,south goa,sanguem,sanguem,Neturlim,Neturlim Station,15.09065,74.21671,2006,8,August,8.7,NULL,Safe,NULL,NULL,NULL,NULL,NULL,NULL,unmatched,0.0,valid,August_WL_1994-2025.pdf,NULL,NULL,local_pdf,official_web_fallback,official_web_fallback,pdf_text,NULL,NULL,6024,NULL,NULL,https://cgwb.gov.in
goa,north goa,bardez,bardez,Alto Betim Porvorim,Alto Betim Porvorim Station,15.52605,73.82982,2005,8,August,4.3,NULL,Safe,NULL,NULL,NULL,NULL,NULL,NULL,unmatched,0.0,valid,August_WL_1994-2025.pdf,NULL,NULL,local_pdf,official_web_fallback,official_web_fallback,pdf_text,NULL,NULL,6277,NULL,NULL,https://cgwb.gov.in
goa,north goa,bardez,bardez,Calangute (Ct),Calangute (Ct) Station,15.54612,73.75861,2005,8,August,3.4,NULL,Safe,NULL,NULL,NULL,NULL,NULL,NULL,unmatched,0.0,valid,August_WL_1994-2025.pdf,NULL,NULL,local_pdf,official_web_fallback,official_web_fallback,pdf_text,NULL,NULL,6277,NULL,NULL,https://cgwb.gov.in
goa,north goa,bardez,bardez,Mapuca,Mapuca Station,15.61013,73.82434,2005,8,August,2.2,NULL,Safe,NULL,NULL,NULL,NULL,NULL,NULL,unmatched,0.0,valid,August_WL_1994-2025.pdf,NULL,NULL,local_pdf,official_web_fallback,official_web_fallback,pdf_text,NULL,NULL,6277,NULL,NULL,https://cgwb.gov.in
goa,north goa,bardez,bardez,Sircaim,Sircaim Station,15.62689,73.87588,2005,8,August,2.2,NULL,Safe,NULL,NULL,NULL,NULL,NULL,NULL,unmatched,0.0,valid,August_WL_1994-2025.pdf,NULL,NULL,local_pdf,official_web_fallback,official_web_fallback,pdf_text,NULL,NULL,6277,NULL,NULL,https://cgwb.gov.in
goa,north goa,bicholim,bicholim,Mulgao,Mulgao Station,15.61711,73.92075,2005,8,August,2.7,NULL,Safe,NULL,NULL,NULL,NULL,NULL,NULL,unmatched,0.0,valid,August_WL_1994-2025.pdf,NULL,NULL,local_pdf,official_web_fallback,official_web_fallback,pdf_text,NULL,NULL,6277,NULL,NULL,https://cgwb.gov.in
goa,north goa,bicholim,bicholim,Salem,Salem Station,15.68771,73.92681,2005,8,August,3.0,NULL,Safe,NULL,NULL,NULL,NULL,NULL,NULL,unmatched,0.0,valid,August_WL_1994-2025.pdf,NULL,NULL,local_pdf,official_web_fallback,official_web_fallback,pdf_text,NULL,NULL,6277,NULL,NULL,https://cgwb.gov.in
goa,north goa,pernem,pernem,Corgao,Corgao Station,15.70939,73.75176,2005,8,August,3.4,NULL,Safe,NULL,NULL,NULL,NULL,NULL,NULL,unmatched,0.0,valid,August_WL_1994-2025.pdf,NULL,NULL,local_pdf,official_web_fallback,official_web_fallback,pdf_text,NULL,NULL,6277,NULL,NULL,https://cgwb.gov.in
goa,north goa,pernem,pernem,Morji,Morji Station,15.63598,73.73963,2005,8,August,0.3,NULL,Safe,NULL,NULL,NULL,NULL,NULL,NULL,unmatched,0.0,valid,August_WL_1994-2025.pdf,NULL,NULL,local_pdf,official_web_fallback,official_web_fallback,pdf_text,NULL,NULL,6277,NULL,NULL,https://cgwb.gov.in
goa,north goa,pernem,pernem,Nagjhar,Nagjhar Station,15.70843,73.85289,2005,8,August,3.2,NULL,Safe,NULL,NULL,NULL,NULL,NULL,NULL,unmatched,0.0,valid,August_WL_1994-2025.pdf,NULL,NULL,local_pdf,official_web_fallback,official_web_fallback,pdf_text,NULL,NULL,6277,NULL,NULL,https://cgwb.gov.in
goa,north goa,pernem,pernem,Pernem,Pernem Station,15.7176,73.79806,2005,8,August,1.2,NULL,Safe,NULL,NULL,NULL,NULL,NULL,NULL,unmatched,0.0,valid,August_WL_1994-2025.pdf,NULL,NULL,local_pdf,official_web_fallback,official_web_fallback,pdf_text,NULL,NULL,6277,NULL,NULL,https://cgwb.gov.in
goa,north goa,pernem,pernem,Varconda,Varconda Station,15.75465,73.83533,2005,8,August,2.6,NULL,Safe,NULL,NULL,NULL,NULL,NULL,NULL,unmatched,0.0,valid,August_WL_1994-2025.pdf,NULL,NULL,local_pdf,official_web_fallback,official_web_fallback,pdf_text,NULL,NULL,6277,NULL,NULL,https://cgwb.gov.in
goa,north goa,satari,satari,Bayalwadikeri,Bayalwadikeri Station,15.61128,74.067,2005,8,August,2.3,NULL,Safe,NULL,NULL,NULL,NULL,NULL,NULL,unmatched,0.0,valid,August_WL_1994-2025.pdf,NULL,NULL,local_pdf,official_web_fallback,official_web_fallback,pdf_text,NULL,NULL,6277,NULL,NULL,https://cgwb.gov.in
goa,north goa,satari,satari,Honda,Honda Station,15.54722,74.05079,2005,8,August,2.8,NULL,Safe,NULL,NULL,NULL,NULL,NULL,NULL,unmatched,0.0,valid,August_WL_1994-2025.pdf,NULL,NULL,local_pdf,official_web_fallback,official_web_fallback,pdf_text,NULL,NULL,6277,NULL,NULL,https://cgwb.gov.in
goa,north goa,satari,satari,Khadki(Harijanwada),Khadki(Harijanwada) Station,15.50253,74.13964,2005,8,August,5.6,NULL,Safe,NULL,NULL,NULL,NULL,NULL,NULL,unmatched,0.0,valid,August_WL_1994-2025.pdf,NULL,NULL,local_pdf,official_web_fallback,official_web_fallback,pdf_text,NULL,NULL,6277,NULL,NULL,https://cgwb.gov.in
goa,north goa,satari,satari,Morlem,Morlem Station,15.59397,74.04632,2005,8,August,3.5,NULL,Safe,NULL,NULL,NULL,NULL,NULL,NULL,unmatched,0.0,valid,August_WL_1994-2025.pdf,NULL,NULL,local_pdf,official_web_fallback,official_web_fallback,pdf_text,NULL,NULL,6277,NULL,NULL,https://cgwb.gov.in
goa,north goa,satari,satari,Valpoi,Valpoi Station,15.53301,74.13723,2005,8,August,4.7,NULL,Safe,NULL,NULL,NULL,NULL,NULL,NULL,unmatched,0.0,valid,August_WL_1994-2025.pdf,NULL,NULL,local_pdf,official_web_fallback,official_web_fallback,pdf_text,NULL,NULL,6277,NULL,NULL,https://cgwb.gov.in
goa,north goa,tiswadi,tiswadi,Goa-Velha,Goa-Velha Station,15.44139,73.87972,2005,8,August,0.4,NULL,Safe,NULL,NULL,NULL,NULL,NULL,NULL,unmatched,0.0,valid,August_WL_1994-2025.pdf,NULL,NULL,local_pdf,official_web_fallback,official_web_fallback,pdf_text,NULL,NULL,6277,NULL,NULL,https://cgwb.gov.in
goa,north goa,tiswadi,tiswadi,Karanjhalen,Karanjhalen Station,15.459,73.80281,2005,8,August,2.1,NULL,Safe,NULL,NULL,NULL,NULL,NULL,NULL,unmatched,0.0,valid,August_WL_1994-2025.pdf,NULL,NULL,local_pdf,official_web_fallback,official_web_fallback,pdf_text,NULL,NULL,6277,NULL,NULL,https://cgwb.gov.in
goa,south goa,canacona,canacona,Agonda,Agonda Station,15.04152,73.99121,2005,8,August,2.6,NULL,Safe,NULL,NULL,NULL,NULL,NULL,NULL,unmatched,0.0,valid,August_WL_1994-2025.pdf,NULL,NULL,local_pdf,official_web_fallback,official_web_fallback,pdf_text,NULL,NULL,6277,NULL,NULL,https://cgwb.gov.in
goa,south goa,canacona,canacona,Canacona,Canacona Station,15.00716,74.05233,2005,8,August,2.2,NULL,Safe,NULL,NULL,NULL,NULL,NULL,NULL,unmatched,0.0,valid,August_WL_1994-2025.pdf,NULL,NULL,local_pdf,official_web_fallback,official_web_fallback,pdf_text,NULL,NULL,6277,NULL,NULL,https://cgwb.gov.in
goa,south goa,canacona,canacona,Carmona,Carmona Station,15.20278,73.9525,2005,8,August,4.7,NULL,Safe,NULL,NULL,NULL,NULL,NULL,NULL,unmatched,0.0,valid,August_WL_1994-2025.pdf,NULL,NULL,local_pdf,official_web_fallback,official_web_fallback,pdf_text,NULL,NULL,6277,NULL,NULL,https://cgwb.gov.in
goa,south goa,canacona,canacona,Daptamol Lolien,Daptamol Lolien Station,14.94986,74.05528,2005,8,August,14.6,NULL,Safe,NULL,NULL,NULL,NULL,NULL,NULL,unmatched,0.0,valid,August_WL_1994-2025.pdf,NULL,NULL,local_pdf,official_web_fallback,official_web_fallback,pdf_text,NULL,NULL,6277,NULL,NULL,https://cgwb.gov.in
goa,south goa,canacona,canacona,Hattipal Poinguinem,Hattipal Poinguinem Station,14.98407,74.10869,2005,8,August,6.4,NULL,Safe,NULL,NULL,NULL,NULL,NULL,NULL,unmatched,0.0,valid,August_WL_1994-2025.pdf,NULL,NULL,local_pdf,official_web_fallback,official_web_fallback,pdf_text,NULL,NULL,6277,NULL,NULL,https://cgwb.gov.in
goa,south goa,canacona,canacona,Polem,Polem Station,14.91289,74.08455,2005,8,August,0.9,NULL,Safe,NULL,NULL,NULL,NULL,NULL,NULL,unmatched,0.0,valid,August_WL_1994-2025.pdf,NULL,NULL,local_pdf,official_web_fallback,official_web_fallback,pdf_text,NULL,NULL,6277,NULL,NULL,https://cgwb.gov.in
goa,south goa,canacona,canacona,Shrishtal Gaondongar,Shrishtal Gaondongar Station,15.03725,74.11851,2005,8,August,3.8,NULL,Safe,NULL,NULL,NULL,NULL,NULL,NULL,unmatched,0.0,valid,August_WL_1994-2025.pdf,NULL,NULL,local_pdf,official_web_fallback,official_web_fallback,pdf_text,NULL,NULL,6277,NULL,NULL,https://cgwb.gov.in
goa,south goa,dharbandora,dharbandora,Bolkharnem,Bolkharnem Station,15.42964,74.19235,2005,8,August,5.0,NULL,Safe,NULL,NULL,NULL,NULL,NULL,NULL,unmatched,0.0,valid,August_WL_1994-2025.pdf,NULL,NULL,local_pdf,official_web_fallback,official_web_fallback,pdf_text,NULL,NULL,6277,NULL,NULL,https://cgwb.gov.in
goa,south goa,dharbandora,dharbandora,Colem,Colem Station,15.33497,74.24375,2005,8,August,5.2,NULL,Safe,NULL,NULL,NULL,NULL,NULL,NULL,unmatched,0.0,valid,August_WL_1994-2025.pdf,NULL,NULL,local_pdf,official_web_fallback,official_web_fallback,pdf_text,NULL,NULL,6277,NULL,NULL,https://cgwb.gov.in
goa,south goa,dharbandora,dharbandora,Molem,Molem Station,15.37701,74.22971,2005,8,August,3.5,NULL,Safe,NULL,NULL,NULL,NULL,NULL,NULL,unmatched,0.0,valid,August_WL_1994-2025.pdf,NULL,NULL,local_pdf,official_web_fallback,official_web_fallback,pdf_text,NULL,NULL,6277,NULL,NULL,https://cgwb.gov.in
goa,south goa,ponda,ponda,Shiroda,Shiroda Station,15.32068,74.03502,2005,8,August,5.9,NULL,Safe,NULL,NULL,NULL,NULL,NULL,NULL,unmatched,0.0,valid,August_WL_1994-2025.pdf,NULL,NULL,local_pdf,official_web_fallback,official_web_fallback,pdf_text,NULL,NULL,6277,NULL,NULL,https://cgwb.gov.in
goa,south goa,quepem,quepem,Ghadiawada,Ghadiawada Station,15.23894,74.11303,2005,8,August,1.5,NULL,Safe,NULL,NULL,NULL,NULL,NULL,NULL,unmatched,0.0,valid,August_WL_1994-2025.pdf,NULL,NULL,local_pdf,official_web_fallback,official_web_fallback,pdf_text,NULL,NULL,6277,NULL,NULL,https://cgwb.gov.in
goa,south goa,quepem,quepem,Quepem,Quepem Station,15.21751,74.08075,2005,8,August,2.5,NULL,Safe,NULL,NULL,NULL,NULL,NULL,NULL,unmatched,0.0,valid,August_WL_1994-2025.pdf,NULL,NULL,local_pdf,official_web_fallback,official_web_fallback,pdf_text,NULL,NULL,6277,NULL,NULL,https://cgwb.gov.in
goa,south goa,salcete,salcete,Akamol Ambavalli,Akamol Ambavalli Station,15.19028,74.00016,2005,8,August,4.8,NULL,Safe,NULL,NULL,NULL,NULL,NULL,NULL,unmatched,0.0,valid,August_WL_1994-2025.pdf,NULL,NULL,local_pdf,official_web_fallback,official_web_fallback,pdf_text,NULL,NULL,6277,NULL,NULL,https://cgwb.gov.in
goa,south goa,salcete,salcete,Ballynuvhen,Ballynuvhen Station,15.31651,73.94542,2005,8,August,5.4,NULL,Safe,NULL,NULL,NULL,NULL,NULL,NULL,unmatched,0.0,valid,August_WL_1994-2025.pdf,NULL,NULL,local_pdf,official_web_fallback,official_web_fallback,pdf_text,NULL,NULL,6277,NULL,NULL,https://cgwb.gov.in
goa,south goa,salcete,salcete,Majorda Bpada Curilo,Majorda Bpada Curilo Station,15.32117,73.91711,2005,8,August,1.5,NULL,Safe,NULL,NULL,NULL,NULL,NULL,NULL,unmatched,0.0,valid,August_WL_1994-2025.pdf,NULL,NULL,local_pdf,official_web_fallback,official_web_fallback,pdf_text,NULL,NULL,6277,NULL,NULL,https://cgwb.gov.in
goa,south goa,sanguem,sanguem,Deulwada Kolamba,Deulwada Kolamba Station,15.15021,74.13099,2005,8,August,2.3,NULL,Safe,NULL,NULL,NULL,NULL,NULL,NULL,unmatched,0.0,valid,August_WL_1994-2025.pdf,NULL,NULL,local_pdf,official_web_fallback,official_web_fallback,pdf_text,NULL,NULL,6277,NULL,NULL,https://cgwb.gov.in
goa,south goa,sanguem,sanguem,Neturlim,Neturlim Station,15.09065,74.21671,2005,8,August,8.6,NULL,Safe,NULL,NULL,NULL,NULL,NULL,NULL,unmatched,0.0,valid,August_WL_1994-2025.pdf,NULL,NULL,local_pdf,official_web_fallback,official_web_fallback,pdf_text,NULL,NULL,6277,NULL,NULL,https://cgwb.gov.in
goa,north goa,bardez,bardez,Alto Betim Porvorim,Alto Betim Porvorim Station,15.52605,73.82982,2004,8,August,6.7,NULL,Safe,NULL,NULL,NULL,NULL,NULL,NULL,unmatched,0.0,valid,August_WL_1994-2025.pdf,NULL,NULL,local_pdf,official_web_fallback,official_web_fallback,pdf_text,NULL,NULL,6529,NULL,NULL,https://cgwb.gov.in
goa,north goa,bardez,bardez,Calangute (Ct),Calangute (Ct) Station,15.54612,73.75861,2004,8,August,5.1,NULL,Safe,NULL,NULL,NULL,NULL,NULL,NULL,unmatched,0.0,valid,August_WL_1994-2025.pdf,NULL,NULL,local_pdf,official_web_fallback,official_web_fallback,pdf_text,NULL,NULL,6529,NULL,NULL,https://cgwb.gov.in
goa,north goa,bardez,bardez,Mapuca,Mapuca Station,15.61013,73.82434,2004,8,August,3.5,NULL,Safe,NULL,NULL,NULL,NULL,NULL,NULL,unmatched,0.0,valid,August_WL_1994-2025.pdf,NULL,NULL,local_pdf,official_web_fallback,official_web_fallback,pdf_text,NULL,NULL,6529,NULL,NULL,https://cgwb.gov.in
goa,north goa,bardez,bardez,Sircaim,Sircaim Station,15.62689,73.87588,2004,8,August,2.4,NULL,Safe,NULL,NULL,NULL,NULL,NULL,NULL,unmatched,0.0,valid,August_WL_1994-2025.pdf,NULL,NULL,local_pdf,official_web_fallback,official_web_fallback,pdf_text,NULL,NULL,6529,NULL,NULL,https://cgwb.gov.in
goa,north goa,bicholim,bicholim,Mulgao,Mulgao Station,15.61711,73.92075,2004,8,August,2.8,NULL,Safe,NULL,NULL,NULL,NULL,NULL,NULL,unmatched,0.0,valid,August_WL_1994-2025.pdf,NULL,NULL,local_pdf,official_web_fallback,official_web_fallback,pdf_text,NULL,NULL,6529,NULL,NULL,https://cgwb.gov.in
goa,north goa,bicholim,bicholim,Salem,Salem Station,15.68771,73.92681,2004,8,August,2.7,NULL,Safe,NULL,NULL,NULL,NULL,NULL,NULL,unmatched,0.0,valid,August_WL_1994-2025.pdf,NULL,NULL,local_pdf,official_web_fallback,official_web_fallback,pdf_text,NULL,NULL,6529,NULL,NULL,https://cgwb.gov.in
goa,north goa,pernem,pernem,Corgao,Corgao Station,15.70939,73.75176,2004,8,August,3.6,NULL,Safe,NULL,NULL,NULL,NULL,NULL,NULL,unmatched,0.0,valid,August_WL_1994-2025.pdf,NULL,NULL,local_pdf,official_web_fallback,official_web_fallback,pdf_text,NULL,NULL,6529,NULL,NULL,https://cgwb.gov.in
goa,north goa,pernem,pernem,Morji,Morji Station,15.63598,73.73963,2004,8,August,0.3,NULL,Safe,NULL,NULL,NULL,NULL,NULL,NULL,unmatched,0.0,valid,August_WL_1994-2025.pdf,NULL,NULL,local_pdf,official_web_fallback,official_web_fallback,pdf_text,NULL,NULL,6529,NULL,NULL,https://cgwb.gov.in
goa,north goa,pernem,pernem,Pernem,Pernem Station,15.7176,73.79806,2004,8,August,1.4,NULL,Safe,NULL,NULL,NULL,NULL,NULL,NULL,unmatched,0.0,valid,August_WL_1994-2025.pdf,NULL,NULL,local_pdf,official_web_fallback,official_web_fallback,pdf_text,NULL,NULL,6529,NULL,NULL,https://cgwb.gov.in
goa,north goa,pernem,pernem,Varconda,Varconda Station,15.75465,73.83533,2004,8,August,7.1,NULL,Safe,NULL,NULL,NULL,NULL,NULL,NULL,unmatched,0.0,valid,August_WL_1994-2025.pdf,NULL,NULL,local_pdf,official_web_fallback,official_web_fallback,pdf_text,NULL,NULL,6530,NULL,NULL,https://cgwb.gov.in
goa,north goa,satari,satari,Honda,Honda Station,15.54722,74.05079,2004,8,August,2.4,NULL,Safe,NULL,NULL,NULL,NULL,NULL,NULL,unmatched,0.0,valid,August_WL_1994-2025.pdf,NULL,NULL,local_pdf,official_web_fallback,official_web_fallback,pdf_text,NULL,NULL,6530,NULL,NULL,https://cgwb.gov.in
goa,north goa,satari,satari,Khadki(Harijanwada),Khadki(Harijanwada) Station,15.50253,74.13964,2004,8,August,6.2,NULL,Safe,NULL,NULL,NULL,NULL,NULL,NULL,unmatched,0.0,valid,August_WL_1994-2025.pdf,NULL,NULL,local_pdf,official_web_fallback,official_web_fallback,pdf_text,NULL,NULL,6530,NULL,NULL,https://cgwb.gov.in
goa,north goa,satari,satari,Morlem,Morlem Station,15.59397,74.04632,2004,8,August,3.6,NULL,Safe,NULL,NULL,NULL,NULL,NULL,NULL,unmatched,0.0,valid,August_WL_1994-2025.pdf,NULL,NULL,local_pdf,official_web_fallback,official_web_fallback,pdf_text,NULL,NULL,6530,NULL,NULL,https://cgwb.gov.in
goa,north goa,satari,satari,Valpoi,Valpoi Station,15.53301,74.13723,2004,8,August,4.8,NULL,Safe,NULL,NULL,NULL,NULL,NULL,NULL,unmatched,0.0,valid,August_WL_1994-2025.pdf,NULL,NULL,local_pdf,official_web_fallback,official_web_fallback,pdf_text,NULL,NULL,6530,NULL,NULL,https://cgwb.gov.in
goa,north goa,tiswadi,tiswadi,Goa-Velha,Goa-Velha Station,15.44139,73.87972,2004,8,August,0.3,NULL,Safe,NULL,NULL,NULL,NULL,NULL,NULL,unmatched,0.0,valid,August_WL_1994-2025.pdf,NULL,NULL,local_pdf,official_web_fallback,official_web_fallback,pdf_text,NULL,NULL,6530,NULL,NULL,https://cgwb.gov.in
goa,north goa,tiswadi,tiswadi,Karanjhalen,Karanjhalen Station,15.459,73.80281,2004,8,August,2.0,NULL,Safe,NULL,NULL,NULL,NULL,NULL,NULL,unmatched,0.0,valid,August_WL_1994-2025.pdf,NULL,NULL,local_pdf,official_web_fallback,official_web_fallback,pdf_text,NULL,NULL,6530,NULL,NULL,https://cgwb.gov.in
goa,south goa,canacona,canacona,Agonda,Agonda Station,15.04152,73.99121,2004,8,August,2.8,NULL,Safe,NULL,NULL,NULL,NULL,NULL,NULL,unmatched,0.0,valid,August_WL_1994-2025.pdf,NULL,NULL,local_pdf,official_web_fallback,official_web_fallback,pdf_text,NULL,NULL,6530,NULL,NULL,https://cgwb.gov.in
goa,south goa,canacona,canacona,Canacona,Canacona Station,15.00716,74.05233,2004,8,August,2.2,NULL,Safe,NULL,NULL,NULL,NULL,NULL,NULL,unmatched,0.0,valid,August_WL_1994-2025.pdf,NULL,NULL,local_pdf,official_web_fallback,official_web_fallback,pdf_text,NULL,NULL,6530,NULL,NULL,https://cgwb.gov.in
goa,south goa,canacona,canacona,Carmona,Carmona Station,15.20278,73.9525,2004,8,August,4.8,NULL,Safe,NULL,NULL,NULL,NULL,NULL,NULL,unmatched,0.0,valid,August_WL_1994-2025.pdf,NULL,NULL,local_pdf,official_web_fallback,official_web_fallback,pdf_text,NULL,NULL,6530,NULL,NULL,https://cgwb.gov.in
goa,south goa,canacona,canacona,Daptamol Lolien,Daptamol Lolien Station,14.94986,74.05528,2004,8,August,14.7,NULL,Safe,NULL,NULL,NULL,NULL,NULL,NULL,unmatched,0.0,valid,August_WL_1994-2025.pdf,NULL,NULL,local_pdf,official_web_fallback,official_web_fallback,pdf_text,NULL,NULL,6530,NULL,NULL,https://cgwb.gov.in
goa,south goa,canacona,canacona,Hattipal Poinguinem,Hattipal Poinguinem Station,14.98407,74.10869,2004,8,August,6.4,NULL,Safe,NULL,NULL,NULL,NULL,NULL,NULL,unmatched,0.0,valid,August_WL_1994-2025.pdf,NULL,NULL,local_pdf,official_web_fallback,official_web_fallback,pdf_text,NULL,NULL,6530,NULL,NULL,https://cgwb.gov.in
goa,south goa,canacona,canacona,Polem,Polem Station,14.91289,74.08455,2004,8,August,1.1,NULL,Safe,NULL,NULL,NULL,NULL,NULL,NULL,unmatched,0.0,valid,August_WL_1994-2025.pdf,NULL,NULL,local_pdf,official_web_fallback,official_web_fallback,pdf_text,NULL,NULL,6530,NULL,NULL,https://cgwb.gov.in
goa,south goa,canacona,canacona,Shrishtal Gaondongar,Shrishtal Gaondongar Station,15.03725,74.11851,2004,8,August,3.7,NULL,Safe,NULL,NULL,NULL,NULL,NULL,NULL,unmatched,0.0,valid,August_WL_1994-2025.pdf,NULL,NULL,local_pdf,official_web_fallback,official_web_fallback,pdf_text,NULL,NULL,6530,NULL,NULL,https://cgwb.gov.in
goa,south goa,dharbandora,dharbandora,Bolkharnem,Bolkharnem Station,15.42964,74.19235,2004,8,August,4.9,NULL,Safe,NULL,NULL,NULL,NULL,NULL,NULL,unmatched,0.0,valid,August_WL_1994-2025.pdf,NULL,NULL,local_pdf,official_web_fallback,official_web_fallback,pdf_text,NULL,NULL,6530,NULL,NULL,https://cgwb.gov.in
goa,south goa,dharbandora,dharbandora,Colem,Colem Station,15.33497,74.24375,2004,8,August,5.6,NULL,Safe,NULL,NULL,NULL,NULL,NULL,NULL,unmatched,0.0,valid,August_WL_1994-2025.pdf,NULL,NULL,local_pdf,official_web_fallback,official_web_fallback,pdf_text,NULL,NULL,6530,NULL,NULL,https://cgwb.gov.in
goa,south goa,dharbandora,dharbandora,Molem,Molem Station,15.37701,74.22971,2004,8,August,3.5,NULL,Safe,NULL,NULL,NULL,NULL,NULL,NULL,unmatched,0.0,valid,August_WL_1994-2025.pdf,NULL,NULL,local_pdf,official_web_fallback,official_web_fallback,pdf_text,NULL,NULL,6530,NULL,NULL,https://cgwb.gov.in
goa,south goa,ponda,ponda,Shiroda,Shiroda Station,15.32068,74.03502,2004,8,August,5.5,NULL,Safe,NULL,NULL,NULL,NULL,NULL,NULL,unmatched,0.0,valid,August_WL_1994-2025.pdf,NULL,NULL,local_pdf,official_web_fallback,official_web_fallback,pdf_text,NULL,NULL,6530,NULL,NULL,https://cgwb.gov.in
goa,south goa,quepem,quepem,Ghadiawada,Ghadiawada Station,15.23894,74.11303,2004,8,August,1.5,NULL,Safe,NULL,NULL,NULL,NULL,NULL,NULL,unmatched,0.0,valid,August_WL_1994-2025.pdf,NULL,NULL,local_pdf,official_web_fallback,official_web_fallback,pdf_text,NULL,NULL,6530,NULL,NULL,https://cgwb.gov.in
goa,south goa,quepem,quepem,Quepem,Quepem Station,15.21751,74.08075,2004,8,August,2.6,NULL,Safe,NULL,NULL,NULL,NULL,NULL,NULL,unmatched,0.0,valid,August_WL_1994-2025.pdf,NULL,NULL,local_pdf,official_web_fallback,official_web_fallback,pdf_text,NULL,NULL,6530,NULL,NULL,https://cgwb.gov.in
goa,south goa,salcete,salcete,Akamol Ambavalli,Akamol Ambavalli Station,15.19028,74.00016,2004,8,August,4.5,NULL,Safe,NULL,NULL,NULL,NULL,NULL,NULL,unmatched,0.0,valid,August_WL_1994-2025.pdf,NULL,NULL,local_pdf,official_web_fallback,official_web_fallback,pdf_text,NULL,NULL,6530,NULL,NULL,https://cgwb.gov.in
goa,south goa,salcete,salcete,Ballynuvhen,Ballynuvhen Station,15.31651,73.94542,2004,8,August,5.6,NULL,Safe,NULL,NULL,NULL,NULL,NULL,NULL,unmatched,0.0,valid,August_WL_1994-2025.pdf,NULL,NULL,local_pdf,official_web_fallback,official_web_fallback,pdf_text,NULL,NULL,6530,NULL,NULL,https://cgwb.gov.in
goa,south goa,salcete,salcete,Majorda Bpada Curilo,Majorda Bpada Curilo Station,15.32117,73.91711,2004,8,August,1.5,NULL,Safe,NULL,NULL,NULL,NULL,NULL,NULL,unmatched,0.0,valid,August_WL_1994-2025.pdf,NULL,NULL,local_pdf,official_web_fallback,official_web_fallback,pdf_text,NULL,NULL,6530,NULL,NULL,https://cgwb.gov.in
goa,south goa,sanguem,sanguem,Deulwada Kolamba,Deulwada Kolamba Station,15.15021,74.13099,2004,8,August,2.1,NULL,Safe,NULL,NULL,NULL,NULL,NULL,NULL,unmatched,0.0,valid,August_WL_1994-2025.pdf,NULL,NULL,local_pdf,official_web_fallback,official_web_fallback,pdf_text,NULL,NULL,6530,NULL,NULL,https://cgwb.gov.in
goa,south goa,sanguem,sanguem,Neturlim,Neturlim Station,15.09065,74.21671,2004,8,August,9.8,NULL,Safe,NULL,NULL,NULL,NULL,NULL,NULL,unmatched,0.0,valid,August_WL_1994-2025.pdf,NULL,NULL,local_pdf,official_web_fallback,official_web_fallback,pdf_text,NULL,NULL,6530,NULL,NULL,https://cgwb.gov.in
goa,north goa,bardez,bardez,Alto Betim Porvorim,Alto Betim Porvorim Station,15.52605,73.82982,2003,8,August,5.6,NULL,Safe,NULL,NULL,NULL,NULL,NULL,NULL,unmatched,0.0,valid,August_WL_1994-2025.pdf,NULL,NULL,local_pdf,official_web_fallback,official_web_fallback,pdf_text,NULL,NULL,6793,NULL,NULL,https://cgwb.gov.in
goa,north goa,bardez,bardez,Calangute (Ct),Calangute (Ct) Station,15.54612,73.75861,2003,8,August,4.7,NULL,Safe,NULL,NULL,NULL,NULL,NULL,NULL,unmatched,0.0,valid,August_WL_1994-2025.pdf,NULL,NULL,local_pdf,official_web_fallback,official_web_fallback,pdf_text,NULL,NULL,6793,NULL,NULL,https://cgwb.gov.in
goa,north goa,bardez,bardez,Mapuca,Mapuca Station,15.61013,73.82434,2003,8,August,3.3,NULL,Safe,NULL,NULL,NULL,NULL,NULL,NULL,unmatched,0.0,valid,August_WL_1994-2025.pdf,NULL,NULL,local_pdf,official_web_fallback,official_web_fallback,pdf_text,NULL,NULL,6793,NULL,NULL,https://cgwb.gov.in
goa,north goa,bardez,bardez,Sircaim,Sircaim Station,15.62689,73.87588,2003,8,August,1.6,NULL,Safe,NULL,NULL,NULL,NULL,NULL,NULL,unmatched,0.0,valid,August_WL_1994-2025.pdf,NULL,NULL,local_pdf,official_web_fallback,official_web_fallback,pdf_text,NULL,NULL,6793,NULL,NULL,https://cgwb.gov.in
goa,north goa,bicholim,bicholim,Mulgao,Mulgao Station,15.61711,73.92075,2003,8,August,2.1,NULL,Safe,NULL,NULL,NULL,NULL,NULL,NULL,unmatched,0.0,valid,August_WL_1994-2025.pdf,NULL,NULL,local_pdf,official_web_fallback,official_web_fallback,pdf_text,NULL,NULL,6794,NULL,NULL,https://cgwb.gov.in
goa,north goa,pernem,pernem,Nagjhar,Nagjhar Station,15.70843,73.85289,2003,8,August,4.4,NULL,Safe,NULL,NULL,NULL,NULL,NULL,NULL,unmatched,0.0,valid,August_WL_1994-2025.pdf,NULL,NULL,local_pdf,official_web_fallback,official_web_fallback,pdf_text,NULL,NULL,6794,NULL,NULL,https://cgwb.gov.in
goa,north goa,pernem,pernem,Pernem,Pernem Station,15.7176,73.79806,2003,8,August,1.4,NULL,Safe,NULL,NULL,NULL,NULL,NULL,NULL,unmatched,0.0,valid,August_WL_1994-2025.pdf,NULL,NULL,local_pdf,official_web_fallback,official_web_fallback,pdf_text,NULL,NULL,6794,NULL,NULL,https://cgwb.gov.in
goa,north goa,pernem,pernem,Varconda,Varconda Station,15.75465,73.83533,2003,8,August,3.3,NULL,Safe,NULL,NULL,NULL,NULL,NULL,NULL,unmatched,0.0,valid,August_WL_1994-2025.pdf,NULL,NULL,local_pdf,official_web_fallback,official_web_fallback,pdf_text,NULL,NULL,6794,NULL,NULL,https://cgwb.gov.in
goa,north goa,satari,satari,Bayalwadikeri,Bayalwadikeri Station,15.61128,74.067,2003,8,August,1.9,NULL,Safe,NULL,NULL,NULL,NULL,NULL,NULL,unmatched,0.0,valid,August_WL_1994-2025.pdf,NULL,NULL,local_pdf,official_web_fallback,official_web_fallback,pdf_text,NULL,NULL,6794,NULL,NULL,https://cgwb.gov.in
goa,north goa,satari,satari,Honda,Honda Station,15.54722,74.05079,2003,8,August,2.6,NULL,Safe,NULL,NULL,NULL,NULL,NULL,NULL,unmatched,0.0,valid,August_WL_1994-2025.pdf,NULL,NULL,local_pdf,official_web_fallback,official_web_fallback,pdf_text,NULL,NULL,6794,NULL,NULL,https://cgwb.gov.in
goa,north goa,satari,satari,Khadki(Harijanwada),Khadki(Harijanwada) Station,15.50253,74.13964,2003,8,August,3.6,NULL,Safe,NULL,NULL,NULL,NULL,NULL,NULL,unmatched,0.0,valid,August_WL_1994-2025.pdf,NULL,NULL,local_pdf,official_web_fallback,official_web_fallback,pdf_text,NULL,NULL,6794,NULL,NULL,https://cgwb.gov.in
goa,north goa,satari,satari,Morlem,Morlem Station,15.59397,74.04632,2003,8,August,3.2,NULL,Safe,NULL,NULL,NULL,NULL,NULL,NULL,unmatched,0.0,valid,August_WL_1994-2025.pdf,NULL,NULL,local_pdf,official_web_fallback,official_web_fallback,pdf_text,NULL,NULL,6794,NULL,NULL,https://cgwb.gov.in
goa,north goa,satari,satari,Valpoi,Valpoi Station,15.53301,74.13723,2003,8,August,2.7,NULL,Safe,NULL,NULL,NULL,NULL,NULL,NULL,unmatched,0.0,valid,August_WL_1994-2025.pdf,NULL,NULL,local_pdf,official_web_fallback,official_web_fallback,pdf_text,NULL,NULL,6794,NULL,NULL,https://cgwb.gov.in
goa,north goa,tiswadi,tiswadi,Goa-Velha,Goa-Velha Station,15.44139,73.87972,2003,8,August,0.2,NULL,Safe,NULL,NULL,NULL,NULL,NULL,NULL,unmatched,0.0,valid,August_WL_1994-2025.pdf,NULL,NULL,local_pdf,official_web_fallback,official_web_fallback,pdf_text,NULL,NULL,6794,NULL,NULL,https://cgwb.gov.in
goa,north goa,tiswadi,tiswadi,Karanjhalen,Karanjhalen Station,15.459,73.80281,2003,8,August,1.9,NULL,Safe,NULL,NULL,NULL,NULL,NULL,NULL,unmatched,0.0,valid,August_WL_1994-2025.pdf,NULL,NULL,local_pdf,official_web_fallback,official_web_fallback,pdf_text,NULL,NULL,6794,NULL,NULL,https://cgwb.gov.in
goa,south goa,canacona,canacona,Agonda,Agonda Station,15.04152,73.99121,2003,8,August,2.2,NULL,Safe,NULL,NULL,NULL,NULL,NULL,NULL,unmatched,0.0,valid,August_WL_1994-2025.pdf,NULL,NULL,local_pdf,official_web_fallback,official_web_fallback,pdf_text,NULL,NULL,6794,NULL,NULL,https://cgwb.gov.in
goa,south goa,canacona,canacona,Canacona,Canacona Station,15.00716,74.05233,2003,8,August,1.8,NULL,Safe,NULL,NULL,NULL,NULL,NULL,NULL,unmatched,0.0,valid,August_WL_1994-2025.pdf,NULL,NULL,local_pdf,official_web_fallback,official_web_fallback,pdf_text,NULL,NULL,6794,NULL,NULL,https://cgwb.gov.in
goa,south goa,canacona,canacona,Carmona,Carmona Station,15.20278,73.9525,2003,8,August,3.7,NULL,Safe,NULL,NULL,NULL,NULL,NULL,NULL,unmatched,0.0,valid,August_WL_1994-2025.pdf,NULL,NULL,local_pdf,official_web_fallback,official_web_fallback,pdf_text,NULL,NULL,6794,NULL,NULL,https://cgwb.gov.in
goa,south goa,canacona,canacona,Daptamol Lolien,Daptamol Lolien Station,14.94986,74.05528,2003,8,August,14.8,NULL,Safe,NULL,NULL,NULL,NULL,NULL,NULL,unmatched,0.0,valid,August_WL_1994-2025.pdf,NULL,NULL,local_pdf,official_web_fallback,official_web_fallback,pdf_text,NULL,NULL,6794,NULL,NULL,https://cgwb.gov.in
goa,south goa,canacona,canacona,Gulem Velipwada,Gulem Velipwada Station,15.03918,74.02939,2003,8,August,0.6,NULL,Safe,NULL,NULL,NULL,NULL,NULL,NULL,unmatched,0.0,valid,August_WL_1994-2025.pdf,NULL,NULL,local_pdf,official_web_fallback,official_web_fallback,pdf_text,NULL,NULL,6794,NULL,NULL,https://cgwb.gov.in
goa,south goa,canacona,canacona,Hattipal Poinguinem,Hattipal Poinguinem Station,14.98407,74.10869,2003,8,August,5.8,NULL,Safe,NULL,NULL,NULL,NULL,NULL,NULL,unmatched,0.0,valid,August_WL_1994-2025.pdf,NULL,NULL,local_pdf,official_web_fallback,official_web_fallback,pdf_text,NULL,NULL,6794,NULL,NULL,https://cgwb.gov.in
goa,south goa,canacona,canacona,Polem,Polem Station,14.91289,74.08455,2003,8,August,1.0,NULL,Safe,NULL,NULL,NULL,NULL,NULL,NULL,unmatched,0.0,valid,August_WL_1994-2025.pdf,NULL,NULL,local_pdf,official_web_fallback,official_web_fallback,pdf_text,NULL,NULL,6794,NULL,NULL,https://cgwb.gov.in
goa,south goa,canacona,canacona,Shrishtal Gaondongar,Shrishtal Gaondongar Station,15.03725,74.11851,2003,8,August,3.4,NULL,Safe,NULL,NULL,NULL,NULL,NULL,NULL,unmatched,0.0,valid,August_WL_1994-2025.pdf,NULL,NULL,local_pdf,official_web_fallback,official_web_fallback,pdf_text,NULL,NULL,6794,NULL,NULL,https://cgwb.gov.in
goa,south goa,dharbandora,dharbandora,Bolkharnem,Bolkharnem Station,15.42964,74.19235,2003,8,August,4.6,NULL,Safe,NULL,NULL,NULL,NULL,NULL,NULL,unmatched,0.0,valid,August_WL_1994-2025.pdf,NULL,NULL,local_pdf,official_web_fallback,official_web_fallback,pdf_text,NULL,NULL,6794,NULL,NULL,https://cgwb.gov.in
goa,south goa,dharbandora,dharbandora,Colem,Colem Station,15.33497,74.24375,2003,8,August,3.1,NULL,Safe,NULL,NULL,NULL,NULL,NULL,NULL,unmatched,0.0,valid,August_WL_1994-2025.pdf,NULL,NULL,local_pdf,official_web_fallback,official_web_fallback,pdf_text,NULL,NULL,6794,NULL,NULL,https://cgwb.gov.in
goa,south goa,dharbandora,dharbandora,Molem,Molem Station,15.37701,74.22971,2003,8,August,1.2,NULL,Safe,NULL,NULL,NULL,NULL,NULL,NULL,unmatched,0.0,valid,August_WL_1994-2025.pdf,NULL,NULL,local_pdf,official_web_fallback,official_web_fallback,pdf_text,NULL,NULL,6794,NULL,NULL,https://cgwb.gov.in
goa,south goa,ponda,ponda,Shiroda,Shiroda Station,15.32068,74.03502,2003,8,August,5.0,NULL,Safe,NULL,NULL,NULL,NULL,NULL,NULL,unmatched,0.0,valid,August_WL_1994-2025.pdf,NULL,NULL,local_pdf,official_web_fallback,official_web_fallback,pdf_text,NULL,NULL,6794,NULL,NULL,https://cgwb.gov.in
goa,south goa,quepem,quepem,Ghadiawada,Ghadiawada Station,15.23894,74.11303,2003,8,August,1.1,NULL,Safe,NULL,NULL,NULL,NULL,NULL,NULL,unmatched,0.0,valid,August_WL_1994-2025.pdf,NULL,NULL,local_pdf,official_web_fallback,official_web_fallback,pdf_text,NULL,NULL,6794,NULL,NULL,https://cgwb.gov.in
goa,south goa,quepem,quepem,Quepem,Quepem Station,15.21751,74.08075,2003,8,August,1.8,NULL,Safe,NULL,NULL,NULL,NULL,NULL,NULL,unmatched,0.0,valid,August_WL_1994-2025.pdf,NULL,NULL,local_pdf,official_web_fallback,official_web_fallback,pdf_text,NULL,NULL,6794,NULL,NULL,https://cgwb.gov.in
goa,south goa,salcete,salcete,Akamol Ambavalli,Akamol Ambavalli Station,15.19028,74.00016,2003,8,August,3.8,NULL,Safe,NULL,NULL,NULL,NULL,NULL,NULL,unmatched,0.0,valid,August_WL_1994-2025.pdf,NULL,NULL,local_pdf,official_web_fallback,official_web_fallback,pdf_text,NULL,NULL,6794,NULL,NULL,https://cgwb.gov.in
goa,south goa,salcete,salcete,Ballynuvhen,Ballynuvhen Station,15.31651,73.94542,2003,8,August,3.8,NULL,Safe,NULL,NULL,NULL,NULL,NULL,NULL,unmatched,0.0,valid,August_WL_1994-2025.pdf,NULL,NULL,local_pdf,official_web_fallback,official_web_fallback,pdf_text,NULL,NULL,6794,NULL,NULL,https://cgwb.gov.in
goa,south goa,salcete,salcete,Majorda Bpada Curilo,Majorda Bpada Curilo Station,15.32117,73.91711,2003,8,August,1.3,NULL,Safe,NULL,NULL,NULL,NULL,NULL,NULL,unmatched,0.0,valid,August_WL_1994-2025.pdf,NULL,NULL,local_pdf,official_web_fallback,official_web_fallback,pdf_text,NULL,NULL,6794,NULL,NULL,https://cgwb.gov.in
goa,south goa,sanguem,sanguem,Deulwada Kolamba,Deulwada Kolamba Station,15.15021,74.13099,2003,8,August,1.9,NULL,Safe,NULL,NULL,NULL,NULL,NULL,NULL,unmatched,0.0,valid,August_WL_1994-2025.pdf,NULL,NULL,local_pdf,official_web_fallback,official_web_fallback,pdf_text,NULL,NULL,6794,NULL,NULL,https://cgwb.gov.in
goa,south goa,sanguem,sanguem,Neturlim,Neturlim Station,15.09065,74.21671,2003,8,August,8.7,NULL,Safe,NULL,NULL,NULL,NULL,NULL,NULL,unmatched,0.0,valid,August_WL_1994-2025.pdf,NULL,NULL,local_pdf,official_web_fallback,official_web_fallback,pdf_text,NULL,NULL,6794,NULL,NULL,https://cgwb.gov.in
goa,north goa,bardez,bardez,Alto Betim Porvorim,Alto Betim Porvorim Station,15.52605,73.82982,2002,8,August,3.9,NULL,Safe,NULL,NULL,NULL,NULL,NULL,NULL,unmatched,0.0,valid,August_WL_1994-2025.pdf,NULL,NULL,local_pdf,official_web_fallback,official_web_fallback,pdf_text,NULL,NULL,7057,NULL,NULL,https://cgwb.gov.in
goa,north goa,bardez,bardez,Calangute (Ct),Calangute (Ct) Station,15.54612,73.75861,2002,8,August,5.0,NULL,Safe,NULL,NULL,NULL,NULL,NULL,NULL,unmatched,0.0,valid,August_WL_1994-2025.pdf,NULL,NULL,local_pdf,official_web_fallback,official_web_fallback,pdf_text,NULL,NULL,7057,NULL,NULL,https://cgwb.gov.in
goa,north goa,bardez,bardez,Mapuca,Mapuca Station,15.61013,73.82434,2002,8,August,1.4,NULL,Safe,NULL,NULL,NULL,NULL,NULL,NULL,unmatched,0.0,valid,August_WL_1994-2025.pdf,NULL,NULL,local_pdf,official_web_fallback,official_web_fallback,pdf_text,NULL,NULL,7057,NULL,NULL,https://cgwb.gov.in
goa,north goa,bardez,bardez,Sircaim,Sircaim Station,15.62689,73.87588,2002,8,August,1.5,NULL,Safe,NULL,NULL,NULL,NULL,NULL,NULL,unmatched,0.0,valid,August_WL_1994-2025.pdf,NULL,NULL,local_pdf,official_web_fallback,official_web_fallback,pdf_text,NULL,NULL,7057,NULL,NULL,https://cgwb.gov.in
goa,north goa,bicholim,bicholim,Bordem,Bordem Station,15.58472,73.9575,2002,8,August,1.8,NULL,Safe,NULL,NULL,NULL,NULL,NULL,NULL,unmatched,0.0,valid,August_WL_1994-2025.pdf,NULL,NULL,local_pdf,official_web_fallback,official_web_fallback,pdf_text,NULL,NULL,7057,NULL,NULL,https://cgwb.gov.in
goa,north goa,bicholim,bicholim,Mulgao,Mulgao Station,15.61711,73.92075,2002,8,August,2.1,NULL,Safe,NULL,NULL,NULL,NULL,NULL,NULL,unmatched,0.0,valid,August_WL_1994-2025.pdf,NULL,NULL,local_pdf,official_web_fallback,official_web_fallback,pdf_text,NULL,NULL,7057,NULL,NULL,https://cgwb.gov.in
goa,north goa,bicholim,bicholim,Salem,Salem Station,15.68771,73.92681,2002,8,August,1.8,NULL,Safe,NULL,NULL,NULL,NULL,NULL,NULL,unmatched,0.0,valid,August_WL_1994-2025.pdf,NULL,NULL,local_pdf,official_web_fallback,official_web_fallback,pdf_text,NULL,NULL,7057,NULL,NULL,https://cgwb.gov.in
goa,north goa,pernem,pernem,Corgao,Corgao Station,15.70939,73.75176,2002,8,August,3.4,NULL,Safe,NULL,NULL,NULL,NULL,NULL,NULL,unmatched,0.0,valid,August_WL_1994-2025.pdf,NULL,NULL,local_pdf,official_web_fallback,official_web_fallback,pdf_text,NULL,NULL,7057,NULL,NULL,https://cgwb.gov.in
goa,north goa,pernem,pernem,Morji,Morji Station,15.63598,73.73963,2002,8,August,0.2,NULL,Safe,NULL,NULL,NULL,NULL,NULL,NULL,unmatched,0.0,valid,August_WL_1994-2025.pdf,NULL,NULL,local_pdf,official_web_fallback,official_web_fallback,pdf_text,NULL,NULL,7057,NULL,NULL,https://cgwb.gov.in
goa,north goa,pernem,pernem,Nagjhar,Nagjhar Station,15.70843,73.85289,2002,8,August,4.0,NULL,Safe,NULL,NULL,NULL,NULL,NULL,NULL,unmatched,0.0,valid,August_WL_1994-2025.pdf,NULL,NULL,local_pdf,official_web_fallback,official_web_fallback,pdf_text,NULL,NULL,7057,NULL,NULL,https://cgwb.gov.in
goa,north goa,pernem,pernem,Pernem,Pernem Station,15.7176,73.79806,2002,8,August,1.3,NULL,Safe,NULL,NULL,NULL,NULL,NULL,NULL,unmatched,0.0,valid,August_WL_1994-2025.pdf,NULL,NULL,local_pdf,official_web_fallback,official_web_fallback,pdf_text,NULL,NULL,7057,NULL,NULL,https://cgwb.gov.in
goa,north goa,pernem,pernem,Varconda,Varconda Station,15.75465,73.83533,2002,8,August,2.7,NULL,Safe,NULL,NULL,NULL,NULL,NULL,NULL,unmatched,0.0,valid,August_WL_1994-2025.pdf,NULL,NULL,local_pdf,official_web_fallback,official_web_fallback,pdf_text,NULL,NULL,7057,NULL,NULL,https://cgwb.gov.in
goa,north goa,satari,satari,Bayalwadikeri,Bayalwadikeri Station,15.61128,74.067,2002,8,August,1.8,NULL,Safe,NULL,NULL,NULL,NULL,NULL,NULL,unmatched,0.0,valid,August_WL_1994-2025.pdf,NULL,NULL,local_pdf,official_web_fallback,official_web_fallback,pdf_text,NULL,NULL,7057,NULL,NULL,https://cgwb.gov.in
goa,north goa,satari,satari,Valpoi,Valpoi Station,15.53301,74.13723,2002,8,August,3.2,NULL,Safe,NULL,NULL,NULL,NULL,NULL,NULL,unmatched,0.0,valid,August_WL_1994-2025.pdf,NULL,NULL,local_pdf,official_web_fallback,official_web_fallback,pdf_text,NULL,NULL,7057,NULL,NULL,https://cgwb.gov.in
goa,north goa,tiswadi,tiswadi,Karanjhalen,Karanjhalen Station,15.459,73.80281,2002,8,August,1.6,NULL,Safe,NULL,NULL,NULL,NULL,NULL,NULL,unmatched,0.0,valid,August_WL_1994-2025.pdf,NULL,NULL,local_pdf,official_web_fallback,official_web_fallback,pdf_text,NULL,NULL,7057,NULL,NULL,https://cgwb.gov.in
goa,south goa,canacona,canacona,Agonda,Agonda Station,15.04152,73.99121,2002,8,August,2.3,NULL,Safe,NULL,NULL,NULL,NULL,NULL,NULL,unmatched,0.0,valid,August_WL_1994-2025.pdf,NULL,NULL,local_pdf,official_web_fallback,official_web_fallback,pdf_text,NULL,NULL,7057,NULL,NULL,https://cgwb.gov.in
goa,south goa,canacona,canacona,Canacona,Canacona Station,15.00716,74.05233,2002,8,August,1.9,NULL,Safe,NULL,NULL,NULL,NULL,NULL,NULL,unmatched,0.0,valid,August_WL_1994-2025.pdf,NULL,NULL,local_pdf,official_web_fallback,official_web_fallback,pdf_text,NULL,NULL,7057,NULL,NULL,https://cgwb.gov.in
goa,south goa,canacona,canacona,Daptamol Lolien,Daptamol Lolien Station,14.94986,74.05528,2002,8,August,14.8,NULL,Safe,NULL,NULL,NULL,NULL,NULL,NULL,unmatched,0.0,valid,August_WL_1994-2025.pdf,NULL,NULL,local_pdf,official_web_fallback,official_web_fallback,pdf_text,NULL,NULL,7057,NULL,NULL,https://cgwb.gov.in
goa,south goa,canacona,canacona,Hattipal Poinguinem,Hattipal Poinguinem Station,14.98407,74.10869,2002,8,August,6.0,NULL,Safe,NULL,NULL,NULL,NULL,NULL,NULL,unmatched,0.0,valid,August_WL_1994-2025.pdf,NULL,NULL,local_pdf,official_web_fallback,official_web_fallback,pdf_text,NULL,NULL,7057,NULL,NULL,https://cgwb.gov.in
goa,south goa,canacona,canacona,Polem,Polem Station,14.91289,74.08455,2002,8,August,1.0,NULL,Safe,NULL,NULL,NULL,NULL,NULL,NULL,unmatched,0.0,valid,August_WL_1994-2025.pdf,NULL,NULL,local_pdf,official_web_fallback,official_web_fallback,pdf_text,NULL,NULL,7057,NULL,NULL,https://cgwb.gov.in
goa,south goa,canacona,canacona,Shrishtal Gaondongar,Shrishtal Gaondongar Station,15.03725,74.11851,2002,8,August,3.5,NULL,Safe,NULL,NULL,NULL,NULL,NULL,NULL,unmatched,0.0,valid,August_WL_1994-2025.pdf,NULL,NULL,local_pdf,official_web_fallback,official_web_fallback,pdf_text,NULL,NULL,7057,NULL,NULL,https://cgwb.gov.in
goa,south goa,dharbandora,dharbandora,Colem,Colem Station,15.33497,74.24375,2002,8,August,3.6,NULL,Safe,NULL,NULL,NULL,NULL,NULL,NULL,unmatched,0.0,valid,August_WL_1994-2025.pdf,NULL,NULL,local_pdf,official_web_fallback,official_web_fallback,pdf_text,NULL,NULL,7057,NULL,NULL,https://cgwb.gov.in
goa,south goa,dharbandora,dharbandora,Molem,Molem Station,15.37701,74.22971,2002,8,August,1.3,NULL,Safe,NULL,NULL,NULL,NULL,NULL,NULL,unmatched,0.0,valid,August_WL_1994-2025.pdf,NULL,NULL,local_pdf,official_web_fallback,official_web_fallback,pdf_text,NULL,NULL,7057,NULL,NULL,https://cgwb.gov.in
goa,south goa,ponda,ponda,Shiroda,Shiroda Station,15.32068,74.03502,2002,8,August,5.4,NULL,Safe,NULL,NULL,NULL,NULL,NULL,NULL,unmatched,0.0,valid,August_WL_1994-2025.pdf,NULL,NULL,local_pdf,official_web_fallback,official_web_fallback,pdf_text,NULL,NULL,7057,NULL,NULL,https://cgwb.gov.in
goa,south goa,quepem,quepem,Ghadiawada,Ghadiawada Station,15.23894,74.11303,2002,8,August,1.0,NULL,Safe,NULL,NULL,NULL,NULL,NULL,NULL,unmatched,0.0,valid,August_WL_1994-2025.pdf,NULL,NULL,local_pdf,official_web_fallback,official_web_fallback,pdf_text,NULL,NULL,7057,NULL,NULL,https://cgwb.gov.in
goa,south goa,quepem,quepem,Quepem,Quepem Station,15.21751,74.08075,2002,8,August,1.6,NULL,Safe,NULL,NULL,NULL,NULL,NULL,NULL,unmatched,0.0,valid,August_WL_1994-2025.pdf,NULL,NULL,local_pdf,official_web_fallback,official_web_fallback,pdf_text,NULL,NULL,7057,NULL,NULL,https://cgwb.gov.in
goa,south goa,salcete,salcete,Akamol Ambavalli,Akamol Ambavalli Station,15.19028,74.00016,2002,8,August,2.8,NULL,Safe,NULL,NULL,NULL,NULL,NULL,NULL,unmatched,0.0,valid,August_WL_1994-2025.pdf,NULL,NULL,local_pdf,official_web_fallback,official_web_fallback,pdf_text,NULL,NULL,7058,NULL,NULL,https://cgwb.gov.in
goa,south goa,sanguem,sanguem,Deulwada Kolamba,Deulwada Kolamba Station,15.15021,74.13099,2002,8,August,1.9,NULL,Safe,NULL,NULL,NULL,NULL,NULL,NULL,unmatched,0.0,valid,August_WL_1994-2025.pdf,NULL,NULL,local_pdf,official_web_fallback,official_web_fallback,pdf_text,NULL,NULL,7058,NULL,NULL,https://cgwb.gov.in
goa,south goa,sanguem,sanguem,Neturlim,Neturlim Station,15.09065,74.21671,2002,8,August,8.9,NULL,Safe,NULL,NULL,NULL,NULL,NULL,NULL,unmatched,0.0,valid,August_WL_1994-2025.pdf,NULL,NULL,local_pdf,official_web_fallback,official_web_fallback,pdf_text,NULL,NULL,7058,NULL,NULL,https://cgwb.gov.in
goa,north goa,bardez,bardez,Alto Betim Porvorim,Alto Betim Porvorim Station,15.52605,73.82982,2001,8,August,6.0,NULL,Safe,NULL,NULL,NULL,NULL,NULL,NULL,unmatched,0.0,valid,August_WL_1994-2025.pdf,NULL,NULL,local_pdf,official_web_fallback,official_web_fallback,pdf_text,NULL,NULL,7307,NULL,NULL,https://cgwb.gov.in
goa,north goa,bardez,bardez,Calangute (Ct),Calangute (Ct) Station,15.54612,73.75861,2001,8,August,6.0,NULL,Safe,NULL,NULL,NULL,NULL,NULL,NULL,unmatched,0.0,valid,August_WL_1994-2025.pdf,NULL,NULL,local_pdf,official_web_fallback,official_web_fallback,pdf_text,NULL,NULL,7307,NULL,NULL,https://cgwb.gov.in
goa,north goa,bardez,bardez,Mapuca,Mapuca Station,15.61013,73.82434,2001,8,August,3.1,NULL,Safe,NULL,NULL,NULL,NULL,NULL,NULL,unmatched,0.0,valid,August_WL_1994-2025.pdf,NULL,NULL,local_pdf,official_web_fallback,official_web_fallback,pdf_text,NULL,NULL,7307,NULL,NULL,https://cgwb.gov.in
goa,north goa,bardez,bardez,Sircaim,Sircaim Station,15.62689,73.87588,2001,8,August,1.5,NULL,Safe,NULL,NULL,NULL,NULL,NULL,NULL,unmatched,0.0,valid,August_WL_1994-2025.pdf,NULL,NULL,local_pdf,official_web_fallback,official_web_fallback,pdf_text,NULL,NULL,7307,NULL,NULL,https://cgwb.gov.in
goa,north goa,bicholim,bicholim,Bordem,Bordem Station,15.58472,73.9575,2001,8,August,2.8,NULL,Safe,NULL,NULL,NULL,NULL,NULL,NULL,unmatched,0.0,valid,August_WL_1994-2025.pdf,NULL,NULL,local_pdf,official_web_fallback,official_web_fallback,pdf_text,NULL,NULL,7307,NULL,NULL,https://cgwb.gov.in
goa,north goa,bicholim,bicholim,Mulgao,Mulgao Station,15.61711,73.92075,2001,8,August,2.4,NULL,Safe,NULL,NULL,NULL,NULL,NULL,NULL,unmatched,0.0,valid,August_WL_1994-2025.pdf,NULL,NULL,local_pdf,official_web_fallback,official_web_fallback,pdf_text,NULL,NULL,7307,NULL,NULL,https://cgwb.gov.in
goa,north goa,bicholim,bicholim,Salem,Salem Station,15.68771,73.92681,2001,8,August,2.4,NULL,Safe,NULL,NULL,NULL,NULL,NULL,NULL,unmatched,0.0,valid,August_WL_1994-2025.pdf,NULL,NULL,local_pdf,official_web_fallback,official_web_fallback,pdf_text,NULL,NULL,7307,NULL,NULL,https://cgwb.gov.in
goa,north goa,pernem,pernem,Corgao,Corgao Station,15.70939,73.75176,2001,8,August,3.6,NULL,Safe,NULL,NULL,NULL,NULL,NULL,NULL,unmatched,0.0,valid,August_WL_1994-2025.pdf,NULL,NULL,local_pdf,official_web_fallback,official_web_fallback,pdf_text,NULL,NULL,7307,NULL,NULL,https://cgwb.gov.in
goa,north goa,pernem,pernem,Nagjhar,Nagjhar Station,15.70843,73.85289,2001,8,August,3.8,NULL,Safe,NULL,NULL,NULL,NULL,NULL,NULL,unmatched,0.0,valid,August_WL_1994-2025.pdf,NULL,NULL,local_pdf,official_web_fallback,official_web_fallback,pdf_text,NULL,NULL,7307,NULL,NULL,https://cgwb.gov.in
goa,north goa,pernem,pernem,Pernem,Pernem Station,15.7176,73.79806,2001,8,August,1.3,NULL,Safe,NULL,NULL,NULL,NULL,NULL,NULL,unmatched,0.0,valid,August_WL_1994-2025.pdf,NULL,NULL,local_pdf,official_web_fallback,official_web_fallback,pdf_text,NULL,NULL,7307,NULL,NULL,https://cgwb.gov.in
goa,north goa,pernem,pernem,Varconda,Varconda Station,15.75465,73.83533,2001,8,August,3.4,NULL,Safe,NULL,NULL,NULL,NULL,NULL,NULL,unmatched,0.0,valid,August_WL_1994-2025.pdf,NULL,NULL,local_pdf,official_web_fallback,official_web_fallback,pdf_text,NULL,NULL,7307,NULL,NULL,https://cgwb.gov.in
goa,north goa,satari,satari,Bayalwadikeri,Bayalwadikeri Station,15.61128,74.067,2001,8,August,2.0,NULL,Safe,NULL,NULL,NULL,NULL,NULL,NULL,unmatched,0.0,valid,August_WL_1994-2025.pdf,NULL,NULL,local_pdf,official_web_fallback,official_web_fallback,pdf_text,NULL,NULL,7307,NULL,NULL,https://cgwb.gov.in
goa,north goa,satari,satari,Honda,Honda Station,15.54722,74.05079,2001,8,August,2.5,NULL,Safe,NULL,NULL,NULL,NULL,NULL,NULL,unmatched,0.0,valid,August_WL_1994-2025.pdf,NULL,NULL,local_pdf,official_web_fallback,official_web_fallback,pdf_text,NULL,NULL,7307,NULL,NULL,https://cgwb.gov.in
goa,north goa,satari,satari,Khadki(Harijanwada),Khadki(Harijanwada) Station,15.50253,74.13964,2001,8,August,5.1,NULL,Safe,NULL,NULL,NULL,NULL,NULL,NULL,unmatched,0.0,valid,August_WL_1994-2025.pdf,NULL,NULL,local_pdf,official_web_fallback,official_web_fallback,pdf_text,NULL,NULL,7307,NULL,NULL,https://cgwb.gov.in
goa,north goa,satari,satari,Morlem,Morlem Station,15.59397,74.04632,2001,8,August,3.3,NULL,Safe,NULL,NULL,NULL,NULL,NULL,NULL,unmatched,0.0,valid,August_WL_1994-2025.pdf,NULL,NULL,local_pdf,official_web_fallback,official_web_fallback,pdf_text,NULL,NULL,7307,NULL,NULL,https://cgwb.gov.in
goa,north goa,satari,satari,Valpoi,Valpoi Station,15.53301,74.13723,2001,8,August,3.9,NULL,Safe,NULL,NULL,NULL,NULL,NULL,NULL,unmatched,0.0,valid,August_WL_1994-2025.pdf,NULL,NULL,local_pdf,official_web_fallback,official_web_fallback,pdf_text,NULL,NULL,7307,NULL,NULL,https://cgwb.gov.in
goa,north goa,tiswadi,tiswadi,Goa-Velha,Goa-Velha Station,15.44139,73.87972,2001,8,August,0.4,NULL,Safe,NULL,NULL,NULL,NULL,NULL,NULL,unmatched,0.0,valid,August_WL_1994-2025.pdf,NULL,NULL,local_pdf,official_web_fallback,official_web_fallback,pdf_text,NULL,NULL,7307,NULL,NULL,https://cgwb.gov.in
goa,north goa,tiswadi,tiswadi,Karanjhalen,Karanjhalen Station,15.459,73.80281,2001,8,August,1.9,NULL,Safe,NULL,NULL,NULL,NULL,NULL,NULL,unmatched,0.0,valid,August_WL_1994-2025.pdf,NULL,NULL,local_pdf,official_web_fallback,official_web_fallback,pdf_text,NULL,NULL,7307,NULL,NULL,https://cgwb.gov.in
goa,south goa,canacona,canacona,Agonda,Agonda Station,15.04152,73.99121,2001,8,August,2.4,NULL,Safe,NULL,NULL,NULL,NULL,NULL,NULL,unmatched,0.0,valid,August_WL_1994-2025.pdf,NULL,NULL,local_pdf,official_web_fallback,official_web_fallback,pdf_text,NULL,NULL,7307,NULL,NULL,https://cgwb.gov.in
goa,south goa,canacona,canacona,Canacona,Canacona Station,15.00716,74.05233,2001,8,August,2.0,NULL,Safe,NULL,NULL,NULL,NULL,NULL,NULL,unmatched,0.0,valid,August_WL_1994-2025.pdf,NULL,NULL,local_pdf,official_web_fallback,official_web_fallback,pdf_text,NULL,NULL,7307,NULL,NULL,https://cgwb.gov.in
goa,south goa,canacona,canacona,Carmona,Carmona Station,15.20278,73.9525,2001,8,August,4.0,NULL,Safe,NULL,NULL,NULL,NULL,NULL,NULL,unmatched,0.0,valid,August_WL_1994-2025.pdf,NULL,NULL,local_pdf,official_web_fallback,official_web_fallback,pdf_text,NULL,NULL,7307,NULL,NULL,https://cgwb.gov.in
goa,south goa,canacona,canacona,Daptamol Lolien,Daptamol Lolien Station,14.94986,74.05528,2001,8,August,14.7,NULL,Safe,NULL,NULL,NULL,NULL,NULL,NULL,unmatched,0.0,valid,August_WL_1994-2025.pdf,NULL,NULL,local_pdf,official_web_fallback,official_web_fallback,pdf_text,NULL,NULL,7307,NULL,NULL,https://cgwb.gov.in
goa,south goa,canacona,canacona,Gulem Velipwada,Gulem Velipwada Station,15.03918,74.02939,2001,8,August,0.6,NULL,Safe,NULL,NULL,NULL,NULL,NULL,NULL,unmatched,0.0,valid,August_WL_1994-2025.pdf,NULL,NULL,local_pdf,official_web_fallback,official_web_fallback,pdf_text,NULL,NULL,7307,NULL,NULL,https://cgwb.gov.in
goa,south goa,canacona,canacona,Hattipal Poinguinem,Hattipal Poinguinem Station,14.98407,74.10869,2001,8,August,6.2,NULL,Safe,NULL,NULL,NULL,NULL,NULL,NULL,unmatched,0.0,valid,August_WL_1994-2025.pdf,NULL,NULL,local_pdf,official_web_fallback,official_web_fallback,pdf_text,NULL,NULL,7308,NULL,NULL,https://cgwb.gov.in
goa,south goa,canacona,canacona,Polem,Polem Station,14.91289,74.08455,2001,8,August,1.0,NULL,Safe,NULL,NULL,NULL,NULL,NULL,NULL,unmatched,0.0,valid,August_WL_1994-2025.pdf,NULL,NULL,local_pdf,official_web_fallback,official_web_fallback,pdf_text,NULL,NULL,7308,NULL,NULL,https://cgwb.gov.in
goa,south goa,canacona,canacona,Shrishtal Gaondongar,Shrishtal Gaondongar Station,15.03725,74.11851,2001,8,August,3.6,NULL,Safe,NULL,NULL,NULL,NULL,NULL,NULL,unmatched,0.0,valid,August_WL_1994-2025.pdf,NULL,NULL,local_pdf,official_web_fallback,official_web_fallback,pdf_text,NULL,NULL,7308,NULL,NULL,https://cgwb.gov.in
goa,south goa,dharbandora,dharbandora,Bolkharnem,Bolkharnem Station,15.42964,74.19235,2001,8,August,4.9,NULL,Safe,NULL,NULL,NULL,NULL,NULL,NULL,unmatched,0.0,valid,August_WL_1994-2025.pdf,NULL,NULL,local_pdf,official_web_fallback,official_web_fallback,pdf_text,NULL,NULL,7308,NULL,NULL,https://cgwb.gov.in
goa,south goa,dharbandora,dharbandora,Colem,Colem Station,15.33497,74.24375,2001,8,August,4.1,NULL,Safe,NULL,NULL,NULL,NULL,NULL,NULL,unmatched,0.0,valid,August_WL_1994-2025.pdf,NULL,NULL,local_pdf,official_web_fallback,official_web_fallback,pdf_text,NULL,NULL,7308,NULL,NULL,https://cgwb.gov.in
goa,south goa,dharbandora,dharbandora,Molem,Molem Station,15.37701,74.22971,2001,8,August,2.2,NULL,Safe,NULL,NULL,NULL,NULL,NULL,NULL,unmatched,0.0,valid,August_WL_1994-2025.pdf,NULL,NULL,local_pdf,official_web_fallback,official_web_fallback,pdf_text,NULL,NULL,7308,NULL,NULL,https://cgwb.gov.in
goa,south goa,ponda,ponda,Shiroda,Shiroda Station,15.32068,74.03502,2001,8,August,5.3,NULL,Safe,NULL,NULL,NULL,NULL,NULL,NULL,unmatched,0.0,valid,August_WL_1994-2025.pdf,NULL,NULL,local_pdf,official_web_fallback,official_web_fallback,pdf_text,NULL,NULL,7308,NULL,NULL,https://cgwb.gov.in
goa,south goa,quepem,quepem,Ghadiawada,Ghadiawada Station,15.23894,74.11303,2001,8,August,1.2,NULL,Safe,NULL,NULL,NULL,NULL,NULL,NULL,unmatched,0.0,valid,August_WL_1994-2025.pdf,NULL,NULL,local_pdf,official_web_fallback,official_web_fallback,pdf_text,NULL,NULL,7308,NULL,NULL,https://cgwb.gov.in
goa,south goa,quepem,quepem,Quepem,Quepem Station,15.21751,74.08075,2001,8,August,2.2,NULL,Safe,NULL,NULL,NULL,NULL,NULL,NULL,unmatched,0.0,valid,August_WL_1994-2025.pdf,NULL,NULL,local_pdf,official_web_fallback,official_web_fallback,pdf_text,NULL,NULL,7308,NULL,NULL,https://cgwb.gov.in
goa,south goa,salcete,salcete,Akamol Ambavalli,Akamol Ambavalli Station,15.19028,74.00016,2001,8,August,3.4,NULL,Safe,NULL,NULL,NULL,NULL,NULL,NULL,unmatched,0.0,valid,August_WL_1994-2025.pdf,NULL,NULL,local_pdf,official_web_fallback,official_web_fallback,pdf_text,NULL,NULL,7308,NULL,NULL,https://cgwb.gov.in
goa,south goa,salcete,salcete,Ballynuvhen,Ballynuvhen Station,15.31651,73.94542,2001,8,August,5.0,NULL,Safe,NULL,NULL,NULL,NULL,NULL,NULL,unmatched,0.0,valid,August_WL_1994-2025.pdf,NULL,NULL,local_pdf,official_web_fallback,official_web_fallback,pdf_text,NULL,NULL,7308,NULL,NULL,https://cgwb.gov.in
goa,south goa,salcete,salcete,Majorda Bpada Curilo,Majorda Bpada Curilo Station,15.32117,73.91711,2001,8,August,1.3,NULL,Safe,NULL,NULL,NULL,NULL,NULL,NULL,unmatched,0.0,valid,August_WL_1994-2025.pdf,NULL,NULL,local_pdf,official_web_fallback,official_web_fallback,pdf_text,NULL,NULL,7308,NULL,NULL,https://cgwb.gov.in
goa,south goa,sanguem,sanguem,Deulwada Kolamba,Deulwada Kolamba Station,15.15021,74.13099,2001,8,August,2.0,NULL,Safe,NULL,NULL,NULL,NULL,NULL,NULL,unmatched,0.0,valid,August_WL_1994-2025.pdf,NULL,NULL,local_pdf,official_web_fallback,official_web_fallback,pdf_text,NULL,NULL,7308,NULL,NULL,https://cgwb.gov.in
goa,south goa,sanguem,sanguem,Neturlim,Neturlim Station,15.09065,74.21671,2001,8,August,9.7,NULL,Safe,NULL,NULL,NULL,NULL,NULL,NULL,unmatched,0.0,valid,August_WL_1994-2025.pdf,NULL,NULL,local_pdf,official_web_fallback,official_web_fallback,pdf_text,NULL,NULL,7308,NULL,NULL,https://cgwb.gov.in
goa,north goa,bardez,bardez,Alto Betim Porvorim,Alto Betim Porvorim Station,15.52605,73.82982,1999,8,August,4.1,NULL,Safe,NULL,NULL,NULL,NULL,NULL,NULL,unmatched,0.0,valid,August_WL_1994-2025.pdf,NULL,NULL,local_pdf,official_web_fallback,official_web_fallback,pdf_text,NULL,NULL,7828,NULL,NULL,https://cgwb.gov.in
goa,north goa,bardez,bardez,Calangute (Ct),Calangute (Ct) Station,15.54612,73.75861,1999,8,August,4.2,NULL,Safe,NULL,NULL,NULL,NULL,NULL,NULL,unmatched,0.0,valid,August_WL_1994-2025.pdf,NULL,NULL,local_pdf,official_web_fallback,official_web_fallback,pdf_text,NULL,NULL,7828,NULL,NULL,https://cgwb.gov.in
goa,north goa,bardez,bardez,Mapuca,Mapuca Station,15.61013,73.82434,1999,8,August,3.0,NULL,Safe,NULL,NULL,NULL,NULL,NULL,NULL,unmatched,0.0,valid,August_WL_1994-2025.pdf,NULL,NULL,local_pdf,official_web_fallback,official_web_fallback,pdf_text,NULL,NULL,7828,NULL,NULL,https://cgwb.gov.in
goa,north goa,bardez,bardez,Sircaim,Sircaim Station,15.62689,73.87588,1999,8,August,2.2,NULL,Safe,NULL,NULL,NULL,NULL,NULL,NULL,unmatched,0.0,valid,August_WL_1994-2025.pdf,NULL,NULL,local_pdf,official_web_fallback,official_web_fallback,pdf_text,NULL,NULL,7828,NULL,NULL,https://cgwb.gov.in
goa,north goa,bicholim,bicholim,Bordem,Bordem Station,15.58472,73.9575,1999,8,August,3.8,NULL,Safe,NULL,NULL,NULL,NULL,NULL,NULL,unmatched,0.0,valid,August_WL_1994-2025.pdf,NULL,NULL,local_pdf,official_web_fallback,official_web_fallback,pdf_text,NULL,NULL,7828,NULL,NULL,https://cgwb.gov.in
goa,north goa,bicholim,bicholim,Salem,Salem Station,15.68771,73.92681,1999,8,August,2.3,NULL,Safe,NULL,NULL,NULL,NULL,NULL,NULL,unmatched,0.0,valid,August_WL_1994-2025.pdf,NULL,NULL,local_pdf,official_web_fallback,official_web_fallback,pdf_text,NULL,NULL,7828,NULL,NULL,https://cgwb.gov.in
goa,north goa,pernem,pernem,Corgao,Corgao Station,15.70939,73.75176,1999,8,August,3.9,NULL,Safe,NULL,NULL,NULL,NULL,NULL,NULL,unmatched,0.0,valid,August_WL_1994-2025.pdf,NULL,NULL,local_pdf,official_web_fallback,official_web_fallback,pdf_text,NULL,NULL,7828,NULL,NULL,https://cgwb.gov.in
goa,north goa,pernem,pernem,Nagjhar,Nagjhar Station,15.70843,73.85289,1999,8,August,1.7,NULL,Safe,NULL,NULL,NULL,NULL,NULL,NULL,unmatched,0.0,valid,August_WL_1994-2025.pdf,NULL,NULL,local_pdf,official_web_fallback,official_web_fallback,pdf_text,NULL,NULL,7828,NULL,NULL,https://cgwb.gov.in
goa,north goa,pernem,pernem,Pernem,Pernem Station,15.7176,73.79806,1999,8,August,1.3,NULL,Safe,NULL,NULL,NULL,NULL,NULL,NULL,unmatched,0.0,valid,August_WL_1994-2025.pdf,NULL,NULL,local_pdf,official_web_fallback,official_web_fallback,pdf_text,NULL,NULL,7828,NULL,NULL,https://cgwb.gov.in
goa,north goa,pernem,pernem,Varconda,Varconda Station,15.75465,73.83533,1999,8,August,3.2,NULL,Safe,NULL,NULL,NULL,NULL,NULL,NULL,unmatched,0.0,valid,August_WL_1994-2025.pdf,NULL,NULL,local_pdf,official_web_fallback,official_web_fallback,pdf_text,NULL,NULL,7828,NULL,NULL,https://cgwb.gov.in
goa,north goa,satari,satari,Bayalwadikeri,Bayalwadikeri Station,15.61128,74.067,1999,8,August,1.9,NULL,Safe,NULL,NULL,NULL,NULL,NULL,NULL,unmatched,0.0,valid,August_WL_1994-2025.pdf,NULL,NULL,local_pdf,official_web_fallback,official_web_fallback,pdf_text,NULL,NULL,7828,NULL,NULL,https://cgwb.gov.in
goa,north goa,satari,satari,Honda,Honda Station,15.54722,74.05079,1999,8,August,2.3,NULL,Safe,NULL,NULL,NULL,NULL,NULL,NULL,unmatched,0.0,valid,August_WL_1994-2025.pdf,NULL,NULL,local_pdf,official_web_fallback,official_web_fallback,pdf_text,NULL,NULL,7828,NULL,NULL,https://cgwb.gov.in
goa,north goa,satari,satari,Khadki(Harijanwada),Khadki(Harijanwada) Station,15.50253,74.13964,1999,8,August,4.3,NULL,Safe,NULL,NULL,NULL,NULL,NULL,NULL,unmatched,0.0,valid,August_WL_1994-2025.pdf,NULL,NULL,local_pdf,official_web_fallback,official_web_fallback,pdf_text,NULL,NULL,7828,NULL,NULL,https://cgwb.gov.in
goa,north goa,satari,satari,Morlem,Morlem Station,15.59397,74.04632,1999,8,August,4.7,NULL,Safe,NULL,NULL,NULL,NULL,NULL,NULL,unmatched,0.0,valid,August_WL_1994-2025.pdf,NULL,NULL,local_pdf,official_web_fallback,official_web_fallback,pdf_text,NULL,NULL,7828,NULL,NULL,https://cgwb.gov.in
goa,north goa,satari,satari,Valpoi,Valpoi Station,15.53301,74.13723,1999,8,August,3.3,NULL,Safe,NULL,NULL,NULL,NULL,NULL,NULL,unmatched,0.0,valid,August_WL_1994-2025.pdf,NULL,NULL,local_pdf,official_web_fallback,official_web_fallback,pdf_text,NULL,NULL,7828,NULL,NULL,https://cgwb.gov.in
goa,north goa,tiswadi,tiswadi,Goa-Velha,Goa-Velha Station,15.44139,73.87972,1999,8,August,0.3,NULL,Safe,NULL,NULL,NULL,NULL,NULL,NULL,unmatched,0.0,valid,August_WL_1994-2025.pdf,NULL,NULL,local_pdf,official_web_fallback,official_web_fallback,pdf_text,NULL,NULL,7828,NULL,NULL,https://cgwb.gov.in
goa,north goa,tiswadi,tiswadi,Karanjhalen,Karanjhalen Station,15.459,73.80281,1999,8,August,2.0,NULL,Safe,NULL,NULL,NULL,NULL,NULL,NULL,unmatched,0.0,valid,August_WL_1994-2025.pdf,NULL,NULL,local_pdf,official_web_fallback,official_web_fallback,pdf_text,NULL,NULL,7828,NULL,NULL,https://cgwb.gov.in
goa,south goa,canacona,canacona,Agonda,Agonda Station,15.04152,73.99121,1999,8,August,2.5,NULL,Safe,NULL,NULL,NULL,NULL,NULL,NULL,unmatched,0.0,valid,August_WL_1994-2025.pdf,NULL,NULL,local_pdf,official_web_fallback,official_web_fallback,pdf_text,NULL,NULL,7828,NULL,NULL,https://cgwb.gov.in
goa,south goa,canacona,canacona,Canacona,Canacona Station,15.00716,74.05233,1999,8,August,2.2,NULL,Safe,NULL,NULL,NULL,NULL,NULL,NULL,unmatched,0.0,valid,August_WL_1994-2025.pdf,NULL,NULL,local_pdf,official_web_fallback,official_web_fallback,pdf_text,NULL,NULL,7828,NULL,NULL,https://cgwb.gov.in
goa,south goa,canacona,canacona,Carmona,Carmona Station,15.20278,73.9525,1999,8,August,4.3,NULL,Safe,NULL,NULL,NULL,NULL,NULL,NULL,unmatched,0.0,valid,August_WL_1994-2025.pdf,NULL,NULL,local_pdf,official_web_fallback,official_web_fallback,pdf_text,NULL,NULL,7829,NULL,NULL,https://cgwb.gov.in
goa,south goa,canacona,canacona,Daptamol Lolien,Daptamol Lolien Station,14.94986,74.05528,1999,8,August,14.6,NULL,Safe,NULL,NULL,NULL,NULL,NULL,NULL,unmatched,0.0,valid,August_WL_1994-2025.pdf,NULL,NULL,local_pdf,official_web_fallback,official_web_fallback,pdf_text,NULL,NULL,7829,NULL,NULL,https://cgwb.gov.in
goa,south goa,canacona,canacona,Gulem Velipwada,Gulem Velipwada Station,15.03918,74.02939,1999,8,August,0.6,NULL,Safe,NULL,NULL,NULL,NULL,NULL,NULL,unmatched,0.0,valid,August_WL_1994-2025.pdf,NULL,NULL,local_pdf,official_web_fallback,official_web_fallback,pdf_text,NULL,NULL,7829,NULL,NULL,https://cgwb.gov.in
goa,south goa,canacona,canacona,Hattipal Poinguinem,Hattipal Poinguinem Station,14.98407,74.10869,1999,8,August,6.3,NULL,Safe,NULL,NULL,NULL,NULL,NULL,NULL,unmatched,0.0,valid,August_WL_1994-2025.pdf,NULL,NULL,local_pdf,official_web_fallback,official_web_fallback,pdf_text,NULL,NULL,7829,NULL,NULL,https://cgwb.gov.in
goa,south goa,canacona,canacona,Polem,Polem Station,14.91289,74.08455,1999,8,August,1.2,NULL,Safe,NULL,NULL,NULL,NULL,NULL,NULL,unmatched,0.0,valid,August_WL_1994-2025.pdf,NULL,NULL,local_pdf,official_web_fallback,official_web_fallback,pdf_text,NULL,NULL,7829,NULL,NULL,https://cgwb.gov.in
goa,south goa,canacona,canacona,Shrishtal Gaondongar,Shrishtal Gaondongar Station,15.03725,74.11851,1999,8,August,3.6,NULL,Safe,NULL,NULL,NULL,NULL,NULL,NULL,unmatched,0.0,valid,August_WL_1994-2025.pdf,NULL,NULL,local_pdf,official_web_fallback,official_web_fallback,pdf_text,NULL,NULL,7829,NULL,NULL,https://cgwb.gov.in
goa,south goa,dharbandora,dharbandora,Bolkharnem,Bolkharnem Station,15.42964,74.19235,1999,8,August,4.4,NULL,Safe,NULL,NULL,NULL,NULL,NULL,NULL,unmatched,0.0,valid,August_WL_1994-2025.pdf,NULL,NULL,local_pdf,official_web_fallback,official_web_fallback,pdf_text,NULL,NULL,7829,NULL,NULL,https://cgwb.gov.in
goa,south goa,dharbandora,dharbandora,Colem,Colem Station,15.33497,74.24375,1999,8,August,6.1,NULL,Safe,NULL,NULL,NULL,NULL,NULL,NULL,unmatched,0.0,valid,August_WL_1994-2025.pdf,NULL,NULL,local_pdf,official_web_fallback,official_web_fallback,pdf_text,NULL,NULL,7829,NULL,NULL,https://cgwb.gov.in
goa,south goa,dharbandora,dharbandora,Molem,Molem Station,15.37701,74.22971,1999,8,August,3.9,NULL,Safe,NULL,NULL,NULL,NULL,NULL,NULL,unmatched,0.0,valid,August_WL_1994-2025.pdf,NULL,NULL,local_pdf,official_web_fallback,official_web_fallback,pdf_text,NULL,NULL,7829,NULL,NULL,https://cgwb.gov.in
goa,south goa,ponda,ponda,Shiroda,Shiroda Station,15.32068,74.03502,1999,8,August,5.7,NULL,Safe,NULL,NULL,NULL,NULL,NULL,NULL,unmatched,0.0,valid,August_WL_1994-2025.pdf,NULL,NULL,local_pdf,official_web_fallback,official_web_fallback,pdf_text,NULL,NULL,7829,NULL,NULL,https://cgwb.gov.in
goa,south goa,quepem,quepem,Ghadiawada,Ghadiawada Station,15.23894,74.11303,1999,8,August,1.2,NULL,Safe,NULL,NULL,NULL,NULL,NULL,NULL,unmatched,0.0,valid,August_WL_1994-2025.pdf,NULL,NULL,local_pdf,official_web_fallback,official_web_fallback,pdf_text,NULL,NULL,7829,NULL,NULL,https://cgwb.gov.in
goa,south goa,quepem,quepem,Quepem,Quepem Station,15.21751,74.08075,1999,8,August,1.8,NULL,Safe,NULL,NULL,NULL,NULL,NULL,NULL,unmatched,0.0,valid,August_WL_1994-2025.pdf,NULL,NULL,local_pdf,official_web_fallback,official_web_fallback,pdf_text,NULL,NULL,7829,NULL,NULL,https://cgwb.gov.in
goa,south goa,salcete,salcete,Akamol Ambavalli,Akamol Ambavalli Station,15.19028,74.00016,1999,8,August,4.3,NULL,Safe,NULL,NULL,NULL,NULL,NULL,NULL,unmatched,0.0,valid,August_WL_1994-2025.pdf,NULL,NULL,local_pdf,official_web_fallback,official_web_fallback,pdf_text,NULL,NULL,7829,NULL,NULL,https://cgwb.gov.in
goa,south goa,salcete,salcete,Ballynuvhen,Ballynuvhen Station,15.31651,73.94542,1999,8,August,5.5,NULL,Safe,NULL,NULL,NULL,NULL,NULL,NULL,unmatched,0.0,valid,August_WL_1994-2025.pdf,NULL,NULL,local_pdf,official_web_fallback,official_web_fallback,pdf_text,NULL,NULL,7829,NULL,NULL,https://cgwb.gov.in
goa,south goa,salcete,salcete,Majorda Bpada Curilo,Majorda Bpada Curilo Station,15.32117,73.91711,1999,8,August,1.5,NULL,Safe,NULL,NULL,NULL,NULL,NULL,NULL,unmatched,0.0,valid,August_WL_1994-2025.pdf,NULL,NULL,local_pdf,official_web_fallback,official_web_fallback,pdf_text,NULL,NULL,7829,NULL,NULL,https://cgwb.gov.in
goa,north goa,bardez,bardez,Alto Betim Porvorim,Alto Betim Porvorim Station,15.52605,73.82982,1998,8,August,6.6,NULL,Safe,NULL,NULL,NULL,NULL,NULL,NULL,unmatched,0.0,valid,August_WL_1994-2025.pdf,NULL,NULL,local_pdf,official_web_fallback,official_web_fallback,pdf_text,NULL,NULL,8092,NULL,NULL,https://cgwb.gov.in
goa,north goa,bardez,bardez,Calangute (Ct),Calangute (Ct) Station,15.54612,73.75861,1998,8,August,5.4,NULL,Safe,NULL,NULL,NULL,NULL,NULL,NULL,unmatched,0.0,valid,August_WL_1994-2025.pdf,NULL,NULL,local_pdf,official_web_fallback,official_web_fallback,pdf_text,NULL,NULL,8092,NULL,NULL,https://cgwb.gov.in
goa,north goa,bardez,bardez,Mapuca,Mapuca Station,15.61013,73.82434,1998,8,August,4.1,NULL,Safe,NULL,NULL,NULL,NULL,NULL,NULL,unmatched,0.0,valid,August_WL_1994-2025.pdf,NULL,NULL,local_pdf,official_web_fallback,official_web_fallback,pdf_text,NULL,NULL,8092,NULL,NULL,https://cgwb.gov.in
goa,north goa,bardez,bardez,Sircaim,Sircaim Station,15.62689,73.87588,1998,8,August,2.7,NULL,Safe,NULL,NULL,NULL,NULL,NULL,NULL,unmatched,0.0,valid,August_WL_1994-2025.pdf,NULL,NULL,local_pdf,official_web_fallback,official_web_fallback,pdf_text,NULL,NULL,8092,NULL,NULL,https://cgwb.gov.in
goa,north goa,bicholim,bicholim,Bordem,Bordem Station,15.58472,73.9575,1998,8,August,3.5,NULL,Safe,NULL,NULL,NULL,NULL,NULL,NULL,unmatched,0.0,valid,August_WL_1994-2025.pdf,NULL,NULL,local_pdf,official_web_fallback,official_web_fallback,pdf_text,NULL,NULL,8092,NULL,NULL,https://cgwb.gov.in
goa,north goa,bicholim,bicholim,Mulgao,Mulgao Station,15.61711,73.92075,1998,8,August,3.5,NULL,Safe,NULL,NULL,NULL,NULL,NULL,NULL,unmatched,0.0,valid,August_WL_1994-2025.pdf,NULL,NULL,local_pdf,official_web_fallback,official_web_fallback,pdf_text,NULL,NULL,8092,NULL,NULL,https://cgwb.gov.in
goa,north goa,bicholim,bicholim,Salem,Salem Station,15.68771,73.92681,1998,8,August,2.9,NULL,Safe,NULL,NULL,NULL,NULL,NULL,NULL,unmatched,0.0,valid,August_WL_1994-2025.pdf,NULL,NULL,local_pdf,official_web_fallback,official_web_fallback,pdf_text,NULL,NULL,8092,NULL,NULL,https://cgwb.gov.in
goa,north goa,pernem,pernem,Corgao,Corgao Station,15.70939,73.75176,1998,8,August,4.4,NULL,Safe,NULL,NULL,NULL,NULL,NULL,NULL,unmatched,0.0,valid,August_WL_1994-2025.pdf,NULL,NULL,local_pdf,official_web_fallback,official_web_fallback,pdf_text,NULL,NULL,8092,NULL,NULL,https://cgwb.gov.in
goa,north goa,pernem,pernem,Morji,Morji Station,15.63598,73.73963,1998,8,August,0.8,NULL,Safe,NULL,NULL,NULL,NULL,NULL,NULL,unmatched,0.0,valid,August_WL_1994-2025.pdf,NULL,NULL,local_pdf,official_web_fallback,official_web_fallback,pdf_text,NULL,NULL,8092,NULL,NULL,https://cgwb.gov.in
goa,north goa,pernem,pernem,Nagjhar,Nagjhar Station,15.70843,73.85289,1998,8,August,4.1,NULL,Safe,NULL,NULL,NULL,NULL,NULL,NULL,unmatched,0.0,valid,August_WL_1994-2025.pdf,NULL,NULL,local_pdf,official_web_fallback,official_web_fallback,pdf_text,NULL,NULL,8092,NULL,NULL,https://cgwb.gov.in
goa,north goa,pernem,pernem,Pernem,Pernem Station,15.7176,73.79806,1998,8,August,2.5,NULL,Safe,NULL,NULL,NULL,NULL,NULL,NULL,unmatched,0.0,valid,August_WL_1994-2025.pdf,NULL,NULL,local_pdf,official_web_fallback,official_web_fallback,pdf_text,NULL,NULL,8092,NULL,NULL,https://cgwb.gov.in
goa,north goa,pernem,pernem,Varconda,Varconda Station,15.75465,73.83533,1998,8,August,4.2,NULL,Safe,NULL,NULL,NULL,NULL,NULL,NULL,unmatched,0.0,valid,August_WL_1994-2025.pdf,NULL,NULL,local_pdf,official_web_fallback,official_web_fallback,pdf_text,NULL,NULL,8092,NULL,NULL,https://cgwb.gov.in
goa,north goa,satari,satari,Bayalwadikeri,Bayalwadikeri Station,15.61128,74.067,1998,8,August,1.7,NULL,Safe,NULL,NULL,NULL,NULL,NULL,NULL,unmatched,0.0,valid,August_WL_1994-2025.pdf,NULL,NULL,local_pdf,official_web_fallback,official_web_fallback,pdf_text,NULL,NULL,8092,NULL,NULL,https://cgwb.gov.in
goa,north goa,satari,satari,Hivre Budruk,Hivre Budruk Station,15.63194,74.00174,1998,8,August,2.2,NULL,Safe,NULL,NULL,NULL,NULL,NULL,NULL,unmatched,0.0,valid,August_WL_1994-2025.pdf,NULL,NULL,local_pdf,official_web_fallback,official_web_fallback,pdf_text,NULL,NULL,8092,NULL,NULL,https://cgwb.gov.in
goa,north goa,satari,satari,Honda,Honda Station,15.54722,74.05079,1998,8,August,2.5,NULL,Safe,NULL,NULL,NULL,NULL,NULL,NULL,unmatched,0.0,valid,August_WL_1994-2025.pdf,NULL,NULL,local_pdf,official_web_fallback,official_web_fallback,pdf_text,NULL,NULL,8092,NULL,NULL,https://cgwb.gov.in
goa,north goa,satari,satari,Khadki(Harijanwada),Khadki(Harijanwada) Station,15.50253,74.13964,1998,8,August,6.1,NULL,Safe,NULL,NULL,NULL,NULL,NULL,NULL,unmatched,0.0,valid,August_WL_1994-2025.pdf,NULL,NULL,local_pdf,official_web_fallback,official_web_fallback,pdf_text,NULL,NULL,8092,NULL,NULL,https://cgwb.gov.in
goa,north goa,satari,satari,Morlem,Morlem Station,15.59397,74.04632,1998,8,August,4.0,NULL,Safe,NULL,NULL,NULL,NULL,NULL,NULL,unmatched,0.0,valid,August_WL_1994-2025.pdf,NULL,NULL,local_pdf,official_web_fallback,official_web_fallback,pdf_text,NULL,NULL,8092,NULL,NULL,https://cgwb.gov.in
goa,north goa,satari,satari,Valpoi,Valpoi Station,15.53301,74.13723,1998,8,August,4.5,NULL,Safe,NULL,NULL,NULL,NULL,NULL,NULL,unmatched,0.0,valid,August_WL_1994-2025.pdf,NULL,NULL,local_pdf,official_web_fallback,official_web_fallback,pdf_text,NULL,NULL,8092,NULL,NULL,https://cgwb.gov.in
goa,north goa,tiswadi,tiswadi,Goa-Velha,Goa-Velha Station,15.44139,73.87972,1998,8,August,0.7,NULL,Safe,NULL,NULL,NULL,NULL,NULL,NULL,unmatched,0.0,valid,August_WL_1994-2025.pdf,NULL,NULL,local_pdf,official_web_fallback,official_web_fallback,pdf_text,NULL,NULL,8092,NULL,NULL,https://cgwb.gov.in
goa,north goa,tiswadi,tiswadi,Karanjhalen,Karanjhalen Station,15.459,73.80281,1998,8,August,2.5,NULL,Safe,NULL,NULL,NULL,NULL,NULL,NULL,unmatched,0.0,valid,August_WL_1994-2025.pdf,NULL,NULL,local_pdf,official_web_fallback,official_web_fallback,pdf_text,NULL,NULL,8092,NULL,NULL,https://cgwb.gov.in
goa,south goa,canacona,canacona,Agonda,Agonda Station,15.04152,73.99121,1998,8,August,3.3,NULL,Safe,NULL,NULL,NULL,NULL,NULL,NULL,unmatched,0.0,valid,August_WL_1994-2025.pdf,NULL,NULL,local_pdf,official_web_fallback,official_web_fallback,pdf_text,NULL,NULL,8092,NULL,NULL,https://cgwb.gov.in
goa,south goa,canacona,canacona,Canacona,Canacona Station,15.00716,74.05233,1998,8,August,2.7,NULL,Safe,NULL,NULL,NULL,NULL,NULL,NULL,unmatched,0.0,valid,August_WL_1994-2025.pdf,NULL,NULL,local_pdf,official_web_fallback,official_web_fallback,pdf_text,NULL,NULL,8092,NULL,NULL,https://cgwb.gov.in
goa,south goa,canacona,canacona,Carmona,Carmona Station,15.20278,73.9525,1998,8,August,3.8,NULL,Safe,NULL,NULL,NULL,NULL,NULL,NULL,unmatched,0.0,valid,August_WL_1994-2025.pdf,NULL,NULL,local_pdf,official_web_fallback,official_web_fallback,pdf_text,NULL,NULL,8092,NULL,NULL,https://cgwb.gov.in
goa,south goa,canacona,canacona,Daptamol Lolien,Daptamol Lolien Station,14.94986,74.05528,1998,8,August,15.9,NULL,Safe,NULL,NULL,NULL,NULL,NULL,NULL,unmatched,0.0,valid,August_WL_1994-2025.pdf,NULL,NULL,local_pdf,official_web_fallback,official_web_fallback,pdf_text,NULL,NULL,8092,NULL,NULL,https://cgwb.gov.in
goa,south goa,canacona,canacona,Hattipal Poinguinem,Hattipal Poinguinem Station,14.98407,74.10869,1998,8,August,6.8,NULL,Safe,NULL,NULL,NULL,NULL,NULL,NULL,unmatched,0.0,valid,August_WL_1994-2025.pdf,NULL,NULL,local_pdf,official_web_fallback,official_web_fallback,pdf_text,NULL,NULL,8092,NULL,NULL,https://cgwb.gov.in
goa,south goa,canacona,canacona,Polem,Polem Station,14.91289,74.08455,1998,8,August,1.9,NULL,Safe,NULL,NULL,NULL,NULL,NULL,NULL,unmatched,0.0,valid,August_WL_1994-2025.pdf,NULL,NULL,local_pdf,official_web_fallback,official_web_fallback,pdf_text,NULL,NULL,8092,NULL,NULL,https://cgwb.gov.in
goa,south goa,canacona,canacona,Shrishtal Gaondongar,Shrishtal Gaondongar Station,15.03725,74.11851,1998,8,August,4.2,NULL,Safe,NULL,NULL,NULL,NULL,NULL,NULL,unmatched,0.0,valid,August_WL_1994-2025.pdf,NULL,NULL,local_pdf,official_web_fallback,official_web_fallback,pdf_text,NULL,NULL,8092,NULL,NULL,https://cgwb.gov.in
goa,south goa,dharbandora,dharbandora,Bolkharnem,Bolkharnem Station,15.42964,74.19235,1998,8,August,5.5,NULL,Safe,NULL,NULL,NULL,NULL,NULL,NULL,unmatched,0.0,valid,August_WL_1994-2025.pdf,NULL,NULL,local_pdf,official_web_fallback,official_web_fallback,pdf_text,NULL,NULL,8092,NULL,NULL,https://cgwb.gov.in
goa,south goa,dharbandora,dharbandora,Colem,Colem Station,15.33497,74.24375,1998,8,August,5.2,NULL,Safe,NULL,NULL,NULL,NULL,NULL,NULL,unmatched,0.0,valid,August_WL_1994-2025.pdf,NULL,NULL,local_pdf,official_web_fallback,official_web_fallback,pdf_text,NULL,NULL,8092,NULL,NULL,https://cgwb.gov.in
goa,south goa,dharbandora,dharbandora,Molem,Molem Station,15.37701,74.22971,1998,8,August,13.5,NULL,Safe,NULL,NULL,NULL,NULL,NULL,NULL,unmatched,0.0,valid,August_WL_1994-2025.pdf,NULL,NULL,local_pdf,official_web_fallback,official_web_fallback,pdf_text,NULL,NULL,8092,NULL,NULL,https://cgwb.gov.in
goa,south goa,ponda,ponda,Shiroda,Shiroda Station,15.32068,74.03502,1998,8,August,5.9,NULL,Safe,NULL,NULL,NULL,NULL,NULL,NULL,unmatched,0.0,valid,August_WL_1994-2025.pdf,NULL,NULL,local_pdf,official_web_fallback,official_web_fallback,pdf_text,NULL,NULL,8092,NULL,NULL,https://cgwb.gov.in
goa,south goa,quepem,quepem,Ghadiawada,Ghadiawada Station,15.23894,74.11303,1998,8,August,1.9,NULL,Safe,NULL,NULL,NULL,NULL,NULL,NULL,unmatched,0.0,valid,August_WL_1994-2025.pdf,NULL,NULL,local_pdf,official_web_fallback,official_web_fallback,pdf_text,NULL,NULL,8092,NULL,NULL,https://cgwb.gov.in
goa,south goa,quepem,quepem,Quepem,Quepem Station,15.21751,74.08075,1998,8,August,2.6,NULL,Safe,NULL,NULL,NULL,NULL,NULL,NULL,unmatched,0.0,valid,August_WL_1994-2025.pdf,NULL,NULL,local_pdf,official_web_fallback,official_web_fallback,pdf_text,NULL,NULL,8092,NULL,NULL,https://cgwb.gov.in
goa,south goa,salcete,salcete,Akamol Ambavalli,Akamol Ambavalli Station,15.19028,74.00016,1998,8,August,4.4,NULL,Safe,NULL,NULL,NULL,NULL,NULL,NULL,unmatched,0.0,valid,August_WL_1994-2025.pdf,NULL,NULL,local_pdf,official_web_fallback,official_web_fallback,pdf_text,NULL,NULL,8092,NULL,NULL,https://cgwb.gov.in
goa,south goa,salcete,salcete,Ballynuvhen,Ballynuvhen Station,15.31651,73.94542,1998,8,August,6.1,NULL,Safe,NULL,NULL,NULL,NULL,NULL,NULL,unmatched,0.0,valid,August_WL_1994-2025.pdf,NULL,NULL,local_pdf,official_web_fallback,official_web_fallback,pdf_text,NULL,NULL,8092,NULL,NULL,https://cgwb.gov.in
goa,south goa,salcete,salcete,Majorda Bpada Curilo,Majorda Bpada Curilo Station,15.32117,73.91711,1998,8,August,2.0,NULL,Safe,NULL,NULL,NULL,NULL,NULL,NULL,unmatched,0.0,valid,August_WL_1994-2025.pdf,NULL,NULL,local_pdf,official_web_fallback,official_web_fallback,pdf_text,NULL,NULL,8092,NULL,NULL,https://cgwb.gov.in
goa,south goa,sanguem,sanguem,Deulwada Kolamba,Deulwada Kolamba Station,15.15021,74.13099,1998,8,August,2.9,NULL,Safe,NULL,NULL,NULL,NULL,NULL,NULL,unmatched,0.0,valid,August_WL_1994-2025.pdf,NULL,NULL,local_pdf,official_web_fallback,official_web_fallback,pdf_text,NULL,NULL,8092,NULL,NULL,https://cgwb.gov.in
goa,south goa,sanguem,sanguem,Neturlim,Neturlim Station,15.09065,74.21671,1998,8,August,10.7,NULL,Safe,NULL,NULL,NULL,NULL,NULL,NULL,unmatched,0.0,valid,August_WL_1994-2025.pdf,NULL,NULL,local_pdf,official_web_fallback,official_web_fallback,pdf_text,NULL,NULL,8092,NULL,NULL,https://cgwb.gov.in
goa,north goa,bardez,bardez,Alto Betim Porvorim,Alto Betim Porvorim Station,15.52605,73.82982,1997,8,August,6.3,NULL,Safe,NULL,NULL,NULL,NULL,NULL,NULL,unmatched,0.0,valid,August_WL_1994-2025.pdf,NULL,NULL,local_pdf,official_web_fallback,official_web_fallback,pdf_text,NULL,NULL,8346,NULL,NULL,https://cgwb.gov.in
goa,north goa,bardez,bardez,Calangute (Ct),Calangute (Ct) Station,15.54612,73.75861,1997,8,August,3.7,NULL,Safe,NULL,NULL,NULL,NULL,NULL,NULL,unmatched,0.0,valid,August_WL_1994-2025.pdf,NULL,NULL,local_pdf,official_web_fallback,official_web_fallback,pdf_text,NULL,NULL,8346,NULL,NULL,https://cgwb.gov.in
goa,north goa,bardez,bardez,Mapuca,Mapuca Station,15.61013,73.82434,1997,8,August,3.6,NULL,Safe,NULL,NULL,NULL,NULL,NULL,NULL,unmatched,0.0,valid,August_WL_1994-2025.pdf,NULL,NULL,local_pdf,official_web_fallback,official_web_fallback,pdf_text,NULL,NULL,8346,NULL,NULL,https://cgwb.gov.in
goa,north goa,bardez,bardez,Sircaim,Sircaim Station,15.62689,73.87588,1997,8,August,2.6,NULL,Safe,NULL,NULL,NULL,NULL,NULL,NULL,unmatched,0.0,valid,August_WL_1994-2025.pdf,NULL,NULL,local_pdf,official_web_fallback,official_web_fallback,pdf_text,NULL,NULL,8346,NULL,NULL,https://cgwb.gov.in
goa,north goa,bicholim,bicholim,Bordem,Bordem Station,15.58472,73.9575,1997,8,August,3.7,NULL,Safe,NULL,NULL,NULL,NULL,NULL,NULL,unmatched,0.0,valid,August_WL_1994-2025.pdf,NULL,NULL,local_pdf,official_web_fallback,official_web_fallback,pdf_text,NULL,NULL,8346,NULL,NULL,https://cgwb.gov.in
goa,north goa,bicholim,bicholim,Mulgao,Mulgao Station,15.61711,73.92075,1997,8,August,2.8,NULL,Safe,NULL,NULL,NULL,NULL,NULL,NULL,unmatched,0.0,valid,August_WL_1994-2025.pdf,NULL,NULL,local_pdf,official_web_fallback,official_web_fallback,pdf_text,NULL,NULL,8346,NULL,NULL,https://cgwb.gov.in
goa,north goa,bicholim,bicholim,Salem,Salem Station,15.68771,73.92681,1997,8,August,2.6,NULL,Safe,NULL,NULL,NULL,NULL,NULL,NULL,unmatched,0.0,valid,August_WL_1994-2025.pdf,NULL,NULL,local_pdf,official_web_fallback,official_web_fallback,pdf_text,NULL,NULL,8346,NULL,NULL,https://cgwb.gov.in
goa,north goa,pernem,pernem,Corgao,Corgao Station,15.70939,73.75176,1997,8,August,3.7,NULL,Safe,NULL,NULL,NULL,NULL,NULL,NULL,unmatched,0.0,valid,August_WL_1994-2025.pdf,NULL,NULL,local_pdf,official_web_fallback,official_web_fallback,pdf_text,NULL,NULL,8346,NULL,NULL,https://cgwb.gov.in
goa,north goa,pernem,pernem,Morji,Morji Station,15.63598,73.73963,1997,8,August,0.4,NULL,Safe,NULL,NULL,NULL,NULL,NULL,NULL,unmatched,0.0,valid,August_WL_1994-2025.pdf,NULL,NULL,local_pdf,official_web_fallback,official_web_fallback,pdf_text,NULL,NULL,8346,NULL,NULL,https://cgwb.gov.in
goa,north goa,pernem,pernem,Nagjhar,Nagjhar Station,15.70843,73.85289,1997,8,August,1.5,NULL,Safe,NULL,NULL,NULL,NULL,NULL,NULL,unmatched,0.0,valid,August_WL_1994-2025.pdf,NULL,NULL,local_pdf,official_web_fallback,official_web_fallback,pdf_text,NULL,NULL,8346,NULL,NULL,https://cgwb.gov.in
goa,north goa,pernem,pernem,Pernem,Pernem Station,15.7176,73.79806,1997,8,August,1.4,NULL,Safe,NULL,NULL,NULL,NULL,NULL,NULL,unmatched,0.0,valid,August_WL_1994-2025.pdf,NULL,NULL,local_pdf,official_web_fallback,official_web_fallback,pdf_text,NULL,NULL,8347,NULL,NULL,https://cgwb.gov.in
goa,north goa,pernem,pernem,Varconda,Varconda Station,15.75465,73.83533,1997,8,August,3.4,NULL,Safe,NULL,NULL,NULL,NULL,NULL,NULL,unmatched,0.0,valid,August_WL_1994-2025.pdf,NULL,NULL,local_pdf,official_web_fallback,official_web_fallback,pdf_text,NULL,NULL,8347,NULL,NULL,https://cgwb.gov.in
goa,north goa,satari,satari,Hivre Budruk,Hivre Budruk Station,15.63194,74.00174,1997,8,August,1.7,NULL,Safe,NULL,NULL,NULL,NULL,NULL,NULL,unmatched,0.0,valid,August_WL_1994-2025.pdf,NULL,NULL,local_pdf,official_web_fallback,official_web_fallback,pdf_text,NULL,NULL,8347,NULL,NULL,https://cgwb.gov.in
goa,north goa,satari,satari,Honda,Honda Station,15.54722,74.05079,1997,8,August,3.2,NULL,Safe,NULL,NULL,NULL,NULL,NULL,NULL,unmatched,0.0,valid,August_WL_1994-2025.pdf,NULL,NULL,local_pdf,official_web_fallback,official_web_fallback,pdf_text,NULL,NULL,8347,NULL,NULL,https://cgwb.gov.in
goa,north goa,satari,satari,Khadki(Harijanwada),Khadki(Harijanwada) Station,15.50253,74.13964,1997,8,August,5.2,NULL,Safe,NULL,NULL,NULL,NULL,NULL,NULL,unmatched,0.0,valid,August_WL_1994-2025.pdf,NULL,NULL,local_pdf,official_web_fallback,official_web_fallback,pdf_text,NULL,NULL,8347,NULL,NULL,https://cgwb.gov.in
goa,north goa,satari,satari,Morlem,Morlem Station,15.59397,74.04632,1997,8,August,3.8,NULL,Safe,NULL,NULL,NULL,NULL,NULL,NULL,unmatched,0.0,valid,August_WL_1994-2025.pdf,NULL,NULL,local_pdf,official_web_fallback,official_web_fallback,pdf_text,NULL,NULL,8347,NULL,NULL,https://cgwb.gov.in
goa,north goa,satari,satari,Valpoi,Valpoi Station,15.53301,74.13723,1997,8,August,5.0,NULL,Safe,NULL,NULL,NULL,NULL,NULL,NULL,unmatched,0.0,valid,August_WL_1994-2025.pdf,NULL,NULL,local_pdf,official_web_fallback,official_web_fallback,pdf_text,NULL,NULL,8347,NULL,NULL,https://cgwb.gov.in
goa,north goa,tiswadi,tiswadi,Goa-Velha,Goa-Velha Station,15.44139,73.87972,1997,8,August,0.4,NULL,Safe,NULL,NULL,NULL,NULL,NULL,NULL,unmatched,0.0,valid,August_WL_1994-2025.pdf,NULL,NULL,local_pdf,official_web_fallback,official_web_fallback,pdf_text,NULL,NULL,8347,NULL,NULL,https://cgwb.gov.in
goa,north goa,tiswadi,tiswadi,Karanjhalen,Karanjhalen Station,15.459,73.80281,1997,8,August,2.0,NULL,Safe,NULL,NULL,NULL,NULL,NULL,NULL,unmatched,0.0,valid,August_WL_1994-2025.pdf,NULL,NULL,local_pdf,official_web_fallback,official_web_fallback,pdf_text,NULL,NULL,8347,NULL,NULL,https://cgwb.gov.in
goa,south goa,canacona,canacona,Canacona,Canacona Station,15.00716,74.05233,1997,8,August,2.2,NULL,Safe,NULL,NULL,NULL,NULL,NULL,NULL,unmatched,0.0,valid,August_WL_1994-2025.pdf,NULL,NULL,local_pdf,official_web_fallback,official_web_fallback,pdf_text,NULL,NULL,8347,NULL,NULL,https://cgwb.gov.in
goa,south goa,canacona,canacona,Carmona,Carmona Station,15.20278,73.9525,1997,8,August,3.1,NULL,Safe,NULL,NULL,NULL,NULL,NULL,NULL,unmatched,0.0,valid,August_WL_1994-2025.pdf,NULL,NULL,local_pdf,official_web_fallback,official_web_fallback,pdf_text,NULL,NULL,8347,NULL,NULL,https://cgwb.gov.in
goa,south goa,canacona,canacona,Daptamol Lolien,Daptamol Lolien Station,14.94986,74.05528,1997,8,August,13.9,NULL,Safe,NULL,NULL,NULL,NULL,NULL,NULL,unmatched,0.0,valid,August_WL_1994-2025.pdf,NULL,NULL,local_pdf,official_web_fallback,official_web_fallback,pdf_text,NULL,NULL,8347,NULL,NULL,https://cgwb.gov.in
goa,south goa,canacona,canacona,Gulem Velipwada,Gulem Velipwada Station,15.03918,74.02939,1997,8,August,0.6,NULL,Safe,NULL,NULL,NULL,NULL,NULL,NULL,unmatched,0.0,valid,August_WL_1994-2025.pdf,NULL,NULL,local_pdf,official_web_fallback,official_web_fallback,pdf_text,NULL,NULL,8347,NULL,NULL,https://cgwb.gov.in
goa,south goa,canacona,canacona,Hattipal Poinguinem,Hattipal Poinguinem Station,14.98407,74.10869,1997,8,August,6.4,NULL,Safe,NULL,NULL,NULL,NULL,NULL,NULL,unmatched,0.0,valid,August_WL_1994-2025.pdf,NULL,NULL,local_pdf,official_web_fallback,official_web_fallback,pdf_text,NULL,NULL,8347,NULL,NULL,https://cgwb.gov.in
goa,south goa,canacona,canacona,Polem,Polem Station,14.91289,74.08455,1997,8,August,0.5,NULL,Safe,NULL,NULL,NULL,NULL,NULL,NULL,unmatched,0.0,valid,August_WL_1994-2025.pdf,NULL,NULL,local_pdf,official_web_fallback,official_web_fallback,pdf_text,NULL,NULL,8347,NULL,NULL,https://cgwb.gov.in
goa,south goa,canacona,canacona,Shrishtal Gaondongar,Shrishtal Gaondongar Station,15.03725,74.11851,1997,8,August,4.2,NULL,Safe,NULL,NULL,NULL,NULL,NULL,NULL,unmatched,0.0,valid,August_WL_1994-2025.pdf,NULL,NULL,local_pdf,official_web_fallback,official_web_fallback,pdf_text,NULL,NULL,8347,NULL,NULL,https://cgwb.gov.in
goa,south goa,dharbandora,dharbandora,Bolkharnem,Bolkharnem Station,15.42964,74.19235,1997,8,August,5.2,NULL,Safe,NULL,NULL,NULL,NULL,NULL,NULL,unmatched,0.0,valid,August_WL_1994-2025.pdf,NULL,NULL,local_pdf,official_web_fallback,official_web_fallback,pdf_text,NULL,NULL,8347,NULL,NULL,https://cgwb.gov.in
goa,south goa,dharbandora,dharbandora,Colem,Colem Station,15.33497,74.24375,1997,8,August,6.6,NULL,Safe,NULL,NULL,NULL,NULL,NULL,NULL,unmatched,0.0,valid,August_WL_1994-2025.pdf,NULL,NULL,local_pdf,official_web_fallback,official_web_fallback,pdf_text,NULL,NULL,8347,NULL,NULL,https://cgwb.gov.in
goa,south goa,dharbandora,dharbandora,Molem,Molem Station,15.37701,74.22971,1997,8,August,4.4,NULL,Safe,NULL,NULL,NULL,NULL,NULL,NULL,unmatched,0.0,valid,August_WL_1994-2025.pdf,NULL,NULL,local_pdf,official_web_fallback,official_web_fallback,pdf_text,NULL,NULL,8347,NULL,NULL,https://cgwb.gov.in
goa,south goa,ponda,ponda,Shiroda,Shiroda Station,15.32068,74.03502,1997,8,August,5.9,NULL,Safe,NULL,NULL,NULL,NULL,NULL,NULL,unmatched,0.0,valid,August_WL_1994-2025.pdf,NULL,NULL,local_pdf,official_web_fallback,official_web_fallback,pdf_text,NULL,NULL,8347,NULL,NULL,https://cgwb.gov.in
goa,south goa,quepem,quepem,Ghadiawada,Ghadiawada Station,15.23894,74.11303,1997,8,August,1.7,NULL,Safe,NULL,NULL,NULL,NULL,NULL,NULL,unmatched,0.0,valid,August_WL_1994-2025.pdf,NULL,NULL,local_pdf,official_web_fallback,official_web_fallback,pdf_text,NULL,NULL,8347,NULL,NULL,https://cgwb.gov.in
goa,south goa,quepem,quepem,Quepem,Quepem Station,15.21751,74.08075,1997,8,August,3.3,NULL,Safe,NULL,NULL,NULL,NULL,NULL,NULL,unmatched,0.0,valid,August_WL_1994-2025.pdf,NULL,NULL,local_pdf,official_web_fallback,official_web_fallback,pdf_text,NULL,NULL,8347,NULL,NULL,https://cgwb.gov.in
goa,south goa,salcete,salcete,Akamol Ambavalli,Akamol Ambavalli Station,15.19028,74.00016,1997,8,August,4.6,NULL,Safe,NULL,NULL,NULL,NULL,NULL,NULL,unmatched,0.0,valid,August_WL_1994-2025.pdf,NULL,NULL,local_pdf,official_web_fallback,official_web_fallback,pdf_text,NULL,NULL,8347,NULL,NULL,https://cgwb.gov.in
goa,south goa,salcete,salcete,Majorda Bpada Curilo,Majorda Bpada Curilo Station,15.32117,73.91711,1997,8,August,1.6,NULL,Safe,NULL,NULL,NULL,NULL,NULL,NULL,unmatched,0.0,valid,August_WL_1994-2025.pdf,NULL,NULL,local_pdf,official_web_fallback,official_web_fallback,pdf_text,NULL,NULL,8347,NULL,NULL,https://cgwb.gov.in
goa,south goa,sanguem,sanguem,Deulwada Kolamba,Deulwada Kolamba Station,15.15021,74.13099,1997,8,August,2.6,NULL,Safe,NULL,NULL,NULL,NULL,NULL,NULL,unmatched,0.0,valid,August_WL_1994-2025.pdf,NULL,NULL,local_pdf,official_web_fallback,official_web_fallback,pdf_text,NULL,NULL,8347,NULL,NULL,https://cgwb.gov.in
goa,south goa,sanguem,sanguem,Neturlim,Neturlim Station,15.09065,74.21671,1997,8,August,10.3,NULL,Safe,NULL,NULL,NULL,NULL,NULL,NULL,unmatched,0.0,valid,August_WL_1994-2025.pdf,NULL,NULL,local_pdf,official_web_fallback,official_web_fallback,pdf_text,NULL,NULL,8347,NULL,NULL,https://cgwb.gov.in
goa,north goa,bardez,bardez,Alto Betim Porvorim,Alto Betim Porvorim Station,15.52605,73.82982,1996,8,August,6.7,NULL,Safe,NULL,NULL,NULL,NULL,NULL,NULL,unmatched,0.0,valid,August_WL_1994-2025.pdf,NULL,NULL,local_pdf,official_web_fallback,official_web_fallback,pdf_text,NULL,NULL,8608,NULL,NULL,https://cgwb.gov.in
goa,north goa,bardez,bardez,Calangute (Ct),Calangute (Ct) Station,15.54612,73.75861,1996,8,August,4.9,NULL,Safe,NULL,NULL,NULL,NULL,NULL,NULL,unmatched,0.0,valid,August_WL_1994-2025.pdf,NULL,NULL,local_pdf,official_web_fallback,official_web_fallback,pdf_text,NULL,NULL,8608,NULL,NULL,https://cgwb.gov.in
goa,north goa,bardez,bardez,Mapuca,Mapuca Station,15.61013,73.82434,1996,8,August,4.2,NULL,Safe,NULL,NULL,NULL,NULL,NULL,NULL,unmatched,0.0,valid,August_WL_1994-2025.pdf,NULL,NULL,local_pdf,official_web_fallback,official_web_fallback,pdf_text,NULL,NULL,8608,NULL,NULL,https://cgwb.gov.in
goa,north goa,bardez,bardez,Sircaim,Sircaim Station,15.62689,73.87588,1996,8,August,2.9,NULL,Safe,NULL,NULL,NULL,NULL,NULL,NULL,unmatched,0.0,valid,August_WL_1994-2025.pdf,NULL,NULL,local_pdf,official_web_fallback,official_web_fallback,pdf_text,NULL,NULL,8608,NULL,NULL,https://cgwb.gov.in
goa,north goa,bicholim,bicholim,Bordem,Bordem Station,15.58472,73.9575,1996,8,August,4.2,NULL,Safe,NULL,NULL,NULL,NULL,NULL,NULL,unmatched,0.0,valid,August_WL_1994-2025.pdf,NULL,NULL,local_pdf,official_web_fallback,official_web_fallback,pdf_text,NULL,NULL,8608,NULL,NULL,https://cgwb.gov.in
goa,north goa,bicholim,bicholim,Mulgao,Mulgao Station,15.61711,73.92075,1996,8,August,3.7,NULL,Safe,NULL,NULL,NULL,NULL,NULL,NULL,unmatched,0.0,valid,August_WL_1994-2025.pdf,NULL,NULL,local_pdf,official_web_fallback,official_web_fallback,pdf_text,NULL,NULL,8608,NULL,NULL,https://cgwb.gov.in
goa,north goa,bicholim,bicholim,Salem,Salem Station,15.68771,73.92681,1996,8,August,3.5,NULL,Safe,NULL,NULL,NULL,NULL,NULL,NULL,unmatched,0.0,valid,August_WL_1994-2025.pdf,NULL,NULL,local_pdf,official_web_fallback,official_web_fallback,pdf_text,NULL,NULL,8608,NULL,NULL,https://cgwb.gov.in
goa,north goa,pernem,pernem,Corgao,Corgao Station,15.70939,73.75176,1996,8,August,4.5,NULL,Safe,NULL,NULL,NULL,NULL,NULL,NULL,unmatched,0.0,valid,August_WL_1994-2025.pdf,NULL,NULL,local_pdf,official_web_fallback,official_web_fallback,pdf_text,NULL,NULL,8608,NULL,NULL,https://cgwb.gov.in
goa,north goa,pernem,pernem,Nagjhar,Nagjhar Station,15.70843,73.85289,1996,8,August,2.3,NULL,Safe,NULL,NULL,NULL,NULL,NULL,NULL,unmatched,0.0,valid,August_WL_1994-2025.pdf,NULL,NULL,local_pdf,official_web_fallback,official_web_fallback,pdf_text,NULL,NULL,8608,NULL,NULL,https://cgwb.gov.in
goa,north goa,pernem,pernem,Pernem,Pernem Station,15.7176,73.79806,1996,8,August,2.2,NULL,Safe,NULL,NULL,NULL,NULL,NULL,NULL,unmatched,0.0,valid,August_WL_1994-2025.pdf,NULL,NULL,local_pdf,official_web_fallback,official_web_fallback,pdf_text,NULL,NULL,8608,NULL,NULL,https://cgwb.gov.in
goa,north goa,pernem,pernem,Varconda,Varconda Station,15.75465,73.83533,1996,8,August,4.2,NULL,Safe,NULL,NULL,NULL,NULL,NULL,NULL,unmatched,0.0,valid,August_WL_1994-2025.pdf,NULL,NULL,local_pdf,official_web_fallback,official_web_fallback,pdf_text,NULL,NULL,8608,NULL,NULL,https://cgwb.gov.in
goa,north goa,satari,satari,Bayalwadikeri,Bayalwadikeri Station,15.61128,74.067,1996,8,August,2.7,NULL,Safe,NULL,NULL,NULL,NULL,NULL,NULL,unmatched,0.0,valid,August_WL_1994-2025.pdf,NULL,NULL,local_pdf,official_web_fallback,official_web_fallback,pdf_text,NULL,NULL,8608,NULL,NULL,https://cgwb.gov.in
goa,north goa,satari,satari,Hivre Budruk,Hivre Budruk Station,15.63194,74.00174,1996,8,August,2.4,NULL,Safe,NULL,NULL,NULL,NULL,NULL,NULL,unmatched,0.0,valid,August_WL_1994-2025.pdf,NULL,NULL,local_pdf,official_web_fallback,official_web_fallback,pdf_text,NULL,NULL,8608,NULL,NULL,https://cgwb.gov.in
goa,north goa,satari,satari,Honda,Honda Station,15.54722,74.05079,1996,8,August,3.2,NULL,Safe,NULL,NULL,NULL,NULL,NULL,NULL,unmatched,0.0,valid,August_WL_1994-2025.pdf,NULL,NULL,local_pdf,official_web_fallback,official_web_fallback,pdf_text,NULL,NULL,8608,NULL,NULL,https://cgwb.gov.in
goa,north goa,satari,satari,Khadki(Harijanwada),Khadki(Harijanwada) Station,15.50253,74.13964,1996,8,August,7.0,NULL,Safe,NULL,NULL,NULL,NULL,NULL,NULL,unmatched,0.0,valid,August_WL_1994-2025.pdf,NULL,NULL,local_pdf,official_web_fallback,official_web_fallback,pdf_text,NULL,NULL,8608,NULL,NULL,https://cgwb.gov.in
goa,north goa,satari,satari,Morlem,Morlem Station,15.59397,74.04632,1996,8,August,4.4,NULL,Safe,NULL,NULL,NULL,NULL,NULL,NULL,unmatched,0.0,valid,August_WL_1994-2025.pdf,NULL,NULL,local_pdf,official_web_fallback,official_web_fallback,pdf_text,NULL,NULL,8608,NULL,NULL,https://cgwb.gov.in
goa,north goa,satari,satari,Valpoi,Valpoi Station,15.53301,74.13723,1996,8,August,5.7,NULL,Safe,NULL,NULL,NULL,NULL,NULL,NULL,unmatched,0.0,valid,August_WL_1994-2025.pdf,NULL,NULL,local_pdf,official_web_fallback,official_web_fallback,pdf_text,NULL,NULL,8608,NULL,NULL,https://cgwb.gov.in
goa,north goa,tiswadi,tiswadi,Goa-Velha,Goa-Velha Station,15.44139,73.87972,1996,8,August,1.0,NULL,Safe,NULL,NULL,NULL,NULL,NULL,NULL,unmatched,0.0,valid,August_WL_1994-2025.pdf,NULL,NULL,local_pdf,official_web_fallback,official_web_fallback,pdf_text,NULL,NULL,8608,NULL,NULL,https://cgwb.gov.in
goa,north goa,tiswadi,tiswadi,Karanjhalen,Karanjhalen Station,15.459,73.80281,1996,8,August,2.6,NULL,Safe,NULL,NULL,NULL,NULL,NULL,NULL,unmatched,0.0,valid,August_WL_1994-2025.pdf,NULL,NULL,local_pdf,official_web_fallback,official_web_fallback,pdf_text,NULL,NULL,8608,NULL,NULL,https://cgwb.gov.in
goa,south goa,canacona,canacona,Agonda,Agonda Station,15.04152,73.99121,1996,8,August,3.5,NULL,Safe,NULL,NULL,NULL,NULL,NULL,NULL,unmatched,0.0,valid,August_WL_1994-2025.pdf,NULL,NULL,local_pdf,official_web_fallback,official_web_fallback,pdf_text,NULL,NULL,8608,NULL,NULL,https://cgwb.gov.in
goa,south goa,canacona,canacona,Canacona,Canacona Station,15.00716,74.05233,1996,8,August,2.8,NULL,Safe,NULL,NULL,NULL,NULL,NULL,NULL,unmatched,0.0,valid,August_WL_1994-2025.pdf,NULL,NULL,local_pdf,official_web_fallback,official_web_fallback,pdf_text,NULL,NULL,8608,NULL,NULL,https://cgwb.gov.in
goa,south goa,canacona,canacona,Carmona,Carmona Station,15.20278,73.9525,1996,8,August,5.1,NULL,Safe,NULL,NULL,NULL,NULL,NULL,NULL,unmatched,0.0,valid,August_WL_1994-2025.pdf,NULL,NULL,local_pdf,official_web_fallback,official_web_fallback,pdf_text,NULL,NULL,8608,NULL,NULL,https://cgwb.gov.in
goa,south goa,canacona,canacona,Daptamol Lolien,Daptamol Lolien Station,14.94986,74.05528,1996,8,August,15.8,NULL,Safe,NULL,NULL,NULL,NULL,NULL,NULL,unmatched,0.0,valid,August_WL_1994-2025.pdf,NULL,NULL,local_pdf,official_web_fallback,official_web_fallback,pdf_text,NULL,NULL,8608,NULL,NULL,https://cgwb.gov.in
goa,south goa,canacona,canacona,Gulem Velipwada,Gulem Velipwada Station,15.03918,74.02939,1996,8,August,1.3,NULL,Safe,NULL,NULL,NULL,NULL,NULL,NULL,unmatched,0.0,valid,August_WL_1994-2025.pdf,NULL,NULL,local_pdf,official_web_fallback,official_web_fallback,pdf_text,NULL,NULL,8608,NULL,NULL,https://cgwb.gov.in
goa,south goa,canacona,canacona,Hattipal Poinguinem,Hattipal Poinguinem Station,14.98407,74.10869,1996,8,August,7.4,NULL,Safe,NULL,NULL,NULL,NULL,NULL,NULL,unmatched,0.0,valid,August_WL_1994-2025.pdf,NULL,NULL,local_pdf,official_web_fallback,official_web_fallback,pdf_text,NULL,NULL,8608,NULL,NULL,https://cgwb.gov.in
goa,south goa,canacona,canacona,Polem,Polem Station,14.91289,74.08455,1996,8,August,1.7,NULL,Safe,NULL,NULL,NULL,NULL,NULL,NULL,unmatched,0.0,valid,August_WL_1994-2025.pdf,NULL,NULL,local_pdf,official_web_fallback,official_web_fallback,pdf_text,NULL,NULL,8608,NULL,NULL,https://cgwb.gov.in
goa,south goa,canacona,canacona,Shrishtal Gaondongar,Shrishtal Gaondongar Station,15.03725,74.11851,1996,8,August,3.2,NULL,Safe,NULL,NULL,NULL,NULL,NULL,NULL,unmatched,0.0,valid,August_WL_1994-2025.pdf,NULL,NULL,local_pdf,official_web_fallback,official_web_fallback,pdf_text,NULL,NULL,8608,NULL,NULL,https://cgwb.gov.in
goa,south goa,dharbandora,dharbandora,Bolkharnem,Bolkharnem Station,15.42964,74.19235,1996,8,August,6.1,NULL,Safe,NULL,NULL,NULL,NULL,NULL,NULL,unmatched,0.0,valid,August_WL_1994-2025.pdf,NULL,NULL,local_pdf,official_web_fallback,official_web_fallback,pdf_text,NULL,NULL,8608,NULL,NULL,https://cgwb.gov.in
goa,south goa,dharbandora,dharbandora,Colem,Colem Station,15.33497,74.24375,1996,8,August,6.5,NULL,Safe,NULL,NULL,NULL,NULL,NULL,NULL,unmatched,0.0,valid,August_WL_1994-2025.pdf,NULL,NULL,local_pdf,official_web_fallback,official_web_fallback,pdf_text,NULL,NULL,8608,NULL,NULL,https://cgwb.gov.in
goa,south goa,dharbandora,dharbandora,Molem,Molem Station,15.37701,74.22971,1996,8,August,4.7,NULL,Safe,NULL,NULL,NULL,NULL,NULL,NULL,unmatched,0.0,valid,August_WL_1994-2025.pdf,NULL,NULL,local_pdf,official_web_fallback,official_web_fallback,pdf_text,NULL,NULL,8608,NULL,NULL,https://cgwb.gov.in
goa,south goa,ponda,ponda,Shiroda,Shiroda Station,15.32068,74.03502,1996,8,August,6.8,NULL,Safe,NULL,NULL,NULL,NULL,NULL,NULL,unmatched,0.0,valid,August_WL_1994-2025.pdf,NULL,NULL,local_pdf,official_web_fallback,official_web_fallback,pdf_text,NULL,NULL,8609,NULL,NULL,https://cgwb.gov.in
goa,south goa,quepem,quepem,Ghadiawada,Ghadiawada Station,15.23894,74.11303,1996,8,August,2.3,NULL,Safe,NULL,NULL,NULL,NULL,NULL,NULL,unmatched,0.0,valid,August_WL_1994-2025.pdf,NULL,NULL,local_pdf,official_web_fallback,official_web_fallback,pdf_text,NULL,NULL,8609,NULL,NULL,https://cgwb.gov.in
goa,south goa,quepem,quepem,Quepem,Quepem Station,15.21751,74.08075,1996,8,August,1.7,NULL,Safe,NULL,NULL,NULL,NULL,NULL,NULL,unmatched,0.0,valid,August_WL_1994-2025.pdf,NULL,NULL,local_pdf,official_web_fallback,official_web_fallback,pdf_text,NULL,NULL,8609,NULL,NULL,https://cgwb.gov.in
goa,south goa,salcete,salcete,Akamol Ambavalli,Akamol Ambavalli Station,15.19028,74.00016,1996,8,August,4.9,NULL,Safe,NULL,NULL,NULL,NULL,NULL,NULL,unmatched,0.0,valid,August_WL_1994-2025.pdf,NULL,NULL,local_pdf,official_web_fallback,official_web_fallback,pdf_text,NULL,NULL,8609,NULL,NULL,https://cgwb.gov.in
goa,south goa,salcete,salcete,Ballynuvhen,Ballynuvhen Station,15.31651,73.94542,1996,8,August,6.4,NULL,Safe,NULL,NULL,NULL,NULL,NULL,NULL,unmatched,0.0,valid,August_WL_1994-2025.pdf,NULL,NULL,local_pdf,official_web_fallback,official_web_fallback,pdf_text,NULL,NULL,8609,NULL,NULL,https://cgwb.gov.in
goa,south goa,salcete,salcete,Majorda Bpada Curilo,Majorda Bpada Curilo Station,15.32117,73.91711,1996,8,August,2.3,NULL,Safe,NULL,NULL,NULL,NULL,NULL,NULL,unmatched,0.0,valid,August_WL_1994-2025.pdf,NULL,NULL,local_pdf,official_web_fallback,official_web_fallback,pdf_text,NULL,NULL,8609,NULL,NULL,https://cgwb.gov.in
goa,south goa,sanguem,sanguem,Deulwada Kolamba,Deulwada Kolamba Station,15.15021,74.13099,1996,8,August,2.4,NULL,Safe,NULL,NULL,NULL,NULL,NULL,NULL,unmatched,0.0,valid,August_WL_1994-2025.pdf,NULL,NULL,local_pdf,official_web_fallback,official_web_fallback,pdf_text,NULL,NULL,8609,NULL,NULL,https://cgwb.gov.in
goa,south goa,sanguem,sanguem,Neturlim,Neturlim Station,15.09065,74.21671,1996,8,August,11.0,NULL,Safe,NULL,NULL,NULL,NULL,NULL,NULL,unmatched,0.0,valid,August_WL_1994-2025.pdf,NULL,NULL,local_pdf,official_web_fallback,official_web_fallback,pdf_text,NULL,NULL,8609,NULL,NULL,https://cgwb.gov.in
goa,north goa,bardez,bardez,Alto Betim Porvorim,Alto Betim Porvorim Station,15.52605,73.82982,1995,8,August,6.9,NULL,Safe,NULL,NULL,NULL,NULL,NULL,NULL,unmatched,0.0,valid,August_WL_1994-2025.pdf,NULL,NULL,local_pdf,official_web_fallback,official_web_fallback,pdf_text,NULL,NULL,8867,NULL,NULL,https://cgwb.gov.in
goa,north goa,bardez,bardez,Calangute (Ct),Calangute (Ct) Station,15.54612,73.75861,1995,8,August,4.4,NULL,Safe,NULL,NULL,NULL,NULL,NULL,NULL,unmatched,0.0,valid,August_WL_1994-2025.pdf,NULL,NULL,local_pdf,official_web_fallback,official_web_fallback,pdf_text,NULL,NULL,8867,NULL,NULL,https://cgwb.gov.in
goa,north goa,bardez,bardez,Mapuca,Mapuca Station,15.61013,73.82434,1995,8,August,3.1,NULL,Safe,NULL,NULL,NULL,NULL,NULL,NULL,unmatched,0.0,valid,August_WL_1994-2025.pdf,NULL,NULL,local_pdf,official_web_fallback,official_web_fallback,pdf_text,NULL,NULL,8867,NULL,NULL,https://cgwb.gov.in
goa,north goa,bardez,bardez,Sircaim,Sircaim Station,15.62689,73.87588,1995,8,August,2.0,NULL,Safe,NULL,NULL,NULL,NULL,NULL,NULL,unmatched,0.0,valid,August_WL_1994-2025.pdf,NULL,NULL,local_pdf,official_web_fallback,official_web_fallback,pdf_text,NULL,NULL,8867,NULL,NULL,https://cgwb.gov.in
goa,north goa,bicholim,bicholim,Bordem,Bordem Station,15.58472,73.9575,1995,8,August,3.8,NULL,Safe,NULL,NULL,NULL,NULL,NULL,NULL,unmatched,0.0,valid,August_WL_1994-2025.pdf,NULL,NULL,local_pdf,official_web_fallback,official_web_fallback,pdf_text,NULL,NULL,8867,NULL,NULL,https://cgwb.gov.in
goa,north goa,bicholim,bicholim,Mulgao,Mulgao Station,15.61711,73.92075,1995,8,August,3.6,NULL,Safe,NULL,NULL,NULL,NULL,NULL,NULL,unmatched,0.0,valid,August_WL_1994-2025.pdf,NULL,NULL,local_pdf,official_web_fallback,official_web_fallback,pdf_text,NULL,NULL,8868,NULL,NULL,https://cgwb.gov.in
goa,north goa,bicholim,bicholim,Salem,Salem Station,15.68771,73.92681,1995,8,August,3.4,NULL,Safe,NULL,NULL,NULL,NULL,NULL,NULL,unmatched,0.0,valid,August_WL_1994-2025.pdf,NULL,NULL,local_pdf,official_web_fallback,official_web_fallback,pdf_text,NULL,NULL,8868,NULL,NULL,https://cgwb.gov.in
goa,north goa,pernem,pernem,Corgao,Corgao Station,15.70939,73.75176,1995,8,August,4.1,NULL,Safe,NULL,NULL,NULL,NULL,NULL,NULL,unmatched,0.0,valid,August_WL_1994-2025.pdf,NULL,NULL,local_pdf,official_web_fallback,official_web_fallback,pdf_text,NULL,NULL,8868,NULL,NULL,https://cgwb.gov.in
goa,north goa,pernem,pernem,Morji,Morji Station,15.63598,73.73963,1995,8,August,4.8,NULL,Safe,NULL,NULL,NULL,NULL,NULL,NULL,unmatched,0.0,valid,August_WL_1994-2025.pdf,NULL,NULL,local_pdf,official_web_fallback,official_web_fallback,pdf_text,NULL,NULL,8868,NULL,NULL,https://cgwb.gov.in
goa,north goa,pernem,pernem,Nagjhar,Nagjhar Station,15.70843,73.85289,1995,8,August,4.2,NULL,Safe,NULL,NULL,NULL,NULL,NULL,NULL,unmatched,0.0,valid,August_WL_1994-2025.pdf,NULL,NULL,local_pdf,official_web_fallback,official_web_fallback,pdf_text,NULL,NULL,8868,NULL,NULL,https://cgwb.gov.in
goa,north goa,pernem,pernem,Pernem,Pernem Station,15.7176,73.79806,1995,8,August,2.2,NULL,Safe,NULL,NULL,NULL,NULL,NULL,NULL,unmatched,0.0,valid,August_WL_1994-2025.pdf,NULL,NULL,local_pdf,official_web_fallback,official_web_fallback,pdf_text,NULL,NULL,8868,NULL,NULL,https://cgwb.gov.in
goa,north goa,pernem,pernem,Varconda,Varconda Station,15.75465,73.83533,1995,8,August,4.2,NULL,Safe,NULL,NULL,NULL,NULL,NULL,NULL,unmatched,0.0,valid,August_WL_1994-2025.pdf,NULL,NULL,local_pdf,official_web_fallback,official_web_fallback,pdf_text,NULL,NULL,8868,NULL,NULL,https://cgwb.gov.in
goa,north goa,satari,satari,Bayalwadikeri,Bayalwadikeri Station,15.61128,74.067,1995,8,August,3.2,NULL,Safe,NULL,NULL,NULL,NULL,NULL,NULL,unmatched,0.0,valid,August_WL_1994-2025.pdf,NULL,NULL,local_pdf,official_web_fallback,official_web_fallback,pdf_text,NULL,NULL,8868,NULL,NULL,https://cgwb.gov.in
goa,north goa,satari,satari,Hivre Budruk,Hivre Budruk Station,15.63194,74.00174,1995,8,August,2.0,NULL,Safe,NULL,NULL,NULL,NULL,NULL,NULL,unmatched,0.0,valid,August_WL_1994-2025.pdf,NULL,NULL,local_pdf,official_web_fallback,official_web_fallback,pdf_text,NULL,NULL,8868,NULL,NULL,https://cgwb.gov.in
goa,north goa,satari,satari,Honda,Honda Station,15.54722,74.05079,1995,8,August,3.6,NULL,Safe,NULL,NULL,NULL,NULL,NULL,NULL,unmatched,0.0,valid,August_WL_1994-2025.pdf,NULL,NULL,local_pdf,official_web_fallback,official_web_fallback,pdf_text,NULL,NULL,8868,NULL,NULL,https://cgwb.gov.in
goa,north goa,satari,satari,Khadki(Harijanwada),Khadki(Harijanwada) Station,15.50253,74.13964,1995,8,August,6.5,NULL,Safe,NULL,NULL,NULL,NULL,NULL,NULL,unmatched,0.0,valid,August_WL_1994-2025.pdf,NULL,NULL,local_pdf,official_web_fallback,official_web_fallback,pdf_text,NULL,NULL,8868,NULL,NULL,https://cgwb.gov.in
goa,north goa,satari,satari,Morlem,Morlem Station,15.59397,74.04632,1995,8,August,4.4,NULL,Safe,NULL,NULL,NULL,NULL,NULL,NULL,unmatched,0.0,valid,August_WL_1994-2025.pdf,NULL,NULL,local_pdf,official_web_fallback,official_web_fallback,pdf_text,NULL,NULL,8868,NULL,NULL,https://cgwb.gov.in
goa,north goa,satari,satari,Valpoi,Valpoi Station,15.53301,74.13723,1995,8,August,5.8,NULL,Safe,NULL,NULL,NULL,NULL,NULL,NULL,unmatched,0.0,valid,August_WL_1994-2025.pdf,NULL,NULL,local_pdf,official_web_fallback,official_web_fallback,pdf_text,NULL,NULL,8868,NULL,NULL,https://cgwb.gov.in
goa,north goa,tiswadi,tiswadi,Goa-Velha,Goa-Velha Station,15.44139,73.87972,1995,8,August,1.0,NULL,Safe,NULL,NULL,NULL,NULL,NULL,NULL,unmatched,0.0,valid,August_WL_1994-2025.pdf,NULL,NULL,local_pdf,official_web_fallback,official_web_fallback,pdf_text,NULL,NULL,8868,NULL,NULL,https://cgwb.gov.in
goa,north goa,tiswadi,tiswadi,Karanjhalen,Karanjhalen Station,15.459,73.80281,1995,8,August,2.1,NULL,Safe,NULL,NULL,NULL,NULL,NULL,NULL,unmatched,0.0,valid,August_WL_1994-2025.pdf,NULL,NULL,local_pdf,official_web_fallback,official_web_fallback,pdf_text,NULL,NULL,8868,NULL,NULL,https://cgwb.gov.in
goa,south goa,canacona,canacona,Canacona,Canacona Station,15.00716,74.05233,1995,8,August,3.0,NULL,Safe,NULL,NULL,NULL,NULL,NULL,NULL,unmatched,0.0,valid,August_WL_1994-2025.pdf,NULL,NULL,local_pdf,official_web_fallback,official_web_fallback,pdf_text,NULL,NULL,8868,NULL,NULL,https://cgwb.gov.in
goa,south goa,canacona,canacona,Carmona,Carmona Station,15.20278,73.9525,1995,8,August,4.3,NULL,Safe,NULL,NULL,NULL,NULL,NULL,NULL,unmatched,0.0,valid,August_WL_1994-2025.pdf,NULL,NULL,local_pdf,official_web_fallback,official_web_fallback,pdf_text,NULL,NULL,8868,NULL,NULL,https://cgwb.gov.in
goa,south goa,canacona,canacona,Daptamol Lolien,Daptamol Lolien Station,14.94986,74.05528,1995,8,August,16.7,NULL,Safe,NULL,NULL,NULL,NULL,NULL,NULL,unmatched,0.0,valid,August_WL_1994-2025.pdf,NULL,NULL,local_pdf,official_web_fallback,official_web_fallback,pdf_text,NULL,NULL,8868,NULL,NULL,https://cgwb.gov.in
goa,south goa,canacona,canacona,Gulem Velipwada,Gulem Velipwada Station,15.03918,74.02939,1995,8,August,1.4,NULL,Safe,NULL,NULL,NULL,NULL,NULL,NULL,unmatched,0.0,valid,August_WL_1994-2025.pdf,NULL,NULL,local_pdf,official_web_fallback,official_web_fallback,pdf_text,NULL,NULL,8868,NULL,NULL,https://cgwb.gov.in
goa,south goa,canacona,canacona,Hattipal Poinguinem,Hattipal Poinguinem Station,14.98407,74.10869,1995,8,August,7.2,NULL,Safe,NULL,NULL,NULL,NULL,NULL,NULL,unmatched,0.0,valid,August_WL_1994-2025.pdf,NULL,NULL,local_pdf,official_web_fallback,official_web_fallback,pdf_text,NULL,NULL,8868,NULL,NULL,https://cgwb.gov.in
goa,south goa,canacona,canacona,Polem,Polem Station,14.91289,74.08455,1995,8,August,1.9,NULL,Safe,NULL,NULL,NULL,NULL,NULL,NULL,unmatched,0.0,valid,August_WL_1994-2025.pdf,NULL,NULL,local_pdf,official_web_fallback,official_web_fallback,pdf_text,NULL,NULL,8868,NULL,NULL,https://cgwb.gov.in
goa,south goa,dharbandora,dharbandora,Bolkharnem,Bolkharnem Station,15.42964,74.19235,1995,8,August,5.2,NULL,Safe,NULL,NULL,NULL,NULL,NULL,NULL,unmatched,0.0,valid,August_WL_1994-2025.pdf,NULL,NULL,local_pdf,official_web_fallback,official_web_fallback,pdf_text,NULL,NULL,8868,NULL,NULL,https://cgwb.gov.in
goa,south goa,dharbandora,dharbandora,Colem,Colem Station,15.33497,74.24375,1995,8,August,6.2,NULL,Safe,NULL,NULL,NULL,NULL,NULL,NULL,unmatched,0.0,valid,August_WL_1994-2025.pdf,NULL,NULL,local_pdf,official_web_fallback,official_web_fallback,pdf_text,NULL,NULL,8868,NULL,NULL,https://cgwb.gov.in
goa,south goa,dharbandora,dharbandora,Molem,Molem Station,15.37701,74.22971,1995,8,August,2.2,NULL,Safe,NULL,NULL,NULL,NULL,NULL,NULL,unmatched,0.0,valid,August_WL_1994-2025.pdf,NULL,NULL,local_pdf,official_web_fallback,official_web_fallback,pdf_text,NULL,NULL,8868,NULL,NULL,https://cgwb.gov.in
goa,south goa,ponda,ponda,Shiroda,Shiroda Station,15.32068,74.03502,1995,8,August,7.3,NULL,Safe,NULL,NULL,NULL,NULL,NULL,NULL,unmatched,0.0,valid,August_WL_1994-2025.pdf,NULL,NULL,local_pdf,official_web_fallback,official_web_fallback,pdf_text,NULL,NULL,8868,NULL,NULL,https://cgwb.gov.in
goa,south goa,quepem,quepem,Ghadiawada,Ghadiawada Station,15.23894,74.11303,1995,8,August,2.4,NULL,Safe,NULL,NULL,NULL,NULL,NULL,NULL,unmatched,0.0,valid,August_WL_1994-2025.pdf,NULL,NULL,local_pdf,official_web_fallback,official_web_fallback,pdf_text,NULL,NULL,8868,NULL,NULL,https://cgwb.gov.in
goa,south goa,quepem,quepem,Quepem,Quepem Station,15.21751,74.08075,1995,8,August,3.4,NULL,Safe,NULL,NULL,NULL,NULL,NULL,NULL,unmatched,0.0,valid,August_WL_1994-2025.pdf,NULL,NULL,local_pdf,official_web_fallback,official_web_fallback,pdf_text,NULL,NULL,8868,NULL,NULL,https://cgwb.gov.in
goa,south goa,salcete,salcete,Akamol Ambavalli,Akamol Ambavalli Station,15.19028,74.00016,1995,8,August,2.5,NULL,Safe,NULL,NULL,NULL,NULL,NULL,NULL,unmatched,0.0,valid,August_WL_1994-2025.pdf,NULL,NULL,local_pdf,official_web_fallback,official_web_fallback,pdf_text,NULL,NULL,8868,NULL,NULL,https://cgwb.gov.in
goa,south goa,salcete,salcete,Ballynuvhen,Ballynuvhen Station,15.31651,73.94542,1995,8,August,6.1,NULL,Safe,NULL,NULL,NULL,NULL,NULL,NULL,unmatched,0.0,valid,August_WL_1994-2025.pdf,NULL,NULL,local_pdf,official_web_fallback,official_web_fallback,pdf_text,NULL,NULL,8868,NULL,NULL,https://cgwb.gov.in
goa,south goa,salcete,salcete,Majorda Bpada Curilo,Majorda Bpada Curilo Station,15.32117,73.91711,1995,8,August,3.3,NULL,Safe,NULL,NULL,NULL,NULL,NULL,NULL,unmatched,0.0,valid,August_WL_1994-2025.pdf,NULL,NULL,local_pdf,official_web_fallback,official_web_fallback,pdf_text,NULL,NULL,8868,NULL,NULL,https://cgwb.gov.in
goa,south goa,sanguem,sanguem,Deulwada Kolamba,Deulwada Kolamba Station,15.15021,74.13099,1995,8,August,3.2,NULL,Safe,NULL,NULL,NULL,NULL,NULL,NULL,unmatched,0.0,valid,August_WL_1994-2025.pdf,NULL,NULL,local_pdf,official_web_fallback,official_web_fallback,pdf_text,NULL,NULL,8868,NULL,NULL,https://cgwb.gov.in
goa,south goa,sanguem,sanguem,Neturlim,Neturlim Station,15.09065,74.21671,1995,8,August,11.2,NULL,Safe,NULL,NULL,NULL,NULL,NULL,NULL,unmatched,0.0,valid,August_WL_1994-2025.pdf,NULL,NULL,local_pdf,official_web_fallback,official_web_fallback,pdf_text,NULL,NULL,8868,NULL,NULL,https://cgwb.gov.in
goa,north goa,bardez,bardez,Calangute (Ct),Calangute (Ct) Station,15.54612,73.75861,1994,8,August,4.1,NULL,Safe,NULL,NULL,NULL,NULL,NULL,NULL,unmatched,0.0,valid,August_WL_1994-2025.pdf,NULL,NULL,local_pdf,official_web_fallback,official_web_fallback,pdf_text,NULL,NULL,9126,NULL,NULL,https://cgwb.gov.in
goa,north goa,bardez,bardez,Mapuca,Mapuca Station,15.61013,73.82434,1994,8,August,2.7,NULL,Safe,NULL,NULL,NULL,NULL,NULL,NULL,unmatched,0.0,valid,August_WL_1994-2025.pdf,NULL,NULL,local_pdf,official_web_fallback,official_web_fallback,pdf_text,NULL,NULL,9126,NULL,NULL,https://cgwb.gov.in
goa,north goa,bardez,bardez,Sircaim,Sircaim Station,15.62689,73.87588,1994,8,August,1.4,NULL,Safe,NULL,NULL,NULL,NULL,NULL,NULL,unmatched,0.0,valid,August_WL_1994-2025.pdf,NULL,NULL,local_pdf,official_web_fallback,official_web_fallback,pdf_text,NULL,NULL,9126,NULL,NULL,https://cgwb.gov.in
goa,north goa,bicholim,bicholim,Bordem,Bordem Station,15.58472,73.9575,1994,8,August,0.8,NULL,Safe,NULL,NULL,NULL,NULL,NULL,NULL,unmatched,0.0,valid,August_WL_1994-2025.pdf,NULL,NULL,local_pdf,official_web_fallback,official_web_fallback,pdf_text,NULL,NULL,9126,NULL,NULL,https://cgwb.gov.in
goa,north goa,bicholim,bicholim,Mulgao,Mulgao Station,15.61711,73.92075,1994,8,August,2.2,NULL,Safe,NULL,NULL,NULL,NULL,NULL,NULL,unmatched,0.0,valid,August_WL_1994-2025.pdf,NULL,NULL,local_pdf,official_web_fallback,official_web_fallback,pdf_text,NULL,NULL,9126,NULL,NULL,https://cgwb.gov.in
goa,north goa,bicholim,bicholim,Salem,Salem Station,15.68771,73.92681,1994,8,August,2.2,NULL,Safe,NULL,NULL,NULL,NULL,NULL,NULL,unmatched,0.0,valid,August_WL_1994-2025.pdf,NULL,NULL,local_pdf,official_web_fallback,official_web_fallback,pdf_text,NULL,NULL,9126,NULL,NULL,https://cgwb.gov.in
goa,north goa,pernem,pernem,Corgao,Corgao Station,15.70939,73.75176,1994,8,August,3.0,NULL,Safe,NULL,NULL,NULL,NULL,NULL,NULL,unmatched,0.0,valid,August_WL_1994-2025.pdf,NULL,NULL,local_pdf,official_web_fallback,official_web_fallback,pdf_text,NULL,NULL,9126,NULL,NULL,https://cgwb.gov.in
goa,north goa,pernem,pernem,Morji,Morji Station,15.63598,73.73963,1994,8,August,0.8,NULL,Safe,NULL,NULL,NULL,NULL,NULL,NULL,unmatched,0.0,valid,August_WL_1994-2025.pdf,NULL,NULL,local_pdf,official_web_fallback,official_web_fallback,pdf_text,NULL,NULL,9126,NULL,NULL,https://cgwb.gov.in
goa,north goa,pernem,pernem,Nagjhar,Nagjhar Station,15.70843,73.85289,1994,8,August,2.0,NULL,Safe,NULL,NULL,NULL,NULL,NULL,NULL,unmatched,0.0,valid,August_WL_1994-2025.pdf,NULL,NULL,local_pdf,official_web_fallback,official_web_fallback,pdf_text,NULL,NULL,9126,NULL,NULL,https://cgwb.gov.in
goa,north goa,pernem,pernem,Pernem,Pernem Station,15.7176,73.79806,1994,8,August,1.8,NULL,Safe,NULL,NULL,NULL,NULL,NULL,NULL,unmatched,0.0,valid,August_WL_1994-2025.pdf,NULL,NULL,local_pdf,official_web_fallback,official_web_fallback,pdf_text,NULL,NULL,9126,NULL,NULL,https://cgwb.gov.in
goa,north goa,pernem,pernem,Varconda,Varconda Station,15.75465,73.83533,1994,8,August,2.6,NULL,Safe,NULL,NULL,NULL,NULL,NULL,NULL,unmatched,0.0,valid,August_WL_1994-2025.pdf,NULL,NULL,local_pdf,official_web_fallback,official_web_fallback,pdf_text,NULL,NULL,9126,NULL,NULL,https://cgwb.gov.in
goa,north goa,satari,satari,Hivre Budruk,Hivre Budruk Station,15.63194,74.00174,1994,8,August,2.0,NULL,Safe,NULL,NULL,NULL,NULL,NULL,NULL,unmatched,0.0,valid,August_WL_1994-2025.pdf,NULL,NULL,local_pdf,official_web_fallback,official_web_fallback,pdf_text,NULL,NULL,9126,NULL,NULL,https://cgwb.gov.in
goa,north goa,satari,satari,Honda,Honda Station,15.54722,74.05079,1994,8,August,1.2,NULL,Safe,NULL,NULL,NULL,NULL,NULL,NULL,unmatched,0.0,valid,August_WL_1994-2025.pdf,NULL,NULL,local_pdf,official_web_fallback,official_web_fallback,pdf_text,NULL,NULL,9126,NULL,NULL,https://cgwb.gov.in
goa,north goa,satari,satari,Khadki(Harijanwada),Khadki(Harijanwada) Station,15.50253,74.13964,1994,8,August,3.0,NULL,Safe,NULL,NULL,NULL,NULL,NULL,NULL,unmatched,0.0,valid,August_WL_1994-2025.pdf,NULL,NULL,local_pdf,official_web_fallback,official_web_fallback,pdf_text,NULL,NULL,9126,NULL,NULL,https://cgwb.gov.in
goa,north goa,satari,satari,Morlem,Morlem Station,15.59397,74.04632,1994,8,August,2.9,NULL,Safe,NULL,NULL,NULL,NULL,NULL,NULL,unmatched,0.0,valid,August_WL_1994-2025.pdf,NULL,NULL,local_pdf,official_web_fallback,official_web_fallback,pdf_text,NULL,NULL,9126,NULL,NULL,https://cgwb.gov.in
goa,north goa,tiswadi,tiswadi,Goa-Velha,Goa-Velha Station,15.44139,73.87972,1994,8,August,1.7,NULL,Safe,NULL,NULL,NULL,NULL,NULL,NULL,unmatched,0.0,valid,August_WL_1994-2025.pdf,NULL,NULL,local_pdf,official_web_fallback,official_web_fallback,pdf_text,NULL,NULL,9126,NULL,NULL,https://cgwb.gov.in
goa,north goa,tiswadi,tiswadi,Karanjhalen,Karanjhalen Station,15.459,73.80281,1994,8,August,2.2,NULL,Safe,NULL,NULL,NULL,NULL,NULL,NULL,unmatched,0.0,valid,August_WL_1994-2025.pdf,NULL,NULL,local_pdf,official_web_fallback,official_web_fallback,pdf_text,NULL,NULL,9126,NULL,NULL,https://cgwb.gov.in
goa,south goa,canacona,canacona,Agonda,Agonda Station,15.04152,73.99121,1994,8,August,2.5,NULL,Safe,NULL,NULL,NULL,NULL,NULL,NULL,unmatched,0.0,valid,August_WL_1994-2025.pdf,NULL,NULL,local_pdf,official_web_fallback,official_web_fallback,pdf_text,NULL,NULL,9126,NULL,NULL,https://cgwb.gov.in
goa,south goa,canacona,canacona,Canacona,Canacona Station,15.00716,74.05233,1994,8,August,2.2,NULL,Safe,NULL,NULL,NULL,NULL,NULL,NULL,unmatched,0.0,valid,August_WL_1994-2025.pdf,NULL,NULL,local_pdf,official_web_fallback,official_web_fallback,pdf_text,NULL,NULL,9126,NULL,NULL,https://cgwb.gov.in
goa,south goa,canacona,canacona,Carmona,Carmona Station,15.20278,73.9525,1994,8,August,4.0,NULL,Safe,NULL,NULL,NULL,NULL,NULL,NULL,unmatched,0.0,valid,August_WL_1994-2025.pdf,NULL,NULL,local_pdf,official_web_fallback,official_web_fallback,pdf_text,NULL,NULL,9126,NULL,NULL,https://cgwb.gov.in
goa,south goa,canacona,canacona,Daptamol Lolien,Daptamol Lolien Station,14.94986,74.05528,1994,8,August,15.8,NULL,Safe,NULL,NULL,NULL,NULL,NULL,NULL,unmatched,0.0,valid,August_WL_1994-2025.pdf,NULL,NULL,local_pdf,official_web_fallback,official_web_fallback,pdf_text,NULL,NULL,9126,NULL,NULL,https://cgwb.gov.in
goa,south goa,canacona,canacona,Gulem Velipwada,Gulem Velipwada Station,15.03918,74.02939,1994,8,August,1.3,NULL,Safe,NULL,NULL,NULL,NULL,NULL,NULL,unmatched,0.0,valid,August_WL_1994-2025.pdf,NULL,NULL,local_pdf,official_web_fallback,official_web_fallback,pdf_text,NULL,NULL,9126,NULL,NULL,https://cgwb.gov.in
goa,south goa,canacona,canacona,Polem,Polem Station,14.91289,74.08455,1994,8,August,1.9,NULL,Safe,NULL,NULL,NULL,NULL,NULL,NULL,unmatched,0.0,valid,August_WL_1994-2025.pdf,NULL,NULL,local_pdf,official_web_fallback,official_web_fallback,pdf_text,NULL,NULL,9126,NULL,NULL,https://cgwb.gov.in
goa,south goa,dharbandora,dharbandora,Bolkharnem,Bolkharnem Station,15.42964,74.19235,1994,8,August,5.6,NULL,Safe,NULL,NULL,NULL,NULL,NULL,NULL,unmatched,0.0,valid,August_WL_1994-2025.pdf,NULL,NULL,local_pdf,official_web_fallback,official_web_fallback,pdf_text,NULL,NULL,9126,NULL,NULL,https://cgwb.gov.in
goa,south goa,dharbandora,dharbandora,Colem,Colem Station,15.33497,74.24375,1994,8,August,2.8,NULL,Safe,NULL,NULL,NULL,NULL,NULL,NULL,unmatched,0.0,valid,August_WL_1994-2025.pdf,NULL,NULL,local_pdf,official_web_fallback,official_web_fallback,pdf_text,NULL,NULL,9126,NULL,NULL,https://cgwb.gov.in
goa,south goa,dharbandora,dharbandora,Molem,Molem Station,15.37701,74.22971,1994,8,August,1.7,NULL,Safe,NULL,NULL,NULL,NULL,NULL,NULL,unmatched,0.0,valid,August_WL_1994-2025.pdf,NULL,NULL,local_pdf,official_web_fallback,official_web_fallback,pdf_text,NULL,NULL,9126,NULL,NULL,https://cgwb.gov.in
goa,south goa,ponda,ponda,Shiroda,Shiroda Station,15.32068,74.03502,1994,8,August,5.7,NULL,Safe,NULL,NULL,NULL,NULL,NULL,NULL,unmatched,0.0,valid,August_WL_1994-2025.pdf,NULL,NULL,local_pdf,official_web_fallback,official_web_fallback,pdf_text,NULL,NULL,9126,NULL,NULL,https://cgwb.gov.in
goa,south goa,quepem,quepem,Ghadiawada,Ghadiawada Station,15.23894,74.11303,1994,8,August,1.7,NULL,Safe,NULL,NULL,NULL,NULL,NULL,NULL,unmatched,0.0,valid,August_WL_1994-2025.pdf,NULL,NULL,local_pdf,official_web_fallback,official_web_fallback,pdf_text,NULL,NULL,9126,NULL,NULL,https://cgwb.gov.in
goa,south goa,quepem,quepem,Quepem,Quepem Station,15.21751,74.08075,1994,8,August,1.8,NULL,Safe,NULL,NULL,NULL,NULL,NULL,NULL,unmatched,0.0,valid,August_WL_1994-2025.pdf,NULL,NULL,local_pdf,official_web_fallback,official_web_fallback,pdf_text,NULL,NULL,9126,NULL,NULL,https://cgwb.gov.in
goa,south goa,salcete,salcete,Ballynuvhen,Ballynuvhen Station,15.31651,73.94542,1994,8,August,4.3,NULL,Safe,NULL,NULL,NULL,NULL,NULL,NULL,unmatched,0.0,valid,August_WL_1994-2025.pdf,NULL,NULL,local_pdf,official_web_fallback,official_web_fallback,pdf_text,NULL,NULL,9126,NULL,NULL,https://cgwb.gov.in
goa,south goa,salcete,salcete,Majorda Bpada Curilo,Majorda Bpada Curilo Station,15.32117,73.91711,1994,8,August,2.5,NULL,Safe,NULL,NULL,NULL,NULL,NULL,NULL,unmatched,0.0,valid,August_WL_1994-2025.pdf,NULL,NULL,local_pdf,official_web_fallback,official_web_fallback,pdf_text,NULL,NULL,9126,NULL,NULL,https://cgwb.gov.in
goa,south goa,sanguem,sanguem,Deulwada Kolamba,Deulwada Kolamba Station,15.15021,74.13099,1994,8,August,2.7,NULL,Safe,NULL,NULL,NULL,NULL,NULL,NULL,unmatched,0.0,valid,August_WL_1994-2025.pdf,NULL,NULL,local_pdf,official_web_fallback,official_web_fallback,pdf_text,NULL,NULL,9126,NULL,NULL,https://cgwb.gov.in
goa,south goa,sanguem,sanguem,Neturlim,Neturlim Station,15.09065,74.21671,1994,8,August,9.8,NULL,Safe,NULL,NULL,NULL,NULL,NULL,NULL,unmatched,0.0,valid,August_WL_1994-2025.pdf,NULL,NULL,local_pdf,official_web_fallback,official_web_fallback,pdf_text,NULL,NULL,9126,NULL,NULL,https://cgwb.gov.in
goa,north goa,bardez,bardez,Alto Betim Porvorim,Alto Betim Porvorim Station,15.52605,73.82983,2025,5,Pre-monsoon,2.73,NULL,Safe,NULL,NULL,NULL,NULL,659.099853515625,monthly,unmatched,0.0,valid,Pre-monsoon_WL_1994-2025.pdf,NULL,IMD Gridded Rainfall (0.25x0.25 deg),local_pdf,official_web_fallback,official_web_fallback,pdf_text,NULL,netcdf_spatial_lookup,59,NULL,NULL,https://cgwb.gov.in
goa,north goa,bardez,bardez,Amberem,Amberem Station,15.739,73.82449,2025,5,Pre-monsoon,7.55,NULL,Safe,NULL,NULL,NULL,NULL,560.1796875,monthly,unmatched,0.0,valid,Pre-monsoon_WL_1994-2025.pdf,NULL,IMD Gridded Rainfall (0.25x0.25 deg),local_pdf,official_web_fallback,official_web_fallback,pdf_text,NULL,netcdf_spatial_lookup,59,NULL,NULL,https://cgwb.gov.in
goa,north goa,bardez,bardez,Anjuna (Ct),Anjuna (Ct) Station,15.5842,73.73828,2025,5,Pre-monsoon,10.1,NULL,Safe,NULL,NULL,NULL,NULL,659.099853515625,monthly,unmatched,0.0,valid,Pre-monsoon_WL_1994-2025.pdf,NULL,IMD Gridded Rainfall (0.25x0.25 deg),local_pdf,official_web_fallback,official_web_fallback,pdf_text,NULL,netcdf_spatial_lookup,59,NULL,NULL,https://cgwb.gov.in
goa,north goa,bardez,bardez,Calangute (Ct),Calangute (Ct) Station,15.54612,73.75861,2025,5,Pre-monsoon,8.12,NULL,Safe,NULL,NULL,NULL,NULL,659.099853515625,monthly,unmatched,0.0,valid,Pre-monsoon_WL_1994-2025.pdf,NULL,IMD Gridded Rainfall (0.25x0.25 deg),local_pdf,official_web_fallback,official_web_fallback,pdf_text,NULL,netcdf_spatial_lookup,59,NULL,NULL,https://cgwb.gov.in
goa,north goa,bardez,bardez,Colvale (Ct),Colvale (Ct) Station,15.64402,73.83727,2025,5,Pre-monsoon,2.9,NULL,Safe,NULL,NULL,NULL,NULL,560.1796875,monthly,unmatched,0.0,valid,Pre-monsoon_WL_1994-2025.pdf,NULL,IMD Gridded Rainfall (0.25x0.25 deg),local_pdf,official_web_fallback,official_web_fallback,pdf_text,NULL,netcdf_spatial_lookup,59,NULL,NULL,https://cgwb.gov.in
goa,north goa,bardez,bardez,Olaulim,Olaulim Station,15.56958,73.86346,2025,5,Pre-monsoon,6.75,NULL,Safe,NULL,NULL,NULL,NULL,659.099853515625,monthly,unmatched,0.0,valid,Pre-monsoon_WL_1994-2025.pdf,NULL,IMD Gridded Rainfall (0.25x0.25 deg),local_pdf,official_web_fallback,official_web_fallback,pdf_text,NULL,netcdf_spatial_lookup,59,NULL,NULL,https://cgwb.gov.in
goa,north goa,bardez,bardez,Parra,Parra Station,15.57282,73.79279,2025,5,Pre-monsoon,1.6,NULL,Safe,NULL,NULL,NULL,NULL,659.099853515625,monthly,unmatched,0.0,valid,Pre-monsoon_WL_1994-2025.pdf,NULL,IMD Gridded Rainfall (0.25x0.25 deg),local_pdf,official_web_fallback,official_web_fallback,pdf_text,NULL,netcdf_spatial_lookup,59,NULL,NULL,https://cgwb.gov.in
goa,north goa,bardez,bardez,Pirna,Pirna Station,15.66884,73.8818,2025,5,Pre-monsoon,2.55,NULL,Safe,NULL,NULL,NULL,NULL,337.359619140625,monthly,unmatched,0.0,valid,Pre-monsoon_WL_1994-2025.pdf,NULL,IMD Gridded Rainfall (0.25x0.25 deg),local_pdf,official_web_fallback,official_web_fallback,pdf_text,NULL,netcdf_spatial_lookup,59,NULL,NULL,https://cgwb.gov.in
goa,north goa,bardez,bardez,Pomburpa,Pomburpa Station,15.55926,73.86761,2025,5,Pre-monsoon,3.98,NULL,Safe,NULL,NULL,NULL,NULL,659.099853515625,monthly,unmatched,0.0,valid,Pre-monsoon_WL_1994-2025.pdf,NULL,IMD Gridded Rainfall (0.25x0.25 deg),local_pdf,official_web_fallback,official_web_fallback,pdf_text,NULL,netcdf_spatial_lookup,59,NULL,NULL,https://cgwb.gov.in
goa,north goa,bardez,bardez,Salvador-Do-Mundo (Ct),Salvador-Do-Mundo (Ct) Station,15.5376,73.86869,2025,5,Pre-monsoon,3.5,NULL,Safe,NULL,NULL,NULL,NULL,659.099853515625,monthly,unmatched,0.0,valid,Pre-monsoon_WL_1994-2025.pdf,NULL,IMD Gridded Rainfall (0.25x0.25 deg),local_pdf,official_web_fallback,official_web_fallback,pdf_text,NULL,netcdf_spatial_lookup,59,NULL,NULL,https://cgwb.gov.in
goa,north goa,bardez,bardez,Sircaim,Sircaim Station,15.62689,73.87588,2025,5,Pre-monsoon,2.23,NULL,Safe,NULL,NULL,NULL,NULL,337.359619140625,monthly,unmatched,0.0,valid,Pre-monsoon_WL_1994-2025.pdf,NULL,IMD Gridded Rainfall (0.25x0.25 deg),local_pdf,official_web_fallback,official_web_fallback,pdf_text,NULL,netcdf_spatial_lookup,59,NULL,NULL,https://cgwb.gov.in
goa,north goa,bicholim,bicholim,Adwalpale,Adwalpale Station,15.63986,73.89603,2025,5,Pre-monsoon,5.04,NULL,Safe,NULL,NULL,NULL,NULL,337.359619140625,monthly,unmatched,0.0,valid,Pre-monsoon_WL_1994-2025.pdf,NULL,IMD Gridded Rainfall (0.25x0.25 deg),local_pdf,official_web_fallback,official_web_fallback,pdf_text,NULL,netcdf_spatial_lookup,59,NULL,NULL,https://cgwb.gov.in
goa,north goa,bicholim,bicholim,Devulawada Narve,Devulawada Narve Station,15.55205,73.92413,2025,5,Pre-monsoon,15.0,NULL,Safe,NULL,NULL,NULL,NULL,541.9454956054688,monthly,unmatched,0.0,valid,Pre-monsoon_WL_1994-2025.pdf,NULL,IMD Gridded Rainfall (0.25x0.25 deg),local_pdf,official_web_fallback,official_web_fallback,pdf_text,NULL,netcdf_spatial_lookup,59,NULL,NULL,https://cgwb.gov.in
goa,north goa,bicholim,bicholim,Jambhul Batt,Jambhul Batt Station,15.58041,73.92604,2025,5,Pre-monsoon,1.87,NULL,Safe,NULL,NULL,NULL,NULL,541.9454956054688,monthly,unmatched,0.0,valid,Pre-monsoon_WL_1994-2025.pdf,NULL,IMD Gridded Rainfall (0.25x0.25 deg),local_pdf,official_web_fallback,official_web_fallback,pdf_text,NULL,netcdf_spatial_lookup,59,NULL,NULL,https://cgwb.gov.in
goa,north goa,bicholim,bicholim,Mulgao,Mulgao Station,15.61711,73.92075,2025,5,Pre-monsoon,2.63,NULL,Safe,NULL,NULL,NULL,NULL,541.9454956054688,monthly,unmatched,0.0,valid,Pre-monsoon_WL_1994-2025.pdf,NULL,IMD Gridded Rainfall (0.25x0.25 deg),local_pdf,official_web_fallback,official_web_fallback,pdf_text,NULL,netcdf_spatial_lookup,59,NULL,NULL,https://cgwb.gov.in
goa,north goa,bicholim,bicholim,Salem,Salem Station,15.68771,73.92681,2025,5,Pre-monsoon,1.46,NULL,Safe,NULL,NULL,NULL,NULL,337.359619140625,monthly,unmatched,0.0,valid,Pre-monsoon_WL_1994-2025.pdf,NULL,IMD Gridded Rainfall (0.25x0.25 deg),local_pdf,official_web_fallback,official_web_fallback,pdf_text,NULL,netcdf_spatial_lookup,59,NULL,NULL,https://cgwb.gov.in
goa,north goa,pernem,pernem,Corgao,Corgao Station,15.70939,73.75175,2025,5,Pre-monsoon,5.05,NULL,Safe,NULL,NULL,NULL,NULL,560.1796875,monthly,unmatched,0.0,valid,Pre-monsoon_WL_1994-2025.pdf,NULL,IMD Gridded Rainfall (0.25x0.25 deg),local_pdf,official_web_fallback,official_web_fallback,pdf_text,NULL,netcdf_spatial_lookup,59,NULL,NULL,https://cgwb.gov.in
goa,north goa,pernem,pernem,Hasaravanni Vaipal,Hasaravanni Vaipal Station,15.73251,73.89959,2025,5,Pre-monsoon,1.55,NULL,Safe,NULL,NULL,NULL,NULL,337.359619140625,monthly,unmatched,0.0,valid,Pre-monsoon_WL_1994-2025.pdf,NULL,IMD Gridded Rainfall (0.25x0.25 deg),local_pdf,official_web_fallback,official_web_fallback,pdf_text,NULL,netcdf_spatial_lookup,59,NULL,NULL,https://cgwb.gov.in
goa,north goa,pernem,pernem,Morji,Morji Station,15.63598,73.73963,2025,5,Pre-monsoon,2.19,NULL,Safe,NULL,NULL,NULL,NULL,560.1796875,monthly,unmatched,0.0,valid,Pre-monsoon_WL_1994-2025.pdf,NULL,IMD Gridded Rainfall (0.25x0.25 deg),local_pdf,official_web_fallback,official_web_fallback,pdf_text,NULL,netcdf_spatial_lookup,59,NULL,NULL,https://cgwb.gov.in
goa,north goa,pernem,pernem,Nagjhar,Nagjhar Station,15.70843,73.85289,2025,5,Pre-monsoon,7.37,NULL,Safe,NULL,NULL,NULL,NULL,560.1796875,monthly,unmatched,0.0,valid,Pre-monsoon_WL_1994-2025.pdf,NULL,IMD Gridded Rainfall (0.25x0.25 deg),local_pdf,official_web_fallback,official_web_fallback,pdf_text,NULL,netcdf_spatial_lookup,59,NULL,NULL,https://cgwb.gov.in
goa,north goa,pernem,pernem,Sawanthawada,Sawanthawada Station,15.68082,73.75108,2025,5,Pre-monsoon,3.48,NULL,Safe,NULL,NULL,NULL,NULL,560.1796875,monthly,unmatched,0.0,valid,Pre-monsoon_WL_1994-2025.pdf,NULL,IMD Gridded Rainfall (0.25x0.25 deg),local_pdf,official_web_fallback,official_web_fallback,pdf_text,NULL,netcdf_spatial_lookup,59,NULL,NULL,https://cgwb.gov.in
goa,north goa,pernem,pernem,Uguem (Ugawe),Uguem (Ugawe) Station,15.75464,73.83533,2025,5,Pre-monsoon,7.4,NULL,Safe,NULL,NULL,NULL,NULL,560.1796875,monthly,unmatched,0.0,valid,Pre-monsoon_WL_1994-2025.pdf,NULL,IMD Gridded Rainfall (0.25x0.25 deg),local_pdf,official_web_fallback,official_web_fallback,pdf_text,NULL,netcdf_spatial_lookup,59,NULL,NULL,https://cgwb.gov.in
goa,north goa,satari,satari,Bayalwadikeri,Bayalwadikeri Station,15.61128,74.067,2025,5,Pre-monsoon,5.24,NULL,Safe,NULL,NULL,NULL,NULL,541.9454956054688,monthly,unmatched,0.0,valid,Pre-monsoon_WL_1994-2025.pdf,NULL,IMD Gridded Rainfall (0.25x0.25 deg),local_pdf,official_web_fallback,official_web_fallback,pdf_text,NULL,netcdf_spatial_lookup,59,NULL,NULL,https://cgwb.gov.in
goa,north goa,satari,satari,Buimpal,Buimpal Station,15.53936,74.08822,2025,5,Pre-monsoon,9.42,NULL,Safe,NULL,NULL,NULL,NULL,541.9454956054688,monthly,unmatched,0.0,valid,Pre-monsoon_WL_1994-2025.pdf,NULL,IMD Gridded Rainfall (0.25x0.25 deg),local_pdf,official_web_fallback,official_web_fallback,pdf_text,NULL,netcdf_spatial_lookup,59,NULL,NULL,https://cgwb.gov.in
goa,north goa,satari,satari,Charayode,Charayode Station,15.62783,74.13084,2025,5,Pre-monsoon,6.48,NULL,Safe,NULL,NULL,NULL,NULL,186.90408325195312,monthly,unmatched,0.0,valid,Pre-monsoon_WL_1994-2025.pdf,NULL,IMD Gridded Rainfall (0.25x0.25 deg),local_pdf,official_web_fallback,official_web_fallback,pdf_text,NULL,netcdf_spatial_lookup,59,NULL,NULL,https://cgwb.gov.in
goa,north goa,satari,satari,Dhatwado Vante,Dhatwado Vante Station,15.49613,74.09753,2025,5,Pre-monsoon,7.4,NULL,Safe,NULL,NULL,NULL,NULL,541.9454956054688,monthly,unmatched,0.0,valid,Pre-monsoon_WL_1994-2025.pdf,NULL,IMD Gridded Rainfall (0.25x0.25 deg),local_pdf,official_web_fallback,official_web_fallback,pdf_text,NULL,netcdf_spatial_lookup,59,NULL,NULL,https://cgwb.gov.in
goa,north goa,satari,satari,Honda,Honda Station,15.54722,74.05079,2025,5,Pre-monsoon,2.28,NULL,Safe,NULL,NULL,NULL,NULL,541.9454956054688,monthly,unmatched,0.0,valid,Pre-monsoon_WL_1994-2025.pdf,NULL,IMD Gridded Rainfall (0.25x0.25 deg),local_pdf,official_web_fallback,official_web_fallback,pdf_text,NULL,netcdf_spatial_lookup,59,NULL,NULL,https://cgwb.gov.in
goa,north goa,satari,satari,Khadki(Harijanwada),Khadki(Harijanwada) Station,15.50253,74.13964,2025,5,Pre-monsoon,11.29,NULL,Safe,NULL,NULL,NULL,NULL,446.6599426269531,monthly,unmatched,0.0,valid,Pre-monsoon_WL_1994-2025.pdf,NULL,IMD Gridded Rainfall (0.25x0.25 deg),local_pdf,official_web_fallback,official_web_fallback,pdf_text,NULL,netcdf_spatial_lookup,59,NULL,NULL,https://cgwb.gov.in
goa,north goa,satari,satari,Khotodem,Khotodem Station,15.48277,74.13696,2025,5,Pre-monsoon,5.19,NULL,Safe,NULL,NULL,NULL,NULL,446.6599426269531,monthly,unmatched,0.0,valid,Pre-monsoon_WL_1994-2025.pdf,NULL,IMD Gridded Rainfall (0.25x0.25 deg),local_pdf,official_web_fallback,official_web_fallback,pdf_text,NULL,netcdf_spatial_lookup,59,NULL,NULL,https://cgwb.gov.in
goa,north goa,satari,satari,Morlem,Morlem Station,15.59397,74.04633,2025,5,Pre-monsoon,3.05,NULL,Safe,NULL,NULL,NULL,NULL,541.9454956054688,monthly,unmatched,0.0,valid,Pre-monsoon_WL_1994-2025.pdf,NULL,IMD Gridded Rainfall (0.25x0.25 deg),local_pdf,official_web_fallback,official_web_fallback,pdf_text,NULL,netcdf_spatial_lookup,59,NULL,NULL,https://cgwb.gov.in
goa,north goa,satari,satari,Nagargao,Nagargao Station,15.56158,74.1632,2025,5,Pre-monsoon,7.4,NULL,Safe,NULL,NULL,NULL,NULL,446.6599426269531,monthly,unmatched,0.0,valid,Pre-monsoon_WL_1994-2025.pdf,NULL,IMD Gridded Rainfall (0.25x0.25 deg),local_pdf,official_web_fallback,official_web_fallback,pdf_text,NULL,netcdf_spatial_lookup,60,NULL,NULL,https://cgwb.gov.in
goa,north goa,tiswadi,tiswadi,Gavalebhat Chimbel,Gavalebhat Chimbel Station,15.48944,73.8742,2025,5,Pre-monsoon,5.37,NULL,Safe,NULL,NULL,NULL,NULL,659.099853515625,monthly,unmatched,0.0,valid,Pre-monsoon_WL_1994-2025.pdf,NULL,IMD Gridded Rainfall (0.25x0.25 deg),local_pdf,official_web_fallback,official_web_fallback,pdf_text,NULL,netcdf_spatial_lookup,60,NULL,NULL,https://cgwb.gov.in
goa,north goa,tiswadi,tiswadi,Karanjhalen,Karanjhalen Station,15.459,73.80281,2025,5,Pre-monsoon,0.9,NULL,Safe,NULL,NULL,NULL,NULL,659.099853515625,monthly,unmatched,0.0,valid,Pre-monsoon_WL_1994-2025.pdf,NULL,IMD Gridded Rainfall (0.25x0.25 deg),local_pdf,official_web_fallback,official_web_fallback,pdf_text,NULL,netcdf_spatial_lookup,60,NULL,NULL,https://cgwb.gov.in
goa,north goa,tiswadi,tiswadi,Velha Goa,Velha Goa Station,15.4976,73.91901,2025,5,Pre-monsoon,1.8,NULL,Safe,NULL,NULL,NULL,NULL,541.9454956054688,monthly,unmatched,0.0,valid,Pre-monsoon_WL_1994-2025.pdf,NULL,IMD Gridded Rainfall (0.25x0.25 deg),local_pdf,official_web_fallback,official_web_fallback,pdf_text,NULL,netcdf_spatial_lookup,60,NULL,NULL,https://cgwb.gov.in
goa,south goa,canacona,canacona,Agonda,Agonda Station,15.04152,73.99121,2025,5,Pre-monsoon,5.18,NULL,Safe,NULL,NULL,NULL,NULL,683.64599609375,monthly,unmatched,0.0,valid,Pre-monsoon_WL_1994-2025.pdf,NULL,IMD Gridded Rainfall (0.25x0.25 deg),local_pdf,official_web_fallback,official_web_fallback,pdf_text,NULL,netcdf_spatial_lookup,60,NULL,NULL,https://cgwb.gov.in
goa,south goa,canacona,canacona,Daptamol Lolien,Daptamol Lolien Station,14.94986,74.05528,2025,5,Pre-monsoon,14.9,NULL,Safe,NULL,NULL,NULL,NULL,683.64599609375,monthly,unmatched,0.0,valid,Pre-monsoon_WL_1994-2025.pdf,NULL,IMD Gridded Rainfall (0.25x0.25 deg),local_pdf,official_web_fallback,official_web_fallback,pdf_text,NULL,netcdf_spatial_lookup,60,NULL,NULL,https://cgwb.gov.in
goa,south goa,canacona,canacona,Gulem Velipwada,Gulem Velipwada Station,15.03918,74.02939,2025,5,Pre-monsoon,3.89,NULL,Safe,NULL,NULL,NULL,NULL,683.64599609375,monthly,unmatched,0.0,valid,Pre-monsoon_WL_1994-2025.pdf,NULL,IMD Gridded Rainfall (0.25x0.25 deg),local_pdf,official_web_fallback,official_web_fallback,pdf_text,NULL,netcdf_spatial_lookup,60,NULL,NULL,https://cgwb.gov.in
goa,south goa,canacona,canacona,Hattipal Poinguinem,Hattipal Poinguinem Station,14.98407,74.10869,2025,5,Pre-monsoon,7.61,NULL,Safe,NULL,NULL,NULL,NULL,683.64599609375,monthly,unmatched,0.0,valid,Pre-monsoon_WL_1994-2025.pdf,NULL,IMD Gridded Rainfall (0.25x0.25 deg),local_pdf,official_web_fallback,official_web_fallback,pdf_text,NULL,netcdf_spatial_lookup,60,NULL,NULL,https://cgwb.gov.in
goa,south goa,canacona,canacona,Mashe,Mashe Station,14.96289,74.05465,2025,5,Pre-monsoon,4.5,NULL,Safe,NULL,NULL,NULL,NULL,683.64599609375,monthly,unmatched,0.0,valid,Pre-monsoon_WL_1994-2025.pdf,NULL,IMD Gridded Rainfall (0.25x0.25 deg),local_pdf,official_web_fallback,official_web_fallback,pdf_text,NULL,netcdf_spatial_lookup,60,NULL,NULL,https://cgwb.gov.in
goa,south goa,canacona,canacona,Polem,Polem Station,14.91289,74.08455,2025,5,Pre-monsoon,4.8,NULL,Safe,NULL,NULL,NULL,NULL,683.64599609375,monthly,unmatched,0.0,valid,Pre-monsoon_WL_1994-2025.pdf,NULL,IMD Gridded Rainfall (0.25x0.25 deg),local_pdf,official_web_fallback,official_web_fallback,pdf_text,NULL,netcdf_spatial_lookup,60,NULL,NULL,https://cgwb.gov.in
goa,south goa,canacona,canacona,Shrishtal Gaondongar,Shrishtal Gaondongar Station,15.03725,74.11851,2025,5,Pre-monsoon,5.32,NULL,Safe,NULL,NULL,NULL,NULL,683.64599609375,monthly,unmatched,0.0,valid,Pre-monsoon_WL_1994-2025.pdf,NULL,IMD Gridded Rainfall (0.25x0.25 deg),local_pdf,official_web_fallback,official_web_fallback,pdf_text,NULL,netcdf_spatial_lookup,60,NULL,NULL,https://cgwb.gov.in
goa,south goa,canacona,canacona,Sristal,Sristal Station,14.99245,74.10558,2025,5,Pre-monsoon,12.98,NULL,Safe,NULL,NULL,NULL,NULL,683.64599609375,monthly,unmatched,0.0,valid,Pre-monsoon_WL_1994-2025.pdf,NULL,IMD Gridded Rainfall (0.25x0.25 deg),local_pdf,official_web_fallback,official_web_fallback,pdf_text,NULL,netcdf_spatial_lookup,60,NULL,NULL,https://cgwb.gov.in
goa,south goa,canacona,canacona,Yedda,Yedda Station,14.99802,74.19071,2025,5,Pre-monsoon,4.6,NULL,Safe,NULL,NULL,NULL,NULL,705.6989135742188,monthly,unmatched,0.0,valid,Pre-monsoon_WL_1994-2025.pdf,NULL,IMD Gridded Rainfall (0.25x0.25 deg),local_pdf,official_web_fallback,official_web_fallback,pdf_text,NULL,netcdf_spatial_lookup,60,NULL,NULL,https://cgwb.gov.in
goa,south goa,dharbandora,dharbandora,Bolkharnem,Bolkharnem Station,15.42964,74.19235,2025,5,Pre-monsoon,6.78,NULL,Safe,NULL,NULL,NULL,NULL,446.6599426269531,monthly,unmatched,0.0,valid,Pre-monsoon_WL_1994-2025.pdf,NULL,IMD Gridded Rainfall (0.25x0.25 deg),local_pdf,official_web_fallback,official_web_fallback,pdf_text,NULL,netcdf_spatial_lookup,60,NULL,NULL,https://cgwb.gov.in
goa,south goa,dharbandora,dharbandora,Colem,Colem Station,15.33497,74.24375,2025,5,Pre-monsoon,8.55,NULL,Safe,NULL,NULL,NULL,NULL,592.766845703125,monthly,unmatched,0.0,valid,Pre-monsoon_WL_1994-2025.pdf,NULL,IMD Gridded Rainfall (0.25x0.25 deg),local_pdf,official_web_fallback,official_web_fallback,pdf_text,NULL,netcdf_spatial_lookup,60,NULL,NULL,https://cgwb.gov.in
goa,south goa,dharbandora,dharbandora,Darbandora,Darbandora Station,15.39284,74.12097,2025,5,Pre-monsoon,12.0,NULL,Safe,NULL,NULL,NULL,NULL,541.9454956054688,monthly,unmatched,0.0,valid,Pre-monsoon_WL_1994-2025.pdf,NULL,IMD Gridded Rainfall (0.25x0.25 deg),local_pdf,official_web_fallback,official_web_fallback,pdf_text,NULL,netcdf_spatial_lookup,60,NULL,NULL,https://cgwb.gov.in
goa,south goa,dharbandora,dharbandora,Molem,Molem Station,15.36379,74.17535,2025,5,Pre-monsoon,4.96,NULL,Safe,NULL,NULL,NULL,NULL,592.766845703125,monthly,unmatched,0.0,valid,Pre-monsoon_WL_1994-2025.pdf,NULL,IMD Gridded Rainfall (0.25x0.25 deg),local_pdf,official_web_fallback,official_web_fallback,pdf_text,NULL,netcdf_spatial_lookup,60,NULL,NULL,https://cgwb.gov.in
goa,south goa,mormugao,mormugao,Bagmola,Bagmola Station,15.37006,73.83826,2025,5,Pre-monsoon,3.3,NULL,Safe,NULL,NULL,NULL,NULL,732.6975708007812,monthly,unmatched,0.0,valid,Pre-monsoon_WL_1994-2025.pdf,NULL,IMD Gridded Rainfall (0.25x0.25 deg),local_pdf,official_web_fallback,official_web_fallback,pdf_text,NULL,netcdf_spatial_lookup,60,NULL,NULL,https://cgwb.gov.in
goa,south goa,mormugao,mormugao,Chicalim (Ct),Chicalim (Ct) Station,15.39818,73.83678,2025,5,Pre-monsoon,2.43,NULL,Safe,NULL,NULL,NULL,NULL,659.099853515625,monthly,unmatched,0.0,valid,Pre-monsoon_WL_1994-2025.pdf,NULL,IMD Gridded Rainfall (0.25x0.25 deg),local_pdf,official_web_fallback,official_web_fallback,pdf_text,NULL,netcdf_spatial_lookup,60,NULL,NULL,https://cgwb.gov.in
goa,south goa,ponda,ponda,Borim (Ct),Borim (Ct) Station,15.35417,74.0016,2025,5,Pre-monsoon,1.2,NULL,Safe,NULL,NULL,NULL,NULL,722.9468994140625,monthly,unmatched,0.0,valid,Pre-monsoon_WL_1994-2025.pdf,NULL,IMD Gridded Rainfall (0.25x0.25 deg),local_pdf,official_web_fallback,official_web_fallback,pdf_text,NULL,netcdf_spatial_lookup,60,NULL,NULL,https://cgwb.gov.in
goa,south goa,ponda,ponda,Kapsa,Kapsa Station,15.27344,74.1006,2025,5,Pre-monsoon,2.0,NULL,Safe,NULL,NULL,NULL,NULL,722.9468994140625,monthly,unmatched,0.0,valid,Pre-monsoon_WL_1994-2025.pdf,NULL,IMD Gridded Rainfall (0.25x0.25 deg),local_pdf,official_web_fallback,official_web_fallback,pdf_text,NULL,netcdf_spatial_lookup,60,NULL,NULL,https://cgwb.gov.in
goa,south goa,ponda,ponda,Kundel Dassolwada,Kundel Dassolwada Station,15.45287,73.95255,2025,5,Pre-monsoon,1.78,NULL,Safe,NULL,NULL,NULL,NULL,541.9454956054688,monthly,unmatched,0.0,valid,Pre-monsoon_WL_1994-2025.pdf,NULL,IMD Gridded Rainfall (0.25x0.25 deg),local_pdf,official_web_fallback,official_web_fallback,pdf_text,NULL,netcdf_spatial_lookup,60,NULL,NULL,https://cgwb.gov.in
goa,south goa,ponda,ponda,Shiroda,Shiroda Station,15.32068,74.03503,2025,5,Pre-monsoon,2.65,NULL,Safe,NULL,NULL,NULL,NULL,722.9468994140625,monthly,unmatched,0.0,valid,Pre-monsoon_WL_1994-2025.pdf,NULL,IMD Gridded Rainfall (0.25x0.25 deg),local_pdf,official_web_fallback,official_web_fallback,pdf_text,NULL,netcdf_spatial_lookup,60,NULL,NULL,https://cgwb.gov.in
goa,south goa,quepem,quepem,Ghadiawada,Ghadiawada Station,15.23894,74.11303,2025,5,Pre-monsoon,1.81,NULL,Safe,NULL,NULL,NULL,NULL,722.9468994140625,monthly,unmatched,0.0,valid,Pre-monsoon_WL_1994-2025.pdf,NULL,IMD Gridded Rainfall (0.25x0.25 deg),local_pdf,official_web_fallback,official_web_fallback,pdf_text,NULL,netcdf_spatial_lookup,60,NULL,NULL,https://cgwb.gov.in
goa,south goa,quepem,quepem,Malkarnem,Malkarnem Station,15.18693,74.12549,2025,5,Pre-monsoon,5.78,NULL,Safe,NULL,NULL,NULL,NULL,592.766845703125,monthly,unmatched,0.0,valid,Pre-monsoon_WL_1994-2025.pdf,NULL,IMD Gridded Rainfall (0.25x0.25 deg),local_pdf,official_web_fallback,official_web_fallback,pdf_text,NULL,netcdf_spatial_lookup,60,NULL,NULL,https://cgwb.gov.in
goa,south goa,quepem,quepem,Padi,Padi Station,15.09291,74.03059,2025,5,Pre-monsoon,12.42,NULL,Safe,NULL,NULL,NULL,NULL,683.64599609375,monthly,unmatched,0.0,valid,Pre-monsoon_WL_1994-2025.pdf,NULL,IMD Gridded Rainfall (0.25x0.25 deg),local_pdf,official_web_fallback,official_web_fallback,pdf_text,NULL,netcdf_spatial_lookup,60,NULL,NULL,https://cgwb.gov.in
goa,south goa,quepem,quepem,Quepem,Quepem Station,15.21751,74.08075,2025,5,Pre-monsoon,4.5,NULL,Safe,NULL,NULL,NULL,NULL,722.9468994140625,monthly,unmatched,0.0,valid,Pre-monsoon_WL_1994-2025.pdf,NULL,IMD Gridded Rainfall (0.25x0.25 deg),local_pdf,official_web_fallback,official_web_fallback,pdf_text,NULL,netcdf_spatial_lookup,60,NULL,NULL,https://cgwb.gov.in
goa,south goa,salcete,salcete,Ballynuvhen,Ballynuvhen Station,15.31651,73.94541,2025,5,Pre-monsoon,6.08,NULL,Safe,NULL,NULL,NULL,NULL,722.9468994140625,monthly,unmatched,0.0,valid,Pre-monsoon_WL_1994-2025.pdf,NULL,IMD Gridded Rainfall (0.25x0.25 deg),local_pdf,official_web_fallback,official_web_fallback,pdf_text,NULL,netcdf_spatial_lookup,60,NULL,NULL,https://cgwb.gov.in
goa,south goa,salcete,salcete,Betalbhatti,Betalbhatti Station,15.30071,73.92006,2025,5,Pre-monsoon,6.22,NULL,Safe,NULL,NULL,NULL,NULL,722.9468994140625,monthly,unmatched,0.0,valid,Pre-monsoon_WL_1994-2025.pdf,NULL,IMD Gridded Rainfall (0.25x0.25 deg),local_pdf,official_web_fallback,official_web_fallback,pdf_text,NULL,netcdf_spatial_lookup,60,NULL,NULL,https://cgwb.gov.in
goa,south goa,salcete,salcete,Cuncolim,Cuncolim Station,15.18013,74.00005,2025,5,Pre-monsoon,1.6,NULL,Safe,NULL,NULL,NULL,NULL,722.9468994140625,monthly,unmatched,0.0,valid,Pre-monsoon_WL_1994-2025.pdf,NULL,IMD Gridded Rainfall (0.25x0.25 deg),local_pdf,official_web_fallback,official_web_fallback,pdf_text,NULL,netcdf_spatial_lookup,60,NULL,NULL,https://cgwb.gov.in
goa,south goa,salcete,salcete,Kaveslium,Kaveslium Station,15.18555,73.94721,2025,5,Pre-monsoon,3.0,NULL,Safe,NULL,NULL,NULL,NULL,722.9468994140625,monthly,unmatched,0.0,valid,Pre-monsoon_WL_1994-2025.pdf,NULL,IMD Gridded Rainfall (0.25x0.25 deg),local_pdf,official_web_fallback,official_web_fallback,pdf_text,NULL,netcdf_spatial_lookup,60,NULL,NULL,https://cgwb.gov.in
goa,south goa,salcete,salcete,Majorda Bpada Curilo,Majorda Bpada Curilo Station,15.32117,73.91711,2025,5,Pre-monsoon,5.28,NULL,Safe,NULL,NULL,NULL,NULL,722.9468994140625,monthly,unmatched,0.0,valid,Pre-monsoon_WL_1994-2025.pdf,NULL,IMD Gridded Rainfall (0.25x0.25 deg),local_pdf,official_web_fallback,official_web_fallback,pdf_text,NULL,netcdf_spatial_lookup,60,NULL,NULL,https://cgwb.gov.in
goa,south goa,salcete,salcete,Panchwadi,Panchwadi Station,15.2836,74.09517,2025,5,Pre-monsoon,5.85,NULL,Safe,NULL,NULL,NULL,NULL,722.9468994140625,monthly,unmatched,0.0,valid,Pre-monsoon_WL_1994-2025.pdf,NULL,IMD Gridded Rainfall (0.25x0.25 deg),local_pdf,official_web_fallback,official_web_fallback,pdf_text,NULL,netcdf_spatial_lookup,60,NULL,NULL,https://cgwb.gov.in
goa,south goa,sanguem,sanguem,Bati,Bati Station,15.13176,74.22646,2025,5,Pre-monsoon,5.49,NULL,Safe,NULL,NULL,NULL,NULL,592.766845703125,monthly,unmatched,0.0,valid,Pre-monsoon_WL_1994-2025.pdf,NULL,IMD Gridded Rainfall (0.25x0.25 deg),local_pdf,official_web_fallback,official_web_fallback,pdf_text,NULL,netcdf_spatial_lookup,60,NULL,NULL,https://cgwb.gov.in
goa,south goa,sanguem,sanguem,Deulwada Kolamba,Deulwada Kolamba Station,15.15021,74.13099,2025,5,Pre-monsoon,3.41,NULL,Safe,NULL,NULL,NULL,NULL,592.766845703125,monthly,unmatched,0.0,valid,Pre-monsoon_WL_1994-2025.pdf,NULL,IMD Gridded Rainfall (0.25x0.25 deg),local_pdf,official_web_fallback,official_web_fallback,pdf_text,NULL,netcdf_spatial_lookup,60,NULL,NULL,https://cgwb.gov.in
goa,south goa,sanguem,sanguem,Guddemal,Guddemal Station,15.28545,74.12968,2025,5,Pre-monsoon,11.37,NULL,Safe,NULL,NULL,NULL,NULL,592.766845703125,monthly,unmatched,0.0,valid,Pre-monsoon_WL_1994-2025.pdf,NULL,IMD Gridded Rainfall (0.25x0.25 deg),local_pdf,official_web_fallback,official_web_fallback,pdf_text,NULL,netcdf_spatial_lookup,60,NULL,NULL,https://cgwb.gov.in
goa,south goa,sanguem,sanguem,Jambavli,Jambavli Station,15.18658,74.09529,2025,5,Pre-monsoon,8.6,NULL,Safe,NULL,NULL,NULL,NULL,722.9468994140625,monthly,unmatched,0.0,valid,Pre-monsoon_WL_1994-2025.pdf,NULL,IMD Gridded Rainfall (0.25x0.25 deg),local_pdf,official_web_fallback,official_web_fallback,pdf_text,NULL,netcdf_spatial_lookup,60,NULL,NULL,https://cgwb.gov.in
goa,south goa,sanguem,sanguem,Kalay,Kalay Station,15.2885,74.18007,2025,5,Pre-monsoon,11.55,NULL,Safe,NULL,NULL,NULL,NULL,592.766845703125,monthly,unmatched,0.0,valid,Pre-monsoon_WL_1994-2025.pdf,NULL,IMD Gridded Rainfall (0.25x0.25 deg),local_pdf,official_web_fallback,official_web_fallback,pdf_text,NULL,netcdf_spatial_lookup,60,NULL,NULL,https://cgwb.gov.in
goa,south goa,sanguem,sanguem,Neturlim,Neturlim Station,15.09065,74.21671,2025,5,Pre-monsoon,3.04,NULL,Safe,NULL,NULL,NULL,NULL,705.6989135742188,monthly,unmatched,0.0,valid,Pre-monsoon_WL_1994-2025.pdf,NULL,IMD Gridded Rainfall (0.25x0.25 deg),local_pdf,official_web_fallback,official_web_fallback,pdf_text,NULL,netcdf_spatial_lookup,60,NULL,NULL,https://cgwb.gov.in
goa,south goa,sanguem,sanguem,Rivona,Rivona Station,15.16415,74.1067,2025,5,Pre-monsoon,8.49,NULL,Safe,NULL,NULL,NULL,NULL,722.9468994140625,monthly,unmatched,0.0,valid,Pre-monsoon_WL_1994-2025.pdf,NULL,IMD Gridded Rainfall (0.25x0.25 deg),local_pdf,official_web_fallback,official_web_fallback,pdf_text,NULL,netcdf_spatial_lookup,60,NULL,NULL,https://cgwb.gov.in
goa,south goa,sanguem,sanguem,Themchewada,Themchewada Station,15.21958,74.15752,2025,5,Pre-monsoon,8.59,NULL,Safe,NULL,NULL,NULL,NULL,592.766845703125,monthly,unmatched,0.0,valid,Pre-monsoon_WL_1994-2025.pdf,NULL,IMD Gridded Rainfall (0.25x0.25 deg),local_pdf,official_web_fallback,official_web_fallback,pdf_text,NULL,netcdf_spatial_lookup,60,NULL,NULL,https://cgwb.gov.in
goa,south goa,sanguem,sanguem,Vadam,Vadam Station,15.13063,74.20753,2025,5,Pre-monsoon,4.44,NULL,Safe,NULL,NULL,NULL,NULL,592.766845703125,monthly,unmatched,0.0,valid,Pre-monsoon_WL_1994-2025.pdf,NULL,IMD Gridded Rainfall (0.25x0.25 deg),local_pdf,official_web_fallback,official_web_fallback,pdf_text,NULL,netcdf_spatial_lookup,60,NULL,NULL,https://cgwb.gov.in
goa,south goa,sanguem,sanguem,Vichundrem,Vichundrem Station,15.10364,74.20318,2025,5,Pre-monsoon,8.0,NULL,Safe,NULL,NULL,NULL,NULL,705.6989135742188,monthly,unmatched,0.0,valid,Pre-monsoon_WL_1994-2025.pdf,NULL,IMD Gridded Rainfall (0.25x0.25 deg),local_pdf,official_web_fallback,official_web_fallback,pdf_text,NULL,netcdf_spatial_lookup,60,NULL,NULL,https://cgwb.gov.in
goa,north goa,bardez,bardez,Alto Betim Porvorim,Alto Betim Porvorim Station,15.52605,73.82982,2024,5,Pre-monsoon,9.6,NULL,Safe,NULL,NULL,NULL,NULL,NULL,NULL,unmatched,0.0,valid,Pre-monsoon_WL_1994-2025.pdf,NULL,NULL,local_pdf,official_web_fallback,official_web_fallback,pdf_text,NULL,NULL,399,NULL,NULL,https://cgwb.gov.in
goa,north goa,bardez,bardez,Amberem,Amberem Station,15.74045,73.82449,2024,5,Pre-monsoon,7.5,NULL,Safe,NULL,NULL,NULL,NULL,NULL,NULL,unmatched,0.0,valid,Pre-monsoon_WL_1994-2025.pdf,NULL,NULL,local_pdf,official_web_fallback,official_web_fallback,pdf_text,NULL,NULL,399,NULL,NULL,https://cgwb.gov.in
goa,north goa,bardez,bardez,Anjuna (Ct),Anjuna (Ct) Station,15.5842,73.73828,2024,5,Pre-monsoon,13.9,NULL,Safe,NULL,NULL,NULL,NULL,NULL,NULL,unmatched,0.0,valid,Pre-monsoon_WL_1994-2025.pdf,NULL,NULL,local_pdf,official_web_fallback,official_web_fallback,pdf_text,NULL,NULL,399,NULL,NULL,https://cgwb.gov.in
goa,north goa,bardez,bardez,Bastora,Bastora Station,15.51596,73.83858,2024,5,Pre-monsoon,2.0,NULL,Safe,NULL,NULL,NULL,NULL,NULL,NULL,unmatched,0.0,valid,Pre-monsoon_WL_1994-2025.pdf,NULL,NULL,local_pdf,official_web_fallback,official_web_fallback,pdf_text,NULL,NULL,399,NULL,NULL,https://cgwb.gov.in
goa,north goa,bardez,bardez,Calangute (Ct),Calangute (Ct) Station,15.54612,73.75861,2024,5,Pre-monsoon,8.6,NULL,Safe,NULL,NULL,NULL,NULL,NULL,NULL,unmatched,0.0,valid,Pre-monsoon_WL_1994-2025.pdf,NULL,NULL,local_pdf,official_web_fallback,official_web_fallback,pdf_text,NULL,NULL,399,NULL,NULL,https://cgwb.gov.in
goa,north goa,bardez,bardez,Colvale (Ct),Colvale (Ct) Station,15.64402,73.83727,2024,5,Pre-monsoon,13.5,NULL,Safe,NULL,NULL,NULL,NULL,NULL,NULL,unmatched,0.0,valid,Pre-monsoon_WL_1994-2025.pdf,NULL,NULL,local_pdf,official_web_fallback,official_web_fallback,pdf_text,NULL,NULL,399,NULL,NULL,https://cgwb.gov.in
goa,north goa,bardez,bardez,Mapuca,Mapuca Station,15.61013,73.82434,2024,5,Pre-monsoon,3.6,NULL,Safe,NULL,NULL,NULL,NULL,NULL,NULL,unmatched,0.0,valid,Pre-monsoon_WL_1994-2025.pdf,NULL,NULL,local_pdf,official_web_fallback,official_web_fallback,pdf_text,NULL,NULL,399,NULL,NULL,https://cgwb.gov.in
goa,north goa,bardez,bardez,Olaulim,Olaulim Station,15.56958,73.86345,2024,5,Pre-monsoon,6.7,NULL,Safe,NULL,NULL,NULL,NULL,NULL,NULL,unmatched,0.0,valid,Pre-monsoon_WL_1994-2025.pdf,NULL,NULL,local_pdf,official_web_fallback,official_web_fallback,pdf_text,NULL,NULL,399,NULL,NULL,https://cgwb.gov.in
goa,north goa,bardez,bardez,Parra,Parra Station,15.57282,73.79279,2024,5,Pre-monsoon,1.8,NULL,Safe,NULL,NULL,NULL,NULL,NULL,NULL,unmatched,0.0,valid,Pre-monsoon_WL_1994-2025.pdf,NULL,NULL,local_pdf,official_web_fallback,official_web_fallback,pdf_text,NULL,NULL,399,NULL,NULL,https://cgwb.gov.in
goa,north goa,bardez,bardez,Pirna,Pirna Station,15.66884,73.8818,2024,5,Pre-monsoon,4.0,NULL,Safe,NULL,NULL,NULL,NULL,NULL,NULL,unmatched,0.0,valid,Pre-monsoon_WL_1994-2025.pdf,NULL,NULL,local_pdf,official_web_fallback,official_web_fallback,pdf_text,NULL,NULL,399,NULL,NULL,https://cgwb.gov.in
goa,north goa,bardez,bardez,Pomburpa,Pomburpa Station,15.55926,73.86761,2024,5,Pre-monsoon,3.3,NULL,Safe,NULL,NULL,NULL,NULL,NULL,NULL,unmatched,0.0,valid,Pre-monsoon_WL_1994-2025.pdf,NULL,NULL,local_pdf,official_web_fallback,official_web_fallback,pdf_text,NULL,NULL,399,NULL,NULL,https://cgwb.gov.in
goa,north goa,bardez,bardez,Salvador-Do-Mundo (Ct),Salvador-Do-Mundo (Ct) Station,15.5376,73.86869,2024,5,Pre-monsoon,3.2,NULL,Safe,NULL,NULL,NULL,NULL,NULL,NULL,unmatched,0.0,valid,Pre-monsoon_WL_1994-2025.pdf,NULL,NULL,local_pdf,official_web_fallback,official_web_fallback,pdf_text,NULL,NULL,400,NULL,NULL,https://cgwb.gov.in
goa,north goa,bardez,bardez,Shivoli Brahmanwada,Shivoli Brahmanwada Station,15.62358,73.76681,2024,5,Pre-monsoon,3.3,NULL,Safe,NULL,NULL,NULL,NULL,NULL,NULL,unmatched,0.0,valid,Pre-monsoon_WL_1994-2025.pdf,NULL,NULL,local_pdf,official_web_fallback,official_web_fallback,pdf_text,NULL,NULL,400,NULL,NULL,https://cgwb.gov.in
goa,north goa,bardez,bardez,Sircaim,Sircaim Station,15.62689,73.87588,2024,5,Pre-monsoon,3.5,NULL,Safe,NULL,NULL,NULL,NULL,NULL,NULL,unmatched,0.0,valid,Pre-monsoon_WL_1994-2025.pdf,NULL,NULL,local_pdf,official_web_fallback,official_web_fallback,pdf_text,NULL,NULL,400,NULL,NULL,https://cgwb.gov.in
goa,north goa,bicholim,bicholim,Adwalpale,Adwalpale Station,15.63986,73.89602,2024,5,Pre-monsoon,5.8,NULL,Safe,NULL,NULL,NULL,NULL,NULL,NULL,unmatched,0.0,valid,Pre-monsoon_WL_1994-2025.pdf,NULL,NULL,local_pdf,official_web_fallback,official_web_fallback,pdf_text,NULL,NULL,400,NULL,NULL,https://cgwb.gov.in
goa,north goa,bicholim,bicholim,Devulawada Narve,Devulawada Narve Station,15.55205,73.92413,2024,5,Pre-monsoon,15.3,NULL,Safe,NULL,NULL,NULL,NULL,NULL,NULL,unmatched,0.0,valid,Pre-monsoon_WL_1994-2025.pdf,NULL,NULL,local_pdf,official_web_fallback,official_web_fallback,pdf_text,NULL,NULL,400,NULL,NULL,https://cgwb.gov.in
goa,north goa,bicholim,bicholim,Jambhul Batt,Jambhul Batt Station,15.58041,73.92604,2024,5,Pre-monsoon,3.3,NULL,Safe,NULL,NULL,NULL,NULL,NULL,NULL,unmatched,0.0,valid,Pre-monsoon_WL_1994-2025.pdf,NULL,NULL,local_pdf,official_web_fallback,official_web_fallback,pdf_text,NULL,NULL,400,NULL,NULL,https://cgwb.gov.in
goa,north goa,bicholim,bicholim,Mulgao,Mulgao Station,15.61711,73.92075,2024,5,Pre-monsoon,2.7,NULL,Safe,NULL,NULL,NULL,NULL,NULL,NULL,unmatched,0.0,valid,Pre-monsoon_WL_1994-2025.pdf,NULL,NULL,local_pdf,official_web_fallback,official_web_fallback,pdf_text,NULL,NULL,400,NULL,NULL,https://cgwb.gov.in
goa,north goa,bicholim,bicholim,Salem,Salem Station,15.68771,73.92681,2024,5,Pre-monsoon,2.9,NULL,Safe,NULL,NULL,NULL,NULL,NULL,NULL,unmatched,0.0,valid,Pre-monsoon_WL_1994-2025.pdf,NULL,NULL,local_pdf,official_web_fallback,official_web_fallback,pdf_text,NULL,NULL,400,NULL,NULL,https://cgwb.gov.in
goa,north goa,pernem,pernem,Corgao,Corgao Station,15.70939,73.75176,2024,5,Pre-monsoon,5.4,NULL,Safe,NULL,NULL,NULL,NULL,NULL,NULL,unmatched,0.0,valid,Pre-monsoon_WL_1994-2025.pdf,NULL,NULL,local_pdf,official_web_fallback,official_web_fallback,pdf_text,NULL,NULL,400,NULL,NULL,https://cgwb.gov.in
goa,north goa,pernem,pernem,Hasaravanni Vaipal,Hasaravanni Vaipal Station,15.73251,73.89959,2024,5,Pre-monsoon,2.1,NULL,Safe,NULL,NULL,NULL,NULL,NULL,NULL,unmatched,0.0,valid,Pre-monsoon_WL_1994-2025.pdf,NULL,NULL,local_pdf,official_web_fallback,official_web_fallback,pdf_text,NULL,NULL,400,NULL,NULL,https://cgwb.gov.in
goa,north goa,pernem,pernem,Haspur,Haspur Station,15.73698,73.90359,2024,5,Pre-monsoon,5.4,NULL,Safe,NULL,NULL,NULL,NULL,NULL,NULL,unmatched,0.0,valid,Pre-monsoon_WL_1994-2025.pdf,NULL,NULL,local_pdf,official_web_fallback,official_web_fallback,pdf_text,NULL,NULL,400,NULL,NULL,https://cgwb.gov.in
goa,north goa,pernem,pernem,Morji,Morji Station,15.63598,73.73963,2024,5,Pre-monsoon,2.1,NULL,Safe,NULL,NULL,NULL,NULL,NULL,NULL,unmatched,0.0,valid,Pre-monsoon_WL_1994-2025.pdf,NULL,NULL,local_pdf,official_web_fallback,official_web_fallback,pdf_text,NULL,NULL,400,NULL,NULL,https://cgwb.gov.in
goa,north goa,pernem,pernem,Nagjhar,Nagjhar Station,15.70843,73.85289,2024,5,Pre-monsoon,7.6,NULL,Safe,NULL,NULL,NULL,NULL,NULL,NULL,unmatched,0.0,valid,Pre-monsoon_WL_1994-2025.pdf,NULL,NULL,local_pdf,official_web_fallback,official_web_fallback,pdf_text,NULL,NULL,400,NULL,NULL,https://cgwb.gov.in
goa,north goa,pernem,pernem,Pernem,Pernem Station,15.7176,73.79806,2024,5,Pre-monsoon,4.6,NULL,Safe,NULL,NULL,NULL,NULL,NULL,NULL,unmatched,0.0,valid,Pre-monsoon_WL_1994-2025.pdf,NULL,NULL,local_pdf,official_web_fallback,official_web_fallback,pdf_text,NULL,NULL,400,NULL,NULL,https://cgwb.gov.in
goa,north goa,pernem,pernem,Sawanthawada,Sawanthawada Station,15.68082,73.75108,2024,5,Pre-monsoon,4.0,NULL,Safe,NULL,NULL,NULL,NULL,NULL,NULL,unmatched,0.0,valid,Pre-monsoon_WL_1994-2025.pdf,NULL,NULL,local_pdf,official_web_fallback,official_web_fallback,pdf_text,NULL,NULL,400,NULL,NULL,https://cgwb.gov.in
goa,north goa,pernem,pernem,Varconda,Varconda Station,15.75465,73.83533,2024,5,Pre-monsoon,3.5,NULL,Safe,NULL,NULL,NULL,NULL,NULL,NULL,unmatched,0.0,valid,Pre-monsoon_WL_1994-2025.pdf,NULL,NULL,local_pdf,official_web_fallback,official_web_fallback,pdf_text,NULL,NULL,400,NULL,NULL,https://cgwb.gov.in
goa,north goa,satari,satari,Bayalwadikeri,Bayalwadikeri Station,15.61128,74.067,2024,5,Pre-monsoon,2.0,NULL,Safe,NULL,NULL,NULL,NULL,NULL,NULL,unmatched,0.0,valid,Pre-monsoon_WL_1994-2025.pdf,NULL,NULL,local_pdf,official_web_fallback,official_web_fallback,pdf_text,NULL,NULL,400,NULL,NULL,https://cgwb.gov.in
goa,north goa,satari,satari,Bhamber Nanoda Cross,Bhamber Nanoda Cross Station,15.58778,74.19123,2024,5,Pre-monsoon,4.9,NULL,Safe,NULL,NULL,NULL,NULL,NULL,NULL,unmatched,0.0,valid,Pre-monsoon_WL_1994-2025.pdf,NULL,NULL,local_pdf,official_web_fallback,official_web_fallback,pdf_text,NULL,NULL,400,NULL,NULL,https://cgwb.gov.in
goa,north goa,satari,satari,Buimpal,Buimpal Station,15.53936,74.08822,2024,5,Pre-monsoon,6.1,NULL,Safe,NULL,NULL,NULL,NULL,NULL,NULL,unmatched,0.0,valid,Pre-monsoon_WL_1994-2025.pdf,NULL,NULL,local_pdf,official_web_fallback,official_web_fallback,pdf_text,NULL,NULL,400,NULL,NULL,https://cgwb.gov.in
goa,north goa,satari,satari,Charayode,Charayode Station,15.62783,74.13084,2024,5,Pre-monsoon,5.9,NULL,Safe,NULL,NULL,NULL,NULL,NULL,NULL,unmatched,0.0,valid,Pre-monsoon_WL_1994-2025.pdf,NULL,NULL,local_pdf,official_web_fallback,official_web_fallback,pdf_text,NULL,NULL,400,NULL,NULL,https://cgwb.gov.in
goa,north goa,satari,satari,Dhatwado Vante,Dhatwado Vante Station,15.49613,74.09753,2024,5,Pre-monsoon,7.9,NULL,Safe,NULL,NULL,NULL,NULL,NULL,NULL,unmatched,0.0,valid,Pre-monsoon_WL_1994-2025.pdf,NULL,NULL,local_pdf,official_web_fallback,official_web_fallback,pdf_text,NULL,NULL,400,NULL,NULL,https://cgwb.gov.in
goa,north goa,satari,satari,Honda,Honda Station,15.54722,74.05079,2024,5,Pre-monsoon,4.1,NULL,Safe,NULL,NULL,NULL,NULL,NULL,NULL,unmatched,0.0,valid,Pre-monsoon_WL_1994-2025.pdf,NULL,NULL,local_pdf,official_web_fallback,official_web_fallback,pdf_text,NULL,NULL,400,NULL,NULL,https://cgwb.gov.in
goa,north goa,satari,satari,Khadki(Harijanwada),Khadki(Harijanwada) Station,15.50253,74.13964,2024,5,Pre-monsoon,9.2,NULL,Safe,NULL,NULL,NULL,NULL,NULL,NULL,unmatched,0.0,valid,Pre-monsoon_WL_1994-2025.pdf,NULL,NULL,local_pdf,official_web_fallback,official_web_fallback,pdf_text,NULL,NULL,400,NULL,NULL,https://cgwb.gov.in
goa,north goa,satari,satari,Khotodem,Khotodem Station,15.48277,74.13695,2024,5,Pre-monsoon,6.0,NULL,Safe,NULL,NULL,NULL,NULL,NULL,NULL,unmatched,0.0,valid,Pre-monsoon_WL_1994-2025.pdf,NULL,NULL,local_pdf,official_web_fallback,official_web_fallback,pdf_text,NULL,NULL,400,NULL,NULL,https://cgwb.gov.in
goa,north goa,satari,satari,Morlem,Morlem Station,15.59397,74.04632,2024,5,Pre-monsoon,3.6,NULL,Safe,NULL,NULL,NULL,NULL,NULL,NULL,unmatched,0.0,valid,Pre-monsoon_WL_1994-2025.pdf,NULL,NULL,local_pdf,official_web_fallback,official_web_fallback,pdf_text,NULL,NULL,400,NULL,NULL,https://cgwb.gov.in
goa,north goa,satari,satari,Nagargao,Nagargao Station,15.56158,74.1632,2024,5,Pre-monsoon,7.0,NULL,Safe,NULL,NULL,NULL,NULL,NULL,NULL,unmatched,0.0,valid,Pre-monsoon_WL_1994-2025.pdf,NULL,NULL,local_pdf,official_web_fallback,official_web_fallback,pdf_text,NULL,NULL,400,NULL,NULL,https://cgwb.gov.in
goa,north goa,satari,satari,Valpoi,Valpoi Station,15.53301,74.13723,2024,5,Pre-monsoon,5.6,NULL,Safe,NULL,NULL,NULL,NULL,NULL,NULL,unmatched,0.0,valid,Pre-monsoon_WL_1994-2025.pdf,NULL,NULL,local_pdf,official_web_fallback,official_web_fallback,pdf_text,NULL,NULL,400,NULL,NULL,https://cgwb.gov.in
goa,north goa,tiswadi,tiswadi,Gavalebhat Chimbel,Gavalebhat Chimbel Station,15.48944,73.8742,2024,5,Pre-monsoon,5.4,NULL,Safe,NULL,NULL,NULL,NULL,NULL,NULL,unmatched,0.0,valid,Pre-monsoon_WL_1994-2025.pdf,NULL,NULL,local_pdf,official_web_fallback,official_web_fallback,pdf_text,NULL,NULL,400,NULL,NULL,https://cgwb.gov.in
goa,north goa,tiswadi,tiswadi,Karanjhalen,Karanjhalen Station,15.459,73.80281,2024,5,Pre-monsoon,2.1,NULL,Safe,NULL,NULL,NULL,NULL,NULL,NULL,unmatched,0.0,valid,Pre-monsoon_WL_1994-2025.pdf,NULL,NULL,local_pdf,official_web_fallback,official_web_fallback,pdf_text,NULL,NULL,400,NULL,NULL,https://cgwb.gov.in
goa,north goa,tiswadi,tiswadi,Velha Goa,Velha Goa Station,15.4976,73.91901,2024,5,Pre-monsoon,1.4,NULL,Safe,NULL,NULL,NULL,NULL,NULL,NULL,unmatched,0.0,valid,Pre-monsoon_WL_1994-2025.pdf,NULL,NULL,local_pdf,official_web_fallback,official_web_fallback,pdf_text,NULL,NULL,400,NULL,NULL,https://cgwb.gov.in
goa,south goa,canacona,canacona,Agonda,Agonda Station,15.04152,73.99121,2024,5,Pre-monsoon,4.1,NULL,Safe,NULL,NULL,NULL,NULL,NULL,NULL,unmatched,0.0,valid,Pre-monsoon_WL_1994-2025.pdf,NULL,NULL,local_pdf,official_web_fallback,official_web_fallback,pdf_text,NULL,NULL,400,NULL,NULL,https://cgwb.gov.in
goa,south goa,canacona,canacona,Canacona,Canacona Station,15.00716,74.05233,2024,5,Pre-monsoon,4.4,NULL,Safe,NULL,NULL,NULL,NULL,NULL,NULL,unmatched,0.0,valid,Pre-monsoon_WL_1994-2025.pdf,NULL,NULL,local_pdf,official_web_fallback,official_web_fallback,pdf_text,NULL,NULL,400,NULL,NULL,https://cgwb.gov.in
goa,south goa,canacona,canacona,Daptamol Lolien,Daptamol Lolien Station,14.94986,74.05528,2024,5,Pre-monsoon,15.1,NULL,Safe,NULL,NULL,NULL,NULL,NULL,NULL,unmatched,0.0,valid,Pre-monsoon_WL_1994-2025.pdf,NULL,NULL,local_pdf,official_web_fallback,official_web_fallback,pdf_text,NULL,NULL,400,NULL,NULL,https://cgwb.gov.in
goa,south goa,canacona,canacona,Gulem Velipwada,Gulem Velipwada Station,15.03918,74.02939,2024,5,Pre-monsoon,4.0,NULL,Safe,NULL,NULL,NULL,NULL,NULL,NULL,unmatched,0.0,valid,Pre-monsoon_WL_1994-2025.pdf,NULL,NULL,local_pdf,official_web_fallback,official_web_fallback,pdf_text,NULL,NULL,400,NULL,NULL,https://cgwb.gov.in
goa,south goa,canacona,canacona,Hattipal Poinguinem,Hattipal Poinguinem Station,14.98407,74.10869,2024,5,Pre-monsoon,8.1,NULL,Safe,NULL,NULL,NULL,NULL,NULL,NULL,unmatched,0.0,valid,Pre-monsoon_WL_1994-2025.pdf,NULL,NULL,local_pdf,official_web_fallback,official_web_fallback,pdf_text,NULL,NULL,400,NULL,NULL,https://cgwb.gov.in
goa,south goa,canacona,canacona,Mashe,Mashe Station,14.96289,74.05465,2024,5,Pre-monsoon,4.5,NULL,Safe,NULL,NULL,NULL,NULL,NULL,NULL,unmatched,0.0,valid,Pre-monsoon_WL_1994-2025.pdf,NULL,NULL,local_pdf,official_web_fallback,official_web_fallback,pdf_text,NULL,NULL,400,NULL,NULL,https://cgwb.gov.in
goa,south goa,canacona,canacona,Polem,Polem Station,14.91289,74.08455,2024,5,Pre-monsoon,4.2,NULL,Safe,NULL,NULL,NULL,NULL,NULL,NULL,unmatched,0.0,valid,Pre-monsoon_WL_1994-2025.pdf,NULL,NULL,local_pdf,official_web_fallback,official_web_fallback,pdf_text,NULL,NULL,400,NULL,NULL,https://cgwb.gov.in
goa,south goa,canacona,canacona,Shrishtal Gaondongar,Shrishtal Gaondongar Station,15.03725,74.11851,2024,5,Pre-monsoon,7.4,NULL,Safe,NULL,NULL,NULL,NULL,NULL,NULL,unmatched,0.0,valid,Pre-monsoon_WL_1994-2025.pdf,NULL,NULL,local_pdf,official_web_fallback,official_web_fallback,pdf_text,NULL,NULL,400,NULL,NULL,https://cgwb.gov.in
goa,south goa,canacona,canacona,Sristal,Sristal Station,14.99245,74.10557,2024,5,Pre-monsoon,11.4,NULL,Safe,NULL,NULL,NULL,NULL,NULL,NULL,unmatched,0.0,valid,Pre-monsoon_WL_1994-2025.pdf,NULL,NULL,local_pdf,official_web_fallback,official_web_fallback,pdf_text,NULL,NULL,401,NULL,NULL,https://cgwb.gov.in
goa,south goa,canacona,canacona,Yedda,Yedda Station,14.99803,74.19071,2024,5,Pre-monsoon,5.0,NULL,Safe,NULL,NULL,NULL,NULL,NULL,NULL,unmatched,0.0,valid,Pre-monsoon_WL_1994-2025.pdf,NULL,NULL,local_pdf,official_web_fallback,official_web_fallback,pdf_text,NULL,NULL,401,NULL,NULL,https://cgwb.gov.in
goa,south goa,dharbandora,dharbandora,Bolkharnem,Bolkharnem Station,15.42964,74.19235,2024,5,Pre-monsoon,7.2,NULL,Safe,NULL,NULL,NULL,NULL,NULL,NULL,unmatched,0.0,valid,Pre-monsoon_WL_1994-2025.pdf,NULL,NULL,local_pdf,official_web_fallback,official_web_fallback,pdf_text,NULL,NULL,401,NULL,NULL,https://cgwb.gov.in
goa,south goa,dharbandora,dharbandora,Colem,Colem Station,15.33497,74.24375,2024,5,Pre-monsoon,8.5,NULL,Safe,NULL,NULL,NULL,NULL,NULL,NULL,unmatched,0.0,valid,Pre-monsoon_WL_1994-2025.pdf,NULL,NULL,local_pdf,official_web_fallback,official_web_fallback,pdf_text,NULL,NULL,401,NULL,NULL,https://cgwb.gov.in
goa,south goa,dharbandora,dharbandora,Darbandora,Darbandora Station,15.39284,74.12097,2024,5,Pre-monsoon,11.5,NULL,Safe,NULL,NULL,NULL,NULL,NULL,NULL,unmatched,0.0,valid,Pre-monsoon_WL_1994-2025.pdf,NULL,NULL,local_pdf,official_web_fallback,official_web_fallback,pdf_text,NULL,NULL,401,NULL,NULL,https://cgwb.gov.in
goa,south goa,dharbandora,dharbandora,Molem,Molem Station,15.36379,74.17534,2024,5,Pre-monsoon,5.8,NULL,Safe,NULL,NULL,NULL,NULL,NULL,NULL,unmatched,0.0,valid,Pre-monsoon_WL_1994-2025.pdf,NULL,NULL,local_pdf,official_web_fallback,official_web_fallback,pdf_text,NULL,NULL,401,NULL,NULL,https://cgwb.gov.in
goa,south goa,mormugao,mormugao,Bagmola,Bagmola Station,15.37006,73.83826,2024,5,Pre-monsoon,2.8,NULL,Safe,NULL,NULL,NULL,NULL,NULL,NULL,unmatched,0.0,valid,Pre-monsoon_WL_1994-2025.pdf,NULL,NULL,local_pdf,official_web_fallback,official_web_fallback,pdf_text,NULL,NULL,401,NULL,NULL,https://cgwb.gov.in
goa,south goa,mormugao,mormugao,Chicalim (Ct),Chicalim (Ct) Station,15.39818,73.83679,2024,5,Pre-monsoon,0.9,NULL,Safe,NULL,NULL,NULL,NULL,NULL,NULL,unmatched,0.0,valid,Pre-monsoon_WL_1994-2025.pdf,NULL,NULL,local_pdf,official_web_fallback,official_web_fallback,pdf_text,NULL,NULL,401,NULL,NULL,https://cgwb.gov.in
goa,south goa,ponda,ponda,Borim (Ct),Borim (Ct) Station,15.35417,74.0016,2024,5,Pre-monsoon,2.2,NULL,Safe,NULL,NULL,NULL,NULL,NULL,NULL,unmatched,0.0,valid,Pre-monsoon_WL_1994-2025.pdf,NULL,NULL,local_pdf,official_web_fallback,official_web_fallback,pdf_text,NULL,NULL,401,NULL,NULL,https://cgwb.gov.in
goa,south goa,ponda,ponda,Kapsa,Kapsa Station,15.27344,74.1006,2024,5,Pre-monsoon,6.2,NULL,Safe,NULL,NULL,NULL,NULL,NULL,NULL,unmatched,0.0,valid,Pre-monsoon_WL_1994-2025.pdf,NULL,NULL,local_pdf,official_web_fallback,official_web_fallback,pdf_text,NULL,NULL,401,NULL,NULL,https://cgwb.gov.in
goa,south goa,ponda,ponda,Kundel Dassolwada,Kundel Dassolwada Station,15.45287,73.95255,2024,5,Pre-monsoon,1.6,NULL,Safe,NULL,NULL,NULL,NULL,NULL,NULL,unmatched,0.0,valid,Pre-monsoon_WL_1994-2025.pdf,NULL,NULL,local_pdf,official_web_fallback,official_web_fallback,pdf_text,NULL,NULL,401,NULL,NULL,https://cgwb.gov.in
goa,south goa,ponda,ponda,Mankem,Mankem Station,15.30549,74.04834,2024,5,Pre-monsoon,6.6,NULL,Safe,NULL,NULL,NULL,NULL,NULL,NULL,unmatched,0.0,valid,Pre-monsoon_WL_1994-2025.pdf,NULL,NULL,local_pdf,official_web_fallback,official_web_fallback,pdf_text,NULL,NULL,401,NULL,NULL,https://cgwb.gov.in
goa,south goa,ponda,ponda,Shiroda,Shiroda Station,15.32068,74.03502,2024,5,Pre-monsoon,7.2,NULL,Safe,NULL,NULL,NULL,NULL,NULL,NULL,unmatched,0.0,valid,Pre-monsoon_WL_1994-2025.pdf,NULL,NULL,local_pdf,official_web_fallback,official_web_fallback,pdf_text,NULL,NULL,401,NULL,NULL,https://cgwb.gov.in
goa,south goa,quepem,quepem,Ghadiawada,Ghadiawada Station,15.23894,74.11303,2024,5,Pre-monsoon,1.8,NULL,Safe,NULL,NULL,NULL,NULL,NULL,NULL,unmatched,0.0,valid,Pre-monsoon_WL_1994-2025.pdf,NULL,NULL,local_pdf,official_web_fallback,official_web_fallback,pdf_text,NULL,NULL,401,NULL,NULL,https://cgwb.gov.in
goa,south goa,quepem,quepem,Malkarnem,Malkarnem Station,15.18693,74.12549,2024,5,Pre-monsoon,5.7,NULL,Safe,NULL,NULL,NULL,NULL,NULL,NULL,unmatched,0.0,valid,Pre-monsoon_WL_1994-2025.pdf,NULL,NULL,local_pdf,official_web_fallback,official_web_fallback,pdf_text,NULL,NULL,401,NULL,NULL,https://cgwb.gov.in
goa,south goa,quepem,quepem,Padi,Padi Station,15.09291,74.0306,2024,5,Pre-monsoon,13.1,NULL,Safe,NULL,NULL,NULL,NULL,NULL,NULL,unmatched,0.0,valid,Pre-monsoon_WL_1994-2025.pdf,NULL,NULL,local_pdf,official_web_fallback,official_web_fallback,pdf_text,NULL,NULL,401,NULL,NULL,https://cgwb.gov.in
goa,south goa,quepem,quepem,Quepem,Quepem Station,15.21751,74.08075,2024,5,Pre-monsoon,2.8,NULL,Safe,NULL,NULL,NULL,NULL,NULL,NULL,unmatched,0.0,valid,Pre-monsoon_WL_1994-2025.pdf,NULL,NULL,local_pdf,official_web_fallback,official_web_fallback,pdf_text,NULL,NULL,401,NULL,NULL,https://cgwb.gov.in
goa,south goa,salcete,salcete,Ballynuvhen,Ballynuvhen Station,15.31651,73.94542,2024,5,Pre-monsoon,6.5,NULL,Safe,NULL,NULL,NULL,NULL,NULL,NULL,unmatched,0.0,valid,Pre-monsoon_WL_1994-2025.pdf,NULL,NULL,local_pdf,official_web_fallback,official_web_fallback,pdf_text,NULL,NULL,401,NULL,NULL,https://cgwb.gov.in
goa,south goa,salcete,salcete,Betalbhatti,Betalbhatti Station,15.30071,73.92006,2024,5,Pre-monsoon,6.5,NULL,Safe,NULL,NULL,NULL,NULL,NULL,NULL,unmatched,0.0,valid,Pre-monsoon_WL_1994-2025.pdf,NULL,NULL,local_pdf,official_web_fallback,official_web_fallback,pdf_text,NULL,NULL,401,NULL,NULL,https://cgwb.gov.in
goa,south goa,salcete,salcete,Cuncolim,Cuncolim Station,15.18013,74.00004,2024,5,Pre-monsoon,1.8,NULL,Safe,NULL,NULL,NULL,NULL,NULL,NULL,unmatched,0.0,valid,Pre-monsoon_WL_1994-2025.pdf,NULL,NULL,local_pdf,official_web_fallback,official_web_fallback,pdf_text,NULL,NULL,401,NULL,NULL,https://cgwb.gov.in
goa,south goa,salcete,salcete,Kaveslium,Kaveslium Station,15.18555,73.94721,2024,5,Pre-monsoon,4.0,NULL,Safe,NULL,NULL,NULL,NULL,NULL,NULL,unmatched,0.0,valid,Pre-monsoon_WL_1994-2025.pdf,NULL,NULL,local_pdf,official_web_fallback,official_web_fallback,pdf_text,NULL,NULL,401,NULL,NULL,https://cgwb.gov.in
goa,south goa,salcete,salcete,Majorda Bpada Curilo,Majorda Bpada Curilo Station,15.32117,73.91711,2024,5,Pre-monsoon,5.2,NULL,Safe,NULL,NULL,NULL,NULL,NULL,NULL,unmatched,0.0,valid,Pre-monsoon_WL_1994-2025.pdf,NULL,NULL,local_pdf,official_web_fallback,official_web_fallback,pdf_text,NULL,NULL,401,NULL,NULL,https://cgwb.gov.in
goa,south goa,salcete,salcete,Navelim (Ct),Navelim (Ct) Station,15.25444,73.96722,2024,5,Pre-monsoon,15.6,NULL,Safe,NULL,NULL,NULL,NULL,NULL,NULL,unmatched,0.0,valid,Pre-monsoon_WL_1994-2025.pdf,NULL,NULL,local_pdf,official_web_fallback,official_web_fallback,pdf_text,NULL,NULL,401,NULL,NULL,https://cgwb.gov.in
goa,south goa,salcete,salcete,Panchwadi,Panchwadi Station,15.2836,74.09517,2024,5,Pre-monsoon,6.8,NULL,Safe,NULL,NULL,NULL,NULL,NULL,NULL,unmatched,0.0,valid,Pre-monsoon_WL_1994-2025.pdf,NULL,NULL,local_pdf,official_web_fallback,official_web_fallback,pdf_text,NULL,NULL,401,NULL,NULL,https://cgwb.gov.in
goa,south goa,sanguem,sanguem,Bati,Bati Station,15.13176,74.22645,2024,5,Pre-monsoon,4.4,NULL,Safe,NULL,NULL,NULL,NULL,NULL,NULL,unmatched,0.0,valid,Pre-monsoon_WL_1994-2025.pdf,NULL,NULL,local_pdf,official_web_fallback,official_web_fallback,pdf_text,NULL,NULL,401,NULL,NULL,https://cgwb.gov.in
goa,south goa,sanguem,sanguem,Deulwada Kolamba,Deulwada Kolamba Station,15.15021,74.13099,2024,5,Pre-monsoon,3.1,NULL,Safe,NULL,NULL,NULL,NULL,NULL,NULL,unmatched,0.0,valid,Pre-monsoon_WL_1994-2025.pdf,NULL,NULL,local_pdf,official_web_fallback,official_web_fallback,pdf_text,NULL,NULL,401,NULL,NULL,https://cgwb.gov.in
goa,south goa,sanguem,sanguem,Guddemal,Guddemal Station,15.28545,74.12969,2024,5,Pre-monsoon,10.7,NULL,Safe,NULL,NULL,NULL,NULL,NULL,NULL,unmatched,0.0,valid,Pre-monsoon_WL_1994-2025.pdf,NULL,NULL,local_pdf,official_web_fallback,official_web_fallback,pdf_text,NULL,NULL,401,NULL,NULL,https://cgwb.gov.in
goa,south goa,sanguem,sanguem,Jambavli,Jambavli Station,15.18658,74.09529,2024,5,Pre-monsoon,8.8,NULL,Safe,NULL,NULL,NULL,NULL,NULL,NULL,unmatched,0.0,valid,Pre-monsoon_WL_1994-2025.pdf,NULL,NULL,local_pdf,official_web_fallback,official_web_fallback,pdf_text,NULL,NULL,401,NULL,NULL,https://cgwb.gov.in
goa,south goa,sanguem,sanguem,Kalay,Kalay Station,15.2885,74.18007,2024,5,Pre-monsoon,11.9,NULL,Safe,NULL,NULL,NULL,NULL,NULL,NULL,unmatched,0.0,valid,Pre-monsoon_WL_1994-2025.pdf,NULL,NULL,local_pdf,official_web_fallback,official_web_fallback,pdf_text,NULL,NULL,401,NULL,NULL,https://cgwb.gov.in
goa,south goa,sanguem,sanguem,Neturlim,Neturlim Station,15.09065,74.21671,2024,5,Pre-monsoon,10.8,NULL,Safe,NULL,NULL,NULL,NULL,NULL,NULL,unmatched,0.0,valid,Pre-monsoon_WL_1994-2025.pdf,NULL,NULL,local_pdf,official_web_fallback,official_web_fallback,pdf_text,NULL,NULL,401,NULL,NULL,https://cgwb.gov.in
goa,south goa,sanguem,sanguem,Rivona,Rivona Station,15.16415,74.10671,2024,5,Pre-monsoon,8.1,NULL,Safe,NULL,NULL,NULL,NULL,NULL,NULL,unmatched,0.0,valid,Pre-monsoon_WL_1994-2025.pdf,NULL,NULL,local_pdf,official_web_fallback,official_web_fallback,pdf_text,NULL,NULL,401,NULL,NULL,https://cgwb.gov.in
goa,south goa,sanguem,sanguem,Themchewada,Themchewada Station,15.21958,74.15752,2024,5,Pre-monsoon,9.3,NULL,Safe,NULL,NULL,NULL,NULL,NULL,NULL,unmatched,0.0,valid,Pre-monsoon_WL_1994-2025.pdf,NULL,NULL,local_pdf,official_web_fallback,official_web_fallback,pdf_text,NULL,NULL,401,NULL,NULL,https://cgwb.gov.in
goa,south goa,sanguem,sanguem,Vadam,Vadam Station,15.13063,74.20754,2024,5,Pre-monsoon,5.4,NULL,Safe,NULL,NULL,NULL,NULL,NULL,NULL,unmatched,0.0,valid,Pre-monsoon_WL_1994-2025.pdf,NULL,NULL,local_pdf,official_web_fallback,official_web_fallback,pdf_text,NULL,NULL,401,NULL,NULL,https://cgwb.gov.in
goa,south goa,sanguem,sanguem,Vichundrem,Vichundrem Station,15.10364,74.20318,2024,5,Pre-monsoon,8.5,NULL,Safe,NULL,NULL,NULL,NULL,NULL,NULL,unmatched,0.0,valid,Pre-monsoon_WL_1994-2025.pdf,NULL,NULL,local_pdf,official_web_fallback,official_web_fallback,pdf_text,NULL,NULL,401,NULL,NULL,https://cgwb.gov.in
goa,north goa,bardez,bardez,Alto Betim Porvorim,Alto Betim Porvorim Station,15.52605,73.82982,2023,5,Pre-monsoon,6.9,NULL,Safe,NULL,NULL,NULL,NULL,NULL,NULL,unmatched,0.0,valid,Pre-monsoon_WL_1994-2025.pdf,NULL,NULL,local_pdf,official_web_fallback,official_web_fallback,pdf_text,NULL,NULL,859,NULL,NULL,https://cgwb.gov.in
goa,north goa,bardez,bardez,Amberem,Amberem Station,15.74045,73.82449,2023,5,Pre-monsoon,8.1,NULL,Safe,NULL,NULL,NULL,NULL,NULL,NULL,unmatched,0.0,valid,Pre-monsoon_WL_1994-2025.pdf,NULL,NULL,local_pdf,official_web_fallback,official_web_fallback,pdf_text,NULL,NULL,859,NULL,NULL,https://cgwb.gov.in
goa,north goa,bardez,bardez,Anjuna (Ct),Anjuna (Ct) Station,15.5842,73.73828,2023,5,Pre-monsoon,11.9,NULL,Safe,NULL,NULL,NULL,NULL,NULL,NULL,unmatched,0.0,valid,Pre-monsoon_WL_1994-2025.pdf,NULL,NULL,local_pdf,official_web_fallback,official_web_fallback,pdf_text,NULL,NULL,859,NULL,NULL,https://cgwb.gov.in
goa,north goa,bardez,bardez,Bastora,Bastora Station,15.51596,73.83858,2023,5,Pre-monsoon,2.6,NULL,Safe,NULL,NULL,NULL,NULL,NULL,NULL,unmatched,0.0,valid,Pre-monsoon_WL_1994-2025.pdf,NULL,NULL,local_pdf,official_web_fallback,official_web_fallback,pdf_text,NULL,NULL,859,NULL,NULL,https://cgwb.gov.in
goa,north goa,bardez,bardez,Calangute (Ct),Calangute (Ct) Station,15.54612,73.75861,2023,5,Pre-monsoon,9.0,NULL,Safe,NULL,NULL,NULL,NULL,NULL,NULL,unmatched,0.0,valid,Pre-monsoon_WL_1994-2025.pdf,NULL,NULL,local_pdf,official_web_fallback,official_web_fallback,pdf_text,NULL,NULL,859,NULL,NULL,https://cgwb.gov.in
goa,north goa,bardez,bardez,Colvale (Ct),Colvale (Ct) Station,15.64402,73.83727,2023,5,Pre-monsoon,14.6,NULL,Safe,NULL,NULL,NULL,NULL,NULL,NULL,unmatched,0.0,valid,Pre-monsoon_WL_1994-2025.pdf,NULL,NULL,local_pdf,official_web_fallback,official_web_fallback,pdf_text,NULL,NULL,859,NULL,NULL,https://cgwb.gov.in
goa,north goa,bardez,bardez,Mapuca,Mapuca Station,15.61013,73.82434,2023,5,Pre-monsoon,4.7,NULL,Safe,NULL,NULL,NULL,NULL,NULL,NULL,unmatched,0.0,valid,Pre-monsoon_WL_1994-2025.pdf,NULL,NULL,local_pdf,official_web_fallback,official_web_fallback,pdf_text,NULL,NULL,859,NULL,NULL,https://cgwb.gov.in
goa,north goa,bardez,bardez,Olaulim,Olaulim Station,15.56958,73.86345,2023,5,Pre-monsoon,7.7,NULL,Safe,NULL,NULL,NULL,NULL,NULL,NULL,unmatched,0.0,valid,Pre-monsoon_WL_1994-2025.pdf,NULL,NULL,local_pdf,official_web_fallback,official_web_fallback,pdf_text,NULL,NULL,859,NULL,NULL,https://cgwb.gov.in
goa,north goa,bardez,bardez,Parra,Parra Station,15.57282,73.79279,2023,5,Pre-monsoon,2.6,NULL,Safe,NULL,NULL,NULL,NULL,NULL,NULL,unmatched,0.0,valid,Pre-monsoon_WL_1994-2025.pdf,NULL,NULL,local_pdf,official_web_fallback,official_web_fallback,pdf_text,NULL,NULL,859,NULL,NULL,https://cgwb.gov.in
goa,north goa,bardez,bardez,Pirna,Pirna Station,15.66884,73.8818,2023,5,Pre-monsoon,4.3,NULL,Safe,NULL,NULL,NULL,NULL,NULL,NULL,unmatched,0.0,valid,Pre-monsoon_WL_1994-2025.pdf,NULL,NULL,local_pdf,official_web_fallback,official_web_fallback,pdf_text,NULL,NULL,859,NULL,NULL,https://cgwb.gov.in
goa,north goa,bardez,bardez,Pomburpa,Pomburpa Station,15.55926,73.86761,2023,5,Pre-monsoon,3.9,NULL,Safe,NULL,NULL,NULL,NULL,NULL,NULL,unmatched,0.0,valid,Pre-monsoon_WL_1994-2025.pdf,NULL,NULL,local_pdf,official_web_fallback,official_web_fallback,pdf_text,NULL,NULL,859,NULL,NULL,https://cgwb.gov.in
goa,north goa,bardez,bardez,Salvador-Do-Mundo (Ct),Salvador-Do-Mundo (Ct) Station,15.5376,73.86869,2023,5,Pre-monsoon,4.0,NULL,Safe,NULL,NULL,NULL,NULL,NULL,NULL,unmatched,0.0,valid,Pre-monsoon_WL_1994-2025.pdf,NULL,NULL,local_pdf,official_web_fallback,official_web_fallback,pdf_text,NULL,NULL,859,NULL,NULL,https://cgwb.gov.in
goa,north goa,bardez,bardez,Shivoli Brahmanwada,Shivoli Brahmanwada Station,15.62358,73.76681,2023,5,Pre-monsoon,3.7,NULL,Safe,NULL,NULL,NULL,NULL,NULL,NULL,unmatched,0.0,valid,Pre-monsoon_WL_1994-2025.pdf,NULL,NULL,local_pdf,official_web_fallback,official_web_fallback,pdf_text,NULL,NULL,859,NULL,NULL,https://cgwb.gov.in
goa,north goa,bardez,bardez,Sircaim,Sircaim Station,15.62689,73.87588,2023,5,Pre-monsoon,4.1,NULL,Safe,NULL,NULL,NULL,NULL,NULL,NULL,unmatched,0.0,valid,Pre-monsoon_WL_1994-2025.pdf,NULL,NULL,local_pdf,official_web_fallback,official_web_fallback,pdf_text,NULL,NULL,859,NULL,NULL,https://cgwb.gov.in
goa,north goa,bicholim,bicholim,Adwalpale,Adwalpale Station,15.63986,73.89602,2023,5,Pre-monsoon,6.3,NULL,Safe,NULL,NULL,NULL,NULL,NULL,NULL,unmatched,0.0,valid,Pre-monsoon_WL_1994-2025.pdf,NULL,NULL,local_pdf,official_web_fallback,official_web_fallback,pdf_text,NULL,NULL,859,NULL,NULL,https://cgwb.gov.in
goa,north goa,bicholim,bicholim,Devulawada Narve,Devulawada Narve Station,15.55205,73.92413,2023,5,Pre-monsoon,16.4,NULL,Safe,NULL,NULL,NULL,NULL,NULL,NULL,unmatched,0.0,valid,Pre-monsoon_WL_1994-2025.pdf,NULL,NULL,local_pdf,official_web_fallback,official_web_fallback,pdf_text,NULL,NULL,859,NULL,NULL,https://cgwb.gov.in
goa,north goa,bicholim,bicholim,Jambhul Batt,Jambhul Batt Station,15.58041,73.92604,2023,5,Pre-monsoon,13.0,NULL,Safe,NULL,NULL,NULL,NULL,NULL,NULL,unmatched,0.0,valid,Pre-monsoon_WL_1994-2025.pdf,NULL,NULL,local_pdf,official_web_fallback,official_web_fallback,pdf_text,NULL,NULL,859,NULL,NULL,https://cgwb.gov.in
goa,north goa,bicholim,bicholim,Mulgao,Mulgao Station,15.61711,73.92075,2023,5,Pre-monsoon,3.4,NULL,Safe,NULL,NULL,NULL,NULL,NULL,NULL,unmatched,0.0,valid,Pre-monsoon_WL_1994-2025.pdf,NULL,NULL,local_pdf,official_web_fallback,official_web_fallback,pdf_text,NULL,NULL,859,NULL,NULL,https://cgwb.gov.in
goa,north goa,bicholim,bicholim,Salem,Salem Station,15.68771,73.92681,2023,5,Pre-monsoon,3.4,NULL,Safe,NULL,NULL,NULL,NULL,NULL,NULL,unmatched,0.0,valid,Pre-monsoon_WL_1994-2025.pdf,NULL,NULL,local_pdf,official_web_fallback,official_web_fallback,pdf_text,NULL,NULL,859,NULL,NULL,https://cgwb.gov.in
goa,north goa,pernem,pernem,Corgao,Corgao Station,15.70939,73.75176,2023,5,Pre-monsoon,6.3,NULL,Safe,NULL,NULL,NULL,NULL,NULL,NULL,unmatched,0.0,valid,Pre-monsoon_WL_1994-2025.pdf,NULL,NULL,local_pdf,official_web_fallback,official_web_fallback,pdf_text,NULL,NULL,859,NULL,NULL,https://cgwb.gov.in
goa,north goa,pernem,pernem,Hasaravanni Vaipal,Hasaravanni Vaipal Station,15.73251,73.89959,2023,5,Pre-monsoon,2.5,NULL,Safe,NULL,NULL,NULL,NULL,NULL,NULL,unmatched,0.0,valid,Pre-monsoon_WL_1994-2025.pdf,NULL,NULL,local_pdf,official_web_fallback,official_web_fallback,pdf_text,NULL,NULL,859,NULL,NULL,https://cgwb.gov.in
goa,north goa,pernem,pernem,Haspur,Haspur Station,15.73698,73.90359,2023,5,Pre-monsoon,5.5,NULL,Safe,NULL,NULL,NULL,NULL,NULL,NULL,unmatched,0.0,valid,Pre-monsoon_WL_1994-2025.pdf,NULL,NULL,local_pdf,official_web_fallback,official_web_fallback,pdf_text,NULL,NULL,859,NULL,NULL,https://cgwb.gov.in
goa,north goa,pernem,pernem,Morji,Morji Station,15.63598,73.73963,2023,5,Pre-monsoon,2.8,NULL,Safe,NULL,NULL,NULL,NULL,NULL,NULL,unmatched,0.0,valid,Pre-monsoon_WL_1994-2025.pdf,NULL,NULL,local_pdf,official_web_fallback,official_web_fallback,pdf_text,NULL,NULL,860,NULL,NULL,https://cgwb.gov.in
goa,north goa,pernem,pernem,Nagjhar,Nagjhar Station,15.70843,73.85289,2023,5,Pre-monsoon,8.2,NULL,Safe,NULL,NULL,NULL,NULL,NULL,NULL,unmatched,0.0,valid,Pre-monsoon_WL_1994-2025.pdf,NULL,NULL,local_pdf,official_web_fallback,official_web_fallback,pdf_text,NULL,NULL,860,NULL,NULL,https://cgwb.gov.in
goa,north goa,pernem,pernem,Pernem,Pernem Station,15.7176,73.79806,2023,5,Pre-monsoon,3.6,NULL,Safe,NULL,NULL,NULL,NULL,NULL,NULL,unmatched,0.0,valid,Pre-monsoon_WL_1994-2025.pdf,NULL,NULL,local_pdf,official_web_fallback,official_web_fallback,pdf_text,NULL,NULL,860,NULL,NULL,https://cgwb.gov.in
goa,north goa,pernem,pernem,Sawanthawada,Sawanthawada Station,15.68082,73.75108,2023,5,Pre-monsoon,4.7,NULL,Safe,NULL,NULL,NULL,NULL,NULL,NULL,unmatched,0.0,valid,Pre-monsoon_WL_1994-2025.pdf,NULL,NULL,local_pdf,official_web_fallback,official_web_fallback,pdf_text,NULL,NULL,860,NULL,NULL,https://cgwb.gov.in
goa,north goa,pernem,pernem,Varconda,Varconda Station,15.75465,73.83533,2023,5,Pre-monsoon,4.5,NULL,Safe,NULL,NULL,NULL,NULL,NULL,NULL,unmatched,0.0,valid,Pre-monsoon_WL_1994-2025.pdf,NULL,NULL,local_pdf,official_web_fallback,official_web_fallback,pdf_text,NULL,NULL,860,NULL,NULL,https://cgwb.gov.in
goa,north goa,satari,satari,Bayalwadikeri,Bayalwadikeri Station,15.61128,74.067,2023,5,Pre-monsoon,2.5,NULL,Safe,NULL,NULL,NULL,NULL,NULL,NULL,unmatched,0.0,valid,Pre-monsoon_WL_1994-2025.pdf,NULL,NULL,local_pdf,official_web_fallback,official_web_fallback,pdf_text,NULL,NULL,860,NULL,NULL,https://cgwb.gov.in
goa,north goa,satari,satari,Bhamber Nanoda Cross,Bhamber Nanoda Cross Station,15.58778,74.19123,2023,5,Pre-monsoon,5.6,NULL,Safe,NULL,NULL,NULL,NULL,NULL,NULL,unmatched,0.0,valid,Pre-monsoon_WL_1994-2025.pdf,NULL,NULL,local_pdf,official_web_fallback,official_web_fallback,pdf_text,NULL,NULL,860,NULL,NULL,https://cgwb.gov.in
goa,north goa,satari,satari,Buimpal,Buimpal Station,15.53936,74.08822,2023,5,Pre-monsoon,5.8,NULL,Safe,NULL,NULL,NULL,NULL,NULL,NULL,unmatched,0.0,valid,Pre-monsoon_WL_1994-2025.pdf,NULL,NULL,local_pdf,official_web_fallback,official_web_fallback,pdf_text,NULL,NULL,860,NULL,NULL,https://cgwb.gov.in
goa,north goa,satari,satari,Charayode,Charayode Station,15.62783,74.13084,2023,5,Pre-monsoon,6.3,NULL,Safe,NULL,NULL,NULL,NULL,NULL,NULL,unmatched,0.0,valid,Pre-monsoon_WL_1994-2025.pdf,NULL,NULL,local_pdf,official_web_fallback,official_web_fallback,pdf_text,NULL,NULL,860,NULL,NULL,https://cgwb.gov.in
goa,north goa,satari,satari,Dhatwado Vante,Dhatwado Vante Station,15.49613,74.09753,2023,5,Pre-monsoon,6.5,NULL,Safe,NULL,NULL,NULL,NULL,NULL,NULL,unmatched,0.0,valid,Pre-monsoon_WL_1994-2025.pdf,NULL,NULL,local_pdf,official_web_fallback,official_web_fallback,pdf_text,NULL,NULL,860,NULL,NULL,https://cgwb.gov.in
goa,north goa,satari,satari,Honda,Honda Station,15.54722,74.05079,2023,5,Pre-monsoon,5.1,NULL,Safe,NULL,NULL,NULL,NULL,NULL,NULL,unmatched,0.0,valid,Pre-monsoon_WL_1994-2025.pdf,NULL,NULL,local_pdf,official_web_fallback,official_web_fallback,pdf_text,NULL,NULL,860,NULL,NULL,https://cgwb.gov.in
goa,north goa,satari,satari,Khadki(Harijanwada),Khadki(Harijanwada) Station,15.50253,74.13964,2023,5,Pre-monsoon,11.4,NULL,Safe,NULL,NULL,NULL,NULL,NULL,NULL,unmatched,0.0,valid,Pre-monsoon_WL_1994-2025.pdf,NULL,NULL,local_pdf,official_web_fallback,official_web_fallback,pdf_text,NULL,NULL,860,NULL,NULL,https://cgwb.gov.in
goa,north goa,satari,satari,Khotodem,Khotodem Station,15.48277,74.13695,2023,5,Pre-monsoon,6.7,NULL,Safe,NULL,NULL,NULL,NULL,NULL,NULL,unmatched,0.0,valid,Pre-monsoon_WL_1994-2025.pdf,NULL,NULL,local_pdf,official_web_fallback,official_web_fallback,pdf_text,NULL,NULL,860,NULL,NULL,https://cgwb.gov.in
goa,north goa,satari,satari,Morlem,Morlem Station,15.59397,74.04632,2023,5,Pre-monsoon,4.4,NULL,Safe,NULL,NULL,NULL,NULL,NULL,NULL,unmatched,0.0,valid,Pre-monsoon_WL_1994-2025.pdf,NULL,NULL,local_pdf,official_web_fallback,official_web_fallback,pdf_text,NULL,NULL,860,NULL,NULL,https://cgwb.gov.in
goa,north goa,satari,satari,Nagargao,Nagargao Station,15.56158,74.1632,2023,5,Pre-monsoon,8.2,NULL,Safe,NULL,NULL,NULL,NULL,NULL,NULL,unmatched,0.0,valid,Pre-monsoon_WL_1994-2025.pdf,NULL,NULL,local_pdf,official_web_fallback,official_web_fallback,pdf_text,NULL,NULL,860,NULL,NULL,https://cgwb.gov.in
goa,north goa,satari,satari,Valpoi,Valpoi Station,15.53301,74.13723,2023,5,Pre-monsoon,6.1,NULL,Safe,NULL,NULL,NULL,NULL,NULL,NULL,unmatched,0.0,valid,Pre-monsoon_WL_1994-2025.pdf,NULL,NULL,local_pdf,official_web_fallback,official_web_fallback,pdf_text,NULL,NULL,860,NULL,NULL,https://cgwb.gov.in
goa,north goa,tiswadi,tiswadi,Gavalebhat Chimbel,Gavalebhat Chimbel Station,15.48944,73.8742,2023,5,Pre-monsoon,6.2,NULL,Safe,NULL,NULL,NULL,NULL,NULL,NULL,unmatched,0.0,valid,Pre-monsoon_WL_1994-2025.pdf,NULL,NULL,local_pdf,official_web_fallback,official_web_fallback,pdf_text,NULL,NULL,860,NULL,NULL,https://cgwb.gov.in
goa,north goa,tiswadi,tiswadi,Goa-Velha,Goa-Velha Station,15.44139,73.87972,2023,5,Pre-monsoon,12.1,NULL,Safe,NULL,NULL,NULL,NULL,NULL,NULL,unmatched,0.0,valid,Pre-monsoon_WL_1994-2025.pdf,NULL,NULL,local_pdf,official_web_fallback,official_web_fallback,pdf_text,NULL,NULL,860,NULL,NULL,https://cgwb.gov.in
goa,north goa,tiswadi,tiswadi,Karanjhalen,Karanjhalen Station,15.459,73.80281,2023,5,Pre-monsoon,4.2,NULL,Safe,NULL,NULL,NULL,NULL,NULL,NULL,unmatched,0.0,valid,Pre-monsoon_WL_1994-2025.pdf,NULL,NULL,local_pdf,official_web_fallback,official_web_fallback,pdf_text,NULL,NULL,860,NULL,NULL,https://cgwb.gov.in
goa,north goa,tiswadi,tiswadi,Velha Goa,Velha Goa Station,15.4976,73.91901,2023,5,Pre-monsoon,1.7,NULL,Safe,NULL,NULL,NULL,NULL,NULL,NULL,unmatched,0.0,valid,Pre-monsoon_WL_1994-2025.pdf,NULL,NULL,local_pdf,official_web_fallback,official_web_fallback,pdf_text,NULL,NULL,860,NULL,NULL,https://cgwb.gov.in
goa,south goa,canacona,canacona,Agonda,Agonda Station,15.04152,73.99121,2023,5,Pre-monsoon,5.8,NULL,Safe,NULL,NULL,NULL,NULL,NULL,NULL,unmatched,0.0,valid,Pre-monsoon_WL_1994-2025.pdf,NULL,NULL,local_pdf,official_web_fallback,official_web_fallback,pdf_text,NULL,NULL,860,NULL,NULL,https://cgwb.gov.in
goa,south goa,canacona,canacona,Canacona,Canacona Station,15.00716,74.05233,2023,5,Pre-monsoon,4.6,NULL,Safe,NULL,NULL,NULL,NULL,NULL,NULL,unmatched,0.0,valid,Pre-monsoon_WL_1994-2025.pdf,NULL,NULL,local_pdf,official_web_fallback,official_web_fallback,pdf_text,NULL,NULL,860,NULL,NULL,https://cgwb.gov.in
goa,south goa,canacona,canacona,Daptamol Lolien,Daptamol Lolien Station,14.94986,74.05528,2023,5,Pre-monsoon,15.9,NULL,Safe,NULL,NULL,NULL,NULL,NULL,NULL,unmatched,0.0,valid,Pre-monsoon_WL_1994-2025.pdf,NULL,NULL,local_pdf,official_web_fallback,official_web_fallback,pdf_text,NULL,NULL,860,NULL,NULL,https://cgwb.gov.in
goa,south goa,canacona,canacona,Hattipal Poinguinem,Hattipal Poinguinem Station,14.98407,74.10869,2023,5,Pre-monsoon,8.8,NULL,Safe,NULL,NULL,NULL,NULL,NULL,NULL,unmatched,0.0,valid,Pre-monsoon_WL_1994-2025.pdf,NULL,NULL,local_pdf,official_web_fallback,official_web_fallback,pdf_text,NULL,NULL,860,NULL,NULL,https://cgwb.gov.in
goa,south goa,canacona,canacona,Mashe,Mashe Station,14.96289,74.05465,2023,5,Pre-monsoon,4.9,NULL,Safe,NULL,NULL,NULL,NULL,NULL,NULL,unmatched,0.0,valid,Pre-monsoon_WL_1994-2025.pdf,NULL,NULL,local_pdf,official_web_fallback,official_web_fallback,pdf_text,NULL,NULL,860,NULL,NULL,https://cgwb.gov.in
goa,south goa,canacona,canacona,Polem,Polem Station,14.91289,74.08455,2023,5,Pre-monsoon,3.9,NULL,Safe,NULL,NULL,NULL,NULL,NULL,NULL,unmatched,0.0,valid,Pre-monsoon_WL_1994-2025.pdf,NULL,NULL,local_pdf,official_web_fallback,official_web_fallback,pdf_text,NULL,NULL,860,NULL,NULL,https://cgwb.gov.in
goa,south goa,canacona,canacona,Shrishtal Gaondongar,Shrishtal Gaondongar Station,15.03725,74.11851,2023,5,Pre-monsoon,7.6,NULL,Safe,NULL,NULL,NULL,NULL,NULL,NULL,unmatched,0.0,valid,Pre-monsoon_WL_1994-2025.pdf,NULL,NULL,local_pdf,official_web_fallback,official_web_fallback,pdf_text,NULL,NULL,860,NULL,NULL,https://cgwb.gov.in
goa,south goa,canacona,canacona,Sristal,Sristal Station,14.99245,74.10557,2023,5,Pre-monsoon,4.5,NULL,Safe,NULL,NULL,NULL,NULL,NULL,NULL,unmatched,0.0,valid,Pre-monsoon_WL_1994-2025.pdf,NULL,NULL,local_pdf,official_web_fallback,official_web_fallback,pdf_text,NULL,NULL,860,NULL,NULL,https://cgwb.gov.in
goa,south goa,canacona,canacona,Yedda,Yedda Station,14.99803,74.19071,2023,5,Pre-monsoon,5.6,NULL,Safe,NULL,NULL,NULL,NULL,NULL,NULL,unmatched,0.0,valid,Pre-monsoon_WL_1994-2025.pdf,NULL,NULL,local_pdf,official_web_fallback,official_web_fallback,pdf_text,NULL,NULL,860,NULL,NULL,https://cgwb.gov.in
goa,south goa,dharbandora,dharbandora,Bolkharnem,Bolkharnem Station,15.42964,74.19235,2023,5,Pre-monsoon,7.8,NULL,Safe,NULL,NULL,NULL,NULL,NULL,NULL,unmatched,0.0,valid,Pre-monsoon_WL_1994-2025.pdf,NULL,NULL,local_pdf,official_web_fallback,official_web_fallback,pdf_text,NULL,NULL,860,NULL,NULL,https://cgwb.gov.in
goa,south goa,dharbandora,dharbandora,Colem,Colem Station,15.33497,74.24375,2023,5,Pre-monsoon,9.3,NULL,Safe,NULL,NULL,NULL,NULL,NULL,NULL,unmatched,0.0,valid,Pre-monsoon_WL_1994-2025.pdf,NULL,NULL,local_pdf,official_web_fallback,official_web_fallback,pdf_text,NULL,NULL,860,NULL,NULL,https://cgwb.gov.in
goa,south goa,dharbandora,dharbandora,Molem,Molem Station,15.36379,74.17534,2023,5,Pre-monsoon,6.5,NULL,Safe,NULL,NULL,NULL,NULL,NULL,NULL,unmatched,0.0,valid,Pre-monsoon_WL_1994-2025.pdf,NULL,NULL,local_pdf,official_web_fallback,official_web_fallback,pdf_text,NULL,NULL,860,NULL,NULL,https://cgwb.gov.in
goa,south goa,mormugao,mormugao,Bagmola,Bagmola Station,15.37006,73.83826,2023,5,Pre-monsoon,4.2,NULL,Safe,NULL,NULL,NULL,NULL,NULL,NULL,unmatched,0.0,valid,Pre-monsoon_WL_1994-2025.pdf,NULL,NULL,local_pdf,official_web_fallback,official_web_fallback,pdf_text,NULL,NULL,860,NULL,NULL,https://cgwb.gov.in
goa,south goa,mormugao,mormugao,Chicalim (Ct),Chicalim (Ct) Station,15.39818,73.83679,2023,5,Pre-monsoon,2.4,NULL,Safe,NULL,NULL,NULL,NULL,NULL,NULL,unmatched,0.0,valid,Pre-monsoon_WL_1994-2025.pdf,NULL,NULL,local_pdf,official_web_fallback,official_web_fallback,pdf_text,NULL,NULL,860,NULL,NULL,https://cgwb.gov.in
goa,south goa,ponda,ponda,Borim (Ct),Borim (Ct) Station,15.35417,74.0016,2023,5,Pre-monsoon,2.7,NULL,Safe,NULL,NULL,NULL,NULL,NULL,NULL,unmatched,0.0,valid,Pre-monsoon_WL_1994-2025.pdf,NULL,NULL,local_pdf,official_web_fallback,official_web_fallback,pdf_text,NULL,NULL,860,NULL,NULL,https://cgwb.gov.in
goa,south goa,ponda,ponda,Kapsa,Kapsa Station,15.27344,74.1006,2023,5,Pre-monsoon,8.0,NULL,Safe,NULL,NULL,NULL,NULL,NULL,NULL,unmatched,0.0,valid,Pre-monsoon_WL_1994-2025.pdf,NULL,NULL,local_pdf,official_web_fallback,official_web_fallback,pdf_text,NULL,NULL,860,NULL,NULL,https://cgwb.gov.in
goa,south goa,ponda,ponda,Kundel Dassolwada,Kundel Dassolwada Station,15.45287,73.95255,2023,5,Pre-monsoon,2.3,NULL,Safe,NULL,NULL,NULL,NULL,NULL,NULL,unmatched,0.0,valid,Pre-monsoon_WL_1994-2025.pdf,NULL,NULL,local_pdf,official_web_fallback,official_web_fallback,pdf_text,NULL,NULL,860,NULL,NULL,https://cgwb.gov.in
goa,south goa,ponda,ponda,Mankem,Mankem Station,15.30549,74.04834,2023,5,Pre-monsoon,5.1,NULL,Safe,NULL,NULL,NULL,NULL,NULL,NULL,unmatched,0.0,valid,Pre-monsoon_WL_1994-2025.pdf,NULL,NULL,local_pdf,official_web_fallback,official_web_fallback,pdf_text,NULL,NULL,861,NULL,NULL,https://cgwb.gov.in
goa,south goa,ponda,ponda,Shiroda,Shiroda Station,15.32068,74.03502,2023,5,Pre-monsoon,8.3,NULL,Safe,NULL,NULL,NULL,NULL,NULL,NULL,unmatched,0.0,valid,Pre-monsoon_WL_1994-2025.pdf,NULL,NULL,local_pdf,official_web_fallback,official_web_fallback,pdf_text,NULL,NULL,861,NULL,NULL,https://cgwb.gov.in
goa,south goa,quepem,quepem,Ghadiawada,Ghadiawada Station,15.23894,74.11303,2023,5,Pre-monsoon,2.5,NULL,Safe,NULL,NULL,NULL,NULL,NULL,NULL,unmatched,0.0,valid,Pre-monsoon_WL_1994-2025.pdf,NULL,NULL,local_pdf,official_web_fallback,official_web_fallback,pdf_text,NULL,NULL,861,NULL,NULL,https://cgwb.gov.in
goa,south goa,quepem,quepem,Malkarnem,Malkarnem Station,15.18693,74.12549,2023,5,Pre-monsoon,6.5,NULL,Safe,NULL,NULL,NULL,NULL,NULL,NULL,unmatched,0.0,valid,Pre-monsoon_WL_1994-2025.pdf,NULL,NULL,local_pdf,official_web_fallback,official_web_fallback,pdf_text,NULL,NULL,861,NULL,NULL,https://cgwb.gov.in
goa,south goa,quepem,quepem,Padi,Padi Station,15.09291,74.0306,2023,5,Pre-monsoon,13.4,NULL,Safe,NULL,NULL,NULL,NULL,NULL,NULL,unmatched,0.0,valid,Pre-monsoon_WL_1994-2025.pdf,NULL,NULL,local_pdf,official_web_fallback,official_web_fallback,pdf_text,NULL,NULL,861,NULL,NULL,https://cgwb.gov.in
goa,south goa,quepem,quepem,Quepem,Quepem Station,15.21751,74.08075,2023,5,Pre-monsoon,3.5,NULL,Safe,NULL,NULL,NULL,NULL,NULL,NULL,unmatched,0.0,valid,Pre-monsoon_WL_1994-2025.pdf,NULL,NULL,local_pdf,official_web_fallback,official_web_fallback,pdf_text,NULL,NULL,861,NULL,NULL,https://cgwb.gov.in
goa,south goa,salcete,salcete,Ballynuvhen,Ballynuvhen Station,15.31651,73.94542,2023,5,Pre-monsoon,7.5,NULL,Safe,NULL,NULL,NULL,NULL,NULL,NULL,unmatched,0.0,valid,Pre-monsoon_WL_1994-2025.pdf,NULL,NULL,local_pdf,official_web_fallback,official_web_fallback,pdf_text,NULL,NULL,861,NULL,NULL,https://cgwb.gov.in
goa,south goa,salcete,salcete,Betalbhatti,Betalbhatti Station,15.30071,73.92006,2023,5,Pre-monsoon,7.2,NULL,Safe,NULL,NULL,NULL,NULL,NULL,NULL,unmatched,0.0,valid,Pre-monsoon_WL_1994-2025.pdf,NULL,NULL,local_pdf,official_web_fallback,official_web_fallback,pdf_text,NULL,NULL,861,NULL,NULL,https://cgwb.gov.in
goa,south goa,salcete,salcete,Cuncolim,Cuncolim Station,15.18013,74.00004,2023,5,Pre-monsoon,2.5,NULL,Safe,NULL,NULL,NULL,NULL,NULL,NULL,unmatched,0.0,valid,Pre-monsoon_WL_1994-2025.pdf,NULL,NULL,local_pdf,official_web_fallback,official_web_fallback,pdf_text,NULL,NULL,861,NULL,NULL,https://cgwb.gov.in
goa,south goa,salcete,salcete,Kaveslium,Kaveslium Station,15.18555,73.94721,2023,5,Pre-monsoon,4.2,NULL,Safe,NULL,NULL,NULL,NULL,NULL,NULL,unmatched,0.0,valid,Pre-monsoon_WL_1994-2025.pdf,NULL,NULL,local_pdf,official_web_fallback,official_web_fallback,pdf_text,NULL,NULL,861,NULL,NULL,https://cgwb.gov.in
goa,south goa,salcete,salcete,Majorda Bpada Curilo,Majorda Bpada Curilo Station,15.32117,73.91711,2023,5,Pre-monsoon,6.1,NULL,Safe,NULL,NULL,NULL,NULL,NULL,NULL,unmatched,0.0,valid,Pre-monsoon_WL_1994-2025.pdf,NULL,NULL,local_pdf,official_web_fallback,official_web_fallback,pdf_text,NULL,NULL,861,NULL,NULL,https://cgwb.gov.in
goa,south goa,salcete,salcete,Navelim (Ct),Navelim (Ct) Station,15.25444,73.96722,2023,5,Pre-monsoon,9.2,NULL,Safe,NULL,NULL,NULL,NULL,NULL,NULL,unmatched,0.0,valid,Pre-monsoon_WL_1994-2025.pdf,NULL,NULL,local_pdf,official_web_fallback,official_web_fallback,pdf_text,NULL,NULL,861,NULL,NULL,https://cgwb.gov.in
goa,south goa,salcete,salcete,Panchwadi,Panchwadi Station,15.2836,74.09517,2023,5,Pre-monsoon,7.9,NULL,Safe,NULL,NULL,NULL,NULL,NULL,NULL,unmatched,0.0,valid,Pre-monsoon_WL_1994-2025.pdf,NULL,NULL,local_pdf,official_web_fallback,official_web_fallback,pdf_text,NULL,NULL,861,NULL,NULL,https://cgwb.gov.in
goa,south goa,sanguem,sanguem,Bati,Bati Station,15.13176,74.22645,2023,5,Pre-monsoon,5.8,NULL,Safe,NULL,NULL,NULL,NULL,NULL,NULL,unmatched,0.0,valid,Pre-monsoon_WL_1994-2025.pdf,NULL,NULL,local_pdf,official_web_fallback,official_web_fallback,pdf_text,NULL,NULL,861,NULL,NULL,https://cgwb.gov.in
goa,south goa,sanguem,sanguem,Deulwada Kolamba,Deulwada Kolamba Station,15.15021,74.13099,2023,5,Pre-monsoon,4.3,NULL,Safe,NULL,NULL,NULL,NULL,NULL,NULL,unmatched,0.0,valid,Pre-monsoon_WL_1994-2025.pdf,NULL,NULL,local_pdf,official_web_fallback,official_web_fallback,pdf_text,NULL,NULL,861,NULL,NULL,https://cgwb.gov.in
goa,south goa,sanguem,sanguem,Guddemal,Guddemal Station,15.28545,74.12969,2023,5,Pre-monsoon,12.1,NULL,Safe,NULL,NULL,NULL,NULL,NULL,NULL,unmatched,0.0,valid,Pre-monsoon_WL_1994-2025.pdf,NULL,NULL,local_pdf,official_web_fallback,official_web_fallback,pdf_text,NULL,NULL,861,NULL,NULL,https://cgwb.gov.in
goa,south goa,sanguem,sanguem,Jambavli,Jambavli Station,15.18658,74.09529,2023,5,Pre-monsoon,10.5,NULL,Safe,NULL,NULL,NULL,NULL,NULL,NULL,unmatched,0.0,valid,Pre-monsoon_WL_1994-2025.pdf,NULL,NULL,local_pdf,official_web_fallback,official_web_fallback,pdf_text,NULL,NULL,861,NULL,NULL,https://cgwb.gov.in
goa,south goa,sanguem,sanguem,Kalay,Kalay Station,15.2885,74.18007,2023,5,Pre-monsoon,13.0,NULL,Safe,NULL,NULL,NULL,NULL,NULL,NULL,unmatched,0.0,valid,Pre-monsoon_WL_1994-2025.pdf,NULL,NULL,local_pdf,official_web_fallback,official_web_fallback,pdf_text,NULL,NULL,861,NULL,NULL,https://cgwb.gov.in
goa,south goa,sanguem,sanguem,Rivona,Rivona Station,15.16415,74.10671,2023,5,Pre-monsoon,8.5,NULL,Safe,NULL,NULL,NULL,NULL,NULL,NULL,unmatched,0.0,valid,Pre-monsoon_WL_1994-2025.pdf,NULL,NULL,local_pdf,official_web_fallback,official_web_fallback,pdf_text,NULL,NULL,861,NULL,NULL,https://cgwb.gov.in
goa,south goa,sanguem,sanguem,Themchewada,Themchewada Station,15.21958,74.15752,2023,5,Pre-monsoon,9.9,NULL,Safe,NULL,NULL,NULL,NULL,NULL,NULL,unmatched,0.0,valid,Pre-monsoon_WL_1994-2025.pdf,NULL,NULL,local_pdf,official_web_fallback,official_web_fallback,pdf_text,NULL,NULL,861,NULL,NULL,https://cgwb.gov.in
goa,south goa,sanguem,sanguem,Vadam,Vadam Station,15.13063,74.20754,2023,5,Pre-monsoon,4.7,NULL,Safe,NULL,NULL,NULL,NULL,NULL,NULL,unmatched,0.0,valid,Pre-monsoon_WL_1994-2025.pdf,NULL,NULL,local_pdf,official_web_fallback,official_web_fallback,pdf_text,NULL,NULL,861,NULL,NULL,https://cgwb.gov.in
goa,south goa,sanguem,sanguem,Vichundrem,Vichundrem Station,15.10364,74.20318,2023,5,Pre-monsoon,8.9,NULL,Safe,NULL,NULL,NULL,NULL,NULL,NULL,unmatched,0.0,valid,Pre-monsoon_WL_1994-2025.pdf,NULL,NULL,local_pdf,official_web_fallback,official_web_fallback,pdf_text,NULL,NULL,861,NULL,NULL,https://cgwb.gov.in
goa,north goa,bardez,bardez,Alto Betim Porvorim,Alto Betim Porvorim Station,15.52605,73.82982,2022,5,Pre-monsoon,7.2,NULL,Safe,NULL,NULL,NULL,NULL,NULL,NULL,unmatched,0.0,valid,Pre-monsoon_WL_1994-2025.pdf,NULL,NULL,local_pdf,official_web_fallback,official_web_fallback,pdf_text,NULL,NULL,1297,NULL,NULL,https://cgwb.gov.in
goa,north goa,bardez,bardez,Amberem,Amberem Station,15.74045,73.82449,2022,5,Pre-monsoon,6.7,NULL,Safe,NULL,NULL,NULL,NULL,NULL,NULL,unmatched,0.0,valid,Pre-monsoon_WL_1994-2025.pdf,NULL,NULL,local_pdf,official_web_fallback,official_web_fallback,pdf_text,NULL,NULL,1297,NULL,NULL,https://cgwb.gov.in
goa,north goa,bardez,bardez,Anjuna (Ct),Anjuna (Ct) Station,15.5842,73.73828,2022,5,Pre-monsoon,12.8,NULL,Safe,NULL,NULL,NULL,NULL,NULL,NULL,unmatched,0.0,valid,Pre-monsoon_WL_1994-2025.pdf,NULL,NULL,local_pdf,official_web_fallback,official_web_fallback,pdf_text,NULL,NULL,1297,NULL,NULL,https://cgwb.gov.in
goa,north goa,bardez,bardez,Baga,Baga Station,15.56,73.751,2022,5,Pre-monsoon,3.8,NULL,Safe,NULL,NULL,NULL,NULL,NULL,NULL,unmatched,0.0,valid,Pre-monsoon_WL_1994-2025.pdf,NULL,NULL,local_pdf,official_web_fallback,official_web_fallback,pdf_text,NULL,NULL,1297,NULL,NULL,https://cgwb.gov.in
goa,north goa,bardez,bardez,Calangute (Ct),Calangute (Ct) Station,15.54612,73.75861,2022,5,Pre-monsoon,8.5,NULL,Safe,NULL,NULL,NULL,NULL,NULL,NULL,unmatched,0.0,valid,Pre-monsoon_WL_1994-2025.pdf,NULL,NULL,local_pdf,official_web_fallback,official_web_fallback,pdf_text,NULL,NULL,1297,NULL,NULL,https://cgwb.gov.in
goa,north goa,bardez,bardez,Colvale (Ct),Colvale (Ct) Station,15.64402,73.83727,2022,5,Pre-monsoon,14.1,NULL,Safe,NULL,NULL,NULL,NULL,NULL,NULL,unmatched,0.0,valid,Pre-monsoon_WL_1994-2025.pdf,NULL,NULL,local_pdf,official_web_fallback,official_web_fallback,pdf_text,NULL,NULL,1297,NULL,NULL,https://cgwb.gov.in
goa,north goa,bardez,bardez,Mapuca,Mapuca Station,15.61013,73.82434,2022,5,Pre-monsoon,4.6,NULL,Safe,NULL,NULL,NULL,NULL,NULL,NULL,unmatched,0.0,valid,Pre-monsoon_WL_1994-2025.pdf,NULL,NULL,local_pdf,official_web_fallback,official_web_fallback,pdf_text,NULL,NULL,1297,NULL,NULL,https://cgwb.gov.in
goa,north goa,bardez,bardez,Olaulim,Olaulim Station,15.56958,73.86345,2022,5,Pre-monsoon,7.0,NULL,Safe,NULL,NULL,NULL,NULL,NULL,NULL,unmatched,0.0,valid,Pre-monsoon_WL_1994-2025.pdf,NULL,NULL,local_pdf,official_web_fallback,official_web_fallback,pdf_text,NULL,NULL,1297,NULL,NULL,https://cgwb.gov.in
goa,north goa,bardez,bardez,Parra,Parra Station,15.57282,73.79279,2022,5,Pre-monsoon,2.4,NULL,Safe,NULL,NULL,NULL,NULL,NULL,NULL,unmatched,0.0,valid,Pre-monsoon_WL_1994-2025.pdf,NULL,NULL,local_pdf,official_web_fallback,official_web_fallback,pdf_text,NULL,NULL,1297,NULL,NULL,https://cgwb.gov.in
goa,north goa,bardez,bardez,Pirna,Pirna Station,15.66884,73.8818,2022,5,Pre-monsoon,4.0,NULL,Safe,NULL,NULL,NULL,NULL,NULL,NULL,unmatched,0.0,valid,Pre-monsoon_WL_1994-2025.pdf,NULL,NULL,local_pdf,official_web_fallback,official_web_fallback,pdf_text,NULL,NULL,1297,NULL,NULL,https://cgwb.gov.in
goa,north goa,bardez,bardez,Pomburpa,Pomburpa Station,15.55926,73.86761,2022,5,Pre-monsoon,4.0,NULL,Safe,NULL,NULL,NULL,NULL,NULL,NULL,unmatched,0.0,valid,Pre-monsoon_WL_1994-2025.pdf,NULL,NULL,local_pdf,official_web_fallback,official_web_fallback,pdf_text,NULL,NULL,1297,NULL,NULL,https://cgwb.gov.in
goa,north goa,bardez,bardez,Salvador-Do-Mundo (Ct),Salvador-Do-Mundo (Ct) Station,15.5376,73.86869,2022,5,Pre-monsoon,3.8,NULL,Safe,NULL,NULL,NULL,NULL,NULL,NULL,unmatched,0.0,valid,Pre-monsoon_WL_1994-2025.pdf,NULL,NULL,local_pdf,official_web_fallback,official_web_fallback,pdf_text,NULL,NULL,1297,NULL,NULL,https://cgwb.gov.in
goa,north goa,bardez,bardez,Shivoli Brahmanwada,Shivoli Brahmanwada Station,15.62358,73.76681,2022,5,Pre-monsoon,3.5,NULL,Safe,NULL,NULL,NULL,NULL,NULL,NULL,unmatched,0.0,valid,Pre-monsoon_WL_1994-2025.pdf,NULL,NULL,local_pdf,official_web_fallback,official_web_fallback,pdf_text,NULL,NULL,1297,NULL,NULL,https://cgwb.gov.in
goa,north goa,bardez,bardez,Sircaim,Sircaim Station,15.62689,73.87588,2022,5,Pre-monsoon,3.9,NULL,Safe,NULL,NULL,NULL,NULL,NULL,NULL,unmatched,0.0,valid,Pre-monsoon_WL_1994-2025.pdf,NULL,NULL,local_pdf,official_web_fallback,official_web_fallback,pdf_text,NULL,NULL,1297,NULL,NULL,https://cgwb.gov.in
goa,north goa,bicholim,bicholim,Adwalpale,Adwalpale Station,15.63986,73.89602,2022,5,Pre-monsoon,6.4,NULL,Safe,NULL,NULL,NULL,NULL,NULL,NULL,unmatched,0.0,valid,Pre-monsoon_WL_1994-2025.pdf,NULL,NULL,local_pdf,official_web_fallback,official_web_fallback,pdf_text,NULL,NULL,1297,NULL,NULL,https://cgwb.gov.in
goa,north goa,bicholim,bicholim,Mulgao,Mulgao Station,15.61711,73.92075,2022,5,Pre-monsoon,3.9,NULL,Safe,NULL,NULL,NULL,NULL,NULL,NULL,unmatched,0.0,valid,Pre-monsoon_WL_1994-2025.pdf,NULL,NULL,local_pdf,official_web_fallback,official_web_fallback,pdf_text,NULL,NULL,1297,NULL,NULL,https://cgwb.gov.in
goa,north goa,bicholim,bicholim,Salem,Salem Station,15.68771,73.92681,2022,5,Pre-monsoon,3.6,NULL,Safe,NULL,NULL,NULL,NULL,NULL,NULL,unmatched,0.0,valid,Pre-monsoon_WL_1994-2025.pdf,NULL,NULL,local_pdf,official_web_fallback,official_web_fallback,pdf_text,NULL,NULL,1297,NULL,NULL,https://cgwb.gov.in
goa,north goa,pernem,pernem,Corgao,Corgao Station,15.70939,73.75176,2022,5,Pre-monsoon,5.5,NULL,Safe,NULL,NULL,NULL,NULL,NULL,NULL,unmatched,0.0,valid,Pre-monsoon_WL_1994-2025.pdf,NULL,NULL,local_pdf,official_web_fallback,official_web_fallback,pdf_text,NULL,NULL,1297,NULL,NULL,https://cgwb.gov.in
goa,north goa,pernem,pernem,Haspur,Haspur Station,15.73698,73.90359,2022,5,Pre-monsoon,5.3,NULL,Safe,NULL,NULL,NULL,NULL,NULL,NULL,unmatched,0.0,valid,Pre-monsoon_WL_1994-2025.pdf,NULL,NULL,local_pdf,official_web_fallback,official_web_fallback,pdf_text,NULL,NULL,1297,NULL,NULL,https://cgwb.gov.in
goa,north goa,pernem,pernem,Morji,Morji Station,15.63598,73.73963,2022,5,Pre-monsoon,2.2,NULL,Safe,NULL,NULL,NULL,NULL,NULL,NULL,unmatched,0.0,valid,Pre-monsoon_WL_1994-2025.pdf,NULL,NULL,local_pdf,official_web_fallback,official_web_fallback,pdf_text,NULL,NULL,1297,NULL,NULL,https://cgwb.gov.in
goa,north goa,pernem,pernem,Nagjhar,Nagjhar Station,15.70843,73.85289,2022,5,Pre-monsoon,7.9,NULL,Safe,NULL,NULL,NULL,NULL,NULL,NULL,unmatched,0.0,valid,Pre-monsoon_WL_1994-2025.pdf,NULL,NULL,local_pdf,official_web_fallback,official_web_fallback,pdf_text,NULL,NULL,1297,NULL,NULL,https://cgwb.gov.in
goa,north goa,pernem,pernem,Pernem,Pernem Station,15.7176,73.79806,2022,5,Pre-monsoon,4.7,NULL,Safe,NULL,NULL,NULL,NULL,NULL,NULL,unmatched,0.0,valid,Pre-monsoon_WL_1994-2025.pdf,NULL,NULL,local_pdf,official_web_fallback,official_web_fallback,pdf_text,NULL,NULL,1297,NULL,NULL,https://cgwb.gov.in
goa,north goa,pernem,pernem,Varconda,Varconda Station,15.75465,73.83533,2022,5,Pre-monsoon,4.3,NULL,Safe,NULL,NULL,NULL,NULL,NULL,NULL,unmatched,0.0,valid,Pre-monsoon_WL_1994-2025.pdf,NULL,NULL,local_pdf,official_web_fallback,official_web_fallback,pdf_text,NULL,NULL,1297,NULL,NULL,https://cgwb.gov.in
goa,north goa,satari,satari,Bhamber Nanoda Cross,Bhamber Nanoda Cross Station,15.58778,74.19123,2022,5,Pre-monsoon,6.4,NULL,Safe,NULL,NULL,NULL,NULL,NULL,NULL,unmatched,0.0,valid,Pre-monsoon_WL_1994-2025.pdf,NULL,NULL,local_pdf,official_web_fallback,official_web_fallback,pdf_text,NULL,NULL,1297,NULL,NULL,https://cgwb.gov.in
goa,north goa,satari,satari,Buimpal,Buimpal Station,15.53936,74.08822,2022,5,Pre-monsoon,4.8,NULL,Safe,NULL,NULL,NULL,NULL,NULL,NULL,unmatched,0.0,valid,Pre-monsoon_WL_1994-2025.pdf,NULL,NULL,local_pdf,official_web_fallback,official_web_fallback,pdf_text,NULL,NULL,1297,NULL,NULL,https://cgwb.gov.in
goa,north goa,satari,satari,Charayode,Charayode Station,15.62783,74.13084,2022,5,Pre-monsoon,5.1,NULL,Safe,NULL,NULL,NULL,NULL,NULL,NULL,unmatched,0.0,valid,Pre-monsoon_WL_1994-2025.pdf,NULL,NULL,local_pdf,official_web_fallback,official_web_fallback,pdf_text,NULL,NULL,1297,NULL,NULL,https://cgwb.gov.in
goa,north goa,satari,satari,Dhatwado Vante,Dhatwado Vante Station,15.49613,74.09753,2022,5,Pre-monsoon,6.9,NULL,Safe,NULL,NULL,NULL,NULL,NULL,NULL,unmatched,0.0,valid,Pre-monsoon_WL_1994-2025.pdf,NULL,NULL,local_pdf,official_web_fallback,official_web_fallback,pdf_text,NULL,NULL,1297,NULL,NULL,https://cgwb.gov.in
goa,north goa,satari,satari,Honda,Honda Station,15.54722,74.05079,2022,5,Pre-monsoon,4.4,NULL,Safe,NULL,NULL,NULL,NULL,NULL,NULL,unmatched,0.0,valid,Pre-monsoon_WL_1994-2025.pdf,NULL,NULL,local_pdf,official_web_fallback,official_web_fallback,pdf_text,NULL,NULL,1297,NULL,NULL,https://cgwb.gov.in
goa,north goa,satari,satari,Khadki(Harijanwada),Khadki(Harijanwada) Station,15.50253,74.13964,2022,5,Pre-monsoon,10.6,NULL,Safe,NULL,NULL,NULL,NULL,NULL,NULL,unmatched,0.0,valid,Pre-monsoon_WL_1994-2025.pdf,NULL,NULL,local_pdf,official_web_fallback,official_web_fallback,pdf_text,NULL,NULL,1297,NULL,NULL,https://cgwb.gov.in
goa,north goa,satari,satari,Khotodem,Khotodem Station,15.48277,74.13695,2022,5,Pre-monsoon,7.1,NULL,Safe,NULL,NULL,NULL,NULL,NULL,NULL,unmatched,0.0,valid,Pre-monsoon_WL_1994-2025.pdf,NULL,NULL,local_pdf,official_web_fallback,official_web_fallback,pdf_text,NULL,NULL,1297,NULL,NULL,https://cgwb.gov.in
goa,north goa,tiswadi,tiswadi,Gavalebhat Chimbel,Gavalebhat Chimbel Station,15.48944,73.8742,2022,5,Pre-monsoon,6.0,NULL,Safe,NULL,NULL,NULL,NULL,NULL,NULL,unmatched,0.0,valid,Pre-monsoon_WL_1994-2025.pdf,NULL,NULL,local_pdf,official_web_fallback,official_web_fallback,pdf_text,NULL,NULL,1297,NULL,NULL,https://cgwb.gov.in
goa,south goa,canacona,canacona,Agonda,Agonda Station,15.04152,73.99121,2022,5,Pre-monsoon,4.7,NULL,Safe,NULL,NULL,NULL,NULL,NULL,NULL,unmatched,0.0,valid,Pre-monsoon_WL_1994-2025.pdf,NULL,NULL,local_pdf,official_web_fallback,official_web_fallback,pdf_text,NULL,NULL,1297,NULL,NULL,https://cgwb.gov.in
goa,south goa,canacona,canacona,Canacona,Canacona Station,15.00716,74.05233,2022,5,Pre-monsoon,5.4,NULL,Safe,NULL,NULL,NULL,NULL,NULL,NULL,unmatched,0.0,valid,Pre-monsoon_WL_1994-2025.pdf,NULL,NULL,local_pdf,official_web_fallback,official_web_fallback,pdf_text,NULL,NULL,1297,NULL,NULL,https://cgwb.gov.in
goa,south goa,canacona,canacona,Gulem Velipwada,Gulem Velipwada Station,15.03918,74.02939,2022,5,Pre-monsoon,4.5,NULL,Safe,NULL,NULL,NULL,NULL,NULL,NULL,unmatched,0.0,valid,Pre-monsoon_WL_1994-2025.pdf,NULL,NULL,local_pdf,official_web_fallback,official_web_fallback,pdf_text,NULL,NULL,1297,NULL,NULL,https://cgwb.gov.in
goa,south goa,canacona,canacona,Hattipal Poinguinem,Hattipal Poinguinem Station,14.98407,74.10869,2022,5,Pre-monsoon,8.1,NULL,Safe,NULL,NULL,NULL,NULL,NULL,NULL,unmatched,0.0,valid,Pre-monsoon_WL_1994-2025.pdf,NULL,NULL,local_pdf,official_web_fallback,official_web_fallback,pdf_text,NULL,NULL,1297,NULL,NULL,https://cgwb.gov.in
goa,south goa,canacona,canacona,Mashe,Mashe Station,14.96289,74.05465,2022,5,Pre-monsoon,4.7,NULL,Safe,NULL,NULL,NULL,NULL,NULL,NULL,unmatched,0.0,valid,Pre-monsoon_WL_1994-2025.pdf,NULL,NULL,local_pdf,official_web_fallback,official_web_fallback,pdf_text,NULL,NULL,1297,NULL,NULL,https://cgwb.gov.in
goa,south goa,canacona,canacona,Polem,Polem Station,14.91289,74.08455,2022,5,Pre-monsoon,4.0,NULL,Safe,NULL,NULL,NULL,NULL,NULL,NULL,unmatched,0.0,valid,Pre-monsoon_WL_1994-2025.pdf,NULL,NULL,local_pdf,official_web_fallback,official_web_fallback,pdf_text,NULL,NULL,1298,NULL,NULL,https://cgwb.gov.in
goa,south goa,canacona,canacona,Shrishtal Gaondongar,Shrishtal Gaondongar Station,15.03725,74.11851,2022,5,Pre-monsoon,5.9,NULL,Safe,NULL,NULL,NULL,NULL,NULL,NULL,unmatched,0.0,valid,Pre-monsoon_WL_1994-2025.pdf,NULL,NULL,local_pdf,official_web_fallback,official_web_fallback,pdf_text,NULL,NULL,1298,NULL,NULL,https://cgwb.gov.in
goa,south goa,canacona,canacona,Yedda,Yedda Station,14.99803,74.19071,2022,5,Pre-monsoon,5.0,NULL,Safe,NULL,NULL,NULL,NULL,NULL,NULL,unmatched,0.0,valid,Pre-monsoon_WL_1994-2025.pdf,NULL,NULL,local_pdf,official_web_fallback,official_web_fallback,pdf_text,NULL,NULL,1298,NULL,NULL,https://cgwb.gov.in
goa,south goa,dharbandora,dharbandora,Bolkharnem,Bolkharnem Station,15.42964,74.19235,2022,5,Pre-monsoon,4.5,NULL,Safe,NULL,NULL,NULL,NULL,NULL,NULL,unmatched,0.0,valid,Pre-monsoon_WL_1994-2025.pdf,NULL,NULL,local_pdf,official_web_fallback,official_web_fallback,pdf_text,NULL,NULL,1298,NULL,NULL,https://cgwb.gov.in
goa,south goa,dharbandora,dharbandora,Colem,Colem Station,15.33497,74.24375,2022,5,Pre-monsoon,9.5,NULL,Safe,NULL,NULL,NULL,NULL,NULL,NULL,unmatched,0.0,valid,Pre-monsoon_WL_1994-2025.pdf,NULL,NULL,local_pdf,official_web_fallback,official_web_fallback,pdf_text,NULL,NULL,1298,NULL,NULL,https://cgwb.gov.in
goa,south goa,dharbandora,dharbandora,Molem,Molem Station,15.36379,74.17534,2022,5,Pre-monsoon,5.3,NULL,Safe,NULL,NULL,NULL,NULL,NULL,NULL,unmatched,0.0,valid,Pre-monsoon_WL_1994-2025.pdf,NULL,NULL,local_pdf,official_web_fallback,official_web_fallback,pdf_text,NULL,NULL,1298,NULL,NULL,https://cgwb.gov.in
goa,south goa,mormugao,mormugao,Bagmola,Bagmola Station,15.37006,73.83826,2022,5,Pre-monsoon,3.8,NULL,Safe,NULL,NULL,NULL,NULL,NULL,NULL,unmatched,0.0,valid,Pre-monsoon_WL_1994-2025.pdf,NULL,NULL,local_pdf,official_web_fallback,official_web_fallback,pdf_text,NULL,NULL,1298,NULL,NULL,https://cgwb.gov.in
goa,south goa,ponda,ponda,Borim (Ct),Borim (Ct) Station,15.35417,74.0016,2022,5,Pre-monsoon,2.5,NULL,Safe,NULL,NULL,NULL,NULL,NULL,NULL,unmatched,0.0,valid,Pre-monsoon_WL_1994-2025.pdf,NULL,NULL,local_pdf,official_web_fallback,official_web_fallback,pdf_text,NULL,NULL,1298,NULL,NULL,https://cgwb.gov.in
goa,south goa,ponda,ponda,Kapsa,Kapsa Station,15.27344,74.1006,2022,5,Pre-monsoon,6.5,NULL,Safe,NULL,NULL,NULL,NULL,NULL,NULL,unmatched,0.0,valid,Pre-monsoon_WL_1994-2025.pdf,NULL,NULL,local_pdf,official_web_fallback,official_web_fallback,pdf_text,NULL,NULL,1298,NULL,NULL,https://cgwb.gov.in
goa,south goa,ponda,ponda,Kundel Dassolwada,Kundel Dassolwada Station,15.45287,73.95255,2022,5,Pre-monsoon,2.3,NULL,Safe,NULL,NULL,NULL,NULL,NULL,NULL,unmatched,0.0,valid,Pre-monsoon_WL_1994-2025.pdf,NULL,NULL,local_pdf,official_web_fallback,official_web_fallback,pdf_text,NULL,NULL,1298,NULL,NULL,https://cgwb.gov.in
goa,south goa,ponda,ponda,Mankem,Mankem Station,15.30549,74.04834,2022,5,Pre-monsoon,4.5,NULL,Safe,NULL,NULL,NULL,NULL,NULL,NULL,unmatched,0.0,valid,Pre-monsoon_WL_1994-2025.pdf,NULL,NULL,local_pdf,official_web_fallback,official_web_fallback,pdf_text,NULL,NULL,1298,NULL,NULL,https://cgwb.gov.in
goa,south goa,ponda,ponda,Shiroda,Shiroda Station,15.32068,74.03502,2022,5,Pre-monsoon,7.7,NULL,Safe,NULL,NULL,NULL,NULL,NULL,NULL,unmatched,0.0,valid,Pre-monsoon_WL_1994-2025.pdf,NULL,NULL,local_pdf,official_web_fallback,official_web_fallback,pdf_text,NULL,NULL,1298,NULL,NULL,https://cgwb.gov.in
goa,south goa,quepem,quepem,Ghadiawada,Ghadiawada Station,15.23894,74.11303,2022,5,Pre-monsoon,2.7,NULL,Safe,NULL,NULL,NULL,NULL,NULL,NULL,unmatched,0.0,valid,Pre-monsoon_WL_1994-2025.pdf,NULL,NULL,local_pdf,official_web_fallback,official_web_fallback,pdf_text,NULL,NULL,1298,NULL,NULL,https://cgwb.gov.in
goa,south goa,quepem,quepem,Malkarnem,Malkarnem Station,15.18693,74.12549,2022,5,Pre-monsoon,6.4,NULL,Safe,NULL,NULL,NULL,NULL,NULL,NULL,unmatched,0.0,valid,Pre-monsoon_WL_1994-2025.pdf,NULL,NULL,local_pdf,official_web_fallback,official_web_fallback,pdf_text,NULL,NULL,1298,NULL,NULL,https://cgwb.gov.in
goa,south goa,quepem,quepem,Padi,Padi Station,15.09291,74.0306,2022,5,Pre-monsoon,12.8,NULL,Safe,NULL,NULL,NULL,NULL,NULL,NULL,unmatched,0.0,valid,Pre-monsoon_WL_1994-2025.pdf,NULL,NULL,local_pdf,official_web_fallback,official_web_fallback,pdf_text,NULL,NULL,1298,NULL,NULL,https://cgwb.gov.in
goa,south goa,salcete,salcete,Barodi Velni Betul,Barodi Velni Betul Station,15.14996,73.96082,2022,5,Pre-monsoon,2.5,NULL,Safe,NULL,NULL,NULL,NULL,NULL,NULL,unmatched,0.0,valid,Pre-monsoon_WL_1994-2025.pdf,NULL,NULL,local_pdf,official_web_fallback,official_web_fallback,pdf_text,NULL,NULL,1298,NULL,NULL,https://cgwb.gov.in
goa,south goa,salcete,salcete,Betalbhatti,Betalbhatti Station,15.30071,73.92006,2022,5,Pre-monsoon,6.4,NULL,Safe,NULL,NULL,NULL,NULL,NULL,NULL,unmatched,0.0,valid,Pre-monsoon_WL_1994-2025.pdf,NULL,NULL,local_pdf,official_web_fallback,official_web_fallback,pdf_text,NULL,NULL,1298,NULL,NULL,https://cgwb.gov.in
goa,south goa,salcete,salcete,Cuncolim,Cuncolim Station,15.18013,74.00004,2022,5,Pre-monsoon,2.2,NULL,Safe,NULL,NULL,NULL,NULL,NULL,NULL,unmatched,0.0,valid,Pre-monsoon_WL_1994-2025.pdf,NULL,NULL,local_pdf,official_web_fallback,official_web_fallback,pdf_text,NULL,NULL,1298,NULL,NULL,https://cgwb.gov.in
goa,south goa,salcete,salcete,Kaveslium,Kaveslium Station,15.18555,73.94721,2022,5,Pre-monsoon,4.0,NULL,Safe,NULL,NULL,NULL,NULL,NULL,NULL,unmatched,0.0,valid,Pre-monsoon_WL_1994-2025.pdf,NULL,NULL,local_pdf,official_web_fallback,official_web_fallback,pdf_text,NULL,NULL,1298,NULL,NULL,https://cgwb.gov.in
goa,south goa,salcete,salcete,Majorda Bpada Curilo,Majorda Bpada Curilo Station,15.32117,73.91711,2022,5,Pre-monsoon,5.6,NULL,Safe,NULL,NULL,NULL,NULL,NULL,NULL,unmatched,0.0,valid,Pre-monsoon_WL_1994-2025.pdf,NULL,NULL,local_pdf,official_web_fallback,official_web_fallback,pdf_text,NULL,NULL,1298,NULL,NULL,https://cgwb.gov.in
goa,south goa,salcete,salcete,Navelim (Ct),Navelim (Ct) Station,15.25444,73.96722,2022,5,Pre-monsoon,11.6,NULL,Safe,NULL,NULL,NULL,NULL,NULL,NULL,unmatched,0.0,valid,Pre-monsoon_WL_1994-2025.pdf,NULL,NULL,local_pdf,official_web_fallback,official_web_fallback,pdf_text,NULL,NULL,1298,NULL,NULL,https://cgwb.gov.in
goa,south goa,salcete,salcete,Panchwadi,Panchwadi Station,15.2836,74.09517,2022,5,Pre-monsoon,7.8,NULL,Safe,NULL,NULL,NULL,NULL,NULL,NULL,unmatched,0.0,valid,Pre-monsoon_WL_1994-2025.pdf,NULL,NULL,local_pdf,official_web_fallback,official_web_fallback,pdf_text,NULL,NULL,1298,NULL,NULL,https://cgwb.gov.in
goa,south goa,sanguem,sanguem,Bati,Bati Station,15.13176,74.22645,2022,5,Pre-monsoon,5.9,NULL,Safe,NULL,NULL,NULL,NULL,NULL,NULL,unmatched,0.0,valid,Pre-monsoon_WL_1994-2025.pdf,NULL,NULL,local_pdf,official_web_fallback,official_web_fallback,pdf_text,NULL,NULL,1298,NULL,NULL,https://cgwb.gov.in
goa,south goa,sanguem,sanguem,Deulwada Kolamba,Deulwada Kolamba Station,15.15021,74.13099,2022,5,Pre-monsoon,4.1,NULL,Safe,NULL,NULL,NULL,NULL,NULL,NULL,unmatched,0.0,valid,Pre-monsoon_WL_1994-2025.pdf,NULL,NULL,local_pdf,official_web_fallback,official_web_fallback,pdf_text,NULL,NULL,1298,NULL,NULL,https://cgwb.gov.in
goa,south goa,sanguem,sanguem,Guddemal,Guddemal Station,15.28545,74.12969,2022,5,Pre-monsoon,11.6,NULL,Safe,NULL,NULL,NULL,NULL,NULL,NULL,unmatched,0.0,valid,Pre-monsoon_WL_1994-2025.pdf,NULL,NULL,local_pdf,official_web_fallback,official_web_fallback,pdf_text,NULL,NULL,1298,NULL,NULL,https://cgwb.gov.in
goa,south goa,sanguem,sanguem,Jambavli,Jambavli Station,15.18658,74.09529,2022,5,Pre-monsoon,9.9,NULL,Safe,NULL,NULL,NULL,NULL,NULL,NULL,unmatched,0.0,valid,Pre-monsoon_WL_1994-2025.pdf,NULL,NULL,local_pdf,official_web_fallback,official_web_fallback,pdf_text,NULL,NULL,1298,NULL,NULL,https://cgwb.gov.in
goa,south goa,sanguem,sanguem,Kalay,Kalay Station,15.2885,74.18007,2022,5,Pre-monsoon,12.2,NULL,Safe,NULL,NULL,NULL,NULL,NULL,NULL,unmatched,0.0,valid,Pre-monsoon_WL_1994-2025.pdf,NULL,NULL,local_pdf,official_web_fallback,official_web_fallback,pdf_text,NULL,NULL,1298,NULL,NULL,https://cgwb.gov.in
goa,south goa,sanguem,sanguem,Rivona,Rivona Station,15.16415,74.10671,2022,5,Pre-monsoon,9.0,NULL,Safe,NULL,NULL,NULL,NULL,NULL,NULL,unmatched,0.0,valid,Pre-monsoon_WL_1994-2025.pdf,NULL,NULL,local_pdf,official_web_fallback,official_web_fallback,pdf_text,NULL,NULL,1298,NULL,NULL,https://cgwb.gov.in
goa,south goa,sanguem,sanguem,Vadam,Vadam Station,15.13063,74.20754,2022,5,Pre-monsoon,4.6,NULL,Safe,NULL,NULL,NULL,NULL,NULL,NULL,unmatched,0.0,valid,Pre-monsoon_WL_1994-2025.pdf,NULL,NULL,local_pdf,official_web_fallback,official_web_fallback,pdf_text,NULL,NULL,1298,NULL,NULL,https://cgwb.gov.in
goa,south goa,sanguem,sanguem,Vichundrem,Vichundrem Station,15.10364,74.20318,2022,5,Pre-monsoon,8.0,NULL,Safe,NULL,NULL,NULL,NULL,NULL,NULL,unmatched,0.0,valid,Pre-monsoon_WL_1994-2025.pdf,NULL,NULL,local_pdf,official_web_fallback,official_web_fallback,pdf_text,NULL,NULL,1298,NULL,NULL,https://cgwb.gov.in
goa,north goa,bardez,bardez,Alto Betim Porvorim,Alto Betim Porvorim Station,15.52605,73.82982,2019,5,Pre-monsoon,10.5,NULL,Safe,NULL,NULL,NULL,NULL,NULL,NULL,unmatched,0.0,valid,Pre-monsoon_WL_1994-2025.pdf,NULL,NULL,local_pdf,official_web_fallback,official_web_fallback,pdf_text,NULL,NULL,2252,NULL,NULL,https://cgwb.gov.in
goa,north goa,bardez,bardez,Amberem,Amberem Station,15.74045,73.82449,2019,5,Pre-monsoon,7.1,NULL,Safe,NULL,NULL,NULL,NULL,NULL,NULL,unmatched,0.0,valid,Pre-monsoon_WL_1994-2025.pdf,NULL,NULL,local_pdf,official_web_fallback,official_web_fallback,pdf_text,NULL,NULL,2252,NULL,NULL,https://cgwb.gov.in
goa,north goa,bardez,bardez,Anjuna (Ct),Anjuna (Ct) Station,15.5842,73.73828,2019,5,Pre-monsoon,14.0,NULL,Safe,NULL,NULL,NULL,NULL,NULL,NULL,unmatched,0.0,valid,Pre-monsoon_WL_1994-2025.pdf,NULL,NULL,local_pdf,official_web_fallback,official_web_fallback,pdf_text,NULL,NULL,2252,NULL,NULL,https://cgwb.gov.in
goa,north goa,bardez,bardez,Bastora,Bastora Station,15.51596,73.83858,2019,5,Pre-monsoon,2.0,NULL,Safe,NULL,NULL,NULL,NULL,NULL,NULL,unmatched,0.0,valid,Pre-monsoon_WL_1994-2025.pdf,NULL,NULL,local_pdf,official_web_fallback,official_web_fallback,pdf_text,NULL,NULL,2252,NULL,NULL,https://cgwb.gov.in
goa,north goa,bardez,bardez,Calangute (Ct),Calangute (Ct) Station,15.54612,73.75861,2019,5,Pre-monsoon,8.9,NULL,Safe,NULL,NULL,NULL,NULL,NULL,NULL,unmatched,0.0,valid,Pre-monsoon_WL_1994-2025.pdf,NULL,NULL,local_pdf,official_web_fallback,official_web_fallback,pdf_text,NULL,NULL,2252,NULL,NULL,https://cgwb.gov.in
goa,north goa,bardez,bardez,Colvale (Ct),Colvale (Ct) Station,15.64402,73.83727,2019,5,Pre-monsoon,15.0,NULL,Safe,NULL,NULL,NULL,NULL,NULL,NULL,unmatched,0.0,valid,Pre-monsoon_WL_1994-2025.pdf,NULL,NULL,local_pdf,official_web_fallback,official_web_fallback,pdf_text,NULL,NULL,2252,NULL,NULL,https://cgwb.gov.in
goa,north goa,bardez,bardez,Mapuca,Mapuca Station,15.61013,73.82434,2019,5,Pre-monsoon,4.2,NULL,Safe,NULL,NULL,NULL,NULL,NULL,NULL,unmatched,0.0,valid,Pre-monsoon_WL_1994-2025.pdf,NULL,NULL,local_pdf,official_web_fallback,official_web_fallback,pdf_text,NULL,NULL,2252,NULL,NULL,https://cgwb.gov.in
goa,north goa,bardez,bardez,Olaulim,Olaulim Station,15.56958,73.86345,2019,5,Pre-monsoon,7.3,NULL,Safe,NULL,NULL,NULL,NULL,NULL,NULL,unmatched,0.0,valid,Pre-monsoon_WL_1994-2025.pdf,NULL,NULL,local_pdf,official_web_fallback,official_web_fallback,pdf_text,NULL,NULL,2252,NULL,NULL,https://cgwb.gov.in
goa,north goa,bardez,bardez,Parra,Parra Station,15.57282,73.79279,2019,5,Pre-monsoon,2.6,NULL,Safe,NULL,NULL,NULL,NULL,NULL,NULL,unmatched,0.0,valid,Pre-monsoon_WL_1994-2025.pdf,NULL,NULL,local_pdf,official_web_fallback,official_web_fallback,pdf_text,NULL,NULL,2252,NULL,NULL,https://cgwb.gov.in
goa,north goa,bardez,bardez,Pirna,Pirna Station,15.66884,73.8818,2019,5,Pre-monsoon,5.0,NULL,Safe,NULL,NULL,NULL,NULL,NULL,NULL,unmatched,0.0,valid,Pre-monsoon_WL_1994-2025.pdf,NULL,NULL,local_pdf,official_web_fallback,official_web_fallback,pdf_text,NULL,NULL,2252,NULL,NULL,https://cgwb.gov.in
goa,north goa,bardez,bardez,Pomburpa,Pomburpa Station,15.55926,73.86761,2019,5,Pre-monsoon,3.3,NULL,Safe,NULL,NULL,NULL,NULL,NULL,NULL,unmatched,0.0,valid,Pre-monsoon_WL_1994-2025.pdf,NULL,NULL,local_pdf,official_web_fallback,official_web_fallback,pdf_text,NULL,NULL,2252,NULL,NULL,https://cgwb.gov.in
goa,north goa,bardez,bardez,Shivoli Brahmanwada,Shivoli Brahmanwada Station,15.62358,73.76681,2019,5,Pre-monsoon,3.5,NULL,Safe,NULL,NULL,NULL,NULL,NULL,NULL,unmatched,0.0,valid,Pre-monsoon_WL_1994-2025.pdf,NULL,NULL,local_pdf,official_web_fallback,official_web_fallback,pdf_text,NULL,NULL,2252,NULL,NULL,https://cgwb.gov.in
goa,north goa,bardez,bardez,Sircaim,Sircaim Station,15.62689,73.87588,2019,5,Pre-monsoon,3.5,NULL,Safe,NULL,NULL,NULL,NULL,NULL,NULL,unmatched,0.0,valid,Pre-monsoon_WL_1994-2025.pdf,NULL,NULL,local_pdf,official_web_fallback,official_web_fallback,pdf_text,NULL,NULL,2252,NULL,NULL,https://cgwb.gov.in
goa,north goa,bicholim,bicholim,Adwalpale,Adwalpale Station,15.63986,73.89602,2019,5,Pre-monsoon,5.3,NULL,Safe,NULL,NULL,NULL,NULL,NULL,NULL,unmatched,0.0,valid,Pre-monsoon_WL_1994-2025.pdf,NULL,NULL,local_pdf,official_web_fallback,official_web_fallback,pdf_text,NULL,NULL,2252,NULL,NULL,https://cgwb.gov.in
goa,north goa,bicholim,bicholim,Jambhul Batt,Jambhul Batt Station,15.58041,73.92604,2019,5,Pre-monsoon,3.4,NULL,Safe,NULL,NULL,NULL,NULL,NULL,NULL,unmatched,0.0,valid,Pre-monsoon_WL_1994-2025.pdf,NULL,NULL,local_pdf,official_web_fallback,official_web_fallback,pdf_text,NULL,NULL,2252,NULL,NULL,https://cgwb.gov.in
goa,north goa,bicholim,bicholim,Mulgao,Mulgao Station,15.61711,73.92075,2019,5,Pre-monsoon,3.6,NULL,Safe,NULL,NULL,NULL,NULL,NULL,NULL,unmatched,0.0,valid,Pre-monsoon_WL_1994-2025.pdf,NULL,NULL,local_pdf,official_web_fallback,official_web_fallback,pdf_text,NULL,NULL,2252,NULL,NULL,https://cgwb.gov.in
goa,north goa,bicholim,bicholim,Salem,Salem Station,15.68771,73.92681,2019,5,Pre-monsoon,2.8,NULL,Safe,NULL,NULL,NULL,NULL,NULL,NULL,unmatched,0.0,valid,Pre-monsoon_WL_1994-2025.pdf,NULL,NULL,local_pdf,official_web_fallback,official_web_fallback,pdf_text,NULL,NULL,2252,NULL,NULL,https://cgwb.gov.in
goa,north goa,pernem,pernem,Hasaravanni Vaipal,Hasaravanni Vaipal Station,15.73251,73.89959,2019,5,Pre-monsoon,2.2,NULL,Safe,NULL,NULL,NULL,NULL,NULL,NULL,unmatched,0.0,valid,Pre-monsoon_WL_1994-2025.pdf,NULL,NULL,local_pdf,official_web_fallback,official_web_fallback,pdf_text,NULL,NULL,2252,NULL,NULL,https://cgwb.gov.in
goa,north goa,pernem,pernem,Haspur,Haspur Station,15.73698,73.90359,2019,5,Pre-monsoon,7.7,NULL,Safe,NULL,NULL,NULL,NULL,NULL,NULL,unmatched,0.0,valid,Pre-monsoon_WL_1994-2025.pdf,NULL,NULL,local_pdf,official_web_fallback,official_web_fallback,pdf_text,NULL,NULL,2252,NULL,NULL,https://cgwb.gov.in
goa,north goa,pernem,pernem,Morji,Morji Station,15.63598,73.73963,2019,5,Pre-monsoon,2.5,NULL,Safe,NULL,NULL,NULL,NULL,NULL,NULL,unmatched,0.0,valid,Pre-monsoon_WL_1994-2025.pdf,NULL,NULL,local_pdf,official_web_fallback,official_web_fallback,pdf_text,NULL,NULL,2252,NULL,NULL,https://cgwb.gov.in
goa,north goa,pernem,pernem,Nagjhar,Nagjhar Station,15.70843,73.85289,2019,5,Pre-monsoon,7.2,NULL,Safe,NULL,NULL,NULL,NULL,NULL,NULL,unmatched,0.0,valid,Pre-monsoon_WL_1994-2025.pdf,NULL,NULL,local_pdf,official_web_fallback,official_web_fallback,pdf_text,NULL,NULL,2252,NULL,NULL,https://cgwb.gov.in
goa,north goa,pernem,pernem,Pernem,Pernem Station,15.7176,73.79806,2019,5,Pre-monsoon,2.8,NULL,Safe,NULL,NULL,NULL,NULL,NULL,NULL,unmatched,0.0,valid,Pre-monsoon_WL_1994-2025.pdf,NULL,NULL,local_pdf,official_web_fallback,official_web_fallback,pdf_text,NULL,NULL,2252,NULL,NULL,https://cgwb.gov.in
goa,north goa,pernem,pernem,Sawanthawada,Sawanthawada Station,15.68082,73.75108,2019,5,Pre-monsoon,4.3,NULL,Safe,NULL,NULL,NULL,NULL,NULL,NULL,unmatched,0.0,valid,Pre-monsoon_WL_1994-2025.pdf,NULL,NULL,local_pdf,official_web_fallback,official_web_fallback,pdf_text,NULL,NULL,2252,NULL,NULL,https://cgwb.gov.in
goa,north goa,pernem,pernem,Varconda,Varconda Station,15.75465,73.83533,2019,5,Pre-monsoon,3.7,NULL,Safe,NULL,NULL,NULL,NULL,NULL,NULL,unmatched,0.0,valid,Pre-monsoon_WL_1994-2025.pdf,NULL,NULL,local_pdf,official_web_fallback,official_web_fallback,pdf_text,NULL,NULL,2252,NULL,NULL,https://cgwb.gov.in
goa,north goa,satari,satari,Bayalwadikeri,Bayalwadikeri Station,15.61128,74.067,2019,5,Pre-monsoon,2.0,NULL,Safe,NULL,NULL,NULL,NULL,NULL,NULL,unmatched,0.0,valid,Pre-monsoon_WL_1994-2025.pdf,NULL,NULL,local_pdf,official_web_fallback,official_web_fallback,pdf_text,NULL,NULL,2252,NULL,NULL,https://cgwb.gov.in
goa,north goa,satari,satari,Bhamber Nanoda Cross,Bhamber Nanoda Cross Station,15.58778,74.19123,2019,5,Pre-monsoon,4.3,NULL,Safe,NULL,NULL,NULL,NULL,NULL,NULL,unmatched,0.0,valid,Pre-monsoon_WL_1994-2025.pdf,NULL,NULL,local_pdf,official_web_fallback,official_web_fallback,pdf_text,NULL,NULL,2252,NULL,NULL,https://cgwb.gov.in
goa,north goa,satari,satari,Buimpal,Buimpal Station,15.53936,74.08822,2019,5,Pre-monsoon,5.9,NULL,Safe,NULL,NULL,NULL,NULL,NULL,NULL,unmatched,0.0,valid,Pre-monsoon_WL_1994-2025.pdf,NULL,NULL,local_pdf,official_web_fallback,official_web_fallback,pdf_text,NULL,NULL,2252,NULL,NULL,https://cgwb.gov.in
goa,north goa,satari,satari,Charayode,Charayode Station,15.62783,74.13084,2019,5,Pre-monsoon,6.0,NULL,Safe,NULL,NULL,NULL,NULL,NULL,NULL,unmatched,0.0,valid,Pre-monsoon_WL_1994-2025.pdf,NULL,NULL,local_pdf,official_web_fallback,official_web_fallback,pdf_text,NULL,NULL,2252,NULL,NULL,https://cgwb.gov.in
goa,north goa,satari,satari,Honda,Honda Station,15.54722,74.05079,2019,5,Pre-monsoon,3.7,NULL,Safe,NULL,NULL,NULL,NULL,NULL,NULL,unmatched,0.0,valid,Pre-monsoon_WL_1994-2025.pdf,NULL,NULL,local_pdf,official_web_fallback,official_web_fallback,pdf_text,NULL,NULL,2252,NULL,NULL,https://cgwb.gov.in
goa,north goa,satari,satari,Khotodem,Khotodem Station,15.48277,74.13695,2019,5,Pre-monsoon,6.0,NULL,Safe,NULL,NULL,NULL,NULL,NULL,NULL,unmatched,0.0,valid,Pre-monsoon_WL_1994-2025.pdf,NULL,NULL,local_pdf,official_web_fallback,official_web_fallback,pdf_text,NULL,NULL,2252,NULL,NULL,https://cgwb.gov.in
goa,north goa,satari,satari,Morlem,Morlem Station,15.59397,74.04632,2019,5,Pre-monsoon,3.9,NULL,Safe,NULL,NULL,NULL,NULL,NULL,NULL,unmatched,0.0,valid,Pre-monsoon_WL_1994-2025.pdf,NULL,NULL,local_pdf,official_web_fallback,official_web_fallback,pdf_text,NULL,NULL,2252,NULL,NULL,https://cgwb.gov.in
goa,north goa,satari,satari,Nagargao,Nagargao Station,15.56158,74.1632,2019,5,Pre-monsoon,7.5,NULL,Safe,NULL,NULL,NULL,NULL,NULL,NULL,unmatched,0.0,valid,Pre-monsoon_WL_1994-2025.pdf,NULL,NULL,local_pdf,official_web_fallback,official_web_fallback,pdf_text,NULL,NULL,2252,NULL,NULL,https://cgwb.gov.in
goa,north goa,satari,satari,Valpoi,Valpoi Station,15.53301,74.13723,2019,5,Pre-monsoon,6.1,NULL,Safe,NULL,NULL,NULL,NULL,NULL,NULL,unmatched,0.0,valid,Pre-monsoon_WL_1994-2025.pdf,NULL,NULL,local_pdf,official_web_fallback,official_web_fallback,pdf_text,NULL,NULL,2252,NULL,NULL,https://cgwb.gov.in
goa,north goa,tiswadi,tiswadi,Gavalebhat Chimbel,Gavalebhat Chimbel Station,15.48944,73.8742,2019,5,Pre-monsoon,5.9,NULL,Safe,NULL,NULL,NULL,NULL,NULL,NULL,unmatched,0.0,valid,Pre-monsoon_WL_1994-2025.pdf,NULL,NULL,local_pdf,official_web_fallback,official_web_fallback,pdf_text,NULL,NULL,2252,NULL,NULL,https://cgwb.gov.in
goa,south goa,canacona,canacona,Agonda,Agonda Station,15.04152,73.99121,2019,5,Pre-monsoon,4.1,NULL,Safe,NULL,NULL,NULL,NULL,NULL,NULL,unmatched,0.0,valid,Pre-monsoon_WL_1994-2025.pdf,NULL,NULL,local_pdf,official_web_fallback,official_web_fallback,pdf_text,NULL,NULL,2252,NULL,NULL,https://cgwb.gov.in
goa,south goa,canacona,canacona,Canacona,Canacona Station,15.00716,74.05233,2019,5,Pre-monsoon,4.8,NULL,Safe,NULL,NULL,NULL,NULL,NULL,NULL,unmatched,0.0,valid,Pre-monsoon_WL_1994-2025.pdf,NULL,NULL,local_pdf,official_web_fallback,official_web_fallback,pdf_text,NULL,NULL,2252,NULL,NULL,https://cgwb.gov.in
goa,south goa,canacona,canacona,Daptamol Lolien,Daptamol Lolien Station,14.94986,74.05528,2019,5,Pre-monsoon,15.0,NULL,Safe,NULL,NULL,NULL,NULL,NULL,NULL,unmatched,0.0,valid,Pre-monsoon_WL_1994-2025.pdf,NULL,NULL,local_pdf,official_web_fallback,official_web_fallback,pdf_text,NULL,NULL,2253,NULL,NULL,https://cgwb.gov.in
goa,south goa,canacona,canacona,Mashe,Mashe Station,14.96289,74.05465,2019,5,Pre-monsoon,4.6,NULL,Safe,NULL,NULL,NULL,NULL,NULL,NULL,unmatched,0.0,valid,Pre-monsoon_WL_1994-2025.pdf,NULL,NULL,local_pdf,official_web_fallback,official_web_fallback,pdf_text,NULL,NULL,2253,NULL,NULL,https://cgwb.gov.in
goa,south goa,canacona,canacona,Shrishtal Gaondongar,Shrishtal Gaondongar Station,15.03725,74.11851,2019,5,Pre-monsoon,8.1,NULL,Safe,NULL,NULL,NULL,NULL,NULL,NULL,unmatched,0.0,valid,Pre-monsoon_WL_1994-2025.pdf,NULL,NULL,local_pdf,official_web_fallback,official_web_fallback,pdf_text,NULL,NULL,2253,NULL,NULL,https://cgwb.gov.in
goa,south goa,canacona,canacona,Sristal,Sristal Station,14.99245,74.10557,2019,5,Pre-monsoon,4.9,NULL,Safe,NULL,NULL,NULL,NULL,NULL,NULL,unmatched,0.0,valid,Pre-monsoon_WL_1994-2025.pdf,NULL,NULL,local_pdf,official_web_fallback,official_web_fallback,pdf_text,NULL,NULL,2253,NULL,NULL,https://cgwb.gov.in
goa,south goa,dharbandora,dharbandora,Bolkharnem,Bolkharnem Station,15.42964,74.19235,2019,5,Pre-monsoon,7.2,NULL,Safe,NULL,NULL,NULL,NULL,NULL,NULL,unmatched,0.0,valid,Pre-monsoon_WL_1994-2025.pdf,NULL,NULL,local_pdf,official_web_fallback,official_web_fallback,pdf_text,NULL,NULL,2253,NULL,NULL,https://cgwb.gov.in
goa,south goa,dharbandora,dharbandora,Colem,Colem Station,15.33497,74.24375,2019,5,Pre-monsoon,9.0,NULL,Safe,NULL,NULL,NULL,NULL,NULL,NULL,unmatched,0.0,valid,Pre-monsoon_WL_1994-2025.pdf,NULL,NULL,local_pdf,official_web_fallback,official_web_fallback,pdf_text,NULL,NULL,2253,NULL,NULL,https://cgwb.gov.in
goa,south goa,dharbandora,dharbandora,Molem,Molem Station,15.36379,74.17534,2019,5,Pre-monsoon,5.5,NULL,Safe,NULL,NULL,NULL,NULL,NULL,NULL,unmatched,0.0,valid,Pre-monsoon_WL_1994-2025.pdf,NULL,NULL,local_pdf,official_web_fallback,official_web_fallback,pdf_text,NULL,NULL,2253,NULL,NULL,https://cgwb.gov.in
goa,south goa,mormugao,mormugao,Bagmola,Bagmola Station,15.37006,73.83826,2019,5,Pre-monsoon,3.5,NULL,Safe,NULL,NULL,NULL,NULL,NULL,NULL,unmatched,0.0,valid,Pre-monsoon_WL_1994-2025.pdf,NULL,NULL,local_pdf,official_web_fallback,official_web_fallback,pdf_text,NULL,NULL,2253,NULL,NULL,https://cgwb.gov.in
goa,south goa,mormugao,mormugao,Chicalim (Ct),Chicalim (Ct) Station,15.39818,73.83679,2019,5,Pre-monsoon,1.8,NULL,Safe,NULL,NULL,NULL,NULL,NULL,NULL,unmatched,0.0,valid,Pre-monsoon_WL_1994-2025.pdf,NULL,NULL,local_pdf,official_web_fallback,official_web_fallback,pdf_text,NULL,NULL,2253,NULL,NULL,https://cgwb.gov.in
goa,south goa,ponda,ponda,Borim (Ct),Borim (Ct) Station,15.35417,74.0016,2019,5,Pre-monsoon,5.6,NULL,Safe,NULL,NULL,NULL,NULL,NULL,NULL,unmatched,0.0,valid,Pre-monsoon_WL_1994-2025.pdf,NULL,NULL,local_pdf,official_web_fallback,official_web_fallback,pdf_text,NULL,NULL,2253,NULL,NULL,https://cgwb.gov.in
goa,south goa,ponda,ponda,Kapsa,Kapsa Station,15.27344,74.1006,2019,5,Pre-monsoon,6.8,NULL,Safe,NULL,NULL,NULL,NULL,NULL,NULL,unmatched,0.0,valid,Pre-monsoon_WL_1994-2025.pdf,NULL,NULL,local_pdf,official_web_fallback,official_web_fallback,pdf_text,NULL,NULL,2253,NULL,NULL,https://cgwb.gov.in
goa,south goa,ponda,ponda,Kundel Dassolwada,Kundel Dassolwada Station,15.45287,73.95255,2019,5,Pre-monsoon,1.7,NULL,Safe,NULL,NULL,NULL,NULL,NULL,NULL,unmatched,0.0,valid,Pre-monsoon_WL_1994-2025.pdf,NULL,NULL,local_pdf,official_web_fallback,official_web_fallback,pdf_text,NULL,NULL,2253,NULL,NULL,https://cgwb.gov.in
goa,south goa,ponda,ponda,Mankem,Mankem Station,15.30549,74.04834,2019,5,Pre-monsoon,4.5,NULL,Safe,NULL,NULL,NULL,NULL,NULL,NULL,unmatched,0.0,valid,Pre-monsoon_WL_1994-2025.pdf,NULL,NULL,local_pdf,official_web_fallback,official_web_fallback,pdf_text,NULL,NULL,2253,NULL,NULL,https://cgwb.gov.in
goa,south goa,ponda,ponda,Shiroda,Shiroda Station,15.32068,74.03502,2019,5,Pre-monsoon,6.8,NULL,Safe,NULL,NULL,NULL,NULL,NULL,NULL,unmatched,0.0,valid,Pre-monsoon_WL_1994-2025.pdf,NULL,NULL,local_pdf,official_web_fallback,official_web_fallback,pdf_text,NULL,NULL,2253,NULL,NULL,https://cgwb.gov.in
goa,south goa,quepem,quepem,Ghadiawada,Ghadiawada Station,15.23894,74.11303,2019,5,Pre-monsoon,1.8,NULL,Safe,NULL,NULL,NULL,NULL,NULL,NULL,unmatched,0.0,valid,Pre-monsoon_WL_1994-2025.pdf,NULL,NULL,local_pdf,official_web_fallback,official_web_fallback,pdf_text,NULL,NULL,2253,NULL,NULL,https://cgwb.gov.in
goa,south goa,quepem,quepem,Padi,Padi Station,15.09291,74.0306,2019,5,Pre-monsoon,13.8,NULL,Safe,NULL,NULL,NULL,NULL,NULL,NULL,unmatched,0.0,valid,Pre-monsoon_WL_1994-2025.pdf,NULL,NULL,local_pdf,official_web_fallback,official_web_fallback,pdf_text,NULL,NULL,2253,NULL,NULL,https://cgwb.gov.in
goa,south goa,quepem,quepem,Quepem,Quepem Station,15.21751,74.08075,2019,5,Pre-monsoon,2.8,NULL,Safe,NULL,NULL,NULL,NULL,NULL,NULL,unmatched,0.0,valid,Pre-monsoon_WL_1994-2025.pdf,NULL,NULL,local_pdf,official_web_fallback,official_web_fallback,pdf_text,NULL,NULL,2253,NULL,NULL,https://cgwb.gov.in
goa,south goa,salcete,salcete,Ballynuvhen,Ballynuvhen Station,15.31651,73.94542,2019,5,Pre-monsoon,7.0,NULL,Safe,NULL,NULL,NULL,NULL,NULL,NULL,unmatched,0.0,valid,Pre-monsoon_WL_1994-2025.pdf,NULL,NULL,local_pdf,official_web_fallback,official_web_fallback,pdf_text,NULL,NULL,2253,NULL,NULL,https://cgwb.gov.in
goa,south goa,salcete,salcete,Barodi Velni Betul,Barodi Velni Betul Station,15.14996,73.96082,2019,5,Pre-monsoon,6.7,NULL,Safe,NULL,NULL,NULL,NULL,NULL,NULL,unmatched,0.0,valid,Pre-monsoon_WL_1994-2025.pdf,NULL,NULL,local_pdf,official_web_fallback,official_web_fallback,pdf_text,NULL,NULL,2253,NULL,NULL,https://cgwb.gov.in
goa,south goa,salcete,salcete,Betalbhatti,Betalbhatti Station,15.30071,73.92006,2019,5,Pre-monsoon,6.9,NULL,Safe,NULL,NULL,NULL,NULL,NULL,NULL,unmatched,0.0,valid,Pre-monsoon_WL_1994-2025.pdf,NULL,NULL,local_pdf,official_web_fallback,official_web_fallback,pdf_text,NULL,NULL,2253,NULL,NULL,https://cgwb.gov.in
goa,south goa,salcete,salcete,Cuncolim,Cuncolim Station,15.18013,74.00004,2019,5,Pre-monsoon,2.1,NULL,Safe,NULL,NULL,NULL,NULL,NULL,NULL,unmatched,0.0,valid,Pre-monsoon_WL_1994-2025.pdf,NULL,NULL,local_pdf,official_web_fallback,official_web_fallback,pdf_text,NULL,NULL,2253,NULL,NULL,https://cgwb.gov.in
goa,south goa,salcete,salcete,Kaveslium,Kaveslium Station,15.18555,73.94721,2019,5,Pre-monsoon,4.1,NULL,Safe,NULL,NULL,NULL,NULL,NULL,NULL,unmatched,0.0,valid,Pre-monsoon_WL_1994-2025.pdf,NULL,NULL,local_pdf,official_web_fallback,official_web_fallback,pdf_text,NULL,NULL,2253,NULL,NULL,https://cgwb.gov.in
goa,south goa,salcete,salcete,Majorda Bpada Curilo,Majorda Bpada Curilo Station,15.32117,73.91711,2019,5,Pre-monsoon,5.6,NULL,Safe,NULL,NULL,NULL,NULL,NULL,NULL,unmatched,0.0,valid,Pre-monsoon_WL_1994-2025.pdf,NULL,NULL,local_pdf,official_web_fallback,official_web_fallback,pdf_text,NULL,NULL,2253,NULL,NULL,https://cgwb.gov.in
goa,south goa,salcete,salcete,Navelim (Ct),Navelim (Ct) Station,15.25444,73.96722,2019,5,Pre-monsoon,10.8,NULL,Safe,NULL,NULL,NULL,NULL,NULL,NULL,unmatched,0.0,valid,Pre-monsoon_WL_1994-2025.pdf,NULL,NULL,local_pdf,official_web_fallback,official_web_fallback,pdf_text,NULL,NULL,2253,NULL,NULL,https://cgwb.gov.in
goa,south goa,sanguem,sanguem,Bati,Bati Station,15.13176,74.22645,2019,5,Pre-monsoon,5.8,NULL,Safe,NULL,NULL,NULL,NULL,NULL,NULL,unmatched,0.0,valid,Pre-monsoon_WL_1994-2025.pdf,NULL,NULL,local_pdf,official_web_fallback,official_web_fallback,pdf_text,NULL,NULL,2253,NULL,NULL,https://cgwb.gov.in
goa,south goa,sanguem,sanguem,Deulwada Kolamba,Deulwada Kolamba Station,15.15021,74.13099,2019,5,Pre-monsoon,3.1,NULL,Safe,NULL,NULL,NULL,NULL,NULL,NULL,unmatched,0.0,valid,Pre-monsoon_WL_1994-2025.pdf,NULL,NULL,local_pdf,official_web_fallback,official_web_fallback,pdf_text,NULL,NULL,2253,NULL,NULL,https://cgwb.gov.in
goa,south goa,sanguem,sanguem,Guddemal,Guddemal Station,15.28545,74.12969,2019,5,Pre-monsoon,12.4,NULL,Safe,NULL,NULL,NULL,NULL,NULL,NULL,unmatched,0.0,valid,Pre-monsoon_WL_1994-2025.pdf,NULL,NULL,local_pdf,official_web_fallback,official_web_fallback,pdf_text,NULL,NULL,2253,NULL,NULL,https://cgwb.gov.in
goa,south goa,sanguem,sanguem,Jambavli,Jambavli Station,15.18658,74.09529,2019,5,Pre-monsoon,9.6,NULL,Safe,NULL,NULL,NULL,NULL,NULL,NULL,unmatched,0.0,valid,Pre-monsoon_WL_1994-2025.pdf,NULL,NULL,local_pdf,official_web_fallback,official_web_fallback,pdf_text,NULL,NULL,2253,NULL,NULL,https://cgwb.gov.in
goa,south goa,sanguem,sanguem,Kalay,Kalay Station,15.2885,74.18007,2019,5,Pre-monsoon,3.3,NULL,Safe,NULL,NULL,NULL,NULL,NULL,NULL,unmatched,0.0,valid,Pre-monsoon_WL_1994-2025.pdf,NULL,NULL,local_pdf,official_web_fallback,official_web_fallback,pdf_text,NULL,NULL,2253,NULL,NULL,https://cgwb.gov.in
goa,south goa,sanguem,sanguem,Rivona,Rivona Station,15.16415,74.10671,2019,5,Pre-monsoon,8.5,NULL,Safe,NULL,NULL,NULL,NULL,NULL,NULL,unmatched,0.0,valid,Pre-monsoon_WL_1994-2025.pdf,NULL,NULL,local_pdf,official_web_fallback,official_web_fallback,pdf_text,NULL,NULL,2253,NULL,NULL,https://cgwb.gov.in
goa,south goa,sanguem,sanguem,Themchewada,Themchewada Station,15.21958,74.15752,2019,5,Pre-monsoon,8.8,NULL,Safe,NULL,NULL,NULL,NULL,NULL,NULL,unmatched,0.0,valid,Pre-monsoon_WL_1994-2025.pdf,NULL,NULL,local_pdf,official_web_fallback,official_web_fallback,pdf_text,NULL,NULL,2253,NULL,NULL,https://cgwb.gov.in
goa,south goa,sanguem,sanguem,Vadam,Vadam Station,15.13063,74.20754,2019,5,Pre-monsoon,5.9,NULL,Safe,NULL,NULL,NULL,NULL,NULL,NULL,unmatched,0.0,valid,Pre-monsoon_WL_1994-2025.pdf,NULL,NULL,local_pdf,official_web_fallback,official_web_fallback,pdf_text,NULL,NULL,2253,NULL,NULL,https://cgwb.gov.in
goa,north goa,bardez,bardez,Alto Betim Porvorim,Alto Betim Porvorim Station,15.52605,73.82982,2018,5,Pre-monsoon,10.69,NULL,Safe,NULL,NULL,NULL,NULL,NULL,NULL,unmatched,0.0,valid,Pre-monsoon_WL_1994-2025.pdf,NULL,NULL,local_pdf,official_web_fallback,official_web_fallback,pdf_text,NULL,NULL,2679,NULL,NULL,https://cgwb.gov.in
goa,north goa,bardez,bardez,Amberem,Amberem Station,15.74045,73.82449,2018,5,Pre-monsoon,7.1,NULL,Safe,NULL,NULL,NULL,NULL,NULL,NULL,unmatched,0.0,valid,Pre-monsoon_WL_1994-2025.pdf,NULL,NULL,local_pdf,official_web_fallback,official_web_fallback,pdf_text,NULL,NULL,2679,NULL,NULL,https://cgwb.gov.in
goa,north goa,bardez,bardez,Anjuna (Ct),Anjuna (Ct) Station,15.5842,73.73828,2018,5,Pre-monsoon,11.44,NULL,Safe,NULL,NULL,NULL,NULL,NULL,NULL,unmatched,0.0,valid,Pre-monsoon_WL_1994-2025.pdf,NULL,NULL,local_pdf,official_web_fallback,official_web_fallback,pdf_text,NULL,NULL,2679,NULL,NULL,https://cgwb.gov.in
goa,north goa,bardez,bardez,Bastora,Bastora Station,15.51596,73.83858,2018,5,Pre-monsoon,1.91,NULL,Safe,NULL,NULL,NULL,NULL,NULL,NULL,unmatched,0.0,valid,Pre-monsoon_WL_1994-2025.pdf,NULL,NULL,local_pdf,official_web_fallback,official_web_fallback,pdf_text,NULL,NULL,2679,NULL,NULL,https://cgwb.gov.in
goa,north goa,bardez,bardez,Calangute (Ct),Calangute (Ct) Station,15.54612,73.75861,2018,5,Pre-monsoon,8.68,NULL,Safe,NULL,NULL,NULL,NULL,NULL,NULL,unmatched,0.0,valid,Pre-monsoon_WL_1994-2025.pdf,NULL,NULL,local_pdf,official_web_fallback,official_web_fallback,pdf_text,NULL,NULL,2679,NULL,NULL,https://cgwb.gov.in
goa,north goa,bardez,bardez,Colvale (Ct),Colvale (Ct) Station,15.64402,73.83727,2018,5,Pre-monsoon,14.95,NULL,Safe,NULL,NULL,NULL,NULL,NULL,NULL,unmatched,0.0,valid,Pre-monsoon_WL_1994-2025.pdf,NULL,NULL,local_pdf,official_web_fallback,official_web_fallback,pdf_text,NULL,NULL,2679,NULL,NULL,https://cgwb.gov.in
goa,north goa,bardez,bardez,Mapuca,Mapuca Station,15.61013,73.82434,2018,5,Pre-monsoon,3.6,NULL,Safe,NULL,NULL,NULL,NULL,NULL,NULL,unmatched,0.0,valid,Pre-monsoon_WL_1994-2025.pdf,NULL,NULL,local_pdf,official_web_fallback,official_web_fallback,pdf_text,NULL,NULL,2680,NULL,NULL,https://cgwb.gov.in
goa,north goa,bardez,bardez,Olaulim,Olaulim Station,15.56958,73.86345,2018,5,Pre-monsoon,7.25,NULL,Safe,NULL,NULL,NULL,NULL,NULL,NULL,unmatched,0.0,valid,Pre-monsoon_WL_1994-2025.pdf,NULL,NULL,local_pdf,official_web_fallback,official_web_fallback,pdf_text,NULL,NULL,2680,NULL,NULL,https://cgwb.gov.in
goa,north goa,bardez,bardez,Parra,Parra Station,15.57282,73.79279,2018,5,Pre-monsoon,2.15,NULL,Safe,NULL,NULL,NULL,NULL,NULL,NULL,unmatched,0.0,valid,Pre-monsoon_WL_1994-2025.pdf,NULL,NULL,local_pdf,official_web_fallback,official_web_fallback,pdf_text,NULL,NULL,2680,NULL,NULL,https://cgwb.gov.in
goa,north goa,bardez,bardez,Pirna,Pirna Station,15.66884,73.8818,2018,5,Pre-monsoon,3.55,NULL,Safe,NULL,NULL,NULL,NULL,NULL,NULL,unmatched,0.0,valid,Pre-monsoon_WL_1994-2025.pdf,NULL,NULL,local_pdf,official_web_fallback,official_web_fallback,pdf_text,NULL,NULL,2680,NULL,NULL,https://cgwb.gov.in
goa,north goa,bardez,bardez,Pomburpa,Pomburpa Station,15.55926,73.86761,2018,5,Pre-monsoon,3.25,NULL,Safe,NULL,NULL,NULL,NULL,NULL,NULL,unmatched,0.0,valid,Pre-monsoon_WL_1994-2025.pdf,NULL,NULL,local_pdf,official_web_fallback,official_web_fallback,pdf_text,NULL,NULL,2680,NULL,NULL,https://cgwb.gov.in
goa,north goa,bardez,bardez,Salvador-Do-Mundo (Ct),Salvador-Do-Mundo (Ct) Station,15.5376,73.86869,2018,5,Pre-monsoon,2.85,NULL,Safe,NULL,NULL,NULL,NULL,NULL,NULL,unmatched,0.0,valid,Pre-monsoon_WL_1994-2025.pdf,NULL,NULL,local_pdf,official_web_fallback,official_web_fallback,pdf_text,NULL,NULL,2680,NULL,NULL,https://cgwb.gov.in
goa,north goa,bardez,bardez,Shivoli Brahmanwada,Shivoli Brahmanwada Station,15.62358,73.76681,2018,5,Pre-monsoon,3.22,NULL,Safe,NULL,NULL,NULL,NULL,NULL,NULL,unmatched,0.0,valid,Pre-monsoon_WL_1994-2025.pdf,NULL,NULL,local_pdf,official_web_fallback,official_web_fallback,pdf_text,NULL,NULL,2680,NULL,NULL,https://cgwb.gov.in
goa,north goa,bardez,bardez,Sircaim,Sircaim Station,15.62689,73.87588,2018,5,Pre-monsoon,3.75,NULL,Safe,NULL,NULL,NULL,NULL,NULL,NULL,unmatched,0.0,valid,Pre-monsoon_WL_1994-2025.pdf,NULL,NULL,local_pdf,official_web_fallback,official_web_fallback,pdf_text,NULL,NULL,2680,NULL,NULL,https://cgwb.gov.in
goa,north goa,bicholim,bicholim,Adwalpale,Adwalpale Station,15.63986,73.89602,2018,5,Pre-monsoon,5.46,NULL,Safe,NULL,NULL,NULL,NULL,NULL,NULL,unmatched,0.0,valid,Pre-monsoon_WL_1994-2025.pdf,NULL,NULL,local_pdf,official_web_fallback,official_web_fallback,pdf_text,NULL,NULL,2680,NULL,NULL,https://cgwb.gov.in
goa,north goa,bicholim,bicholim,Devulawada Narve,Devulawada Narve Station,15.55205,73.92413,2018,5,Pre-monsoon,18.7,NULL,Safe,NULL,NULL,NULL,NULL,NULL,NULL,unmatched,0.0,valid,Pre-monsoon_WL_1994-2025.pdf,NULL,NULL,local_pdf,official_web_fallback,official_web_fallback,pdf_text,NULL,NULL,2680,NULL,NULL,https://cgwb.gov.in
goa,north goa,bicholim,bicholim,Jambhul Batt,Jambhul Batt Station,15.58041,73.92604,2018,5,Pre-monsoon,3.64,NULL,Safe,NULL,NULL,NULL,NULL,NULL,NULL,unmatched,0.0,valid,Pre-monsoon_WL_1994-2025.pdf,NULL,NULL,local_pdf,official_web_fallback,official_web_fallback,pdf_text,NULL,NULL,2680,NULL,NULL,https://cgwb.gov.in
goa,north goa,bicholim,bicholim,Mulgao,Mulgao Station,15.61711,73.92075,2018,5,Pre-monsoon,3.1,NULL,Safe,NULL,NULL,NULL,NULL,NULL,NULL,unmatched,0.0,valid,Pre-monsoon_WL_1994-2025.pdf,NULL,NULL,local_pdf,official_web_fallback,official_web_fallback,pdf_text,NULL,NULL,2680,NULL,NULL,https://cgwb.gov.in
goa,north goa,bicholim,bicholim,Salem,Salem Station,15.68771,73.92681,2018,5,Pre-monsoon,2.74,NULL,Safe,NULL,NULL,NULL,NULL,NULL,NULL,unmatched,0.0,valid,Pre-monsoon_WL_1994-2025.pdf,NULL,NULL,local_pdf,official_web_fallback,official_web_fallback,pdf_text,NULL,NULL,2680,NULL,NULL,https://cgwb.gov.in
goa,north goa,pernem,pernem,Corgao,Corgao Station,15.70939,73.75176,2018,5,Pre-monsoon,4.65,NULL,Safe,NULL,NULL,NULL,NULL,NULL,NULL,unmatched,0.0,valid,Pre-monsoon_WL_1994-2025.pdf,NULL,NULL,local_pdf,official_web_fallback,official_web_fallback,pdf_text,NULL,NULL,2680,NULL,NULL,https://cgwb.gov.in
goa,north goa,pernem,pernem,Hasaravanni Vaipal,Hasaravanni Vaipal Station,15.73251,73.89959,2018,5,Pre-monsoon,2.02,NULL,Safe,NULL,NULL,NULL,NULL,NULL,NULL,unmatched,0.0,valid,Pre-monsoon_WL_1994-2025.pdf,NULL,NULL,local_pdf,official_web_fallback,official_web_fallback,pdf_text,NULL,NULL,2680,NULL,NULL,https://cgwb.gov.in
goa,north goa,pernem,pernem,Haspur,Haspur Station,15.73698,73.90359,2018,5,Pre-monsoon,4.52,NULL,Safe,NULL,NULL,NULL,NULL,NULL,NULL,unmatched,0.0,valid,Pre-monsoon_WL_1994-2025.pdf,NULL,NULL,local_pdf,official_web_fallback,official_web_fallback,pdf_text,NULL,NULL,2680,NULL,NULL,https://cgwb.gov.in
goa,north goa,pernem,pernem,Morji,Morji Station,15.63598,73.73963,2018,5,Pre-monsoon,1.93,NULL,Safe,NULL,NULL,NULL,NULL,NULL,NULL,unmatched,0.0,valid,Pre-monsoon_WL_1994-2025.pdf,NULL,NULL,local_pdf,official_web_fallback,official_web_fallback,pdf_text,NULL,NULL,2680,NULL,NULL,https://cgwb.gov.in
goa,north goa,pernem,pernem,Nagjhar,Nagjhar Station,15.70843,73.85289,2018,5,Pre-monsoon,7.33,NULL,Safe,NULL,NULL,NULL,NULL,NULL,NULL,unmatched,0.0,valid,Pre-monsoon_WL_1994-2025.pdf,NULL,NULL,local_pdf,official_web_fallback,official_web_fallback,pdf_text,NULL,NULL,2680,NULL,NULL,https://cgwb.gov.in
goa,north goa,pernem,pernem,Pernem,Pernem Station,15.7176,73.79806,2018,5,Pre-monsoon,3.69,NULL,Safe,NULL,NULL,NULL,NULL,NULL,NULL,unmatched,0.0,valid,Pre-monsoon_WL_1994-2025.pdf,NULL,NULL,local_pdf,official_web_fallback,official_web_fallback,pdf_text,NULL,NULL,2680,NULL,NULL,https://cgwb.gov.in
goa,north goa,pernem,pernem,Sawanthawada,Sawanthawada Station,15.68082,73.75108,2018,5,Pre-monsoon,3.95,NULL,Safe,NULL,NULL,NULL,NULL,NULL,NULL,unmatched,0.0,valid,Pre-monsoon_WL_1994-2025.pdf,NULL,NULL,local_pdf,official_web_fallback,official_web_fallback,pdf_text,NULL,NULL,2680,NULL,NULL,https://cgwb.gov.in
goa,north goa,pernem,pernem,Varconda,Varconda Station,15.75465,73.83533,2018,5,Pre-monsoon,3.7,NULL,Safe,NULL,NULL,NULL,NULL,NULL,NULL,unmatched,0.0,valid,Pre-monsoon_WL_1994-2025.pdf,NULL,NULL,local_pdf,official_web_fallback,official_web_fallback,pdf_text,NULL,NULL,2680,NULL,NULL,https://cgwb.gov.in
goa,north goa,satari,satari,Bayalwadikeri,Bayalwadikeri Station,15.61128,74.067,2018,5,Pre-monsoon,0.86,NULL,Safe,NULL,NULL,NULL,NULL,NULL,NULL,unmatched,0.0,valid,Pre-monsoon_WL_1994-2025.pdf,NULL,NULL,local_pdf,official_web_fallback,official_web_fallback,pdf_text,NULL,NULL,2680,NULL,NULL,https://cgwb.gov.in
goa,north goa,satari,satari,Bhamber Nanoda Cross,Bhamber Nanoda Cross Station,15.58778,74.19123,2018,5,Pre-monsoon,4.82,NULL,Safe,NULL,NULL,NULL,NULL,NULL,NULL,unmatched,0.0,valid,Pre-monsoon_WL_1994-2025.pdf,NULL,NULL,local_pdf,official_web_fallback,official_web_fallback,pdf_text,NULL,NULL,2680,NULL,NULL,https://cgwb.gov.in
goa,north goa,satari,satari,Buimpal,Buimpal Station,15.53936,74.08822,2018,5,Pre-monsoon,4.16,NULL,Safe,NULL,NULL,NULL,NULL,NULL,NULL,unmatched,0.0,valid,Pre-monsoon_WL_1994-2025.pdf,NULL,NULL,local_pdf,official_web_fallback,official_web_fallback,pdf_text,NULL,NULL,2680,NULL,NULL,https://cgwb.gov.in
goa,north goa,satari,satari,Charayode,Charayode Station,15.62783,74.13084,2018,5,Pre-monsoon,6.02,NULL,Safe,NULL,NULL,NULL,NULL,NULL,NULL,unmatched,0.0,valid,Pre-monsoon_WL_1994-2025.pdf,NULL,NULL,local_pdf,official_web_fallback,official_web_fallback,pdf_text,NULL,NULL,2680,NULL,NULL,https://cgwb.gov.in
goa,north goa,satari,satari,Dhatwado Vante,Dhatwado Vante Station,15.49613,74.09753,2018,5,Pre-monsoon,6.95,NULL,Safe,NULL,NULL,NULL,NULL,NULL,NULL,unmatched,0.0,valid,Pre-monsoon_WL_1994-2025.pdf,NULL,NULL,local_pdf,official_web_fallback,official_web_fallback,pdf_text,NULL,NULL,2680,NULL,NULL,https://cgwb.gov.in
goa,north goa,satari,satari,Honda,Honda Station,15.54722,74.05079,2018,5,Pre-monsoon,3.55,NULL,Safe,NULL,NULL,NULL,NULL,NULL,NULL,unmatched,0.0,valid,Pre-monsoon_WL_1994-2025.pdf,NULL,NULL,local_pdf,official_web_fallback,official_web_fallback,pdf_text,NULL,NULL,2680,NULL,NULL,https://cgwb.gov.in
goa,north goa,satari,satari,Khadki(Harijanwada),Khadki(Harijanwada) Station,15.50253,74.13964,2018,5,Pre-monsoon,10.84,NULL,Safe,NULL,NULL,NULL,NULL,NULL,NULL,unmatched,0.0,valid,Pre-monsoon_WL_1994-2025.pdf,NULL,NULL,local_pdf,official_web_fallback,official_web_fallback,pdf_text,NULL,NULL,2680,NULL,NULL,https://cgwb.gov.in
goa,north goa,satari,satari,Khotodem,Khotodem Station,15.48277,74.13695,2018,5,Pre-monsoon,5.48,NULL,Safe,NULL,NULL,NULL,NULL,NULL,NULL,unmatched,0.0,valid,Pre-monsoon_WL_1994-2025.pdf,NULL,NULL,local_pdf,official_web_fallback,official_web_fallback,pdf_text,NULL,NULL,2680,NULL,NULL,https://cgwb.gov.in
goa,north goa,satari,satari,Morlem,Morlem Station,15.59397,74.04632,2018,5,Pre-monsoon,3.3,NULL,Safe,NULL,NULL,NULL,NULL,NULL,NULL,unmatched,0.0,valid,Pre-monsoon_WL_1994-2025.pdf,NULL,NULL,local_pdf,official_web_fallback,official_web_fallback,pdf_text,NULL,NULL,2680,NULL,NULL,https://cgwb.gov.in
goa,north goa,satari,satari,Nagargao,Nagargao Station,15.56158,74.1632,2018,5,Pre-monsoon,6.88,NULL,Safe,NULL,NULL,NULL,NULL,NULL,NULL,unmatched,0.0,valid,Pre-monsoon_WL_1994-2025.pdf,NULL,NULL,local_pdf,official_web_fallback,official_web_fallback,pdf_text,NULL,NULL,2680,NULL,NULL,https://cgwb.gov.in
goa,north goa,satari,satari,Valpoi,Valpoi Station,15.53301,74.13723,2018,5,Pre-monsoon,5.27,NULL,Safe,NULL,NULL,NULL,NULL,NULL,NULL,unmatched,0.0,valid,Pre-monsoon_WL_1994-2025.pdf,NULL,NULL,local_pdf,official_web_fallback,official_web_fallback,pdf_text,NULL,NULL,2680,NULL,NULL,https://cgwb.gov.in
goa,north goa,tiswadi,tiswadi,Gavalebhat Chimbel,Gavalebhat Chimbel Station,15.48944,73.8742,2018,5,Pre-monsoon,5.7,NULL,Safe,NULL,NULL,NULL,NULL,NULL,NULL,unmatched,0.0,valid,Pre-monsoon_WL_1994-2025.pdf,NULL,NULL,local_pdf,official_web_fallback,official_web_fallback,pdf_text,NULL,NULL,2680,NULL,NULL,https://cgwb.gov.in
goa,north goa,tiswadi,tiswadi,Karanjhalen,Karanjhalen Station,15.459,73.80281,2018,5,Pre-monsoon,3.05,NULL,Safe,NULL,NULL,NULL,NULL,NULL,NULL,unmatched,0.0,valid,Pre-monsoon_WL_1994-2025.pdf,NULL,NULL,local_pdf,official_web_fallback,official_web_fallback,pdf_text,NULL,NULL,2680,NULL,NULL,https://cgwb.gov.in
goa,north goa,tiswadi,tiswadi,Velha Goa,Velha Goa Station,15.4976,73.91901,2018,5,Pre-monsoon,1.68,NULL,Safe,NULL,NULL,NULL,NULL,NULL,NULL,unmatched,0.0,valid,Pre-monsoon_WL_1994-2025.pdf,NULL,NULL,local_pdf,official_web_fallback,official_web_fallback,pdf_text,NULL,NULL,2680,NULL,NULL,https://cgwb.gov.in
goa,south goa,canacona,canacona,Agonda,Agonda Station,15.04152,73.99121,2018,5,Pre-monsoon,3.9,NULL,Safe,NULL,NULL,NULL,NULL,NULL,NULL,unmatched,0.0,valid,Pre-monsoon_WL_1994-2025.pdf,NULL,NULL,local_pdf,official_web_fallback,official_web_fallback,pdf_text,NULL,NULL,2680,NULL,NULL,https://cgwb.gov.in
goa,south goa,canacona,canacona,Canacona,Canacona Station,15.00716,74.05233,2018,5,Pre-monsoon,4.44,NULL,Safe,NULL,NULL,NULL,NULL,NULL,NULL,unmatched,0.0,valid,Pre-monsoon_WL_1994-2025.pdf,NULL,NULL,local_pdf,official_web_fallback,official_web_fallback,pdf_text,NULL,NULL,2680,NULL,NULL,https://cgwb.gov.in
goa,south goa,canacona,canacona,Daptamol Lolien,Daptamol Lolien Station,14.94986,74.05528,2018,5,Pre-monsoon,14.63,NULL,Safe,NULL,NULL,NULL,NULL,NULL,NULL,unmatched,0.0,valid,Pre-monsoon_WL_1994-2025.pdf,NULL,NULL,local_pdf,official_web_fallback,official_web_fallback,pdf_text,NULL,NULL,2680,NULL,NULL,https://cgwb.gov.in
goa,south goa,canacona,canacona,Gulem Velipwada,Gulem Velipwada Station,15.03918,74.02939,2018,5,Pre-monsoon,4.04,NULL,Safe,NULL,NULL,NULL,NULL,NULL,NULL,unmatched,0.0,valid,Pre-monsoon_WL_1994-2025.pdf,NULL,NULL,local_pdf,official_web_fallback,official_web_fallback,pdf_text,NULL,NULL,2681,NULL,NULL,https://cgwb.gov.in
goa,south goa,canacona,canacona,Hattipal Poinguinem,Hattipal Poinguinem Station,14.98407,74.10869,2018,5,Pre-monsoon,8.31,NULL,Safe,NULL,NULL,NULL,NULL,NULL,NULL,unmatched,0.0,valid,Pre-monsoon_WL_1994-2025.pdf,NULL,NULL,local_pdf,official_web_fallback,official_web_fallback,pdf_text,NULL,NULL,2681,NULL,NULL,https://cgwb.gov.in
goa,south goa,canacona,canacona,Mashe,Mashe Station,14.96289,74.05465,2018,5,Pre-monsoon,4.22,NULL,Safe,NULL,NULL,NULL,NULL,NULL,NULL,unmatched,0.0,valid,Pre-monsoon_WL_1994-2025.pdf,NULL,NULL,local_pdf,official_web_fallback,official_web_fallback,pdf_text,NULL,NULL,2681,NULL,NULL,https://cgwb.gov.in
goa,south goa,canacona,canacona,Shrishtal Gaondongar,Shrishtal Gaondongar Station,15.03725,74.11851,2018,5,Pre-monsoon,5.98,NULL,Safe,NULL,NULL,NULL,NULL,NULL,NULL,unmatched,0.0,valid,Pre-monsoon_WL_1994-2025.pdf,NULL,NULL,local_pdf,official_web_fallback,official_web_fallback,pdf_text,NULL,NULL,2681,NULL,NULL,https://cgwb.gov.in
goa,south goa,canacona,canacona,Sristal,Sristal Station,14.99245,74.10557,2018,5,Pre-monsoon,11.23,NULL,Safe,NULL,NULL,NULL,NULL,NULL,NULL,unmatched,0.0,valid,Pre-monsoon_WL_1994-2025.pdf,NULL,NULL,local_pdf,official_web_fallback,official_web_fallback,pdf_text,NULL,NULL,2681,NULL,NULL,https://cgwb.gov.in
goa,south goa,canacona,canacona,Yedda,Yedda Station,14.99803,74.19071,2018,5,Pre-monsoon,5.0,NULL,Safe,NULL,NULL,NULL,NULL,NULL,NULL,unmatched,0.0,valid,Pre-monsoon_WL_1994-2025.pdf,NULL,NULL,local_pdf,official_web_fallback,official_web_fallback,pdf_text,NULL,NULL,2681,NULL,NULL,https://cgwb.gov.in
goa,south goa,dharbandora,dharbandora,Bolkharnem,Bolkharnem Station,15.42964,74.19235,2018,5,Pre-monsoon,6.74,NULL,Safe,NULL,NULL,NULL,NULL,NULL,NULL,unmatched,0.0,valid,Pre-monsoon_WL_1994-2025.pdf,NULL,NULL,local_pdf,official_web_fallback,official_web_fallback,pdf_text,NULL,NULL,2681,NULL,NULL,https://cgwb.gov.in
goa,south goa,dharbandora,dharbandora,Colem,Colem Station,15.33497,74.24375,2018,5,Pre-monsoon,8.3,NULL,Safe,NULL,NULL,NULL,NULL,NULL,NULL,unmatched,0.0,valid,Pre-monsoon_WL_1994-2025.pdf,NULL,NULL,local_pdf,official_web_fallback,official_web_fallback,pdf_text,NULL,NULL,2681,NULL,NULL,https://cgwb.gov.in
goa,south goa,dharbandora,dharbandora,Molem,Molem Station,15.36379,74.17534,2018,5,Pre-monsoon,4.23,NULL,Safe,NULL,NULL,NULL,NULL,NULL,NULL,unmatched,0.0,valid,Pre-monsoon_WL_1994-2025.pdf,NULL,NULL,local_pdf,official_web_fallback,official_web_fallback,pdf_text,NULL,NULL,2681,NULL,NULL,https://cgwb.gov.in
goa,south goa,mormugao,mormugao,Bagmola,Bagmola Station,15.37006,73.83826,2018,5,Pre-monsoon,2.81,NULL,Safe,NULL,NULL,NULL,NULL,NULL,NULL,unmatched,0.0,valid,Pre-monsoon_WL_1994-2025.pdf,NULL,NULL,local_pdf,official_web_fallback,official_web_fallback,pdf_text,NULL,NULL,2681,NULL,NULL,https://cgwb.gov.in
goa,south goa,mormugao,mormugao,Chicalim (Ct),Chicalim (Ct) Station,15.39818,73.83679,2018,5,Pre-monsoon,2.78,NULL,Safe,NULL,NULL,NULL,NULL,NULL,NULL,unmatched,0.0,valid,Pre-monsoon_WL_1994-2025.pdf,NULL,NULL,local_pdf,official_web_fallback,official_web_fallback,pdf_text,NULL,NULL,2681,NULL,NULL,https://cgwb.gov.in
goa,south goa,ponda,ponda,Borim (Ct),Borim (Ct) Station,15.35417,74.0016,2018,5,Pre-monsoon,1.45,NULL,Safe,NULL,NULL,NULL,NULL,NULL,NULL,unmatched,0.0,valid,Pre-monsoon_WL_1994-2025.pdf,NULL,NULL,local_pdf,official_web_fallback,official_web_fallback,pdf_text,NULL,NULL,2681,NULL,NULL,https://cgwb.gov.in
goa,south goa,ponda,ponda,Kapsa,Kapsa Station,15.27344,74.1006,2018,5,Pre-monsoon,6.1,NULL,Safe,NULL,NULL,NULL,NULL,NULL,NULL,unmatched,0.0,valid,Pre-monsoon_WL_1994-2025.pdf,NULL,NULL,local_pdf,official_web_fallback,official_web_fallback,pdf_text,NULL,NULL,2681,NULL,NULL,https://cgwb.gov.in
goa,south goa,ponda,ponda,Kundel Dassolwada,Kundel Dassolwada Station,15.45287,73.95255,2018,5,Pre-monsoon,1.6,NULL,Safe,NULL,NULL,NULL,NULL,NULL,NULL,unmatched,0.0,valid,Pre-monsoon_WL_1994-2025.pdf,NULL,NULL,local_pdf,official_web_fallback,official_web_fallback,pdf_text,NULL,NULL,2681,NULL,NULL,https://cgwb.gov.in
goa,south goa,ponda,ponda,Mankem,Mankem Station,15.30549,74.04834,2018,5,Pre-monsoon,4.18,NULL,Safe,NULL,NULL,NULL,NULL,NULL,NULL,unmatched,0.0,valid,Pre-monsoon_WL_1994-2025.pdf,NULL,NULL,local_pdf,official_web_fallback,official_web_fallback,pdf_text,NULL,NULL,2681,NULL,NULL,https://cgwb.gov.in
goa,south goa,ponda,ponda,Shiroda,Shiroda Station,15.32068,74.03502,2018,5,Pre-monsoon,6.05,NULL,Safe,NULL,NULL,NULL,NULL,NULL,NULL,unmatched,0.0,valid,Pre-monsoon_WL_1994-2025.pdf,NULL,NULL,local_pdf,official_web_fallback,official_web_fallback,pdf_text,NULL,NULL,2681,NULL,NULL,https://cgwb.gov.in
goa,south goa,quepem,quepem,Ghadiawada,Ghadiawada Station,15.23894,74.11303,2018,5,Pre-monsoon,1.43,NULL,Safe,NULL,NULL,NULL,NULL,NULL,NULL,unmatched,0.0,valid,Pre-monsoon_WL_1994-2025.pdf,NULL,NULL,local_pdf,official_web_fallback,official_web_fallback,pdf_text,NULL,NULL,2681,NULL,NULL,https://cgwb.gov.in
goa,south goa,quepem,quepem,Malkarnem,Malkarnem Station,15.18693,74.12549,2018,5,Pre-monsoon,5.68,NULL,Safe,NULL,NULL,NULL,NULL,NULL,NULL,unmatched,0.0,valid,Pre-monsoon_WL_1994-2025.pdf,NULL,NULL,local_pdf,official_web_fallback,official_web_fallback,pdf_text,NULL,NULL,2681,NULL,NULL,https://cgwb.gov.in
goa,south goa,quepem,quepem,Padi,Padi Station,15.09291,74.0306,2018,5,Pre-monsoon,13.25,NULL,Safe,NULL,NULL,NULL,NULL,NULL,NULL,unmatched,0.0,valid,Pre-monsoon_WL_1994-2025.pdf,NULL,NULL,local_pdf,official_web_fallback,official_web_fallback,pdf_text,NULL,NULL,2681,NULL,NULL,https://cgwb.gov.in
goa,south goa,quepem,quepem,Quepem,Quepem Station,15.21751,74.08075,2018,5,Pre-monsoon,2.34,NULL,Safe,NULL,NULL,NULL,NULL,NULL,NULL,unmatched,0.0,valid,Pre-monsoon_WL_1994-2025.pdf,NULL,NULL,local_pdf,official_web_fallback,official_web_fallback,pdf_text,NULL,NULL,2681,NULL,NULL,https://cgwb.gov.in
goa,south goa,salcete,salcete,Ballynuvhen,Ballynuvhen Station,15.31651,73.94542,2018,5,Pre-monsoon,6.4,NULL,Safe,NULL,NULL,NULL,NULL,NULL,NULL,unmatched,0.0,valid,Pre-monsoon_WL_1994-2025.pdf,NULL,NULL,local_pdf,official_web_fallback,official_web_fallback,pdf_text,NULL,NULL,2681,NULL,NULL,https://cgwb.gov.in
goa,south goa,salcete,salcete,Barodi Velni Betul,Barodi Velni Betul Station,15.14996,73.96082,2018,5,Pre-monsoon,2.19,NULL,Safe,NULL,NULL,NULL,NULL,NULL,NULL,unmatched,0.0,valid,Pre-monsoon_WL_1994-2025.pdf,NULL,NULL,local_pdf,official_web_fallback,official_web_fallback,pdf_text,NULL,NULL,2681,NULL,NULL,https://cgwb.gov.in
goa,south goa,salcete,salcete,Betalbhatti,Betalbhatti Station,15.30071,73.92006,2018,5,Pre-monsoon,6.22,NULL,Safe,NULL,NULL,NULL,NULL,NULL,NULL,unmatched,0.0,valid,Pre-monsoon_WL_1994-2025.pdf,NULL,NULL,local_pdf,official_web_fallback,official_web_fallback,pdf_text,NULL,NULL,2681,NULL,NULL,https://cgwb.gov.in
goa,south goa,salcete,salcete,Cuncolim,Cuncolim Station,15.18013,74.00004,2018,5,Pre-monsoon,5.13,NULL,Safe,NULL,NULL,NULL,NULL,NULL,NULL,unmatched,0.0,valid,Pre-monsoon_WL_1994-2025.pdf,NULL,NULL,local_pdf,official_web_fallback,official_web_fallback,pdf_text,NULL,NULL,2681,NULL,NULL,https://cgwb.gov.in
goa,south goa,salcete,salcete,Kaveslium,Kaveslium Station,15.18555,73.94721,2018,5,Pre-monsoon,3.34,NULL,Safe,NULL,NULL,NULL,NULL,NULL,NULL,unmatched,0.0,valid,Pre-monsoon_WL_1994-2025.pdf,NULL,NULL,local_pdf,official_web_fallback,official_web_fallback,pdf_text,NULL,NULL,2681,NULL,NULL,https://cgwb.gov.in
goa,south goa,salcete,salcete,Majorda Bpada Curilo,Majorda Bpada Curilo Station,15.32117,73.91711,2018,5,Pre-monsoon,5.38,NULL,Safe,NULL,NULL,NULL,NULL,NULL,NULL,unmatched,0.0,valid,Pre-monsoon_WL_1994-2025.pdf,NULL,NULL,local_pdf,official_web_fallback,official_web_fallback,pdf_text,NULL,NULL,2681,NULL,NULL,https://cgwb.gov.in
goa,south goa,salcete,salcete,Navelim (Ct),Navelim (Ct) Station,15.25444,73.96722,2018,5,Pre-monsoon,4.07,NULL,Safe,NULL,NULL,NULL,NULL,NULL,NULL,unmatched,0.0,valid,Pre-monsoon_WL_1994-2025.pdf,NULL,NULL,local_pdf,official_web_fallback,official_web_fallback,pdf_text,NULL,NULL,2681,NULL,NULL,https://cgwb.gov.in
goa,south goa,salcete,salcete,Panchwadi,Panchwadi Station,15.2836,74.09517,2018,5,Pre-monsoon,6.5,NULL,Safe,NULL,NULL,NULL,NULL,NULL,NULL,unmatched,0.0,valid,Pre-monsoon_WL_1994-2025.pdf,NULL,NULL,local_pdf,official_web_fallback,official_web_fallback,pdf_text,NULL,NULL,2681,NULL,NULL,https://cgwb.gov.in
goa,south goa,sanguem,sanguem,Bati,Bati Station,15.13176,74.22645,2018,5,Pre-monsoon,4.66,NULL,Safe,NULL,NULL,NULL,NULL,NULL,NULL,unmatched,0.0,valid,Pre-monsoon_WL_1994-2025.pdf,NULL,NULL,local_pdf,official_web_fallback,official_web_fallback,pdf_text,NULL,NULL,2681,NULL,NULL,https://cgwb.gov.in
goa,south goa,sanguem,sanguem,Deulwada Kolamba,Deulwada Kolamba Station,15.15021,74.13099,2018,5,Pre-monsoon,2.51,NULL,Safe,NULL,NULL,NULL,NULL,NULL,NULL,unmatched,0.0,valid,Pre-monsoon_WL_1994-2025.pdf,NULL,NULL,local_pdf,official_web_fallback,official_web_fallback,pdf_text,NULL,NULL,2681,NULL,NULL,https://cgwb.gov.in
goa,south goa,sanguem,sanguem,Guddemal,Guddemal Station,15.28545,74.12969,2018,5,Pre-monsoon,11.45,NULL,Safe,NULL,NULL,NULL,NULL,NULL,NULL,unmatched,0.0,valid,Pre-monsoon_WL_1994-2025.pdf,NULL,NULL,local_pdf,official_web_fallback,official_web_fallback,pdf_text,NULL,NULL,2681,NULL,NULL,https://cgwb.gov.in
goa,south goa,sanguem,sanguem,Jambavli,Jambavli Station,15.18658,74.09529,2018,5,Pre-monsoon,9.03,NULL,Safe,NULL,NULL,NULL,NULL,NULL,NULL,unmatched,0.0,valid,Pre-monsoon_WL_1994-2025.pdf,NULL,NULL,local_pdf,official_web_fallback,official_web_fallback,pdf_text,NULL,NULL,2681,NULL,NULL,https://cgwb.gov.in
goa,south goa,sanguem,sanguem,Kalay,Kalay Station,15.2885,74.18007,2018,5,Pre-monsoon,11.45,NULL,Safe,NULL,NULL,NULL,NULL,NULL,NULL,unmatched,0.0,valid,Pre-monsoon_WL_1994-2025.pdf,NULL,NULL,local_pdf,official_web_fallback,official_web_fallback,pdf_text,NULL,NULL,2681,NULL,NULL,https://cgwb.gov.in
goa,south goa,sanguem,sanguem,Rivona,Rivona Station,15.16415,74.10671,2018,5,Pre-monsoon,8.09,NULL,Safe,NULL,NULL,NULL,NULL,NULL,NULL,unmatched,0.0,valid,Pre-monsoon_WL_1994-2025.pdf,NULL,NULL,local_pdf,official_web_fallback,official_web_fallback,pdf_text,NULL,NULL,2681,NULL,NULL,https://cgwb.gov.in
goa,south goa,sanguem,sanguem,Themchewada,Themchewada Station,15.21958,74.15752,2018,5,Pre-monsoon,8.93,NULL,Safe,NULL,NULL,NULL,NULL,NULL,NULL,unmatched,0.0,valid,Pre-monsoon_WL_1994-2025.pdf,NULL,NULL,local_pdf,official_web_fallback,official_web_fallback,pdf_text,NULL,NULL,2681,NULL,NULL,https://cgwb.gov.in
goa,south goa,sanguem,sanguem,Vadam,Vadam Station,15.13063,74.20754,2018,5,Pre-monsoon,4.68,NULL,Safe,NULL,NULL,NULL,NULL,NULL,NULL,unmatched,0.0,valid,Pre-monsoon_WL_1994-2025.pdf,NULL,NULL,local_pdf,official_web_fallback,official_web_fallback,pdf_text,NULL,NULL,2681,NULL,NULL,https://cgwb.gov.in
goa,south goa,sanguem,sanguem,Vichundrem,Vichundrem Station,15.10364,74.20318,2018,5,Pre-monsoon,7.3,NULL,Safe,NULL,NULL,NULL,NULL,NULL,NULL,unmatched,0.0,valid,Pre-monsoon_WL_1994-2025.pdf,NULL,NULL,local_pdf,official_web_fallback,official_web_fallback,pdf_text,NULL,NULL,2681,NULL,NULL,https://cgwb.gov.in
goa,north goa,bardez,bardez,Alto Betim Porvorim,Alto Betim Porvorim Station,15.52605,73.82982,2017,5,Pre-monsoon,5.61,NULL,Safe,NULL,NULL,NULL,NULL,NULL,NULL,unmatched,0.0,valid,Pre-monsoon_WL_1994-2025.pdf,NULL,NULL,local_pdf,official_web_fallback,official_web_fallback,pdf_text,NULL,NULL,3117,NULL,NULL,https://cgwb.gov.in
goa,north goa,bardez,bardez,Amberem,Amberem Station,15.74045,73.82449,2017,5,Pre-monsoon,7.4,NULL,Safe,NULL,NULL,NULL,NULL,NULL,NULL,unmatched,0.0,valid,Pre-monsoon_WL_1994-2025.pdf,NULL,NULL,local_pdf,official_web_fallback,official_web_fallback,pdf_text,NULL,NULL,3117,NULL,NULL,https://cgwb.gov.in
goa,north goa,bardez,bardez,Anjuna (Ct),Anjuna (Ct) Station,15.5842,73.73828,2017,5,Pre-monsoon,9.45,NULL,Safe,NULL,NULL,NULL,NULL,NULL,NULL,unmatched,0.0,valid,Pre-monsoon_WL_1994-2025.pdf,NULL,NULL,local_pdf,official_web_fallback,official_web_fallback,pdf_text,NULL,NULL,3117,NULL,NULL,https://cgwb.gov.in
goa,north goa,bardez,bardez,Bastora,Bastora Station,15.51596,73.83858,2017,5,Pre-monsoon,1.75,NULL,Safe,NULL,NULL,NULL,NULL,NULL,NULL,unmatched,0.0,valid,Pre-monsoon_WL_1994-2025.pdf,NULL,NULL,local_pdf,official_web_fallback,official_web_fallback,pdf_text,NULL,NULL,3117,NULL,NULL,https://cgwb.gov.in
goa,north goa,bardez,bardez,Calangute (Ct),Calangute (Ct) Station,15.54612,73.75861,2017,5,Pre-monsoon,8.18,NULL,Safe,NULL,NULL,NULL,NULL,NULL,NULL,unmatched,0.0,valid,Pre-monsoon_WL_1994-2025.pdf,NULL,NULL,local_pdf,official_web_fallback,official_web_fallback,pdf_text,NULL,NULL,3117,NULL,NULL,https://cgwb.gov.in
goa,north goa,bardez,bardez,Colvale (Ct),Colvale (Ct) Station,15.64402,73.83727,2017,5,Pre-monsoon,13.07,NULL,Safe,NULL,NULL,NULL,NULL,NULL,NULL,unmatched,0.0,valid,Pre-monsoon_WL_1994-2025.pdf,NULL,NULL,local_pdf,official_web_fallback,official_web_fallback,pdf_text,NULL,NULL,3117,NULL,NULL,https://cgwb.gov.in
goa,north goa,bardez,bardez,Mapuca,Mapuca Station,15.61013,73.82434,2017,5,Pre-monsoon,2.55,NULL,Safe,NULL,NULL,NULL,NULL,NULL,NULL,unmatched,0.0,valid,Pre-monsoon_WL_1994-2025.pdf,NULL,NULL,local_pdf,official_web_fallback,official_web_fallback,pdf_text,NULL,NULL,3117,NULL,NULL,https://cgwb.gov.in
goa,north goa,bardez,bardez,Olaulim,Olaulim Station,15.56958,73.86345,2017,5,Pre-monsoon,3.1,NULL,Safe,NULL,NULL,NULL,NULL,NULL,NULL,unmatched,0.0,valid,Pre-monsoon_WL_1994-2025.pdf,NULL,NULL,local_pdf,official_web_fallback,official_web_fallback,pdf_text,NULL,NULL,3117,NULL,NULL,https://cgwb.gov.in
goa,north goa,bardez,bardez,Parra,Parra Station,15.57282,73.79279,2017,5,Pre-monsoon,1.6,NULL,Safe,NULL,NULL,NULL,NULL,NULL,NULL,unmatched,0.0,valid,Pre-monsoon_WL_1994-2025.pdf,NULL,NULL,local_pdf,official_web_fallback,official_web_fallback,pdf_text,NULL,NULL,3117,NULL,NULL,https://cgwb.gov.in
goa,north goa,bardez,bardez,Pirna,Pirna Station,15.66884,73.8818,2017,5,Pre-monsoon,1.96,NULL,Safe,NULL,NULL,NULL,NULL,NULL,NULL,unmatched,0.0,valid,Pre-monsoon_WL_1994-2025.pdf,NULL,NULL,local_pdf,official_web_fallback,official_web_fallback,pdf_text,NULL,NULL,3117,NULL,NULL,https://cgwb.gov.in
goa,north goa,bardez,bardez,Pomburpa,Pomburpa Station,15.55926,73.86761,2017,5,Pre-monsoon,1.1,NULL,Safe,NULL,NULL,NULL,NULL,NULL,NULL,unmatched,0.0,valid,Pre-monsoon_WL_1994-2025.pdf,NULL,NULL,local_pdf,official_web_fallback,official_web_fallback,pdf_text,NULL,NULL,3117,NULL,NULL,https://cgwb.gov.in
goa,north goa,bardez,bardez,Shivoli Brahmanwada,Shivoli Brahmanwada Station,15.62358,73.76681,2017,5,Pre-monsoon,3.1,NULL,Safe,NULL,NULL,NULL,NULL,NULL,NULL,unmatched,0.0,valid,Pre-monsoon_WL_1994-2025.pdf,NULL,NULL,local_pdf,official_web_fallback,official_web_fallback,pdf_text,NULL,NULL,3117,NULL,NULL,https://cgwb.gov.in
goa,north goa,bardez,bardez,Sircaim,Sircaim Station,15.62689,73.87588,2017,5,Pre-monsoon,3.05,NULL,Safe,NULL,NULL,NULL,NULL,NULL,NULL,unmatched,0.0,valid,Pre-monsoon_WL_1994-2025.pdf,NULL,NULL,local_pdf,official_web_fallback,official_web_fallback,pdf_text,NULL,NULL,3117,NULL,NULL,https://cgwb.gov.in
goa,north goa,bicholim,bicholim,Adwalpale,Adwalpale Station,15.63986,73.89602,2017,5,Pre-monsoon,5.99,NULL,Safe,NULL,NULL,NULL,NULL,NULL,NULL,unmatched,0.0,valid,Pre-monsoon_WL_1994-2025.pdf,NULL,NULL,local_pdf,official_web_fallback,official_web_fallback,pdf_text,NULL,NULL,3117,NULL,NULL,https://cgwb.gov.in
goa,north goa,bicholim,bicholim,Devulawada Narve,Devulawada Narve Station,15.55205,73.92413,2017,5,Pre-monsoon,15.5,NULL,Safe,NULL,NULL,NULL,NULL,NULL,NULL,unmatched,0.0,valid,Pre-monsoon_WL_1994-2025.pdf,NULL,NULL,local_pdf,official_web_fallback,official_web_fallback,pdf_text,NULL,NULL,3117,NULL,NULL,https://cgwb.gov.in
goa,north goa,bicholim,bicholim,Jambhul Batt,Jambhul Batt Station,15.58041,73.92604,2017,5,Pre-monsoon,1.63,NULL,Safe,NULL,NULL,NULL,NULL,NULL,NULL,unmatched,0.0,valid,Pre-monsoon_WL_1994-2025.pdf,NULL,NULL,local_pdf,official_web_fallback,official_web_fallback,pdf_text,NULL,NULL,3117,NULL,NULL,https://cgwb.gov.in
goa,north goa,bicholim,bicholim,Mulgao,Mulgao Station,15.61711,73.92075,2017,5,Pre-monsoon,2.62,NULL,Safe,NULL,NULL,NULL,NULL,NULL,NULL,unmatched,0.0,valid,Pre-monsoon_WL_1994-2025.pdf,NULL,NULL,local_pdf,official_web_fallback,official_web_fallback,pdf_text,NULL,NULL,3117,NULL,NULL,https://cgwb.gov.in
goa,north goa,bicholim,bicholim,Salem,Salem Station,15.68771,73.92681,2017,5,Pre-monsoon,2.63,NULL,Safe,NULL,NULL,NULL,NULL,NULL,NULL,unmatched,0.0,valid,Pre-monsoon_WL_1994-2025.pdf,NULL,NULL,local_pdf,official_web_fallback,official_web_fallback,pdf_text,NULL,NULL,3117,NULL,NULL,https://cgwb.gov.in
goa,north goa,pernem,pernem,Corgao,Corgao Station,15.70939,73.75176,2017,5,Pre-monsoon,3.9,NULL,Safe,NULL,NULL,NULL,NULL,NULL,NULL,unmatched,0.0,valid,Pre-monsoon_WL_1994-2025.pdf,NULL,NULL,local_pdf,official_web_fallback,official_web_fallback,pdf_text,NULL,NULL,3117,NULL,NULL,https://cgwb.gov.in
goa,north goa,pernem,pernem,Hasaravanni Vaipal,Hasaravanni Vaipal Station,15.73251,73.89959,2017,5,Pre-monsoon,2.4,NULL,Safe,NULL,NULL,NULL,NULL,NULL,NULL,unmatched,0.0,valid,Pre-monsoon_WL_1994-2025.pdf,NULL,NULL,local_pdf,official_web_fallback,official_web_fallback,pdf_text,NULL,NULL,3117,NULL,NULL,https://cgwb.gov.in
goa,north goa,pernem,pernem,Haspur,Haspur Station,15.73698,73.90359,2017,5,Pre-monsoon,3.85,NULL,Safe,NULL,NULL,NULL,NULL,NULL,NULL,unmatched,0.0,valid,Pre-monsoon_WL_1994-2025.pdf,NULL,NULL,local_pdf,official_web_fallback,official_web_fallback,pdf_text,NULL,NULL,3117,NULL,NULL,https://cgwb.gov.in
goa,north goa,pernem,pernem,Morji,Morji Station,15.63598,73.73963,2017,5,Pre-monsoon,1.53,NULL,Safe,NULL,NULL,NULL,NULL,NULL,NULL,unmatched,0.0,valid,Pre-monsoon_WL_1994-2025.pdf,NULL,NULL,local_pdf,official_web_fallback,official_web_fallback,pdf_text,NULL,NULL,3117,NULL,NULL,https://cgwb.gov.in
goa,north goa,pernem,pernem,Nagjhar,Nagjhar Station,15.70843,73.85289,2017,5,Pre-monsoon,7.53,NULL,Safe,NULL,NULL,NULL,NULL,NULL,NULL,unmatched,0.0,valid,Pre-monsoon_WL_1994-2025.pdf,NULL,NULL,local_pdf,official_web_fallback,official_web_fallback,pdf_text,NULL,NULL,3117,NULL,NULL,https://cgwb.gov.in
goa,north goa,pernem,pernem,Pernem,Pernem Station,15.7176,73.79806,2017,5,Pre-monsoon,2.42,NULL,Safe,NULL,NULL,NULL,NULL,NULL,NULL,unmatched,0.0,valid,Pre-monsoon_WL_1994-2025.pdf,NULL,NULL,local_pdf,official_web_fallback,official_web_fallback,pdf_text,NULL,NULL,3117,NULL,NULL,https://cgwb.gov.in
goa,north goa,pernem,pernem,Sawanthawada,Sawanthawada Station,15.68082,73.75108,2017,5,Pre-monsoon,2.38,NULL,Safe,NULL,NULL,NULL,NULL,NULL,NULL,unmatched,0.0,valid,Pre-monsoon_WL_1994-2025.pdf,NULL,NULL,local_pdf,official_web_fallback,official_web_fallback,pdf_text,NULL,NULL,3117,NULL,NULL,https://cgwb.gov.in
goa,north goa,pernem,pernem,Varconda,Varconda Station,15.75465,73.83533,2017,5,Pre-monsoon,3.02,NULL,Safe,NULL,NULL,NULL,NULL,NULL,NULL,unmatched,0.0,valid,Pre-monsoon_WL_1994-2025.pdf,NULL,NULL,local_pdf,official_web_fallback,official_web_fallback,pdf_text,NULL,NULL,3117,NULL,NULL,https://cgwb.gov.in
goa,north goa,satari,satari,Bayalwadikeri,Bayalwadikeri Station,15.61128,74.067,2017,5,Pre-monsoon,1.58,NULL,Safe,NULL,NULL,NULL,NULL,NULL,NULL,unmatched,0.0,valid,Pre-monsoon_WL_1994-2025.pdf,NULL,NULL,local_pdf,official_web_fallback,official_web_fallback,pdf_text,NULL,NULL,3117,NULL,NULL,https://cgwb.gov.in
goa,north goa,satari,satari,Bhamber Nanoda Cross,Bhamber Nanoda Cross Station,15.58778,74.19123,2017,5,Pre-monsoon,4.58,NULL,Safe,NULL,NULL,NULL,NULL,NULL,NULL,unmatched,0.0,valid,Pre-monsoon_WL_1994-2025.pdf,NULL,NULL,local_pdf,official_web_fallback,official_web_fallback,pdf_text,NULL,NULL,3117,NULL,NULL,https://cgwb.gov.in
goa,north goa,satari,satari,Buimpal,Buimpal Station,15.53936,74.08822,2017,5,Pre-monsoon,2.54,NULL,Safe,NULL,NULL,NULL,NULL,NULL,NULL,unmatched,0.0,valid,Pre-monsoon_WL_1994-2025.pdf,NULL,NULL,local_pdf,official_web_fallback,official_web_fallback,pdf_text,NULL,NULL,3117,NULL,NULL,https://cgwb.gov.in
goa,north goa,satari,satari,Charayode,Charayode Station,15.62783,74.13084,2017,5,Pre-monsoon,3.28,NULL,Safe,NULL,NULL,NULL,NULL,NULL,NULL,unmatched,0.0,valid,Pre-monsoon_WL_1994-2025.pdf,NULL,NULL,local_pdf,official_web_fallback,official_web_fallback,pdf_text,NULL,NULL,3117,NULL,NULL,https://cgwb.gov.in
goa,north goa,satari,satari,Dhatwado Vante,Dhatwado Vante Station,15.49613,74.09753,2017,5,Pre-monsoon,5.32,NULL,Safe,NULL,NULL,NULL,NULL,NULL,NULL,unmatched,0.0,valid,Pre-monsoon_WL_1994-2025.pdf,NULL,NULL,local_pdf,official_web_fallback,official_web_fallback,pdf_text,NULL,NULL,3118,NULL,NULL,https://cgwb.gov.in
goa,north goa,satari,satari,Honda,Honda Station,15.54722,74.05079,2017,5,Pre-monsoon,2.4,NULL,Safe,NULL,NULL,NULL,NULL,NULL,NULL,unmatched,0.0,valid,Pre-monsoon_WL_1994-2025.pdf,NULL,NULL,local_pdf,official_web_fallback,official_web_fallback,pdf_text,NULL,NULL,3118,NULL,NULL,https://cgwb.gov.in
goa,north goa,satari,satari,Khadki(Harijanwada),Khadki(Harijanwada) Station,15.50253,74.13964,2017,5,Pre-monsoon,6.89,NULL,Safe,NULL,NULL,NULL,NULL,NULL,NULL,unmatched,0.0,valid,Pre-monsoon_WL_1994-2025.pdf,NULL,NULL,local_pdf,official_web_fallback,official_web_fallback,pdf_text,NULL,NULL,3118,NULL,NULL,https://cgwb.gov.in
goa,north goa,satari,satari,Khotodem,Khotodem Station,15.48277,74.13695,2017,5,Pre-monsoon,4.29,NULL,Safe,NULL,NULL,NULL,NULL,NULL,NULL,unmatched,0.0,valid,Pre-monsoon_WL_1994-2025.pdf,NULL,NULL,local_pdf,official_web_fallback,official_web_fallback,pdf_text,NULL,NULL,3118,NULL,NULL,https://cgwb.gov.in
goa,north goa,satari,satari,Morlem,Morlem Station,15.59397,74.04632,2017,5,Pre-monsoon,3.29,NULL,Safe,NULL,NULL,NULL,NULL,NULL,NULL,unmatched,0.0,valid,Pre-monsoon_WL_1994-2025.pdf,NULL,NULL,local_pdf,official_web_fallback,official_web_fallback,pdf_text,NULL,NULL,3118,NULL,NULL,https://cgwb.gov.in
goa,north goa,satari,satari,Nagargao,Nagargao Station,15.56158,74.1632,2017,5,Pre-monsoon,5.8,NULL,Safe,NULL,NULL,NULL,NULL,NULL,NULL,unmatched,0.0,valid,Pre-monsoon_WL_1994-2025.pdf,NULL,NULL,local_pdf,official_web_fallback,official_web_fallback,pdf_text,NULL,NULL,3118,NULL,NULL,https://cgwb.gov.in
goa,north goa,satari,satari,Valpoi,Valpoi Station,15.53301,74.13723,2017,5,Pre-monsoon,3.6,NULL,Safe,NULL,NULL,NULL,NULL,NULL,NULL,unmatched,0.0,valid,Pre-monsoon_WL_1994-2025.pdf,NULL,NULL,local_pdf,official_web_fallback,official_web_fallback,pdf_text,NULL,NULL,3118,NULL,NULL,https://cgwb.gov.in
goa,north goa,tiswadi,tiswadi,Gavalebhat Chimbel,Gavalebhat Chimbel Station,15.48944,73.8742,2017,5,Pre-monsoon,5.02,NULL,Safe,NULL,NULL,NULL,NULL,NULL,NULL,unmatched,0.0,valid,Pre-monsoon_WL_1994-2025.pdf,NULL,NULL,local_pdf,official_web_fallback,official_web_fallback,pdf_text,NULL,NULL,3118,NULL,NULL,https://cgwb.gov.in
goa,north goa,tiswadi,tiswadi,Karanjhalen,Karanjhalen Station,15.459,73.80281,2017,5,Pre-monsoon,2.8,NULL,Safe,NULL,NULL,NULL,NULL,NULL,NULL,unmatched,0.0,valid,Pre-monsoon_WL_1994-2025.pdf,NULL,NULL,local_pdf,official_web_fallback,official_web_fallback,pdf_text,NULL,NULL,3118,NULL,NULL,https://cgwb.gov.in
goa,north goa,tiswadi,tiswadi,Velha Goa,Velha Goa Station,15.4976,73.91901,2017,5,Pre-monsoon,1.1,NULL,Safe,NULL,NULL,NULL,NULL,NULL,NULL,unmatched,0.0,valid,Pre-monsoon_WL_1994-2025.pdf,NULL,NULL,local_pdf,official_web_fallback,official_web_fallback,pdf_text,NULL,NULL,3118,NULL,NULL,https://cgwb.gov.in
goa,south goa,canacona,canacona,Agonda,Agonda Station,15.04152,73.99121,2017,5,Pre-monsoon,4.82,NULL,Safe,NULL,NULL,NULL,NULL,NULL,NULL,unmatched,0.0,valid,Pre-monsoon_WL_1994-2025.pdf,NULL,NULL,local_pdf,official_web_fallback,official_web_fallback,pdf_text,NULL,NULL,3118,NULL,NULL,https://cgwb.gov.in
goa,south goa,canacona,canacona,Canacona,Canacona Station,15.00716,74.05233,2017,5,Pre-monsoon,4.8,NULL,Safe,NULL,NULL,NULL,NULL,NULL,NULL,unmatched,0.0,valid,Pre-monsoon_WL_1994-2025.pdf,NULL,NULL,local_pdf,official_web_fallback,official_web_fallback,pdf_text,NULL,NULL,3118,NULL,NULL,https://cgwb.gov.in
goa,south goa,canacona,canacona,Daptamol Lolien,Daptamol Lolien Station,14.94986,74.05528,2017,5,Pre-monsoon,15.0,NULL,Safe,NULL,NULL,NULL,NULL,NULL,NULL,unmatched,0.0,valid,Pre-monsoon_WL_1994-2025.pdf,NULL,NULL,local_pdf,official_web_fallback,official_web_fallback,pdf_text,NULL,NULL,3118,NULL,NULL,https://cgwb.gov.in
goa,south goa,canacona,canacona,Gulem Velipwada,Gulem Velipwada Station,15.03918,74.02939,2017,5,Pre-monsoon,3.74,NULL,Safe,NULL,NULL,NULL,NULL,NULL,NULL,unmatched,0.0,valid,Pre-monsoon_WL_1994-2025.pdf,NULL,NULL,local_pdf,official_web_fallback,official_web_fallback,pdf_text,NULL,NULL,3118,NULL,NULL,https://cgwb.gov.in
goa,south goa,canacona,canacona,Hattipal Poinguinem,Hattipal Poinguinem Station,14.98407,74.10869,2017,5,Pre-monsoon,8.41,NULL,Safe,NULL,NULL,NULL,NULL,NULL,NULL,unmatched,0.0,valid,Pre-monsoon_WL_1994-2025.pdf,NULL,NULL,local_pdf,official_web_fallback,official_web_fallback,pdf_text,NULL,NULL,3118,NULL,NULL,https://cgwb.gov.in
goa,south goa,canacona,canacona,Mashe,Mashe Station,14.96289,74.05465,2017,5,Pre-monsoon,4.22,NULL,Safe,NULL,NULL,NULL,NULL,NULL,NULL,unmatched,0.0,valid,Pre-monsoon_WL_1994-2025.pdf,NULL,NULL,local_pdf,official_web_fallback,official_web_fallback,pdf_text,NULL,NULL,3118,NULL,NULL,https://cgwb.gov.in
goa,south goa,canacona,canacona,Shrishtal Gaondongar,Shrishtal Gaondongar Station,15.03725,74.11851,2017,5,Pre-monsoon,8.2,NULL,Safe,NULL,NULL,NULL,NULL,NULL,NULL,unmatched,0.0,valid,Pre-monsoon_WL_1994-2025.pdf,NULL,NULL,local_pdf,official_web_fallback,official_web_fallback,pdf_text,NULL,NULL,3118,NULL,NULL,https://cgwb.gov.in
goa,south goa,canacona,canacona,Sristal,Sristal Station,14.99245,74.10557,2017,5,Pre-monsoon,2.74,NULL,Safe,NULL,NULL,NULL,NULL,NULL,NULL,unmatched,0.0,valid,Pre-monsoon_WL_1994-2025.pdf,NULL,NULL,local_pdf,official_web_fallback,official_web_fallback,pdf_text,NULL,NULL,3118,NULL,NULL,https://cgwb.gov.in
goa,south goa,canacona,canacona,Yedda,Yedda Station,14.99803,74.19071,2017,5,Pre-monsoon,4.6,NULL,Safe,NULL,NULL,NULL,NULL,NULL,NULL,unmatched,0.0,valid,Pre-monsoon_WL_1994-2025.pdf,NULL,NULL,local_pdf,official_web_fallback,official_web_fallback,pdf_text,NULL,NULL,3118,NULL,NULL,https://cgwb.gov.in
goa,south goa,dharbandora,dharbandora,Bolkharnem,Bolkharnem Station,15.42964,74.19235,2017,5,Pre-monsoon,6.28,NULL,Safe,NULL,NULL,NULL,NULL,NULL,NULL,unmatched,0.0,valid,Pre-monsoon_WL_1994-2025.pdf,NULL,NULL,local_pdf,official_web_fallback,official_web_fallback,pdf_text,NULL,NULL,3118,NULL,NULL,https://cgwb.gov.in
goa,south goa,dharbandora,dharbandora,Colem,Colem Station,15.33497,74.24375,2017,5,Pre-monsoon,8.45,NULL,Safe,NULL,NULL,NULL,NULL,NULL,NULL,unmatched,0.0,valid,Pre-monsoon_WL_1994-2025.pdf,NULL,NULL,local_pdf,official_web_fallback,official_web_fallback,pdf_text,NULL,NULL,3118,NULL,NULL,https://cgwb.gov.in
goa,south goa,mormugao,mormugao,Bagmola,Bagmola Station,15.37006,73.83826,2017,5,Pre-monsoon,3.05,NULL,Safe,NULL,NULL,NULL,NULL,NULL,NULL,unmatched,0.0,valid,Pre-monsoon_WL_1994-2025.pdf,NULL,NULL,local_pdf,official_web_fallback,official_web_fallback,pdf_text,NULL,NULL,3118,NULL,NULL,https://cgwb.gov.in
goa,south goa,mormugao,mormugao,Chicalim (Ct),Chicalim (Ct) Station,15.39818,73.83679,2017,5,Pre-monsoon,1.38,NULL,Safe,NULL,NULL,NULL,NULL,NULL,NULL,unmatched,0.0,valid,Pre-monsoon_WL_1994-2025.pdf,NULL,NULL,local_pdf,official_web_fallback,official_web_fallback,pdf_text,NULL,NULL,3118,NULL,NULL,https://cgwb.gov.in
goa,south goa,ponda,ponda,Borim (Ct),Borim (Ct) Station,15.35417,74.0016,2017,5,Pre-monsoon,1.68,NULL,Safe,NULL,NULL,NULL,NULL,NULL,NULL,unmatched,0.0,valid,Pre-monsoon_WL_1994-2025.pdf,NULL,NULL,local_pdf,official_web_fallback,official_web_fallback,pdf_text,NULL,NULL,3118,NULL,NULL,https://cgwb.gov.in
goa,south goa,ponda,ponda,Kapsa,Kapsa Station,15.27344,74.1006,2017,5,Pre-monsoon,5.6,NULL,Safe,NULL,NULL,NULL,NULL,NULL,NULL,unmatched,0.0,valid,Pre-monsoon_WL_1994-2025.pdf,NULL,NULL,local_pdf,official_web_fallback,official_web_fallback,pdf_text,NULL,NULL,3118,NULL,NULL,https://cgwb.gov.in
goa,south goa,ponda,ponda,Mankem,Mankem Station,15.30549,74.04834,2017,5,Pre-monsoon,3.85,NULL,Safe,NULL,NULL,NULL,NULL,NULL,NULL,unmatched,0.0,valid,Pre-monsoon_WL_1994-2025.pdf,NULL,NULL,local_pdf,official_web_fallback,official_web_fallback,pdf_text,NULL,NULL,3118,NULL,NULL,https://cgwb.gov.in
goa,south goa,ponda,ponda,Shiroda,Shiroda Station,15.32068,74.03502,2017,5,Pre-monsoon,3.85,NULL,Safe,NULL,NULL,NULL,NULL,NULL,NULL,unmatched,0.0,valid,Pre-monsoon_WL_1994-2025.pdf,NULL,NULL,local_pdf,official_web_fallback,official_web_fallback,pdf_text,NULL,NULL,3118,NULL,NULL,https://cgwb.gov.in
goa,south goa,quepem,quepem,Ghadiawada,Ghadiawada Station,15.23894,74.11303,2017,5,Pre-monsoon,1.67,NULL,Safe,NULL,NULL,NULL,NULL,NULL,NULL,unmatched,0.0,valid,Pre-monsoon_WL_1994-2025.pdf,NULL,NULL,local_pdf,official_web_fallback,official_web_fallback,pdf_text,NULL,NULL,3118,NULL,NULL,https://cgwb.gov.in
goa,south goa,quepem,quepem,Padi,Padi Station,15.09291,74.0306,2017,5,Pre-monsoon,13.32,NULL,Safe,NULL,NULL,NULL,NULL,NULL,NULL,unmatched,0.0,valid,Pre-monsoon_WL_1994-2025.pdf,NULL,NULL,local_pdf,official_web_fallback,official_web_fallback,pdf_text,NULL,NULL,3118,NULL,NULL,https://cgwb.gov.in
goa,south goa,quepem,quepem,Quepem,Quepem Station,15.21751,74.08075,2017,5,Pre-monsoon,2.7,NULL,Safe,NULL,NULL,NULL,NULL,NULL,NULL,unmatched,0.0,valid,Pre-monsoon_WL_1994-2025.pdf,NULL,NULL,local_pdf,official_web_fallback,official_web_fallback,pdf_text,NULL,NULL,3118,NULL,NULL,https://cgwb.gov.in
goa,south goa,salcete,salcete,Ballynuvhen,Ballynuvhen Station,15.31651,73.94542,2017,5,Pre-monsoon,5.56,NULL,Safe,NULL,NULL,NULL,NULL,NULL,NULL,unmatched,0.0,valid,Pre-monsoon_WL_1994-2025.pdf,NULL,NULL,local_pdf,official_web_fallback,official_web_fallback,pdf_text,NULL,NULL,3118,NULL,NULL,https://cgwb.gov.in
goa,south goa,salcete,salcete,Betalbhatti,Betalbhatti Station,15.30071,73.92006,2017,5,Pre-monsoon,6.39,NULL,Safe,NULL,NULL,NULL,NULL,NULL,NULL,unmatched,0.0,valid,Pre-monsoon_WL_1994-2025.pdf,NULL,NULL,local_pdf,official_web_fallback,official_web_fallback,pdf_text,NULL,NULL,3118,NULL,NULL,https://cgwb.gov.in
goa,south goa,salcete,salcete,Cuncolim,Cuncolim Station,15.18013,74.00004,2017,5,Pre-monsoon,2.65,NULL,Safe,NULL,NULL,NULL,NULL,NULL,NULL,unmatched,0.0,valid,Pre-monsoon_WL_1994-2025.pdf,NULL,NULL,local_pdf,official_web_fallback,official_web_fallback,pdf_text,NULL,NULL,3118,NULL,NULL,https://cgwb.gov.in
goa,south goa,salcete,salcete,Kaveslium,Kaveslium Station,15.18555,73.94721,2017,5,Pre-monsoon,1.81,NULL,Safe,NULL,NULL,NULL,NULL,NULL,NULL,unmatched,0.0,valid,Pre-monsoon_WL_1994-2025.pdf,NULL,NULL,local_pdf,official_web_fallback,official_web_fallback,pdf_text,NULL,NULL,3118,NULL,NULL,https://cgwb.gov.in
goa,south goa,salcete,salcete,Majorda Bpada Curilo,Majorda Bpada Curilo Station,15.32117,73.91711,2017,5,Pre-monsoon,6.08,NULL,Safe,NULL,NULL,NULL,NULL,NULL,NULL,unmatched,0.0,valid,Pre-monsoon_WL_1994-2025.pdf,NULL,NULL,local_pdf,official_web_fallback,official_web_fallback,pdf_text,NULL,NULL,3118,NULL,NULL,https://cgwb.gov.in
goa,south goa,salcete,salcete,Navelim (Ct),Navelim (Ct) Station,15.25444,73.96722,2017,5,Pre-monsoon,4.72,NULL,Safe,NULL,NULL,NULL,NULL,NULL,NULL,unmatched,0.0,valid,Pre-monsoon_WL_1994-2025.pdf,NULL,NULL,local_pdf,official_web_fallback,official_web_fallback,pdf_text,NULL,NULL,3118,NULL,NULL,https://cgwb.gov.in
goa,south goa,salcete,salcete,Panchwadi,Panchwadi Station,15.2836,74.09517,2017,5,Pre-monsoon,7.0,NULL,Safe,NULL,NULL,NULL,NULL,NULL,NULL,unmatched,0.0,valid,Pre-monsoon_WL_1994-2025.pdf,NULL,NULL,local_pdf,official_web_fallback,official_web_fallback,pdf_text,NULL,NULL,3118,NULL,NULL,https://cgwb.gov.in
goa,south goa,sanguem,sanguem,Bati,Bati Station,15.13176,74.22645,2017,5,Pre-monsoon,5.47,NULL,Safe,NULL,NULL,NULL,NULL,NULL,NULL,unmatched,0.0,valid,Pre-monsoon_WL_1994-2025.pdf,NULL,NULL,local_pdf,official_web_fallback,official_web_fallback,pdf_text,NULL,NULL,3118,NULL,NULL,https://cgwb.gov.in
goa,south goa,sanguem,sanguem,Deulwada Kolamba,Deulwada Kolamba Station,15.15021,74.13099,2017,5,Pre-monsoon,2.41,NULL,Safe,NULL,NULL,NULL,NULL,NULL,NULL,unmatched,0.0,valid,Pre-monsoon_WL_1994-2025.pdf,NULL,NULL,local_pdf,official_web_fallback,official_web_fallback,pdf_text,NULL,NULL,3119,NULL,NULL,https://cgwb.gov.in
goa,south goa,sanguem,sanguem,Guddemal,Guddemal Station,15.28545,74.12969,2017,5,Pre-monsoon,12.31,NULL,Safe,NULL,NULL,NULL,NULL,NULL,NULL,unmatched,0.0,valid,Pre-monsoon_WL_1994-2025.pdf,NULL,NULL,local_pdf,official_web_fallback,official_web_fallback,pdf_text,NULL,NULL,3119,NULL,NULL,https://cgwb.gov.in
goa,south goa,sanguem,sanguem,Jambavli,Jambavli Station,15.18658,74.09529,2017,5,Pre-monsoon,9.15,NULL,Safe,NULL,NULL,NULL,NULL,NULL,NULL,unmatched,0.0,valid,Pre-monsoon_WL_1994-2025.pdf,NULL,NULL,local_pdf,official_web_fallback,official_web_fallback,pdf_text,NULL,NULL,3119,NULL,NULL,https://cgwb.gov.in
goa,south goa,sanguem,sanguem,Kalay,Kalay Station,15.2885,74.18007,2017,5,Pre-monsoon,11.0,NULL,Safe,NULL,NULL,NULL,NULL,NULL,NULL,unmatched,0.0,valid,Pre-monsoon_WL_1994-2025.pdf,NULL,NULL,local_pdf,official_web_fallback,official_web_fallback,pdf_text,NULL,NULL,3119,NULL,NULL,https://cgwb.gov.in
goa,south goa,sanguem,sanguem,Rivona,Rivona Station,15.16415,74.10671,2017,5,Pre-monsoon,8.25,NULL,Safe,NULL,NULL,NULL,NULL,NULL,NULL,unmatched,0.0,valid,Pre-monsoon_WL_1994-2025.pdf,NULL,NULL,local_pdf,official_web_fallback,official_web_fallback,pdf_text,NULL,NULL,3119,NULL,NULL,https://cgwb.gov.in
goa,south goa,sanguem,sanguem,Themchewada,Themchewada Station,15.21958,74.15752,2017,5,Pre-monsoon,9.39,NULL,Safe,NULL,NULL,NULL,NULL,NULL,NULL,unmatched,0.0,valid,Pre-monsoon_WL_1994-2025.pdf,NULL,NULL,local_pdf,official_web_fallback,official_web_fallback,pdf_text,NULL,NULL,3119,NULL,NULL,https://cgwb.gov.in
goa,south goa,sanguem,sanguem,Vichundrem,Vichundrem Station,15.10364,74.20318,2017,5,Pre-monsoon,7.72,NULL,Safe,NULL,NULL,NULL,NULL,NULL,NULL,unmatched,0.0,valid,Pre-monsoon_WL_1994-2025.pdf,NULL,NULL,local_pdf,official_web_fallback,official_web_fallback,pdf_text,NULL,NULL,3119,NULL,NULL,https://cgwb.gov.in
goa,north goa,bardez,bardez,Alto Betim Porvorim,Alto Betim Porvorim Station,15.52605,73.82982,2016,5,Pre-monsoon,6.73,NULL,Safe,NULL,NULL,NULL,NULL,NULL,NULL,unmatched,0.0,valid,Pre-monsoon_WL_1994-2025.pdf,NULL,NULL,local_pdf,official_web_fallback,official_web_fallback,pdf_text,NULL,NULL,3568,NULL,NULL,https://cgwb.gov.in
goa,north goa,bardez,bardez,Amberem,Amberem Station,15.74045,73.82449,2016,5,Pre-monsoon,7.1,NULL,Safe,NULL,NULL,NULL,NULL,NULL,NULL,unmatched,0.0,valid,Pre-monsoon_WL_1994-2025.pdf,NULL,NULL,local_pdf,official_web_fallback,official_web_fallback,pdf_text,NULL,NULL,3568,NULL,NULL,https://cgwb.gov.in
goa,north goa,bardez,bardez,Baga,Baga Station,15.56,73.751,2016,5,Pre-monsoon,2.77,NULL,Safe,NULL,NULL,NULL,NULL,NULL,NULL,unmatched,0.0,valid,Pre-monsoon_WL_1994-2025.pdf,NULL,NULL,local_pdf,official_web_fallback,official_web_fallback,pdf_text,NULL,NULL,3568,NULL,NULL,https://cgwb.gov.in
goa,north goa,bardez,bardez,Bastora,Bastora Station,15.51596,73.83858,2016,5,Pre-monsoon,2.1,NULL,Safe,NULL,NULL,NULL,NULL,NULL,NULL,unmatched,0.0,valid,Pre-monsoon_WL_1994-2025.pdf,NULL,NULL,local_pdf,official_web_fallback,official_web_fallback,pdf_text,NULL,NULL,3568,NULL,NULL,https://cgwb.gov.in
goa,north goa,bardez,bardez,Calangute (Ct),Calangute (Ct) Station,15.54612,73.75861,2016,5,Pre-monsoon,8.15,NULL,Safe,NULL,NULL,NULL,NULL,NULL,NULL,unmatched,0.0,valid,Pre-monsoon_WL_1994-2025.pdf,NULL,NULL,local_pdf,official_web_fallback,official_web_fallback,pdf_text,NULL,NULL,3568,NULL,NULL,https://cgwb.gov.in
goa,north goa,bardez,bardez,Colvale (Ct),Colvale (Ct) Station,15.64402,73.83727,2016,5,Pre-monsoon,13.1,NULL,Safe,NULL,NULL,NULL,NULL,NULL,NULL,unmatched,0.0,valid,Pre-monsoon_WL_1994-2025.pdf,NULL,NULL,local_pdf,official_web_fallback,official_web_fallback,pdf_text,NULL,NULL,3568,NULL,NULL,https://cgwb.gov.in
goa,north goa,bardez,bardez,Mapuca,Mapuca Station,15.61013,73.82434,2016,5,Pre-monsoon,3.88,NULL,Safe,NULL,NULL,NULL,NULL,NULL,NULL,unmatched,0.0,valid,Pre-monsoon_WL_1994-2025.pdf,NULL,NULL,local_pdf,official_web_fallback,official_web_fallback,pdf_text,NULL,NULL,3568,NULL,NULL,https://cgwb.gov.in
goa,north goa,bardez,bardez,Olaulim,Olaulim Station,15.56958,73.86345,2016,5,Pre-monsoon,7.36,NULL,Safe,NULL,NULL,NULL,NULL,NULL,NULL,unmatched,0.0,valid,Pre-monsoon_WL_1994-2025.pdf,NULL,NULL,local_pdf,official_web_fallback,official_web_fallback,pdf_text,NULL,NULL,3568,NULL,NULL,https://cgwb.gov.in
goa,north goa,bardez,bardez,Parra,Parra Station,15.57282,73.79279,2016,5,Pre-monsoon,2.43,NULL,Safe,NULL,NULL,NULL,NULL,NULL,NULL,unmatched,0.0,valid,Pre-monsoon_WL_1994-2025.pdf,NULL,NULL,local_pdf,official_web_fallback,official_web_fallback,pdf_text,NULL,NULL,3568,NULL,NULL,https://cgwb.gov.in
goa,north goa,bardez,bardez,Pirna,Pirna Station,15.66884,73.8818,2016,5,Pre-monsoon,3.19,NULL,Safe,NULL,NULL,NULL,NULL,NULL,NULL,unmatched,0.0,valid,Pre-monsoon_WL_1994-2025.pdf,NULL,NULL,local_pdf,official_web_fallback,official_web_fallback,pdf_text,NULL,NULL,3568,NULL,NULL,https://cgwb.gov.in
goa,north goa,bardez,bardez,Pomburpa,Pomburpa Station,15.55926,73.86761,2016,5,Pre-monsoon,3.36,NULL,Safe,NULL,NULL,NULL,NULL,NULL,NULL,unmatched,0.0,valid,Pre-monsoon_WL_1994-2025.pdf,NULL,NULL,local_pdf,official_web_fallback,official_web_fallback,pdf_text,NULL,NULL,3568,NULL,NULL,https://cgwb.gov.in
goa,north goa,bardez,bardez,Salvador-Do-Mundo (Ct),Salvador-Do-Mundo (Ct) Station,15.5376,73.86869,2016,5,Pre-monsoon,2.78,NULL,Safe,NULL,NULL,NULL,NULL,NULL,NULL,unmatched,0.0,valid,Pre-monsoon_WL_1994-2025.pdf,NULL,NULL,local_pdf,official_web_fallback,official_web_fallback,pdf_text,NULL,NULL,3568,NULL,NULL,https://cgwb.gov.in
goa,north goa,bardez,bardez,Shivoli Brahmanwada,Shivoli Brahmanwada Station,15.62358,73.76681,2016,5,Pre-monsoon,3.42,NULL,Safe,NULL,NULL,NULL,NULL,NULL,NULL,unmatched,0.0,valid,Pre-monsoon_WL_1994-2025.pdf,NULL,NULL,local_pdf,official_web_fallback,official_web_fallback,pdf_text,NULL,NULL,3568,NULL,NULL,https://cgwb.gov.in
goa,north goa,bardez,bardez,Sircaim,Sircaim Station,15.62689,73.87588,2016,5,Pre-monsoon,4.27,NULL,Safe,NULL,NULL,NULL,NULL,NULL,NULL,unmatched,0.0,valid,Pre-monsoon_WL_1994-2025.pdf,NULL,NULL,local_pdf,official_web_fallback,official_web_fallback,pdf_text,NULL,NULL,3568,NULL,NULL,https://cgwb.gov.in
goa,north goa,bicholim,bicholim,Adwalpale,Adwalpale Station,15.63986,73.89602,2016,5,Pre-monsoon,5.57,NULL,Safe,NULL,NULL,NULL,NULL,NULL,NULL,unmatched,0.0,valid,Pre-monsoon_WL_1994-2025.pdf,NULL,NULL,local_pdf,official_web_fallback,official_web_fallback,pdf_text,NULL,NULL,3568,NULL,NULL,https://cgwb.gov.in
goa,north goa,bicholim,bicholim,Jambhul Batt,Jambhul Batt Station,15.58041,73.92604,2016,5,Pre-monsoon,3.75,NULL,Safe,NULL,NULL,NULL,NULL,NULL,NULL,unmatched,0.0,valid,Pre-monsoon_WL_1994-2025.pdf,NULL,NULL,local_pdf,official_web_fallback,official_web_fallback,pdf_text,NULL,NULL,3568,NULL,NULL,https://cgwb.gov.in
goa,north goa,bicholim,bicholim,Mulgao,Mulgao Station,15.61711,73.92075,2016,5,Pre-monsoon,2.89,NULL,Safe,NULL,NULL,NULL,NULL,NULL,NULL,unmatched,0.0,valid,Pre-monsoon_WL_1994-2025.pdf,NULL,NULL,local_pdf,official_web_fallback,official_web_fallback,pdf_text,NULL,NULL,3568,NULL,NULL,https://cgwb.gov.in
goa,north goa,bicholim,bicholim,Salem,Salem Station,15.68771,73.92681,2016,5,Pre-monsoon,2.86,NULL,Safe,NULL,NULL,NULL,NULL,NULL,NULL,unmatched,0.0,valid,Pre-monsoon_WL_1994-2025.pdf,NULL,NULL,local_pdf,official_web_fallback,official_web_fallback,pdf_text,NULL,NULL,3568,NULL,NULL,https://cgwb.gov.in
goa,north goa,pernem,pernem,Corgao,Corgao Station,15.70939,73.75176,2016,5,Pre-monsoon,4.94,NULL,Safe,NULL,NULL,NULL,NULL,NULL,NULL,unmatched,0.0,valid,Pre-monsoon_WL_1994-2025.pdf,NULL,NULL,local_pdf,official_web_fallback,official_web_fallback,pdf_text,NULL,NULL,3568,NULL,NULL,https://cgwb.gov.in
goa,north goa,pernem,pernem,Hasaravanni Vaipal,Hasaravanni Vaipal Station,15.73251,73.89959,2016,5,Pre-monsoon,3.4,NULL,Safe,NULL,NULL,NULL,NULL,NULL,NULL,unmatched,0.0,valid,Pre-monsoon_WL_1994-2025.pdf,NULL,NULL,local_pdf,official_web_fallback,official_web_fallback,pdf_text,NULL,NULL,3568,NULL,NULL,https://cgwb.gov.in
goa,north goa,pernem,pernem,Haspur,Haspur Station,15.73698,73.90359,2016,5,Pre-monsoon,5.16,NULL,Safe,NULL,NULL,NULL,NULL,NULL,NULL,unmatched,0.0,valid,Pre-monsoon_WL_1994-2025.pdf,NULL,NULL,local_pdf,official_web_fallback,official_web_fallback,pdf_text,NULL,NULL,3568,NULL,NULL,https://cgwb.gov.in
goa,north goa,pernem,pernem,Morji,Morji Station,15.63598,73.73963,2016,5,Pre-monsoon,2.33,NULL,Safe,NULL,NULL,NULL,NULL,NULL,NULL,unmatched,0.0,valid,Pre-monsoon_WL_1994-2025.pdf,NULL,NULL,local_pdf,official_web_fallback,official_web_fallback,pdf_text,NULL,NULL,3568,NULL,NULL,https://cgwb.gov.in
goa,north goa,pernem,pernem,Nagjhar,Nagjhar Station,15.70843,73.85289,2016,5,Pre-monsoon,7.63,NULL,Safe,NULL,NULL,NULL,NULL,NULL,NULL,unmatched,0.0,valid,Pre-monsoon_WL_1994-2025.pdf,NULL,NULL,local_pdf,official_web_fallback,official_web_fallback,pdf_text,NULL,NULL,3568,NULL,NULL,https://cgwb.gov.in
goa,north goa,pernem,pernem,Sawanthawada,Sawanthawada Station,15.68082,73.75108,2016,5,Pre-monsoon,3.01,NULL,Safe,NULL,NULL,NULL,NULL,NULL,NULL,unmatched,0.0,valid,Pre-monsoon_WL_1994-2025.pdf,NULL,NULL,local_pdf,official_web_fallback,official_web_fallback,pdf_text,NULL,NULL,3568,NULL,NULL,https://cgwb.gov.in
goa,north goa,pernem,pernem,Varconda,Varconda Station,15.75465,73.83533,2016,5,Pre-monsoon,3.3,NULL,Safe,NULL,NULL,NULL,NULL,NULL,NULL,unmatched,0.0,valid,Pre-monsoon_WL_1994-2025.pdf,NULL,NULL,local_pdf,official_web_fallback,official_web_fallback,pdf_text,NULL,NULL,3568,NULL,NULL,https://cgwb.gov.in
goa,north goa,satari,satari,Bayalwadikeri,Bayalwadikeri Station,15.61128,74.067,2016,5,Pre-monsoon,2.56,NULL,Safe,NULL,NULL,NULL,NULL,NULL,NULL,unmatched,0.0,valid,Pre-monsoon_WL_1994-2025.pdf,NULL,NULL,local_pdf,official_web_fallback,official_web_fallback,pdf_text,NULL,NULL,3568,NULL,NULL,https://cgwb.gov.in
goa,north goa,satari,satari,Bhamber Nanoda Cross,Bhamber Nanoda Cross Station,15.58778,74.19123,2016,5,Pre-monsoon,5.82,NULL,Safe,NULL,NULL,NULL,NULL,NULL,NULL,unmatched,0.0,valid,Pre-monsoon_WL_1994-2025.pdf,NULL,NULL,local_pdf,official_web_fallback,official_web_fallback,pdf_text,NULL,NULL,3568,NULL,NULL,https://cgwb.gov.in
goa,north goa,satari,satari,Buimpal,Buimpal Station,15.53936,74.08822,2016,5,Pre-monsoon,5.38,NULL,Safe,NULL,NULL,NULL,NULL,NULL,NULL,unmatched,0.0,valid,Pre-monsoon_WL_1994-2025.pdf,NULL,NULL,local_pdf,official_web_fallback,official_web_fallback,pdf_text,NULL,NULL,3568,NULL,NULL,https://cgwb.gov.in
goa,north goa,satari,satari,Charayode,Charayode Station,15.62783,74.13084,2016,5,Pre-monsoon,6.24,NULL,Safe,NULL,NULL,NULL,NULL,NULL,NULL,unmatched,0.0,valid,Pre-monsoon_WL_1994-2025.pdf,NULL,NULL,local_pdf,official_web_fallback,official_web_fallback,pdf_text,NULL,NULL,3568,NULL,NULL,https://cgwb.gov.in
goa,north goa,satari,satari,Dhatwado Vante,Dhatwado Vante Station,15.49613,74.09753,2016,5,Pre-monsoon,9.15,NULL,Safe,NULL,NULL,NULL,NULL,NULL,NULL,unmatched,0.0,valid,Pre-monsoon_WL_1994-2025.pdf,NULL,NULL,local_pdf,official_web_fallback,official_web_fallback,pdf_text,NULL,NULL,3568,NULL,NULL,https://cgwb.gov.in
goa,north goa,satari,satari,Honda,Honda Station,15.54722,74.05079,2016,5,Pre-monsoon,4.42,NULL,Safe,NULL,NULL,NULL,NULL,NULL,NULL,unmatched,0.0,valid,Pre-monsoon_WL_1994-2025.pdf,NULL,NULL,local_pdf,official_web_fallback,official_web_fallback,pdf_text,NULL,NULL,3568,NULL,NULL,https://cgwb.gov.in
goa,north goa,satari,satari,Khadki(Harijanwada),Khadki(Harijanwada) Station,15.50253,74.13964,2016,5,Pre-monsoon,8.76,NULL,Safe,NULL,NULL,NULL,NULL,NULL,NULL,unmatched,0.0,valid,Pre-monsoon_WL_1994-2025.pdf,NULL,NULL,local_pdf,official_web_fallback,official_web_fallback,pdf_text,NULL,NULL,3568,NULL,NULL,https://cgwb.gov.in
goa,north goa,satari,satari,Khotodem,Khotodem Station,15.48277,74.13695,2016,5,Pre-monsoon,6.73,NULL,Safe,NULL,NULL,NULL,NULL,NULL,NULL,unmatched,0.0,valid,Pre-monsoon_WL_1994-2025.pdf,NULL,NULL,local_pdf,official_web_fallback,official_web_fallback,pdf_text,NULL,NULL,3568,NULL,NULL,https://cgwb.gov.in
goa,north goa,satari,satari,Morlem,Morlem Station,15.59397,74.04632,2016,5,Pre-monsoon,3.59,NULL,Safe,NULL,NULL,NULL,NULL,NULL,NULL,unmatched,0.0,valid,Pre-monsoon_WL_1994-2025.pdf,NULL,NULL,local_pdf,official_web_fallback,official_web_fallback,pdf_text,NULL,NULL,3569,NULL,NULL,https://cgwb.gov.in
goa,north goa,satari,satari,Nagargao,Nagargao Station,15.56158,74.1632,2016,5,Pre-monsoon,7.29,NULL,Safe,NULL,NULL,NULL,NULL,NULL,NULL,unmatched,0.0,valid,Pre-monsoon_WL_1994-2025.pdf,NULL,NULL,local_pdf,official_web_fallback,official_web_fallback,pdf_text,NULL,NULL,3569,NULL,NULL,https://cgwb.gov.in
goa,north goa,satari,satari,Valpoi,Valpoi Station,15.53301,74.13723,2016,5,Pre-monsoon,5.47,NULL,Safe,NULL,NULL,NULL,NULL,NULL,NULL,unmatched,0.0,valid,Pre-monsoon_WL_1994-2025.pdf,NULL,NULL,local_pdf,official_web_fallback,official_web_fallback,pdf_text,NULL,NULL,3569,NULL,NULL,https://cgwb.gov.in
goa,north goa,tiswadi,tiswadi,Gavalebhat Chimbel,Gavalebhat Chimbel Station,15.48944,73.8742,2016,5,Pre-monsoon,5.94,NULL,Safe,NULL,NULL,NULL,NULL,NULL,NULL,unmatched,0.0,valid,Pre-monsoon_WL_1994-2025.pdf,NULL,NULL,local_pdf,official_web_fallback,official_web_fallback,pdf_text,NULL,NULL,3569,NULL,NULL,https://cgwb.gov.in
goa,north goa,tiswadi,tiswadi,Karanjhalen,Karanjhalen Station,15.459,73.80281,2016,5,Pre-monsoon,3.35,NULL,Safe,NULL,NULL,NULL,NULL,NULL,NULL,unmatched,0.0,valid,Pre-monsoon_WL_1994-2025.pdf,NULL,NULL,local_pdf,official_web_fallback,official_web_fallback,pdf_text,NULL,NULL,3569,NULL,NULL,https://cgwb.gov.in
goa,north goa,tiswadi,tiswadi,Velha Goa,Velha Goa Station,15.4976,73.91901,2016,5,Pre-monsoon,2.08,NULL,Safe,NULL,NULL,NULL,NULL,NULL,NULL,unmatched,0.0,valid,Pre-monsoon_WL_1994-2025.pdf,NULL,NULL,local_pdf,official_web_fallback,official_web_fallback,pdf_text,NULL,NULL,3569,NULL,NULL,https://cgwb.gov.in
goa,south goa,canacona,canacona,Agonda,Agonda Station,15.04152,73.99121,2016,5,Pre-monsoon,3.98,NULL,Safe,NULL,NULL,NULL,NULL,NULL,NULL,unmatched,0.0,valid,Pre-monsoon_WL_1994-2025.pdf,NULL,NULL,local_pdf,official_web_fallback,official_web_fallback,pdf_text,NULL,NULL,3569,NULL,NULL,https://cgwb.gov.in
goa,south goa,canacona,canacona,Canacona,Canacona Station,15.00716,74.05233,2016,5,Pre-monsoon,4.85,NULL,Safe,NULL,NULL,NULL,NULL,NULL,NULL,unmatched,0.0,valid,Pre-monsoon_WL_1994-2025.pdf,NULL,NULL,local_pdf,official_web_fallback,official_web_fallback,pdf_text,NULL,NULL,3569,NULL,NULL,https://cgwb.gov.in
goa,south goa,canacona,canacona,Daptamol Lolien,Daptamol Lolien Station,14.94986,74.05528,2016,5,Pre-monsoon,14.7,NULL,Safe,NULL,NULL,NULL,NULL,NULL,NULL,unmatched,0.0,valid,Pre-monsoon_WL_1994-2025.pdf,NULL,NULL,local_pdf,official_web_fallback,official_web_fallback,pdf_text,NULL,NULL,3569,NULL,NULL,https://cgwb.gov.in
goa,south goa,canacona,canacona,Gulem Velipwada,Gulem Velipwada Station,15.03918,74.02939,2016,5,Pre-monsoon,3.94,NULL,Safe,NULL,NULL,NULL,NULL,NULL,NULL,unmatched,0.0,valid,Pre-monsoon_WL_1994-2025.pdf,NULL,NULL,local_pdf,official_web_fallback,official_web_fallback,pdf_text,NULL,NULL,3569,NULL,NULL,https://cgwb.gov.in
goa,south goa,canacona,canacona,Hattipal Poinguinem,Hattipal Poinguinem Station,14.98407,74.10869,2016,5,Pre-monsoon,8.64,NULL,Safe,NULL,NULL,NULL,NULL,NULL,NULL,unmatched,0.0,valid,Pre-monsoon_WL_1994-2025.pdf,NULL,NULL,local_pdf,official_web_fallback,official_web_fallback,pdf_text,NULL,NULL,3569,NULL,NULL,https://cgwb.gov.in
goa,south goa,canacona,canacona,Mashe,Mashe Station,14.96289,74.05465,2016,5,Pre-monsoon,4.52,NULL,Safe,NULL,NULL,NULL,NULL,NULL,NULL,unmatched,0.0,valid,Pre-monsoon_WL_1994-2025.pdf,NULL,NULL,local_pdf,official_web_fallback,official_web_fallback,pdf_text,NULL,NULL,3569,NULL,NULL,https://cgwb.gov.in
goa,south goa,canacona,canacona,Poinguinim,Poinguinim Station,14.97528,74.09035,2016,5,Pre-monsoon,8.99,NULL,Safe,NULL,NULL,NULL,NULL,NULL,NULL,unmatched,0.0,valid,Pre-monsoon_WL_1994-2025.pdf,NULL,NULL,local_pdf,official_web_fallback,official_web_fallback,pdf_text,NULL,NULL,3569,NULL,NULL,https://cgwb.gov.in
goa,south goa,canacona,canacona,Polem,Polem Station,14.91289,74.08455,2016,5,Pre-monsoon,4.79,NULL,Safe,NULL,NULL,NULL,NULL,NULL,NULL,unmatched,0.0,valid,Pre-monsoon_WL_1994-2025.pdf,NULL,NULL,local_pdf,official_web_fallback,official_web_fallback,pdf_text,NULL,NULL,3569,NULL,NULL,https://cgwb.gov.in
goa,south goa,canacona,canacona,Shrishtal Gaondongar,Shrishtal Gaondongar Station,15.03725,74.11851,2016,5,Pre-monsoon,8.1,NULL,Safe,NULL,NULL,NULL,NULL,NULL,NULL,unmatched,0.0,valid,Pre-monsoon_WL_1994-2025.pdf,NULL,NULL,local_pdf,official_web_fallback,official_web_fallback,pdf_text,NULL,NULL,3569,NULL,NULL,https://cgwb.gov.in
goa,south goa,canacona,canacona,Sristal,Sristal Station,14.99245,74.10557,2016,5,Pre-monsoon,5.78,NULL,Safe,NULL,NULL,NULL,NULL,NULL,NULL,unmatched,0.0,valid,Pre-monsoon_WL_1994-2025.pdf,NULL,NULL,local_pdf,official_web_fallback,official_web_fallback,pdf_text,NULL,NULL,3569,NULL,NULL,https://cgwb.gov.in
goa,south goa,canacona,canacona,Yedda,Yedda Station,14.99803,74.19071,2016,5,Pre-monsoon,5.39,NULL,Safe,NULL,NULL,NULL,NULL,NULL,NULL,unmatched,0.0,valid,Pre-monsoon_WL_1994-2025.pdf,NULL,NULL,local_pdf,official_web_fallback,official_web_fallback,pdf_text,NULL,NULL,3569,NULL,NULL,https://cgwb.gov.in
goa,south goa,dharbandora,dharbandora,Bolkharnem,Bolkharnem Station,15.42964,74.19235,2016,5,Pre-monsoon,6.88,NULL,Safe,NULL,NULL,NULL,NULL,NULL,NULL,unmatched,0.0,valid,Pre-monsoon_WL_1994-2025.pdf,NULL,NULL,local_pdf,official_web_fallback,official_web_fallback,pdf_text,NULL,NULL,3569,NULL,NULL,https://cgwb.gov.in
goa,south goa,dharbandora,dharbandora,Colem,Colem Station,15.33497,74.24375,2016,5,Pre-monsoon,9.0,NULL,Safe,NULL,NULL,NULL,NULL,NULL,NULL,unmatched,0.0,valid,Pre-monsoon_WL_1994-2025.pdf,NULL,NULL,local_pdf,official_web_fallback,official_web_fallback,pdf_text,NULL,NULL,3569,NULL,NULL,https://cgwb.gov.in
goa,south goa,dharbandora,dharbandora,Molem,Molem Station,15.36379,74.17534,2016,5,Pre-monsoon,6.34,NULL,Safe,NULL,NULL,NULL,NULL,NULL,NULL,unmatched,0.0,valid,Pre-monsoon_WL_1994-2025.pdf,NULL,NULL,local_pdf,official_web_fallback,official_web_fallback,pdf_text,NULL,NULL,3569,NULL,NULL,https://cgwb.gov.in
goa,south goa,mormugao,mormugao,Bagmola,Bagmola Station,15.37006,73.83826,2016,5,Pre-monsoon,3.05,NULL,Safe,NULL,NULL,NULL,NULL,NULL,NULL,unmatched,0.0,valid,Pre-monsoon_WL_1994-2025.pdf,NULL,NULL,local_pdf,official_web_fallback,official_web_fallback,pdf_text,NULL,NULL,3569,NULL,NULL,https://cgwb.gov.in
goa,south goa,mormugao,mormugao,Chicalim (Ct),Chicalim (Ct) Station,15.39818,73.83679,2016,5,Pre-monsoon,3.13,NULL,Safe,NULL,NULL,NULL,NULL,NULL,NULL,unmatched,0.0,valid,Pre-monsoon_WL_1994-2025.pdf,NULL,NULL,local_pdf,official_web_fallback,official_web_fallback,pdf_text,NULL,NULL,3569,NULL,NULL,https://cgwb.gov.in
goa,south goa,ponda,ponda,Kapsa,Kapsa Station,15.27344,74.1006,2016,5,Pre-monsoon,6.08,NULL,Safe,NULL,NULL,NULL,NULL,NULL,NULL,unmatched,0.0,valid,Pre-monsoon_WL_1994-2025.pdf,NULL,NULL,local_pdf,official_web_fallback,official_web_fallback,pdf_text,NULL,NULL,3569,NULL,NULL,https://cgwb.gov.in
goa,south goa,ponda,ponda,Kundel Dassolwada,Kundel Dassolwada Station,15.45287,73.95255,2016,5,Pre-monsoon,1.87,NULL,Safe,NULL,NULL,NULL,NULL,NULL,NULL,unmatched,0.0,valid,Pre-monsoon_WL_1994-2025.pdf,NULL,NULL,local_pdf,official_web_fallback,official_web_fallback,pdf_text,NULL,NULL,3569,NULL,NULL,https://cgwb.gov.in
goa,south goa,ponda,ponda,Mankem,Mankem Station,15.30549,74.04834,2016,5,Pre-monsoon,4.05,NULL,Safe,NULL,NULL,NULL,NULL,NULL,NULL,unmatched,0.0,valid,Pre-monsoon_WL_1994-2025.pdf,NULL,NULL,local_pdf,official_web_fallback,official_web_fallback,pdf_text,NULL,NULL,3569,NULL,NULL,https://cgwb.gov.in
goa,south goa,ponda,ponda,Shiroda,Shiroda Station,15.32068,74.03502,2016,5,Pre-monsoon,8.9,NULL,Safe,NULL,NULL,NULL,NULL,NULL,NULL,unmatched,0.0,valid,Pre-monsoon_WL_1994-2025.pdf,NULL,NULL,local_pdf,official_web_fallback,official_web_fallback,pdf_text,NULL,NULL,3569,NULL,NULL,https://cgwb.gov.in
goa,south goa,quepem,quepem,Ghadiawada,Ghadiawada Station,15.23894,74.11303,2016,5,Pre-monsoon,1.7,NULL,Safe,NULL,NULL,NULL,NULL,NULL,NULL,unmatched,0.0,valid,Pre-monsoon_WL_1994-2025.pdf,NULL,NULL,local_pdf,official_web_fallback,official_web_fallback,pdf_text,NULL,NULL,3569,NULL,NULL,https://cgwb.gov.in
goa,south goa,quepem,quepem,Malkarnem,Malkarnem Station,15.18693,74.12549,2016,5,Pre-monsoon,5.8,NULL,Safe,NULL,NULL,NULL,NULL,NULL,NULL,unmatched,0.0,valid,Pre-monsoon_WL_1994-2025.pdf,NULL,NULL,local_pdf,official_web_fallback,official_web_fallback,pdf_text,NULL,NULL,3569,NULL,NULL,https://cgwb.gov.in
goa,south goa,quepem,quepem,Padi,Padi Station,15.09291,74.0306,2016,5,Pre-monsoon,13.0,NULL,Safe,NULL,NULL,NULL,NULL,NULL,NULL,unmatched,0.0,valid,Pre-monsoon_WL_1994-2025.pdf,NULL,NULL,local_pdf,official_web_fallback,official_web_fallback,pdf_text,NULL,NULL,3569,NULL,NULL,https://cgwb.gov.in
goa,south goa,quepem,quepem,Quepem,Quepem Station,15.21751,74.08075,2016,5,Pre-monsoon,3.79,NULL,Safe,NULL,NULL,NULL,NULL,NULL,NULL,unmatched,0.0,valid,Pre-monsoon_WL_1994-2025.pdf,NULL,NULL,local_pdf,official_web_fallback,official_web_fallback,pdf_text,NULL,NULL,3569,NULL,NULL,https://cgwb.gov.in
goa,south goa,salcete,salcete,Ballynuvhen,Ballynuvhen Station,15.31651,73.94542,2016,5,Pre-monsoon,6.48,NULL,Safe,NULL,NULL,NULL,NULL,NULL,NULL,unmatched,0.0,valid,Pre-monsoon_WL_1994-2025.pdf,NULL,NULL,local_pdf,official_web_fallback,official_web_fallback,pdf_text,NULL,NULL,3569,NULL,NULL,https://cgwb.gov.in
goa,south goa,salcete,salcete,Barodi Velni Betul,Barodi Velni Betul Station,15.14996,73.96082,2016,5,Pre-monsoon,2.37,NULL,Safe,NULL,NULL,NULL,NULL,NULL,NULL,unmatched,0.0,valid,Pre-monsoon_WL_1994-2025.pdf,NULL,NULL,local_pdf,official_web_fallback,official_web_fallback,pdf_text,NULL,NULL,3569,NULL,NULL,https://cgwb.gov.in
goa,south goa,salcete,salcete,Betalbhatti,Betalbhatti Station,15.30071,73.92006,2016,5,Pre-monsoon,6.87,NULL,Safe,NULL,NULL,NULL,NULL,NULL,NULL,unmatched,0.0,valid,Pre-monsoon_WL_1994-2025.pdf,NULL,NULL,local_pdf,official_web_fallback,official_web_fallback,pdf_text,NULL,NULL,3569,NULL,NULL,https://cgwb.gov.in
goa,south goa,salcete,salcete,Cuncolim,Cuncolim Station,15.18013,74.00004,2016,5,Pre-monsoon,2.48,NULL,Safe,NULL,NULL,NULL,NULL,NULL,NULL,unmatched,0.0,valid,Pre-monsoon_WL_1994-2025.pdf,NULL,NULL,local_pdf,official_web_fallback,official_web_fallback,pdf_text,NULL,NULL,3569,NULL,NULL,https://cgwb.gov.in
goa,south goa,salcete,salcete,Kaveslium,Kaveslium Station,15.18555,73.94721,2016,5,Pre-monsoon,4.55,NULL,Safe,NULL,NULL,NULL,NULL,NULL,NULL,unmatched,0.0,valid,Pre-monsoon_WL_1994-2025.pdf,NULL,NULL,local_pdf,official_web_fallback,official_web_fallback,pdf_text,NULL,NULL,3569,NULL,NULL,https://cgwb.gov.in
goa,south goa,salcete,salcete,Majorda Bpada Curilo,Majorda Bpada Curilo Station,15.32117,73.91711,2016,5,Pre-monsoon,5.53,NULL,Safe,NULL,NULL,NULL,NULL,NULL,NULL,unmatched,0.0,valid,Pre-monsoon_WL_1994-2025.pdf,NULL,NULL,local_pdf,official_web_fallback,official_web_fallback,pdf_text,NULL,NULL,3569,NULL,NULL,https://cgwb.gov.in
goa,south goa,salcete,salcete,Navelim (Ct),Navelim (Ct) Station,15.25444,73.96722,2016,5,Pre-monsoon,5.14,NULL,Safe,NULL,NULL,NULL,NULL,NULL,NULL,unmatched,0.0,valid,Pre-monsoon_WL_1994-2025.pdf,NULL,NULL,local_pdf,official_web_fallback,official_web_fallback,pdf_text,NULL,NULL,3569,NULL,NULL,https://cgwb.gov.in
goa,south goa,salcete,salcete,Panchwadi,Panchwadi Station,15.2836,74.09517,2016,5,Pre-monsoon,7.1,NULL,Safe,NULL,NULL,NULL,NULL,NULL,NULL,unmatched,0.0,valid,Pre-monsoon_WL_1994-2025.pdf,NULL,NULL,local_pdf,official_web_fallback,official_web_fallback,pdf_text,NULL,NULL,3570,NULL,NULL,https://cgwb.gov.in
goa,south goa,sanguem,sanguem,Bati,Bati Station,15.13176,74.22645,2016,5,Pre-monsoon,5.29,NULL,Safe,NULL,NULL,NULL,NULL,NULL,NULL,unmatched,0.0,valid,Pre-monsoon_WL_1994-2025.pdf,NULL,NULL,local_pdf,official_web_fallback,official_web_fallback,pdf_text,NULL,NULL,3570,NULL,NULL,https://cgwb.gov.in
goa,south goa,sanguem,sanguem,Deulwada Kolamba,Deulwada Kolamba Station,15.15021,74.13099,2016,5,Pre-monsoon,3.0,NULL,Safe,NULL,NULL,NULL,NULL,NULL,NULL,unmatched,0.0,valid,Pre-monsoon_WL_1994-2025.pdf,NULL,NULL,local_pdf,official_web_fallback,official_web_fallback,pdf_text,NULL,NULL,3570,NULL,NULL,https://cgwb.gov.in
goa,south goa,sanguem,sanguem,Guddemal,Guddemal Station,15.28545,74.12969,2016,5,Pre-monsoon,12.0,NULL,Safe,NULL,NULL,NULL,NULL,NULL,NULL,unmatched,0.0,valid,Pre-monsoon_WL_1994-2025.pdf,NULL,NULL,local_pdf,official_web_fallback,official_web_fallback,pdf_text,NULL,NULL,3570,NULL,NULL,https://cgwb.gov.in
goa,south goa,sanguem,sanguem,Jambavli,Jambavli Station,15.18658,74.09529,2016,5,Pre-monsoon,9.1,NULL,Safe,NULL,NULL,NULL,NULL,NULL,NULL,unmatched,0.0,valid,Pre-monsoon_WL_1994-2025.pdf,NULL,NULL,local_pdf,official_web_fallback,official_web_fallback,pdf_text,NULL,NULL,3570,NULL,NULL,https://cgwb.gov.in
goa,south goa,sanguem,sanguem,Kalay,Kalay Station,15.2885,74.18007,2016,5,Pre-monsoon,11.79,NULL,Safe,NULL,NULL,NULL,NULL,NULL,NULL,unmatched,0.0,valid,Pre-monsoon_WL_1994-2025.pdf,NULL,NULL,local_pdf,official_web_fallback,official_web_fallback,pdf_text,NULL,NULL,3570,NULL,NULL,https://cgwb.gov.in
goa,south goa,sanguem,sanguem,Rivona,Rivona Station,15.16415,74.10671,2016,5,Pre-monsoon,7.49,NULL,Safe,NULL,NULL,NULL,NULL,NULL,NULL,unmatched,0.0,valid,Pre-monsoon_WL_1994-2025.pdf,NULL,NULL,local_pdf,official_web_fallback,official_web_fallback,pdf_text,NULL,NULL,3570,NULL,NULL,https://cgwb.gov.in
goa,south goa,sanguem,sanguem,Themchewada,Themchewada Station,15.21958,74.15752,2016,5,Pre-monsoon,7.73,NULL,Safe,NULL,NULL,NULL,NULL,NULL,NULL,unmatched,0.0,valid,Pre-monsoon_WL_1994-2025.pdf,NULL,NULL,local_pdf,official_web_fallback,official_web_fallback,pdf_text,NULL,NULL,3570,NULL,NULL,https://cgwb.gov.in
goa,south goa,sanguem,sanguem,Vadam,Vadam Station,15.13063,74.20754,2016,5,Pre-monsoon,5.4,NULL,Safe,NULL,NULL,NULL,NULL,NULL,NULL,unmatched,0.0,valid,Pre-monsoon_WL_1994-2025.pdf,NULL,NULL,local_pdf,official_web_fallback,official_web_fallback,pdf_text,NULL,NULL,3570,NULL,NULL,https://cgwb.gov.in
goa,south goa,sanguem,sanguem,Vichundrem,Vichundrem Station,15.10364,74.20318,2016,5,Pre-monsoon,7.8,NULL,Safe,NULL,NULL,NULL,NULL,NULL,NULL,unmatched,0.0,valid,Pre-monsoon_WL_1994-2025.pdf,NULL,NULL,local_pdf,official_web_fallback,official_web_fallback,pdf_text,NULL,NULL,3570,NULL,NULL,https://cgwb.gov.in
goa,north goa,bardez,bardez,Alto Betim Porvorim,Alto Betim Porvorim Station,15.52605,73.82982,2015,5,Pre-monsoon,6.16,NULL,Safe,NULL,NULL,NULL,NULL,NULL,NULL,unmatched,0.0,valid,Pre-monsoon_WL_1994-2025.pdf,NULL,NULL,local_pdf,official_web_fallback,official_web_fallback,pdf_text,NULL,NULL,3998,NULL,NULL,https://cgwb.gov.in
goa,north goa,bardez,bardez,Amberem,Amberem Station,15.74045,73.82449,2015,5,Pre-monsoon,7.28,NULL,Safe,NULL,NULL,NULL,NULL,NULL,NULL,unmatched,0.0,valid,Pre-monsoon_WL_1994-2025.pdf,NULL,NULL,local_pdf,official_web_fallback,official_web_fallback,pdf_text,NULL,NULL,3998,NULL,NULL,https://cgwb.gov.in
goa,north goa,bardez,bardez,Anjuna (Ct),Anjuna (Ct) Station,15.5842,73.73828,2015,5,Pre-monsoon,12.06,NULL,Safe,NULL,NULL,NULL,NULL,NULL,NULL,unmatched,0.0,valid,Pre-monsoon_WL_1994-2025.pdf,NULL,NULL,local_pdf,official_web_fallback,official_web_fallback,pdf_text,NULL,NULL,3998,NULL,NULL,https://cgwb.gov.in
goa,north goa,bardez,bardez,Bastora,Bastora Station,15.51596,73.83858,2015,5,Pre-monsoon,2.08,NULL,Safe,NULL,NULL,NULL,NULL,NULL,NULL,unmatched,0.0,valid,Pre-monsoon_WL_1994-2025.pdf,NULL,NULL,local_pdf,official_web_fallback,official_web_fallback,pdf_text,NULL,NULL,3998,NULL,NULL,https://cgwb.gov.in
goa,north goa,bardez,bardez,Calangute (Ct),Calangute (Ct) Station,15.54612,73.75861,2015,5,Pre-monsoon,7.68,NULL,Safe,NULL,NULL,NULL,NULL,NULL,NULL,unmatched,0.0,valid,Pre-monsoon_WL_1994-2025.pdf,NULL,NULL,local_pdf,official_web_fallback,official_web_fallback,pdf_text,NULL,NULL,3998,NULL,NULL,https://cgwb.gov.in
goa,north goa,bardez,bardez,Colvale (Ct),Colvale (Ct) Station,15.64402,73.83727,2015,5,Pre-monsoon,14.82,NULL,Safe,NULL,NULL,NULL,NULL,NULL,NULL,unmatched,0.0,valid,Pre-monsoon_WL_1994-2025.pdf,NULL,NULL,local_pdf,official_web_fallback,official_web_fallback,pdf_text,NULL,NULL,3998,NULL,NULL,https://cgwb.gov.in
goa,north goa,bardez,bardez,Mapuca,Mapuca Station,15.61013,73.82434,2015,5,Pre-monsoon,3.87,NULL,Safe,NULL,NULL,NULL,NULL,NULL,NULL,unmatched,0.0,valid,Pre-monsoon_WL_1994-2025.pdf,NULL,NULL,local_pdf,official_web_fallback,official_web_fallback,pdf_text,NULL,NULL,3998,NULL,NULL,https://cgwb.gov.in
goa,north goa,bardez,bardez,Olaulim,Olaulim Station,15.56958,73.86345,2015,5,Pre-monsoon,2.14,NULL,Safe,NULL,NULL,NULL,NULL,NULL,NULL,unmatched,0.0,valid,Pre-monsoon_WL_1994-2025.pdf,NULL,NULL,local_pdf,official_web_fallback,official_web_fallback,pdf_text,NULL,NULL,3998,NULL,NULL,https://cgwb.gov.in
goa,north goa,bardez,bardez,Parra,Parra Station,15.57282,73.79279,2015,5,Pre-monsoon,2.38,NULL,Safe,NULL,NULL,NULL,NULL,NULL,NULL,unmatched,0.0,valid,Pre-monsoon_WL_1994-2025.pdf,NULL,NULL,local_pdf,official_web_fallback,official_web_fallback,pdf_text,NULL,NULL,3998,NULL,NULL,https://cgwb.gov.in
goa,north goa,bardez,bardez,Pirna,Pirna Station,15.66884,73.8818,2015,5,Pre-monsoon,3.57,NULL,Safe,NULL,NULL,NULL,NULL,NULL,NULL,unmatched,0.0,valid,Pre-monsoon_WL_1994-2025.pdf,NULL,NULL,local_pdf,official_web_fallback,official_web_fallback,pdf_text,NULL,NULL,3998,NULL,NULL,https://cgwb.gov.in
goa,north goa,bardez,bardez,Pomburpa,Pomburpa Station,15.55926,73.86761,2015,5,Pre-monsoon,3.49,NULL,Safe,NULL,NULL,NULL,NULL,NULL,NULL,unmatched,0.0,valid,Pre-monsoon_WL_1994-2025.pdf,NULL,NULL,local_pdf,official_web_fallback,official_web_fallback,pdf_text,NULL,NULL,3998,NULL,NULL,https://cgwb.gov.in
goa,north goa,bardez,bardez,Salvador-Do-Mundo (Ct),Salvador-Do-Mundo (Ct) Station,15.5376,73.86869,2015,5,Pre-monsoon,2.98,NULL,Safe,NULL,NULL,NULL,NULL,NULL,NULL,unmatched,0.0,valid,Pre-monsoon_WL_1994-2025.pdf,NULL,NULL,local_pdf,official_web_fallback,official_web_fallback,pdf_text,NULL,NULL,3998,NULL,NULL,https://cgwb.gov.in
goa,north goa,bardez,bardez,Shivoli Brahmanwada,Shivoli Brahmanwada Station,15.62358,73.76681,2015,5,Pre-monsoon,3.24,NULL,Safe,NULL,NULL,NULL,NULL,NULL,NULL,unmatched,0.0,valid,Pre-monsoon_WL_1994-2025.pdf,NULL,NULL,local_pdf,official_web_fallback,official_web_fallback,pdf_text,NULL,NULL,3998,NULL,NULL,https://cgwb.gov.in
goa,north goa,bardez,bardez,Sircaim,Sircaim Station,15.62689,73.87588,2015,5,Pre-monsoon,4.43,NULL,Safe,NULL,NULL,NULL,NULL,NULL,NULL,unmatched,0.0,valid,Pre-monsoon_WL_1994-2025.pdf,NULL,NULL,local_pdf,official_web_fallback,official_web_fallback,pdf_text,NULL,NULL,3998,NULL,NULL,https://cgwb.gov.in
goa,north goa,bicholim,bicholim,Adwalpale,Adwalpale Station,15.63986,73.89602,2015,5,Pre-monsoon,5.61,NULL,Safe,NULL,NULL,NULL,NULL,NULL,NULL,unmatched,0.0,valid,Pre-monsoon_WL_1994-2025.pdf,NULL,NULL,local_pdf,official_web_fallback,official_web_fallback,pdf_text,NULL,NULL,3998,NULL,NULL,https://cgwb.gov.in
goa,north goa,bicholim,bicholim,Devulawada Narve,Devulawada Narve Station,15.55205,73.92413,2015,5,Pre-monsoon,15.75,NULL,Safe,NULL,NULL,NULL,NULL,NULL,NULL,unmatched,0.0,valid,Pre-monsoon_WL_1994-2025.pdf,NULL,NULL,local_pdf,official_web_fallback,official_web_fallback,pdf_text,NULL,NULL,3998,NULL,NULL,https://cgwb.gov.in
goa,north goa,bicholim,bicholim,Jambhul Batt,Jambhul Batt Station,15.58041,73.92604,2015,5,Pre-monsoon,3.53,NULL,Safe,NULL,NULL,NULL,NULL,NULL,NULL,unmatched,0.0,valid,Pre-monsoon_WL_1994-2025.pdf,NULL,NULL,local_pdf,official_web_fallback,official_web_fallback,pdf_text,NULL,NULL,3998,NULL,NULL,https://cgwb.gov.in
goa,north goa,bicholim,bicholim,Mulgao,Mulgao Station,15.61711,73.92075,2015,5,Pre-monsoon,3.13,NULL,Safe,NULL,NULL,NULL,NULL,NULL,NULL,unmatched,0.0,valid,Pre-monsoon_WL_1994-2025.pdf,NULL,NULL,local_pdf,official_web_fallback,official_web_fallback,pdf_text,NULL,NULL,3998,NULL,NULL,https://cgwb.gov.in
goa,north goa,bicholim,bicholim,Salem,Salem Station,15.68771,73.92681,2015,5,Pre-monsoon,3.17,NULL,Safe,NULL,NULL,NULL,NULL,NULL,NULL,unmatched,0.0,valid,Pre-monsoon_WL_1994-2025.pdf,NULL,NULL,local_pdf,official_web_fallback,official_web_fallback,pdf_text,NULL,NULL,3998,NULL,NULL,https://cgwb.gov.in
goa,north goa,pernem,pernem,Corgao,Corgao Station,15.70939,73.75176,2015,5,Pre-monsoon,4.96,NULL,Safe,NULL,NULL,NULL,NULL,NULL,NULL,unmatched,0.0,valid,Pre-monsoon_WL_1994-2025.pdf,NULL,NULL,local_pdf,official_web_fallback,official_web_fallback,pdf_text,NULL,NULL,3998,NULL,NULL,https://cgwb.gov.in
goa,north goa,pernem,pernem,Hasaravanni Vaipal,Hasaravanni Vaipal Station,15.73251,73.89959,2015,5,Pre-monsoon,3.58,NULL,Safe,NULL,NULL,NULL,NULL,NULL,NULL,unmatched,0.0,valid,Pre-monsoon_WL_1994-2025.pdf,NULL,NULL,local_pdf,official_web_fallback,official_web_fallback,pdf_text,NULL,NULL,3998,NULL,NULL,https://cgwb.gov.in
goa,north goa,pernem,pernem,Haspur,Haspur Station,15.73698,73.90359,2015,5,Pre-monsoon,4.69,NULL,Safe,NULL,NULL,NULL,NULL,NULL,NULL,unmatched,0.0,valid,Pre-monsoon_WL_1994-2025.pdf,NULL,NULL,local_pdf,official_web_fallback,official_web_fallback,pdf_text,NULL,NULL,3998,NULL,NULL,https://cgwb.gov.in
goa,north goa,pernem,pernem,Morji,Morji Station,15.63598,73.73963,2015,5,Pre-monsoon,1.72,NULL,Safe,NULL,NULL,NULL,NULL,NULL,NULL,unmatched,0.0,valid,Pre-monsoon_WL_1994-2025.pdf,NULL,NULL,local_pdf,official_web_fallback,official_web_fallback,pdf_text,NULL,NULL,3998,NULL,NULL,https://cgwb.gov.in
goa,north goa,pernem,pernem,Nagjhar,Nagjhar Station,15.70843,73.85289,2015,5,Pre-monsoon,7.61,NULL,Safe,NULL,NULL,NULL,NULL,NULL,NULL,unmatched,0.0,valid,Pre-monsoon_WL_1994-2025.pdf,NULL,NULL,local_pdf,official_web_fallback,official_web_fallback,pdf_text,NULL,NULL,3998,NULL,NULL,https://cgwb.gov.in
goa,north goa,pernem,pernem,Pernem,Pernem Station,15.7176,73.79806,2015,5,Pre-monsoon,3.64,NULL,Safe,NULL,NULL,NULL,NULL,NULL,NULL,unmatched,0.0,valid,Pre-monsoon_WL_1994-2025.pdf,NULL,NULL,local_pdf,official_web_fallback,official_web_fallback,pdf_text,NULL,NULL,3998,NULL,NULL,https://cgwb.gov.in
goa,north goa,pernem,pernem,Sawanthawada,Sawanthawada Station,15.68082,73.75108,2015,5,Pre-monsoon,3.79,NULL,Safe,NULL,NULL,NULL,NULL,NULL,NULL,unmatched,0.0,valid,Pre-monsoon_WL_1994-2025.pdf,NULL,NULL,local_pdf,official_web_fallback,official_web_fallback,pdf_text,NULL,NULL,3998,NULL,NULL,https://cgwb.gov.in
goa,north goa,pernem,pernem,Varconda,Varconda Station,15.75465,73.83533,2015,5,Pre-monsoon,3.35,NULL,Safe,NULL,NULL,NULL,NULL,NULL,NULL,unmatched,0.0,valid,Pre-monsoon_WL_1994-2025.pdf,NULL,NULL,local_pdf,official_web_fallback,official_web_fallback,pdf_text,NULL,NULL,3998,NULL,NULL,https://cgwb.gov.in
goa,north goa,satari,satari,Bayalwadikeri,Bayalwadikeri Station,15.61128,74.067,2015,5,Pre-monsoon,2.34,NULL,Safe,NULL,NULL,NULL,NULL,NULL,NULL,unmatched,0.0,valid,Pre-monsoon_WL_1994-2025.pdf,NULL,NULL,local_pdf,official_web_fallback,official_web_fallback,pdf_text,NULL,NULL,3998,NULL,NULL,https://cgwb.gov.in
goa,north goa,satari,satari,Bhamber Nanoda Cross,Bhamber Nanoda Cross Station,15.58778,74.19123,2015,5,Pre-monsoon,4.98,NULL,Safe,NULL,NULL,NULL,NULL,NULL,NULL,unmatched,0.0,valid,Pre-monsoon_WL_1994-2025.pdf,NULL,NULL,local_pdf,official_web_fallback,official_web_fallback,pdf_text,NULL,NULL,3998,NULL,NULL,https://cgwb.gov.in
goa,north goa,satari,satari,Buimpal,Buimpal Station,15.53936,74.08822,2015,5,Pre-monsoon,5.63,NULL,Safe,NULL,NULL,NULL,NULL,NULL,NULL,unmatched,0.0,valid,Pre-monsoon_WL_1994-2025.pdf,NULL,NULL,local_pdf,official_web_fallback,official_web_fallback,pdf_text,NULL,NULL,3998,NULL,NULL,https://cgwb.gov.in
goa,north goa,satari,satari,Charayode,Charayode Station,15.62783,74.13084,2015,5,Pre-monsoon,1.56,NULL,Safe,NULL,NULL,NULL,NULL,NULL,NULL,unmatched,0.0,valid,Pre-monsoon_WL_1994-2025.pdf,NULL,NULL,local_pdf,official_web_fallback,official_web_fallback,pdf_text,NULL,NULL,3998,NULL,NULL,https://cgwb.gov.in
goa,north goa,satari,satari,Dhatwado Vante,Dhatwado Vante Station,15.49613,74.09753,2015,5,Pre-monsoon,10.61,NULL,Safe,NULL,NULL,NULL,NULL,NULL,NULL,unmatched,0.0,valid,Pre-monsoon_WL_1994-2025.pdf,NULL,NULL,local_pdf,official_web_fallback,official_web_fallback,pdf_text,NULL,NULL,3998,NULL,NULL,https://cgwb.gov.in
goa,north goa,satari,satari,Honda,Honda Station,15.54722,74.05079,2015,5,Pre-monsoon,4.27,NULL,Safe,NULL,NULL,NULL,NULL,NULL,NULL,unmatched,0.0,valid,Pre-monsoon_WL_1994-2025.pdf,NULL,NULL,local_pdf,official_web_fallback,official_web_fallback,pdf_text,NULL,NULL,3998,NULL,NULL,https://cgwb.gov.in
goa,north goa,satari,satari,Khadki(Harijanwada),Khadki(Harijanwada) Station,15.50253,74.13964,2015,5,Pre-monsoon,9.95,NULL,Safe,NULL,NULL,NULL,NULL,NULL,NULL,unmatched,0.0,valid,Pre-monsoon_WL_1994-2025.pdf,NULL,NULL,local_pdf,official_web_fallback,official_web_fallback,pdf_text,NULL,NULL,3998,NULL,NULL,https://cgwb.gov.in
goa,north goa,satari,satari,Khotodem,Khotodem Station,15.48277,74.13695,2015,5,Pre-monsoon,6.25,NULL,Safe,NULL,NULL,NULL,NULL,NULL,NULL,unmatched,0.0,valid,Pre-monsoon_WL_1994-2025.pdf,NULL,NULL,local_pdf,official_web_fallback,official_web_fallback,pdf_text,NULL,NULL,3998,NULL,NULL,https://cgwb.gov.in
goa,north goa,satari,satari,Morlem,Morlem Station,15.59397,74.04632,2015,5,Pre-monsoon,3.79,NULL,Safe,NULL,NULL,NULL,NULL,NULL,NULL,unmatched,0.0,valid,Pre-monsoon_WL_1994-2025.pdf,NULL,NULL,local_pdf,official_web_fallback,official_web_fallback,pdf_text,NULL,NULL,3998,NULL,NULL,https://cgwb.gov.in
goa,north goa,satari,satari,Nagargao,Nagargao Station,15.56158,74.1632,2015,5,Pre-monsoon,7.77,NULL,Safe,NULL,NULL,NULL,NULL,NULL,NULL,unmatched,0.0,valid,Pre-monsoon_WL_1994-2025.pdf,NULL,NULL,local_pdf,official_web_fallback,official_web_fallback,pdf_text,NULL,NULL,3998,NULL,NULL,https://cgwb.gov.in
goa,north goa,satari,satari,Valpoi,Valpoi Station,15.53301,74.13723,2015,5,Pre-monsoon,5.33,NULL,Safe,NULL,NULL,NULL,NULL,NULL,NULL,unmatched,0.0,valid,Pre-monsoon_WL_1994-2025.pdf,NULL,NULL,local_pdf,official_web_fallback,official_web_fallback,pdf_text,NULL,NULL,3998,NULL,NULL,https://cgwb.gov.in
goa,north goa,tiswadi,tiswadi,Gavalebhat Chimbel,Gavalebhat Chimbel Station,15.48944,73.8742,2015,5,Pre-monsoon,1.68,NULL,Safe,NULL,NULL,NULL,NULL,NULL,NULL,unmatched,0.0,valid,Pre-monsoon_WL_1994-2025.pdf,NULL,NULL,local_pdf,official_web_fallback,official_web_fallback,pdf_text,NULL,NULL,3999,NULL,NULL,https://cgwb.gov.in
goa,north goa,tiswadi,tiswadi,Karanjhalen,Karanjhalen Station,15.459,73.80281,2015,5,Pre-monsoon,2.82,NULL,Safe,NULL,NULL,NULL,NULL,NULL,NULL,unmatched,0.0,valid,Pre-monsoon_WL_1994-2025.pdf,NULL,NULL,local_pdf,official_web_fallback,official_web_fallback,pdf_text,NULL,NULL,3999,NULL,NULL,https://cgwb.gov.in
goa,north goa,tiswadi,tiswadi,Velha Goa,Velha Goa Station,15.4976,73.91901,2015,5,Pre-monsoon,1.83,NULL,Safe,NULL,NULL,NULL,NULL,NULL,NULL,unmatched,0.0,valid,Pre-monsoon_WL_1994-2025.pdf,NULL,NULL,local_pdf,official_web_fallback,official_web_fallback,pdf_text,NULL,NULL,3999,NULL,NULL,https://cgwb.gov.in
goa,south goa,canacona,canacona,Agonda,Agonda Station,15.04152,73.99121,2015,5,Pre-monsoon,4.07,NULL,Safe,NULL,NULL,NULL,NULL,NULL,NULL,unmatched,0.0,valid,Pre-monsoon_WL_1994-2025.pdf,NULL,NULL,local_pdf,official_web_fallback,official_web_fallback,pdf_text,NULL,NULL,3999,NULL,NULL,https://cgwb.gov.in
goa,south goa,canacona,canacona,Canacona,Canacona Station,15.00716,74.05233,2015,5,Pre-monsoon,4.79,NULL,Safe,NULL,NULL,NULL,NULL,NULL,NULL,unmatched,0.0,valid,Pre-monsoon_WL_1994-2025.pdf,NULL,NULL,local_pdf,official_web_fallback,official_web_fallback,pdf_text,NULL,NULL,3999,NULL,NULL,https://cgwb.gov.in
goa,south goa,canacona,canacona,Daptamol Lolien,Daptamol Lolien Station,14.94986,74.05528,2015,5,Pre-monsoon,15.06,NULL,Safe,NULL,NULL,NULL,NULL,NULL,NULL,unmatched,0.0,valid,Pre-monsoon_WL_1994-2025.pdf,NULL,NULL,local_pdf,official_web_fallback,official_web_fallback,pdf_text,NULL,NULL,3999,NULL,NULL,https://cgwb.gov.in
goa,south goa,canacona,canacona,Gulem Velipwada,Gulem Velipwada Station,15.03918,74.02939,2015,5,Pre-monsoon,3.79,NULL,Safe,NULL,NULL,NULL,NULL,NULL,NULL,unmatched,0.0,valid,Pre-monsoon_WL_1994-2025.pdf,NULL,NULL,local_pdf,official_web_fallback,official_web_fallback,pdf_text,NULL,NULL,3999,NULL,NULL,https://cgwb.gov.in
goa,south goa,canacona,canacona,Hattipal Poinguinem,Hattipal Poinguinem Station,14.98407,74.10869,2015,5,Pre-monsoon,8.36,NULL,Safe,NULL,NULL,NULL,NULL,NULL,NULL,unmatched,0.0,valid,Pre-monsoon_WL_1994-2025.pdf,NULL,NULL,local_pdf,official_web_fallback,official_web_fallback,pdf_text,NULL,NULL,3999,NULL,NULL,https://cgwb.gov.in
goa,south goa,canacona,canacona,Mashe,Mashe Station,14.96289,74.05465,2015,5,Pre-monsoon,4.38,NULL,Safe,NULL,NULL,NULL,NULL,NULL,NULL,unmatched,0.0,valid,Pre-monsoon_WL_1994-2025.pdf,NULL,NULL,local_pdf,official_web_fallback,official_web_fallback,pdf_text,NULL,NULL,3999,NULL,NULL,https://cgwb.gov.in
goa,south goa,canacona,canacona,Polem,Polem Station,14.91289,74.08455,2015,5,Pre-monsoon,5.88,NULL,Safe,NULL,NULL,NULL,NULL,NULL,NULL,unmatched,0.0,valid,Pre-monsoon_WL_1994-2025.pdf,NULL,NULL,local_pdf,official_web_fallback,official_web_fallback,pdf_text,NULL,NULL,3999,NULL,NULL,https://cgwb.gov.in
goa,south goa,canacona,canacona,Shrishtal Gaondongar,Shrishtal Gaondongar Station,15.03725,74.11851,2015,5,Pre-monsoon,5.97,NULL,Safe,NULL,NULL,NULL,NULL,NULL,NULL,unmatched,0.0,valid,Pre-monsoon_WL_1994-2025.pdf,NULL,NULL,local_pdf,official_web_fallback,official_web_fallback,pdf_text,NULL,NULL,3999,NULL,NULL,https://cgwb.gov.in
goa,south goa,canacona,canacona,Sristal,Sristal Station,14.99245,74.10557,2015,5,Pre-monsoon,11.48,NULL,Safe,NULL,NULL,NULL,NULL,NULL,NULL,unmatched,0.0,valid,Pre-monsoon_WL_1994-2025.pdf,NULL,NULL,local_pdf,official_web_fallback,official_web_fallback,pdf_text,NULL,NULL,3999,NULL,NULL,https://cgwb.gov.in
goa,south goa,canacona,canacona,Yedda,Yedda Station,14.99803,74.19071,2015,5,Pre-monsoon,4.85,NULL,Safe,NULL,NULL,NULL,NULL,NULL,NULL,unmatched,0.0,valid,Pre-monsoon_WL_1994-2025.pdf,NULL,NULL,local_pdf,official_web_fallback,official_web_fallback,pdf_text,NULL,NULL,3999,NULL,NULL,https://cgwb.gov.in
goa,south goa,dharbandora,dharbandora,Bolkharnem,Bolkharnem Station,15.42964,74.19235,2015,5,Pre-monsoon,6.66,NULL,Safe,NULL,NULL,NULL,NULL,NULL,NULL,unmatched,0.0,valid,Pre-monsoon_WL_1994-2025.pdf,NULL,NULL,local_pdf,official_web_fallback,official_web_fallback,pdf_text,NULL,NULL,3999,NULL,NULL,https://cgwb.gov.in
goa,south goa,dharbandora,dharbandora,Colem,Colem Station,15.33497,74.24375,2015,5,Pre-monsoon,9.31,NULL,Safe,NULL,NULL,NULL,NULL,NULL,NULL,unmatched,0.0,valid,Pre-monsoon_WL_1994-2025.pdf,NULL,NULL,local_pdf,official_web_fallback,official_web_fallback,pdf_text,NULL,NULL,3999,NULL,NULL,https://cgwb.gov.in
goa,south goa,dharbandora,dharbandora,Molem,Molem Station,15.36379,74.17534,2015,5,Pre-monsoon,4.96,NULL,Safe,NULL,NULL,NULL,NULL,NULL,NULL,unmatched,0.0,valid,Pre-monsoon_WL_1994-2025.pdf,NULL,NULL,local_pdf,official_web_fallback,official_web_fallback,pdf_text,NULL,NULL,3999,NULL,NULL,https://cgwb.gov.in
goa,south goa,mormugao,mormugao,Bagmola,Bagmola Station,15.37006,73.83826,2015,5,Pre-monsoon,2.98,NULL,Safe,NULL,NULL,NULL,NULL,NULL,NULL,unmatched,0.0,valid,Pre-monsoon_WL_1994-2025.pdf,NULL,NULL,local_pdf,official_web_fallback,official_web_fallback,pdf_text,NULL,NULL,3999,NULL,NULL,https://cgwb.gov.in
goa,south goa,mormugao,mormugao,Chicalim (Ct),Chicalim (Ct) Station,15.39818,73.83679,2015,5,Pre-monsoon,2.31,NULL,Safe,NULL,NULL,NULL,NULL,NULL,NULL,unmatched,0.0,valid,Pre-monsoon_WL_1994-2025.pdf,NULL,NULL,local_pdf,official_web_fallback,official_web_fallback,pdf_text,NULL,NULL,3999,NULL,NULL,https://cgwb.gov.in
goa,south goa,ponda,ponda,Borim (Ct),Borim (Ct) Station,15.35417,74.0016,2015,5,Pre-monsoon,1.82,NULL,Safe,NULL,NULL,NULL,NULL,NULL,NULL,unmatched,0.0,valid,Pre-monsoon_WL_1994-2025.pdf,NULL,NULL,local_pdf,official_web_fallback,official_web_fallback,pdf_text,NULL,NULL,3999,NULL,NULL,https://cgwb.gov.in
goa,south goa,ponda,ponda,Kapsa,Kapsa Station,15.27344,74.1006,2015,5,Pre-monsoon,6.2,NULL,Safe,NULL,NULL,NULL,NULL,NULL,NULL,unmatched,0.0,valid,Pre-monsoon_WL_1994-2025.pdf,NULL,NULL,local_pdf,official_web_fallback,official_web_fallback,pdf_text,NULL,NULL,3999,NULL,NULL,https://cgwb.gov.in
goa,south goa,ponda,ponda,Kundel Dassolwada,Kundel Dassolwada Station,15.45287,73.95255,2015,5,Pre-monsoon,2.13,NULL,Safe,NULL,NULL,NULL,NULL,NULL,NULL,unmatched,0.0,valid,Pre-monsoon_WL_1994-2025.pdf,NULL,NULL,local_pdf,official_web_fallback,official_web_fallback,pdf_text,NULL,NULL,3999,NULL,NULL,https://cgwb.gov.in
goa,south goa,ponda,ponda,Mankem,Mankem Station,15.30549,74.04834,2015,5,Pre-monsoon,4.1,NULL,Safe,NULL,NULL,NULL,NULL,NULL,NULL,unmatched,0.0,valid,Pre-monsoon_WL_1994-2025.pdf,NULL,NULL,local_pdf,official_web_fallback,official_web_fallback,pdf_text,NULL,NULL,3999,NULL,NULL,https://cgwb.gov.in
goa,south goa,ponda,ponda,Shiroda,Shiroda Station,15.32068,74.03502,2015,5,Pre-monsoon,4.67,NULL,Safe,NULL,NULL,NULL,NULL,NULL,NULL,unmatched,0.0,valid,Pre-monsoon_WL_1994-2025.pdf,NULL,NULL,local_pdf,official_web_fallback,official_web_fallback,pdf_text,NULL,NULL,3999,NULL,NULL,https://cgwb.gov.in
goa,south goa,quepem,quepem,Ghadiawada,Ghadiawada Station,15.23894,74.11303,2015,5,Pre-monsoon,1.77,NULL,Safe,NULL,NULL,NULL,NULL,NULL,NULL,unmatched,0.0,valid,Pre-monsoon_WL_1994-2025.pdf,NULL,NULL,local_pdf,official_web_fallback,official_web_fallback,pdf_text,NULL,NULL,3999,NULL,NULL,https://cgwb.gov.in
goa,south goa,quepem,quepem,Malkarnem,Malkarnem Station,15.18693,74.12549,2015,5,Pre-monsoon,10.31,NULL,Safe,NULL,NULL,NULL,NULL,NULL,NULL,unmatched,0.0,valid,Pre-monsoon_WL_1994-2025.pdf,NULL,NULL,local_pdf,official_web_fallback,official_web_fallback,pdf_text,NULL,NULL,3999,NULL,NULL,https://cgwb.gov.in
goa,south goa,quepem,quepem,Padi,Padi Station,15.09291,74.0306,2015,5,Pre-monsoon,12.76,NULL,Safe,NULL,NULL,NULL,NULL,NULL,NULL,unmatched,0.0,valid,Pre-monsoon_WL_1994-2025.pdf,NULL,NULL,local_pdf,official_web_fallback,official_web_fallback,pdf_text,NULL,NULL,3999,NULL,NULL,https://cgwb.gov.in
goa,south goa,quepem,quepem,Quepem,Quepem Station,15.21751,74.08075,2015,5,Pre-monsoon,3.31,NULL,Safe,NULL,NULL,NULL,NULL,NULL,NULL,unmatched,0.0,valid,Pre-monsoon_WL_1994-2025.pdf,NULL,NULL,local_pdf,official_web_fallback,official_web_fallback,pdf_text,NULL,NULL,3999,NULL,NULL,https://cgwb.gov.in
goa,south goa,salcete,salcete,Akamol Ambavalli,Akamol Ambavalli Station,15.19028,74.00016,2015,5,Pre-monsoon,4.34,NULL,Safe,NULL,NULL,NULL,NULL,NULL,NULL,unmatched,0.0,valid,Pre-monsoon_WL_1994-2025.pdf,NULL,NULL,local_pdf,official_web_fallback,official_web_fallback,pdf_text,NULL,NULL,3999,NULL,NULL,https://cgwb.gov.in
goa,south goa,salcete,salcete,Ballynuvhen,Ballynuvhen Station,15.31651,73.94542,2015,5,Pre-monsoon,5.81,NULL,Safe,NULL,NULL,NULL,NULL,NULL,NULL,unmatched,0.0,valid,Pre-monsoon_WL_1994-2025.pdf,NULL,NULL,local_pdf,official_web_fallback,official_web_fallback,pdf_text,NULL,NULL,3999,NULL,NULL,https://cgwb.gov.in
goa,south goa,salcete,salcete,Barodi Velni Betul,Barodi Velni Betul Station,15.14996,73.96082,2015,5,Pre-monsoon,2.33,NULL,Safe,NULL,NULL,NULL,NULL,NULL,NULL,unmatched,0.0,valid,Pre-monsoon_WL_1994-2025.pdf,NULL,NULL,local_pdf,official_web_fallback,official_web_fallback,pdf_text,NULL,NULL,3999,NULL,NULL,https://cgwb.gov.in
goa,south goa,salcete,salcete,Betalbhatti,Betalbhatti Station,15.30071,73.92006,2015,5,Pre-monsoon,6.21,NULL,Safe,NULL,NULL,NULL,NULL,NULL,NULL,unmatched,0.0,valid,Pre-monsoon_WL_1994-2025.pdf,NULL,NULL,local_pdf,official_web_fallback,official_web_fallback,pdf_text,NULL,NULL,3999,NULL,NULL,https://cgwb.gov.in
goa,south goa,salcete,salcete,Cuncolim,Cuncolim Station,15.18013,74.00004,2015,5,Pre-monsoon,1.98,NULL,Safe,NULL,NULL,NULL,NULL,NULL,NULL,unmatched,0.0,valid,Pre-monsoon_WL_1994-2025.pdf,NULL,NULL,local_pdf,official_web_fallback,official_web_fallback,pdf_text,NULL,NULL,3999,NULL,NULL,https://cgwb.gov.in
goa,south goa,salcete,salcete,Kaveslium,Kaveslium Station,15.18555,73.94721,2015,5,Pre-monsoon,3.87,NULL,Safe,NULL,NULL,NULL,NULL,NULL,NULL,unmatched,0.0,valid,Pre-monsoon_WL_1994-2025.pdf,NULL,NULL,local_pdf,official_web_fallback,official_web_fallback,pdf_text,NULL,NULL,3999,NULL,NULL,https://cgwb.gov.in
goa,south goa,salcete,salcete,Majorda Bpada Curilo,Majorda Bpada Curilo Station,15.32117,73.91711,2015,5,Pre-monsoon,5.28,NULL,Safe,NULL,NULL,NULL,NULL,NULL,NULL,unmatched,0.0,valid,Pre-monsoon_WL_1994-2025.pdf,NULL,NULL,local_pdf,official_web_fallback,official_web_fallback,pdf_text,NULL,NULL,3999,NULL,NULL,https://cgwb.gov.in
goa,south goa,salcete,salcete,Navelim (Ct),Navelim (Ct) Station,15.25444,73.96722,2015,5,Pre-monsoon,4.88,NULL,Safe,NULL,NULL,NULL,NULL,NULL,NULL,unmatched,0.0,valid,Pre-monsoon_WL_1994-2025.pdf,NULL,NULL,local_pdf,official_web_fallback,official_web_fallback,pdf_text,NULL,NULL,3999,NULL,NULL,https://cgwb.gov.in
goa,south goa,salcete,salcete,Panchwadi,Panchwadi Station,15.2836,74.09517,2015,5,Pre-monsoon,6.75,NULL,Safe,NULL,NULL,NULL,NULL,NULL,NULL,unmatched,0.0,valid,Pre-monsoon_WL_1994-2025.pdf,NULL,NULL,local_pdf,official_web_fallback,official_web_fallback,pdf_text,NULL,NULL,3999,NULL,NULL,https://cgwb.gov.in
goa,south goa,sanguem,sanguem,Bati,Bati Station,15.13176,74.22645,2015,5,Pre-monsoon,3.29,NULL,Safe,NULL,NULL,NULL,NULL,NULL,NULL,unmatched,0.0,valid,Pre-monsoon_WL_1994-2025.pdf,NULL,NULL,local_pdf,official_web_fallback,official_web_fallback,pdf_text,NULL,NULL,3999,NULL,NULL,https://cgwb.gov.in
goa,south goa,sanguem,sanguem,Deulwada Kolamba,Deulwada Kolamba Station,15.15021,74.13099,2015,5,Pre-monsoon,2.67,NULL,Safe,NULL,NULL,NULL,NULL,NULL,NULL,unmatched,0.0,valid,Pre-monsoon_WL_1994-2025.pdf,NULL,NULL,local_pdf,official_web_fallback,official_web_fallback,pdf_text,NULL,NULL,4000,NULL,NULL,https://cgwb.gov.in
goa,south goa,sanguem,sanguem,Guddemal,Guddemal Station,15.28545,74.12969,2015,5,Pre-monsoon,11.7,NULL,Safe,NULL,NULL,NULL,NULL,NULL,NULL,unmatched,0.0,valid,Pre-monsoon_WL_1994-2025.pdf,NULL,NULL,local_pdf,official_web_fallback,official_web_fallback,pdf_text,NULL,NULL,4000,NULL,NULL,https://cgwb.gov.in
goa,south goa,sanguem,sanguem,Jambavli,Jambavli Station,15.18658,74.09529,2015,5,Pre-monsoon,8.81,NULL,Safe,NULL,NULL,NULL,NULL,NULL,NULL,unmatched,0.0,valid,Pre-monsoon_WL_1994-2025.pdf,NULL,NULL,local_pdf,official_web_fallback,official_web_fallback,pdf_text,NULL,NULL,4000,NULL,NULL,https://cgwb.gov.in
goa,south goa,sanguem,sanguem,Kalay,Kalay Station,15.2885,74.18007,2015,5,Pre-monsoon,11.8,NULL,Safe,NULL,NULL,NULL,NULL,NULL,NULL,unmatched,0.0,valid,Pre-monsoon_WL_1994-2025.pdf,NULL,NULL,local_pdf,official_web_fallback,official_web_fallback,pdf_text,NULL,NULL,4000,NULL,NULL,https://cgwb.gov.in
goa,south goa,sanguem,sanguem,Rivona,Rivona Station,15.16415,74.10671,2015,5,Pre-monsoon,7.73,NULL,Safe,NULL,NULL,NULL,NULL,NULL,NULL,unmatched,0.0,valid,Pre-monsoon_WL_1994-2025.pdf,NULL,NULL,local_pdf,official_web_fallback,official_web_fallback,pdf_text,NULL,NULL,4000,NULL,NULL,https://cgwb.gov.in
goa,south goa,sanguem,sanguem,Themchewada,Themchewada Station,15.21958,74.15752,2015,5,Pre-monsoon,8.7,NULL,Safe,NULL,NULL,NULL,NULL,NULL,NULL,unmatched,0.0,valid,Pre-monsoon_WL_1994-2025.pdf,NULL,NULL,local_pdf,official_web_fallback,official_web_fallback,pdf_text,NULL,NULL,4000,NULL,NULL,https://cgwb.gov.in
goa,south goa,sanguem,sanguem,Vadam,Vadam Station,15.13063,74.20754,2015,5,Pre-monsoon,4.15,NULL,Safe,NULL,NULL,NULL,NULL,NULL,NULL,unmatched,0.0,valid,Pre-monsoon_WL_1994-2025.pdf,NULL,NULL,local_pdf,official_web_fallback,official_web_fallback,pdf_text,NULL,NULL,4000,NULL,NULL,https://cgwb.gov.in
goa,south goa,sanguem,sanguem,Vichundrem,Vichundrem Station,15.10364,74.20318,2015,5,Pre-monsoon,7.54,NULL,Safe,NULL,NULL,NULL,NULL,NULL,NULL,unmatched,0.0,valid,Pre-monsoon_WL_1994-2025.pdf,NULL,NULL,local_pdf,official_web_fallback,official_web_fallback,pdf_text,NULL,NULL,4000,NULL,NULL,https://cgwb.gov.in
goa,north goa,bardez,bardez,Alto Betim Porvorim,Alto Betim Porvorim Station,15.52605,73.82982,2014,5,Pre-monsoon,3.63,NULL,Safe,NULL,NULL,NULL,NULL,NULL,NULL,unmatched,0.0,valid,Pre-monsoon_WL_1994-2025.pdf,NULL,NULL,local_pdf,official_web_fallback,official_web_fallback,pdf_text,NULL,NULL,4398,NULL,NULL,https://cgwb.gov.in
goa,north goa,bardez,bardez,Amberem,Amberem Station,15.74045,73.82449,2014,5,Pre-monsoon,7.32,NULL,Safe,NULL,NULL,NULL,NULL,NULL,NULL,unmatched,0.0,valid,Pre-monsoon_WL_1994-2025.pdf,NULL,NULL,local_pdf,official_web_fallback,official_web_fallback,pdf_text,NULL,NULL,4398,NULL,NULL,https://cgwb.gov.in
goa,north goa,bardez,bardez,Anjuna (Ct),Anjuna (Ct) Station,15.5842,73.73828,2014,5,Pre-monsoon,11.53,NULL,Safe,NULL,NULL,NULL,NULL,NULL,NULL,unmatched,0.0,valid,Pre-monsoon_WL_1994-2025.pdf,NULL,NULL,local_pdf,official_web_fallback,official_web_fallback,pdf_text,NULL,NULL,4398,NULL,NULL,https://cgwb.gov.in
goa,north goa,bardez,bardez,Baga,Baga Station,15.56,73.751,2014,5,Pre-monsoon,2.68,NULL,Safe,NULL,NULL,NULL,NULL,NULL,NULL,unmatched,0.0,valid,Pre-monsoon_WL_1994-2025.pdf,NULL,NULL,local_pdf,official_web_fallback,official_web_fallback,pdf_text,NULL,NULL,4398,NULL,NULL,https://cgwb.gov.in
goa,north goa,bardez,bardez,Bastora,Bastora Station,15.51596,73.83858,2014,5,Pre-monsoon,1.88,NULL,Safe,NULL,NULL,NULL,NULL,NULL,NULL,unmatched,0.0,valid,Pre-monsoon_WL_1994-2025.pdf,NULL,NULL,local_pdf,official_web_fallback,official_web_fallback,pdf_text,NULL,NULL,4398,NULL,NULL,https://cgwb.gov.in
goa,north goa,bardez,bardez,Calangute (Ct),Calangute (Ct) Station,15.54612,73.75861,2014,5,Pre-monsoon,7.95,NULL,Safe,NULL,NULL,NULL,NULL,NULL,NULL,unmatched,0.0,valid,Pre-monsoon_WL_1994-2025.pdf,NULL,NULL,local_pdf,official_web_fallback,official_web_fallback,pdf_text,NULL,NULL,4398,NULL,NULL,https://cgwb.gov.in
goa,north goa,bardez,bardez,Colvale (Ct),Colvale (Ct) Station,15.64402,73.83727,2014,5,Pre-monsoon,14.91,NULL,Safe,NULL,NULL,NULL,NULL,NULL,NULL,unmatched,0.0,valid,Pre-monsoon_WL_1994-2025.pdf,NULL,NULL,local_pdf,official_web_fallback,official_web_fallback,pdf_text,NULL,NULL,4399,NULL,NULL,https://cgwb.gov.in
goa,north goa,bardez,bardez,Mapuca,Mapuca Station,15.61013,73.82434,2014,5,Pre-monsoon,1.25,NULL,Safe,NULL,NULL,NULL,NULL,NULL,NULL,unmatched,0.0,valid,Pre-monsoon_WL_1994-2025.pdf,NULL,NULL,local_pdf,official_web_fallback,official_web_fallback,pdf_text,NULL,NULL,4399,NULL,NULL,https://cgwb.gov.in
goa,north goa,bardez,bardez,Olaulim,Olaulim Station,15.56958,73.86345,2014,5,Pre-monsoon,6.88,NULL,Safe,NULL,NULL,NULL,NULL,NULL,NULL,unmatched,0.0,valid,Pre-monsoon_WL_1994-2025.pdf,NULL,NULL,local_pdf,official_web_fallback,official_web_fallback,pdf_text,NULL,NULL,4399,NULL,NULL,https://cgwb.gov.in
goa,north goa,bardez,bardez,Parra,Parra Station,15.57282,73.79279,2014,5,Pre-monsoon,2.17,NULL,Safe,NULL,NULL,NULL,NULL,NULL,NULL,unmatched,0.0,valid,Pre-monsoon_WL_1994-2025.pdf,NULL,NULL,local_pdf,official_web_fallback,official_web_fallback,pdf_text,NULL,NULL,4399,NULL,NULL,https://cgwb.gov.in
goa,north goa,bardez,bardez,Pirna,Pirna Station,15.66884,73.8818,2014,5,Pre-monsoon,4.95,NULL,Safe,NULL,NULL,NULL,NULL,NULL,NULL,unmatched,0.0,valid,Pre-monsoon_WL_1994-2025.pdf,NULL,NULL,local_pdf,official_web_fallback,official_web_fallback,pdf_text,NULL,NULL,4399,NULL,NULL,https://cgwb.gov.in
goa,north goa,bardez,bardez,Pomburpa,Pomburpa Station,15.55926,73.86761,2014,5,Pre-monsoon,3.22,NULL,Safe,NULL,NULL,NULL,NULL,NULL,NULL,unmatched,0.0,valid,Pre-monsoon_WL_1994-2025.pdf,NULL,NULL,local_pdf,official_web_fallback,official_web_fallback,pdf_text,NULL,NULL,4399,NULL,NULL,https://cgwb.gov.in
goa,north goa,bardez,bardez,Salvador-Do-Mundo (Ct),Salvador-Do-Mundo (Ct) Station,15.5376,73.86869,2014,5,Pre-monsoon,2.82,NULL,Safe,NULL,NULL,NULL,NULL,NULL,NULL,unmatched,0.0,valid,Pre-monsoon_WL_1994-2025.pdf,NULL,NULL,local_pdf,official_web_fallback,official_web_fallback,pdf_text,NULL,NULL,4399,NULL,NULL,https://cgwb.gov.in
goa,north goa,bardez,bardez,Shivoli Brahmanwada,Shivoli Brahmanwada Station,15.62358,73.76681,2014,5,Pre-monsoon,3.4,NULL,Safe,NULL,NULL,NULL,NULL,NULL,NULL,unmatched,0.0,valid,Pre-monsoon_WL_1994-2025.pdf,NULL,NULL,local_pdf,official_web_fallback,official_web_fallback,pdf_text,NULL,NULL,4399,NULL,NULL,https://cgwb.gov.in
goa,north goa,bardez,bardez,Sircaim,Sircaim Station,15.62689,73.87588,2014,5,Pre-monsoon,3.79,NULL,Safe,NULL,NULL,NULL,NULL,NULL,NULL,unmatched,0.0,valid,Pre-monsoon_WL_1994-2025.pdf,NULL,NULL,local_pdf,official_web_fallback,official_web_fallback,pdf_text,NULL,NULL,4399,NULL,NULL,https://cgwb.gov.in
goa,north goa,bicholim,bicholim,Adwalpale,Adwalpale Station,15.63986,73.89602,2014,5,Pre-monsoon,5.64,NULL,Safe,NULL,NULL,NULL,NULL,NULL,NULL,unmatched,0.0,valid,Pre-monsoon_WL_1994-2025.pdf,NULL,NULL,local_pdf,official_web_fallback,official_web_fallback,pdf_text,NULL,NULL,4399,NULL,NULL,https://cgwb.gov.in
goa,north goa,bicholim,bicholim,Devulawada Narve,Devulawada Narve Station,15.55205,73.92413,2014,5,Pre-monsoon,4.76,NULL,Safe,NULL,NULL,NULL,NULL,NULL,NULL,unmatched,0.0,valid,Pre-monsoon_WL_1994-2025.pdf,NULL,NULL,local_pdf,official_web_fallback,official_web_fallback,pdf_text,NULL,NULL,4399,NULL,NULL,https://cgwb.gov.in
goa,north goa,bicholim,bicholim,Jambhul Batt,Jambhul Batt Station,15.58041,73.92604,2014,5,Pre-monsoon,2.7,NULL,Safe,NULL,NULL,NULL,NULL,NULL,NULL,unmatched,0.0,valid,Pre-monsoon_WL_1994-2025.pdf,NULL,NULL,local_pdf,official_web_fallback,official_web_fallback,pdf_text,NULL,NULL,4399,NULL,NULL,https://cgwb.gov.in
goa,north goa,bicholim,bicholim,Mulgao,Mulgao Station,15.61711,73.92075,2014,5,Pre-monsoon,0.8,NULL,Safe,NULL,NULL,NULL,NULL,NULL,NULL,unmatched,0.0,valid,Pre-monsoon_WL_1994-2025.pdf,NULL,NULL,local_pdf,official_web_fallback,official_web_fallback,pdf_text,NULL,NULL,4399,NULL,NULL,https://cgwb.gov.in
goa,north goa,bicholim,bicholim,Salem,Salem Station,15.68771,73.92681,2014,5,Pre-monsoon,2.82,NULL,Safe,NULL,NULL,NULL,NULL,NULL,NULL,unmatched,0.0,valid,Pre-monsoon_WL_1994-2025.pdf,NULL,NULL,local_pdf,official_web_fallback,official_web_fallback,pdf_text,NULL,NULL,4399,NULL,NULL,https://cgwb.gov.in
goa,north goa,pernem,pernem,Corgao,Corgao Station,15.70939,73.75176,2014,5,Pre-monsoon,4.58,NULL,Safe,NULL,NULL,NULL,NULL,NULL,NULL,unmatched,0.0,valid,Pre-monsoon_WL_1994-2025.pdf,NULL,NULL,local_pdf,official_web_fallback,official_web_fallback,pdf_text,NULL,NULL,4399,NULL,NULL,https://cgwb.gov.in
goa,north goa,pernem,pernem,Hasaravanni Vaipal,Hasaravanni Vaipal Station,15.73251,73.89959,2014,5,Pre-monsoon,2.12,NULL,Safe,NULL,NULL,NULL,NULL,NULL,NULL,unmatched,0.0,valid,Pre-monsoon_WL_1994-2025.pdf,NULL,NULL,local_pdf,official_web_fallback,official_web_fallback,pdf_text,NULL,NULL,4399,NULL,NULL,https://cgwb.gov.in
goa,north goa,pernem,pernem,Haspur,Haspur Station,15.73698,73.90359,2014,5,Pre-monsoon,4.12,NULL,Safe,NULL,NULL,NULL,NULL,NULL,NULL,unmatched,0.0,valid,Pre-monsoon_WL_1994-2025.pdf,NULL,NULL,local_pdf,official_web_fallback,official_web_fallback,pdf_text,NULL,NULL,4399,NULL,NULL,https://cgwb.gov.in
goa,north goa,pernem,pernem,Morji,Morji Station,15.63598,73.73963,2014,5,Pre-monsoon,1.8,NULL,Safe,NULL,NULL,NULL,NULL,NULL,NULL,unmatched,0.0,valid,Pre-monsoon_WL_1994-2025.pdf,NULL,NULL,local_pdf,official_web_fallback,official_web_fallback,pdf_text,NULL,NULL,4399,NULL,NULL,https://cgwb.gov.in
goa,north goa,pernem,pernem,Nagjhar,Nagjhar Station,15.70843,73.85289,2014,5,Pre-monsoon,7.8,NULL,Safe,NULL,NULL,NULL,NULL,NULL,NULL,unmatched,0.0,valid,Pre-monsoon_WL_1994-2025.pdf,NULL,NULL,local_pdf,official_web_fallback,official_web_fallback,pdf_text,NULL,NULL,4399,NULL,NULL,https://cgwb.gov.in
goa,north goa,pernem,pernem,Pernem,Pernem Station,15.7176,73.79806,2014,5,Pre-monsoon,5.77,NULL,Safe,NULL,NULL,NULL,NULL,NULL,NULL,unmatched,0.0,valid,Pre-monsoon_WL_1994-2025.pdf,NULL,NULL,local_pdf,official_web_fallback,official_web_fallback,pdf_text,NULL,NULL,4399,NULL,NULL,https://cgwb.gov.in
goa,north goa,pernem,pernem,Sawanthawada,Sawanthawada Station,15.68082,73.75108,2014,5,Pre-monsoon,4.87,NULL,Safe,NULL,NULL,NULL,NULL,NULL,NULL,unmatched,0.0,valid,Pre-monsoon_WL_1994-2025.pdf,NULL,NULL,local_pdf,official_web_fallback,official_web_fallback,pdf_text,NULL,NULL,4399,NULL,NULL,https://cgwb.gov.in
goa,north goa,pernem,pernem,Varconda,Varconda Station,15.75465,73.83533,2014,5,Pre-monsoon,3.06,NULL,Safe,NULL,NULL,NULL,NULL,NULL,NULL,unmatched,0.0,valid,Pre-monsoon_WL_1994-2025.pdf,NULL,NULL,local_pdf,official_web_fallback,official_web_fallback,pdf_text,NULL,NULL,4399,NULL,NULL,https://cgwb.gov.in
goa,north goa,satari,satari,Bayalwadikeri,Bayalwadikeri Station,15.61128,74.067,2014,5,Pre-monsoon,4.29,NULL,Safe,NULL,NULL,NULL,NULL,NULL,NULL,unmatched,0.0,valid,Pre-monsoon_WL_1994-2025.pdf,NULL,NULL,local_pdf,official_web_fallback,official_web_fallback,pdf_text,NULL,NULL,4399,NULL,NULL,https://cgwb.gov.in
goa,north goa,satari,satari,Bhamber Nanoda Cross,Bhamber Nanoda Cross Station,15.58778,74.19123,2014,5,Pre-monsoon,5.85,NULL,Safe,NULL,NULL,NULL,NULL,NULL,NULL,unmatched,0.0,valid,Pre-monsoon_WL_1994-2025.pdf,NULL,NULL,local_pdf,official_web_fallback,official_web_fallback,pdf_text,NULL,NULL,4399,NULL,NULL,https://cgwb.gov.in
goa,north goa,satari,satari,Buimpal,Buimpal Station,15.53936,74.08822,2014,5,Pre-monsoon,5.46,NULL,Safe,NULL,NULL,NULL,NULL,NULL,NULL,unmatched,0.0,valid,Pre-monsoon_WL_1994-2025.pdf,NULL,NULL,local_pdf,official_web_fallback,official_web_fallback,pdf_text,NULL,NULL,4399,NULL,NULL,https://cgwb.gov.in
goa,north goa,satari,satari,Charayode,Charayode Station,15.62783,74.13084,2014,5,Pre-monsoon,4.55,NULL,Safe,NULL,NULL,NULL,NULL,NULL,NULL,unmatched,0.0,valid,Pre-monsoon_WL_1994-2025.pdf,NULL,NULL,local_pdf,official_web_fallback,official_web_fallback,pdf_text,NULL,NULL,4399,NULL,NULL,https://cgwb.gov.in
goa,north goa,satari,satari,Dhatwado Vante,Dhatwado Vante Station,15.49613,74.09753,2014,5,Pre-monsoon,8.48,NULL,Safe,NULL,NULL,NULL,NULL,NULL,NULL,unmatched,0.0,valid,Pre-monsoon_WL_1994-2025.pdf,NULL,NULL,local_pdf,official_web_fallback,official_web_fallback,pdf_text,NULL,NULL,4399,NULL,NULL,https://cgwb.gov.in
goa,north goa,satari,satari,Hivre Budruk,Hivre Budruk Station,15.63194,74.00174,2014,5,Pre-monsoon,5.35,NULL,Safe,NULL,NULL,NULL,NULL,NULL,NULL,unmatched,0.0,valid,Pre-monsoon_WL_1994-2025.pdf,NULL,NULL,local_pdf,official_web_fallback,official_web_fallback,pdf_text,NULL,NULL,4399,NULL,NULL,https://cgwb.gov.in
goa,north goa,satari,satari,Honda,Honda Station,15.54722,74.05079,2014,5,Pre-monsoon,3.65,NULL,Safe,NULL,NULL,NULL,NULL,NULL,NULL,unmatched,0.0,valid,Pre-monsoon_WL_1994-2025.pdf,NULL,NULL,local_pdf,official_web_fallback,official_web_fallback,pdf_text,NULL,NULL,4399,NULL,NULL,https://cgwb.gov.in
goa,north goa,satari,satari,Khadki(Harijanwada),Khadki(Harijanwada) Station,15.50253,74.13964,2014,5,Pre-monsoon,10.77,NULL,Safe,NULL,NULL,NULL,NULL,NULL,NULL,unmatched,0.0,valid,Pre-monsoon_WL_1994-2025.pdf,NULL,NULL,local_pdf,official_web_fallback,official_web_fallback,pdf_text,NULL,NULL,4399,NULL,NULL,https://cgwb.gov.in
goa,north goa,satari,satari,Khotodem,Khotodem Station,15.48277,74.13695,2014,5,Pre-monsoon,6.07,NULL,Safe,NULL,NULL,NULL,NULL,NULL,NULL,unmatched,0.0,valid,Pre-monsoon_WL_1994-2025.pdf,NULL,NULL,local_pdf,official_web_fallback,official_web_fallback,pdf_text,NULL,NULL,4399,NULL,NULL,https://cgwb.gov.in
goa,north goa,satari,satari,Morlem,Morlem Station,15.59397,74.04632,2014,5,Pre-monsoon,2.83,NULL,Safe,NULL,NULL,NULL,NULL,NULL,NULL,unmatched,0.0,valid,Pre-monsoon_WL_1994-2025.pdf,NULL,NULL,local_pdf,official_web_fallback,official_web_fallback,pdf_text,NULL,NULL,4399,NULL,NULL,https://cgwb.gov.in
goa,north goa,satari,satari,Nagargao,Nagargao Station,15.56158,74.1632,2014,5,Pre-monsoon,7.28,NULL,Safe,NULL,NULL,NULL,NULL,NULL,NULL,unmatched,0.0,valid,Pre-monsoon_WL_1994-2025.pdf,NULL,NULL,local_pdf,official_web_fallback,official_web_fallback,pdf_text,NULL,NULL,4399,NULL,NULL,https://cgwb.gov.in
goa,north goa,satari,satari,Valpoi,Valpoi Station,15.53301,74.13723,2014,5,Pre-monsoon,5.46,NULL,Safe,NULL,NULL,NULL,NULL,NULL,NULL,unmatched,0.0,valid,Pre-monsoon_WL_1994-2025.pdf,NULL,NULL,local_pdf,official_web_fallback,official_web_fallback,pdf_text,NULL,NULL,4399,NULL,NULL,https://cgwb.gov.in
goa,north goa,tiswadi,tiswadi,Gavalebhat Chimbel,Gavalebhat Chimbel Station,15.48944,73.8742,2014,5,Pre-monsoon,5.3,NULL,Safe,NULL,NULL,NULL,NULL,NULL,NULL,unmatched,0.0,valid,Pre-monsoon_WL_1994-2025.pdf,NULL,NULL,local_pdf,official_web_fallback,official_web_fallback,pdf_text,NULL,NULL,4399,NULL,NULL,https://cgwb.gov.in
goa,north goa,tiswadi,tiswadi,Karanjhalen,Karanjhalen Station,15.459,73.80281,2014,5,Pre-monsoon,2.53,NULL,Safe,NULL,NULL,NULL,NULL,NULL,NULL,unmatched,0.0,valid,Pre-monsoon_WL_1994-2025.pdf,NULL,NULL,local_pdf,official_web_fallback,official_web_fallback,pdf_text,NULL,NULL,4399,NULL,NULL,https://cgwb.gov.in
goa,south goa,canacona,canacona,Agonda,Agonda Station,15.04152,73.99121,2014,5,Pre-monsoon,3.94,NULL,Safe,NULL,NULL,NULL,NULL,NULL,NULL,unmatched,0.0,valid,Pre-monsoon_WL_1994-2025.pdf,NULL,NULL,local_pdf,official_web_fallback,official_web_fallback,pdf_text,NULL,NULL,4399,NULL,NULL,https://cgwb.gov.in
goa,south goa,canacona,canacona,Canacona,Canacona Station,15.00716,74.05233,2014,5,Pre-monsoon,4.29,NULL,Safe,NULL,NULL,NULL,NULL,NULL,NULL,unmatched,0.0,valid,Pre-monsoon_WL_1994-2025.pdf,NULL,NULL,local_pdf,official_web_fallback,official_web_fallback,pdf_text,NULL,NULL,4399,NULL,NULL,https://cgwb.gov.in
goa,south goa,canacona,canacona,Carmona,Carmona Station,15.20278,73.9525,2014,5,Pre-monsoon,8.06,NULL,Safe,NULL,NULL,NULL,NULL,NULL,NULL,unmatched,0.0,valid,Pre-monsoon_WL_1994-2025.pdf,NULL,NULL,local_pdf,official_web_fallback,official_web_fallback,pdf_text,NULL,NULL,4400,NULL,NULL,https://cgwb.gov.in
goa,south goa,canacona,canacona,Daptamol Lolien,Daptamol Lolien Station,14.94986,74.05528,2014,5,Pre-monsoon,14.92,NULL,Safe,NULL,NULL,NULL,NULL,NULL,NULL,unmatched,0.0,valid,Pre-monsoon_WL_1994-2025.pdf,NULL,NULL,local_pdf,official_web_fallback,official_web_fallback,pdf_text,NULL,NULL,4400,NULL,NULL,https://cgwb.gov.in
goa,south goa,canacona,canacona,Gulem Velipwada,Gulem Velipwada Station,15.03918,74.02939,2014,5,Pre-monsoon,3.34,NULL,Safe,NULL,NULL,NULL,NULL,NULL,NULL,unmatched,0.0,valid,Pre-monsoon_WL_1994-2025.pdf,NULL,NULL,local_pdf,official_web_fallback,official_web_fallback,pdf_text,NULL,NULL,4400,NULL,NULL,https://cgwb.gov.in
goa,south goa,canacona,canacona,Hattipal Poinguinem,Hattipal Poinguinem Station,14.98407,74.10869,2014,5,Pre-monsoon,8.11,NULL,Safe,NULL,NULL,NULL,NULL,NULL,NULL,unmatched,0.0,valid,Pre-monsoon_WL_1994-2025.pdf,NULL,NULL,local_pdf,official_web_fallback,official_web_fallback,pdf_text,NULL,NULL,4400,NULL,NULL,https://cgwb.gov.in
goa,south goa,canacona,canacona,Mashe,Mashe Station,14.96289,74.05465,2014,5,Pre-monsoon,4.1,NULL,Safe,NULL,NULL,NULL,NULL,NULL,NULL,unmatched,0.0,valid,Pre-monsoon_WL_1994-2025.pdf,NULL,NULL,local_pdf,official_web_fallback,official_web_fallback,pdf_text,NULL,NULL,4400,NULL,NULL,https://cgwb.gov.in
goa,south goa,canacona,canacona,Polem,Polem Station,14.91289,74.08455,2014,5,Pre-monsoon,4.88,NULL,Safe,NULL,NULL,NULL,NULL,NULL,NULL,unmatched,0.0,valid,Pre-monsoon_WL_1994-2025.pdf,NULL,NULL,local_pdf,official_web_fallback,official_web_fallback,pdf_text,NULL,NULL,4400,NULL,NULL,https://cgwb.gov.in
goa,south goa,canacona,canacona,Shrishtal Gaondongar,Shrishtal Gaondongar Station,15.03725,74.11851,2014,5,Pre-monsoon,6.2,NULL,Safe,NULL,NULL,NULL,NULL,NULL,NULL,unmatched,0.0,valid,Pre-monsoon_WL_1994-2025.pdf,NULL,NULL,local_pdf,official_web_fallback,official_web_fallback,pdf_text,NULL,NULL,4400,NULL,NULL,https://cgwb.gov.in
goa,south goa,canacona,canacona,Sristal,Sristal Station,14.99245,74.10557,2014,5,Pre-monsoon,3.53,NULL,Safe,NULL,NULL,NULL,NULL,NULL,NULL,unmatched,0.0,valid,Pre-monsoon_WL_1994-2025.pdf,NULL,NULL,local_pdf,official_web_fallback,official_web_fallback,pdf_text,NULL,NULL,4400,NULL,NULL,https://cgwb.gov.in
goa,south goa,canacona,canacona,Yedda,Yedda Station,14.99803,74.19071,2014,5,Pre-monsoon,7.23,NULL,Safe,NULL,NULL,NULL,NULL,NULL,NULL,unmatched,0.0,valid,Pre-monsoon_WL_1994-2025.pdf,NULL,NULL,local_pdf,official_web_fallback,official_web_fallback,pdf_text,NULL,NULL,4400,NULL,NULL,https://cgwb.gov.in
goa,south goa,dharbandora,dharbandora,Bolkharnem,Bolkharnem Station,15.42964,74.19235,2014,5,Pre-monsoon,6.77,NULL,Safe,NULL,NULL,NULL,NULL,NULL,NULL,unmatched,0.0,valid,Pre-monsoon_WL_1994-2025.pdf,NULL,NULL,local_pdf,official_web_fallback,official_web_fallback,pdf_text,NULL,NULL,4400,NULL,NULL,https://cgwb.gov.in
goa,south goa,dharbandora,dharbandora,Colem,Colem Station,15.33497,74.24375,2014,5,Pre-monsoon,8.78,NULL,Safe,NULL,NULL,NULL,NULL,NULL,NULL,unmatched,0.0,valid,Pre-monsoon_WL_1994-2025.pdf,NULL,NULL,local_pdf,official_web_fallback,official_web_fallback,pdf_text,NULL,NULL,4400,NULL,NULL,https://cgwb.gov.in
goa,south goa,dharbandora,dharbandora,Molem,Molem Station,15.36379,74.17534,2014,5,Pre-monsoon,8.89,NULL,Safe,NULL,NULL,NULL,NULL,NULL,NULL,unmatched,0.0,valid,Pre-monsoon_WL_1994-2025.pdf,NULL,NULL,local_pdf,official_web_fallback,official_web_fallback,pdf_text,NULL,NULL,4400,NULL,NULL,https://cgwb.gov.in
goa,south goa,mormugao,mormugao,Bagmola,Bagmola Station,15.37006,73.83826,2014,5,Pre-monsoon,3.15,NULL,Safe,NULL,NULL,NULL,NULL,NULL,NULL,unmatched,0.0,valid,Pre-monsoon_WL_1994-2025.pdf,NULL,NULL,local_pdf,official_web_fallback,official_web_fallback,pdf_text,NULL,NULL,4400,NULL,NULL,https://cgwb.gov.in
goa,south goa,mormugao,mormugao,Chicalim (Ct),Chicalim (Ct) Station,15.39818,73.83679,2014,5,Pre-monsoon,1.42,NULL,Safe,NULL,NULL,NULL,NULL,NULL,NULL,unmatched,0.0,valid,Pre-monsoon_WL_1994-2025.pdf,NULL,NULL,local_pdf,official_web_fallback,official_web_fallback,pdf_text,NULL,NULL,4400,NULL,NULL,https://cgwb.gov.in
goa,south goa,ponda,ponda,Borim (Ct),Borim (Ct) Station,15.35417,74.0016,2014,5,Pre-monsoon,3.6,NULL,Safe,NULL,NULL,NULL,NULL,NULL,NULL,unmatched,0.0,valid,Pre-monsoon_WL_1994-2025.pdf,NULL,NULL,local_pdf,official_web_fallback,official_web_fallback,pdf_text,NULL,NULL,4400,NULL,NULL,https://cgwb.gov.in
goa,south goa,ponda,ponda,Kapsa,Kapsa Station,15.27344,74.1006,2014,5,Pre-monsoon,4.5,NULL,Safe,NULL,NULL,NULL,NULL,NULL,NULL,unmatched,0.0,valid,Pre-monsoon_WL_1994-2025.pdf,NULL,NULL,local_pdf,official_web_fallback,official_web_fallback,pdf_text,NULL,NULL,4400,NULL,NULL,https://cgwb.gov.in
goa,south goa,ponda,ponda,Kundel Dassolwada,Kundel Dassolwada Station,15.45287,73.95255,2014,5,Pre-monsoon,1.65,NULL,Safe,NULL,NULL,NULL,NULL,NULL,NULL,unmatched,0.0,valid,Pre-monsoon_WL_1994-2025.pdf,NULL,NULL,local_pdf,official_web_fallback,official_web_fallback,pdf_text,NULL,NULL,4400,NULL,NULL,https://cgwb.gov.in
goa,south goa,ponda,ponda,Mankem,Mankem Station,15.30549,74.04834,2014,5,Pre-monsoon,3.95,NULL,Safe,NULL,NULL,NULL,NULL,NULL,NULL,unmatched,0.0,valid,Pre-monsoon_WL_1994-2025.pdf,NULL,NULL,local_pdf,official_web_fallback,official_web_fallback,pdf_text,NULL,NULL,4400,NULL,NULL,https://cgwb.gov.in
goa,south goa,ponda,ponda,Shiroda,Shiroda Station,15.32068,74.03502,2014,5,Pre-monsoon,6.73,NULL,Safe,NULL,NULL,NULL,NULL,NULL,NULL,unmatched,0.0,valid,Pre-monsoon_WL_1994-2025.pdf,NULL,NULL,local_pdf,official_web_fallback,official_web_fallback,pdf_text,NULL,NULL,4400,NULL,NULL,https://cgwb.gov.in
goa,south goa,quepem,quepem,Ghadiawada,Ghadiawada Station,15.23894,74.11303,2014,5,Pre-monsoon,1.75,NULL,Safe,NULL,NULL,NULL,NULL,NULL,NULL,unmatched,0.0,valid,Pre-monsoon_WL_1994-2025.pdf,NULL,NULL,local_pdf,official_web_fallback,official_web_fallback,pdf_text,NULL,NULL,4400,NULL,NULL,https://cgwb.gov.in
goa,south goa,quepem,quepem,Malkarnem,Malkarnem Station,15.18693,74.12549,2014,5,Pre-monsoon,10.14,NULL,Safe,NULL,NULL,NULL,NULL,NULL,NULL,unmatched,0.0,valid,Pre-monsoon_WL_1994-2025.pdf,NULL,NULL,local_pdf,official_web_fallback,official_web_fallback,pdf_text,NULL,NULL,4400,NULL,NULL,https://cgwb.gov.in
goa,south goa,quepem,quepem,Padi,Padi Station,15.09291,74.0306,2014,5,Pre-monsoon,12.53,NULL,Safe,NULL,NULL,NULL,NULL,NULL,NULL,unmatched,0.0,valid,Pre-monsoon_WL_1994-2025.pdf,NULL,NULL,local_pdf,official_web_fallback,official_web_fallback,pdf_text,NULL,NULL,4400,NULL,NULL,https://cgwb.gov.in
goa,south goa,quepem,quepem,Quepem,Quepem Station,15.21751,74.08075,2014,5,Pre-monsoon,3.72,NULL,Safe,NULL,NULL,NULL,NULL,NULL,NULL,unmatched,0.0,valid,Pre-monsoon_WL_1994-2025.pdf,NULL,NULL,local_pdf,official_web_fallback,official_web_fallback,pdf_text,NULL,NULL,4400,NULL,NULL,https://cgwb.gov.in
goa,south goa,salcete,salcete,Akamol Ambavalli,Akamol Ambavalli Station,15.19028,74.00016,2014,5,Pre-monsoon,4.09,NULL,Safe,NULL,NULL,NULL,NULL,NULL,NULL,unmatched,0.0,valid,Pre-monsoon_WL_1994-2025.pdf,NULL,NULL,local_pdf,official_web_fallback,official_web_fallback,pdf_text,NULL,NULL,4400,NULL,NULL,https://cgwb.gov.in
goa,south goa,salcete,salcete,Ballynuvhen,Ballynuvhen Station,15.31651,73.94542,2014,5,Pre-monsoon,8.53,NULL,Safe,NULL,NULL,NULL,NULL,NULL,NULL,unmatched,0.0,valid,Pre-monsoon_WL_1994-2025.pdf,NULL,NULL,local_pdf,official_web_fallback,official_web_fallback,pdf_text,NULL,NULL,4400,NULL,NULL,https://cgwb.gov.in
goa,south goa,salcete,salcete,Barodi Velni Betul,Barodi Velni Betul Station,15.14996,73.96082,2014,5,Pre-monsoon,2.44,NULL,Safe,NULL,NULL,NULL,NULL,NULL,NULL,unmatched,0.0,valid,Pre-monsoon_WL_1994-2025.pdf,NULL,NULL,local_pdf,official_web_fallback,official_web_fallback,pdf_text,NULL,NULL,4400,NULL,NULL,https://cgwb.gov.in
goa,south goa,salcete,salcete,Betalbhatti,Betalbhatti Station,15.30071,73.92006,2014,5,Pre-monsoon,6.29,NULL,Safe,NULL,NULL,NULL,NULL,NULL,NULL,unmatched,0.0,valid,Pre-monsoon_WL_1994-2025.pdf,NULL,NULL,local_pdf,official_web_fallback,official_web_fallback,pdf_text,NULL,NULL,4400,NULL,NULL,https://cgwb.gov.in
goa,south goa,salcete,salcete,Cuncolim,Cuncolim Station,15.18013,74.00004,2014,5,Pre-monsoon,1.86,NULL,Safe,NULL,NULL,NULL,NULL,NULL,NULL,unmatched,0.0,valid,Pre-monsoon_WL_1994-2025.pdf,NULL,NULL,local_pdf,official_web_fallback,official_web_fallback,pdf_text,NULL,NULL,4400,NULL,NULL,https://cgwb.gov.in
goa,south goa,salcete,salcete,Kaveslium,Kaveslium Station,15.18555,73.94721,2014,5,Pre-monsoon,4.93,NULL,Safe,NULL,NULL,NULL,NULL,NULL,NULL,unmatched,0.0,valid,Pre-monsoon_WL_1994-2025.pdf,NULL,NULL,local_pdf,official_web_fallback,official_web_fallback,pdf_text,NULL,NULL,4400,NULL,NULL,https://cgwb.gov.in
goa,south goa,salcete,salcete,Majorda Bpada Curilo,Majorda Bpada Curilo Station,15.32117,73.91711,2014,5,Pre-monsoon,6.36,NULL,Safe,NULL,NULL,NULL,NULL,NULL,NULL,unmatched,0.0,valid,Pre-monsoon_WL_1994-2025.pdf,NULL,NULL,local_pdf,official_web_fallback,official_web_fallback,pdf_text,NULL,NULL,4400,NULL,NULL,https://cgwb.gov.in
goa,south goa,salcete,salcete,Navelim (Ct),Navelim (Ct) Station,15.25444,73.96722,2014,5,Pre-monsoon,5.52,NULL,Safe,NULL,NULL,NULL,NULL,NULL,NULL,unmatched,0.0,valid,Pre-monsoon_WL_1994-2025.pdf,NULL,NULL,local_pdf,official_web_fallback,official_web_fallback,pdf_text,NULL,NULL,4400,NULL,NULL,https://cgwb.gov.in
goa,south goa,salcete,salcete,Panchwadi,Panchwadi Station,15.2836,74.09517,2014,5,Pre-monsoon,5.51,NULL,Safe,NULL,NULL,NULL,NULL,NULL,NULL,unmatched,0.0,valid,Pre-monsoon_WL_1994-2025.pdf,NULL,NULL,local_pdf,official_web_fallback,official_web_fallback,pdf_text,NULL,NULL,4400,NULL,NULL,https://cgwb.gov.in
goa,south goa,sanguem,sanguem,Bati,Bati Station,15.13176,74.22645,2014,5,Pre-monsoon,5.17,NULL,Safe,NULL,NULL,NULL,NULL,NULL,NULL,unmatched,0.0,valid,Pre-monsoon_WL_1994-2025.pdf,NULL,NULL,local_pdf,official_web_fallback,official_web_fallback,pdf_text,NULL,NULL,4400,NULL,NULL,https://cgwb.gov.in
goa,south goa,sanguem,sanguem,Deulwada Kolamba,Deulwada Kolamba Station,15.15021,74.13099,2014,5,Pre-monsoon,2.31,NULL,Safe,NULL,NULL,NULL,NULL,NULL,NULL,unmatched,0.0,valid,Pre-monsoon_WL_1994-2025.pdf,NULL,NULL,local_pdf,official_web_fallback,official_web_fallback,pdf_text,NULL,NULL,4400,NULL,NULL,https://cgwb.gov.in
goa,south goa,sanguem,sanguem,Guddemal,Guddemal Station,15.28545,74.12969,2014,5,Pre-monsoon,9.93,NULL,Safe,NULL,NULL,NULL,NULL,NULL,NULL,unmatched,0.0,valid,Pre-monsoon_WL_1994-2025.pdf,NULL,NULL,local_pdf,official_web_fallback,official_web_fallback,pdf_text,NULL,NULL,4400,NULL,NULL,https://cgwb.gov.in
goa,south goa,sanguem,sanguem,Jambavli,Jambavli Station,15.18658,74.09529,2014,5,Pre-monsoon,9.05,NULL,Safe,NULL,NULL,NULL,NULL,NULL,NULL,unmatched,0.0,valid,Pre-monsoon_WL_1994-2025.pdf,NULL,NULL,local_pdf,official_web_fallback,official_web_fallback,pdf_text,NULL,NULL,4400,NULL,NULL,https://cgwb.gov.in
goa,south goa,sanguem,sanguem,Kalay,Kalay Station,15.2885,74.18007,2014,5,Pre-monsoon,11.72,NULL,Safe,NULL,NULL,NULL,NULL,NULL,NULL,unmatched,0.0,valid,Pre-monsoon_WL_1994-2025.pdf,NULL,NULL,local_pdf,official_web_fallback,official_web_fallback,pdf_text,NULL,NULL,4400,NULL,NULL,https://cgwb.gov.in
goa,south goa,sanguem,sanguem,Rivona,Rivona Station,15.16415,74.10671,2014,5,Pre-monsoon,7.59,NULL,Safe,NULL,NULL,NULL,NULL,NULL,NULL,unmatched,0.0,valid,Pre-monsoon_WL_1994-2025.pdf,NULL,NULL,local_pdf,official_web_fallback,official_web_fallback,pdf_text,NULL,NULL,4401,NULL,NULL,https://cgwb.gov.in
goa,south goa,sanguem,sanguem,Themchewada,Themchewada Station,15.21958,74.15752,2014,5,Pre-monsoon,9.23,NULL,Safe,NULL,NULL,NULL,NULL,NULL,NULL,unmatched,0.0,valid,Pre-monsoon_WL_1994-2025.pdf,NULL,NULL,local_pdf,official_web_fallback,official_web_fallback,pdf_text,NULL,NULL,4401,NULL,NULL,https://cgwb.gov.in
goa,south goa,sanguem,sanguem,Vadam,Vadam Station,15.13063,74.20754,2014,5,Pre-monsoon,4.9,NULL,Safe,NULL,NULL,NULL,NULL,NULL,NULL,unmatched,0.0,valid,Pre-monsoon_WL_1994-2025.pdf,NULL,NULL,local_pdf,official_web_fallback,official_web_fallback,pdf_text,NULL,NULL,4401,NULL,NULL,https://cgwb.gov.in
goa,south goa,sanguem,sanguem,Vichundrem,Vichundrem Station,15.10364,74.20318,2014,5,Pre-monsoon,7.4,NULL,Safe,NULL,NULL,NULL,NULL,NULL,NULL,unmatched,0.0,valid,Pre-monsoon_WL_1994-2025.pdf,NULL,NULL,local_pdf,official_web_fallback,official_web_fallback,pdf_text,NULL,NULL,4401,NULL,NULL,https://cgwb.gov.in
goa,north goa,bardez,bardez,Alto Betim Porvorim,Alto Betim Porvorim Station,15.52605,73.82982,2013,5,Pre-monsoon,5.93,NULL,Safe,NULL,NULL,NULL,NULL,NULL,NULL,unmatched,0.0,valid,Pre-monsoon_WL_1994-2025.pdf,NULL,NULL,local_pdf,official_web_fallback,official_web_fallback,pdf_text,NULL,NULL,4779,NULL,NULL,https://cgwb.gov.in
goa,north goa,bardez,bardez,Anjuna (Ct),Anjuna (Ct) Station,15.5842,73.73828,2013,5,Pre-monsoon,12.1,NULL,Safe,NULL,NULL,NULL,NULL,NULL,NULL,unmatched,0.0,valid,Pre-monsoon_WL_1994-2025.pdf,NULL,NULL,local_pdf,official_web_fallback,official_web_fallback,pdf_text,NULL,NULL,4779,NULL,NULL,https://cgwb.gov.in
goa,north goa,bardez,bardez,Baga,Baga Station,15.56,73.751,2013,5,Pre-monsoon,2.72,NULL,Safe,NULL,NULL,NULL,NULL,NULL,NULL,unmatched,0.0,valid,Pre-monsoon_WL_1994-2025.pdf,NULL,NULL,local_pdf,official_web_fallback,official_web_fallback,pdf_text,NULL,NULL,4779,NULL,NULL,https://cgwb.gov.in
goa,north goa,bardez,bardez,Bastora,Bastora Station,15.51596,73.83858,2013,5,Pre-monsoon,2.8,NULL,Safe,NULL,NULL,NULL,NULL,NULL,NULL,unmatched,0.0,valid,Pre-monsoon_WL_1994-2025.pdf,NULL,NULL,local_pdf,official_web_fallback,official_web_fallback,pdf_text,NULL,NULL,4779,NULL,NULL,https://cgwb.gov.in
goa,north goa,bardez,bardez,Calangute (Ct),Calangute (Ct) Station,15.54612,73.75861,2013,5,Pre-monsoon,7.5,NULL,Safe,NULL,NULL,NULL,NULL,NULL,NULL,unmatched,0.0,valid,Pre-monsoon_WL_1994-2025.pdf,NULL,NULL,local_pdf,official_web_fallback,official_web_fallback,pdf_text,NULL,NULL,4779,NULL,NULL,https://cgwb.gov.in
goa,north goa,bardez,bardez,Colvale (Ct),Colvale (Ct) Station,15.64402,73.83727,2013,5,Pre-monsoon,16.3,NULL,Safe,NULL,NULL,NULL,NULL,NULL,NULL,unmatched,0.0,valid,Pre-monsoon_WL_1994-2025.pdf,NULL,NULL,local_pdf,official_web_fallback,official_web_fallback,pdf_text,NULL,NULL,4779,NULL,NULL,https://cgwb.gov.in
goa,north goa,bardez,bardez,Mapuca,Mapuca Station,15.61013,73.82434,2013,5,Pre-monsoon,4.25,NULL,Safe,NULL,NULL,NULL,NULL,NULL,NULL,unmatched,0.0,valid,Pre-monsoon_WL_1994-2025.pdf,NULL,NULL,local_pdf,official_web_fallback,official_web_fallback,pdf_text,NULL,NULL,4779,NULL,NULL,https://cgwb.gov.in
goa,north goa,bardez,bardez,Olaulim,Olaulim Station,15.56958,73.86345,2013,5,Pre-monsoon,8.3,NULL,Safe,NULL,NULL,NULL,NULL,NULL,NULL,unmatched,0.0,valid,Pre-monsoon_WL_1994-2025.pdf,NULL,NULL,local_pdf,official_web_fallback,official_web_fallback,pdf_text,NULL,NULL,4779,NULL,NULL,https://cgwb.gov.in
goa,north goa,bardez,bardez,Parra,Parra Station,15.57282,73.79279,2013,5,Pre-monsoon,3.05,NULL,Safe,NULL,NULL,NULL,NULL,NULL,NULL,unmatched,0.0,valid,Pre-monsoon_WL_1994-2025.pdf,NULL,NULL,local_pdf,official_web_fallback,official_web_fallback,pdf_text,NULL,NULL,4779,NULL,NULL,https://cgwb.gov.in
goa,north goa,bardez,bardez,Pirna,Pirna Station,15.66884,73.8818,2013,5,Pre-monsoon,6.2,NULL,Safe,NULL,NULL,NULL,NULL,NULL,NULL,unmatched,0.0,valid,Pre-monsoon_WL_1994-2025.pdf,NULL,NULL,local_pdf,official_web_fallback,official_web_fallback,pdf_text,NULL,NULL,4779,NULL,NULL,https://cgwb.gov.in
goa,north goa,bardez,bardez,Shivoli Brahmanwada,Shivoli Brahmanwada Station,15.62358,73.76681,2013,5,Pre-monsoon,4.0,NULL,Safe,NULL,NULL,NULL,NULL,NULL,NULL,unmatched,0.0,valid,Pre-monsoon_WL_1994-2025.pdf,NULL,NULL,local_pdf,official_web_fallback,official_web_fallback,pdf_text,NULL,NULL,4779,NULL,NULL,https://cgwb.gov.in
goa,north goa,bardez,bardez,Sircaim,Sircaim Station,15.62689,73.87588,2013,5,Pre-monsoon,4.55,NULL,Safe,NULL,NULL,NULL,NULL,NULL,NULL,unmatched,0.0,valid,Pre-monsoon_WL_1994-2025.pdf,NULL,NULL,local_pdf,official_web_fallback,official_web_fallback,pdf_text,NULL,NULL,4779,NULL,NULL,https://cgwb.gov.in
goa,north goa,bicholim,bicholim,Adwalpale,Adwalpale Station,15.63986,73.89602,2013,5,Pre-monsoon,6.4,NULL,Safe,NULL,NULL,NULL,NULL,NULL,NULL,unmatched,0.0,valid,Pre-monsoon_WL_1994-2025.pdf,NULL,NULL,local_pdf,official_web_fallback,official_web_fallback,pdf_text,NULL,NULL,4779,NULL,NULL,https://cgwb.gov.in
goa,north goa,bicholim,bicholim,Mulgao,Mulgao Station,15.61711,73.92075,2013,5,Pre-monsoon,2.93,NULL,Safe,NULL,NULL,NULL,NULL,NULL,NULL,unmatched,0.0,valid,Pre-monsoon_WL_1994-2025.pdf,NULL,NULL,local_pdf,official_web_fallback,official_web_fallback,pdf_text,NULL,NULL,4779,NULL,NULL,https://cgwb.gov.in
goa,north goa,bicholim,bicholim,Salem,Salem Station,15.68771,73.92681,2013,5,Pre-monsoon,3.31,NULL,Safe,NULL,NULL,NULL,NULL,NULL,NULL,unmatched,0.0,valid,Pre-monsoon_WL_1994-2025.pdf,NULL,NULL,local_pdf,official_web_fallback,official_web_fallback,pdf_text,NULL,NULL,4779,NULL,NULL,https://cgwb.gov.in
goa,north goa,pernem,pernem,Corgao,Corgao Station,15.70939,73.75176,2013,5,Pre-monsoon,4.85,NULL,Safe,NULL,NULL,NULL,NULL,NULL,NULL,unmatched,0.0,valid,Pre-monsoon_WL_1994-2025.pdf,NULL,NULL,local_pdf,official_web_fallback,official_web_fallback,pdf_text,NULL,NULL,4779,NULL,NULL,https://cgwb.gov.in
goa,north goa,pernem,pernem,Morji,Morji Station,15.63598,73.73963,2013,5,Pre-monsoon,1.93,NULL,Safe,NULL,NULL,NULL,NULL,NULL,NULL,unmatched,0.0,valid,Pre-monsoon_WL_1994-2025.pdf,NULL,NULL,local_pdf,official_web_fallback,official_web_fallback,pdf_text,NULL,NULL,4779,NULL,NULL,https://cgwb.gov.in
goa,north goa,pernem,pernem,Nagjhar,Nagjhar Station,15.70843,73.85289,2013,5,Pre-monsoon,7.73,NULL,Safe,NULL,NULL,NULL,NULL,NULL,NULL,unmatched,0.0,valid,Pre-monsoon_WL_1994-2025.pdf,NULL,NULL,local_pdf,official_web_fallback,official_web_fallback,pdf_text,NULL,NULL,4779,NULL,NULL,https://cgwb.gov.in
goa,north goa,pernem,pernem,Pernem,Pernem Station,15.7176,73.79806,2013,5,Pre-monsoon,6.22,NULL,Safe,NULL,NULL,NULL,NULL,NULL,NULL,unmatched,0.0,valid,Pre-monsoon_WL_1994-2025.pdf,NULL,NULL,local_pdf,official_web_fallback,official_web_fallback,pdf_text,NULL,NULL,4779,NULL,NULL,https://cgwb.gov.in
goa,north goa,pernem,pernem,Sawanthawada,Sawanthawada Station,15.68082,73.75108,2013,5,Pre-monsoon,6.0,NULL,Safe,NULL,NULL,NULL,NULL,NULL,NULL,unmatched,0.0,valid,Pre-monsoon_WL_1994-2025.pdf,NULL,NULL,local_pdf,official_web_fallback,official_web_fallback,pdf_text,NULL,NULL,4779,NULL,NULL,https://cgwb.gov.in
goa,north goa,pernem,pernem,Varconda,Varconda Station,15.75465,73.83533,2013,5,Pre-monsoon,3.8,NULL,Safe,NULL,NULL,NULL,NULL,NULL,NULL,unmatched,0.0,valid,Pre-monsoon_WL_1994-2025.pdf,NULL,NULL,local_pdf,official_web_fallback,official_web_fallback,pdf_text,NULL,NULL,4779,NULL,NULL,https://cgwb.gov.in
goa,north goa,satari,satari,Bayalwadikeri,Bayalwadikeri Station,15.61128,74.067,2013,5,Pre-monsoon,4.03,NULL,Safe,NULL,NULL,NULL,NULL,NULL,NULL,unmatched,0.0,valid,Pre-monsoon_WL_1994-2025.pdf,NULL,NULL,local_pdf,official_web_fallback,official_web_fallback,pdf_text,NULL,NULL,4779,NULL,NULL,https://cgwb.gov.in
goa,north goa,satari,satari,Bhamber Nanoda Cross,Bhamber Nanoda Cross Station,15.58778,74.19123,2013,5,Pre-monsoon,6.4,NULL,Safe,NULL,NULL,NULL,NULL,NULL,NULL,unmatched,0.0,valid,Pre-monsoon_WL_1994-2025.pdf,NULL,NULL,local_pdf,official_web_fallback,official_web_fallback,pdf_text,NULL,NULL,4779,NULL,NULL,https://cgwb.gov.in
goa,north goa,satari,satari,Buimpal,Buimpal Station,15.53936,74.08822,2013,5,Pre-monsoon,7.0,NULL,Safe,NULL,NULL,NULL,NULL,NULL,NULL,unmatched,0.0,valid,Pre-monsoon_WL_1994-2025.pdf,NULL,NULL,local_pdf,official_web_fallback,official_web_fallback,pdf_text,NULL,NULL,4779,NULL,NULL,https://cgwb.gov.in
goa,north goa,satari,satari,Charayode,Charayode Station,15.62783,74.13084,2013,5,Pre-monsoon,6.7,NULL,Safe,NULL,NULL,NULL,NULL,NULL,NULL,unmatched,0.0,valid,Pre-monsoon_WL_1994-2025.pdf,NULL,NULL,local_pdf,official_web_fallback,official_web_fallback,pdf_text,NULL,NULL,4779,NULL,NULL,https://cgwb.gov.in
goa,north goa,satari,satari,Honda,Honda Station,15.54722,74.05079,2013,5,Pre-monsoon,3.75,NULL,Safe,NULL,NULL,NULL,NULL,NULL,NULL,unmatched,0.0,valid,Pre-monsoon_WL_1994-2025.pdf,NULL,NULL,local_pdf,official_web_fallback,official_web_fallback,pdf_text,NULL,NULL,4779,NULL,NULL,https://cgwb.gov.in
goa,north goa,satari,satari,Khadki(Harijanwada),Khadki(Harijanwada) Station,15.50253,74.13964,2013,5,Pre-monsoon,11.24,NULL,Safe,NULL,NULL,NULL,NULL,NULL,NULL,unmatched,0.0,valid,Pre-monsoon_WL_1994-2025.pdf,NULL,NULL,local_pdf,official_web_fallback,official_web_fallback,pdf_text,NULL,NULL,4780,NULL,NULL,https://cgwb.gov.in
goa,north goa,satari,satari,Khotodem,Khotodem Station,15.48277,74.13695,2013,5,Pre-monsoon,7.1,NULL,Safe,NULL,NULL,NULL,NULL,NULL,NULL,unmatched,0.0,valid,Pre-monsoon_WL_1994-2025.pdf,NULL,NULL,local_pdf,official_web_fallback,official_web_fallback,pdf_text,NULL,NULL,4780,NULL,NULL,https://cgwb.gov.in
goa,north goa,satari,satari,Morlem,Morlem Station,15.59397,74.04632,2013,5,Pre-monsoon,3.9,NULL,Safe,NULL,NULL,NULL,NULL,NULL,NULL,unmatched,0.0,valid,Pre-monsoon_WL_1994-2025.pdf,NULL,NULL,local_pdf,official_web_fallback,official_web_fallback,pdf_text,NULL,NULL,4780,NULL,NULL,https://cgwb.gov.in
goa,north goa,satari,satari,Nagargao,Nagargao Station,15.56158,74.1632,2013,5,Pre-monsoon,8.55,NULL,Safe,NULL,NULL,NULL,NULL,NULL,NULL,unmatched,0.0,valid,Pre-monsoon_WL_1994-2025.pdf,NULL,NULL,local_pdf,official_web_fallback,official_web_fallback,pdf_text,NULL,NULL,4780,NULL,NULL,https://cgwb.gov.in
goa,north goa,satari,satari,Valpoi,Valpoi Station,15.53301,74.13723,2013,5,Pre-monsoon,5.25,NULL,Safe,NULL,NULL,NULL,NULL,NULL,NULL,unmatched,0.0,valid,Pre-monsoon_WL_1994-2025.pdf,NULL,NULL,local_pdf,official_web_fallback,official_web_fallback,pdf_text,NULL,NULL,4780,NULL,NULL,https://cgwb.gov.in
goa,north goa,tiswadi,tiswadi,Gavalebhat Chimbel,Gavalebhat Chimbel Station,15.48944,73.8742,2013,5,Pre-monsoon,6.45,NULL,Safe,NULL,NULL,NULL,NULL,NULL,NULL,unmatched,0.0,valid,Pre-monsoon_WL_1994-2025.pdf,NULL,NULL,local_pdf,official_web_fallback,official_web_fallback,pdf_text,NULL,NULL,4780,NULL,NULL,https://cgwb.gov.in
goa,north goa,tiswadi,tiswadi,Goalim-Moula,Goalim-Moula Station,15.46139,73.89806,2013,5,Pre-monsoon,3.3,NULL,Safe,NULL,NULL,NULL,NULL,NULL,NULL,unmatched,0.0,valid,Pre-monsoon_WL_1994-2025.pdf,NULL,NULL,local_pdf,official_web_fallback,official_web_fallback,pdf_text,NULL,NULL,4780,NULL,NULL,https://cgwb.gov.in
goa,north goa,tiswadi,tiswadi,Goa-Velha,Goa-Velha Station,15.44139,73.87972,2013,5,Pre-monsoon,3.16,NULL,Safe,NULL,NULL,NULL,NULL,NULL,NULL,unmatched,0.0,valid,Pre-monsoon_WL_1994-2025.pdf,NULL,NULL,local_pdf,official_web_fallback,official_web_fallback,pdf_text,NULL,NULL,4780,NULL,NULL,https://cgwb.gov.in
goa,north goa,tiswadi,tiswadi,Karanjhalen,Karanjhalen Station,15.459,73.80281,2013,5,Pre-monsoon,3.3,NULL,Safe,NULL,NULL,NULL,NULL,NULL,NULL,unmatched,0.0,valid,Pre-monsoon_WL_1994-2025.pdf,NULL,NULL,local_pdf,official_web_fallback,official_web_fallback,pdf_text,NULL,NULL,4780,NULL,NULL,https://cgwb.gov.in
goa,north goa,tiswadi,tiswadi,Velha Goa,Velha Goa Station,15.4976,73.91901,2013,5,Pre-monsoon,1.68,NULL,Safe,NULL,NULL,NULL,NULL,NULL,NULL,unmatched,0.0,valid,Pre-monsoon_WL_1994-2025.pdf,NULL,NULL,local_pdf,official_web_fallback,official_web_fallback,pdf_text,NULL,NULL,4780,NULL,NULL,https://cgwb.gov.in
goa,south goa,canacona,canacona,Agonda,Agonda Station,15.04152,73.99121,2013,5,Pre-monsoon,5.98,NULL,Safe,NULL,NULL,NULL,NULL,NULL,NULL,unmatched,0.0,valid,Pre-monsoon_WL_1994-2025.pdf,NULL,NULL,local_pdf,official_web_fallback,official_web_fallback,pdf_text,NULL,NULL,4780,NULL,NULL,https://cgwb.gov.in
goa,south goa,canacona,canacona,Canacona,Canacona Station,15.00716,74.05233,2013,5,Pre-monsoon,4.96,NULL,Safe,NULL,NULL,NULL,NULL,NULL,NULL,unmatched,0.0,valid,Pre-monsoon_WL_1994-2025.pdf,NULL,NULL,local_pdf,official_web_fallback,official_web_fallback,pdf_text,NULL,NULL,4780,NULL,NULL,https://cgwb.gov.in
goa,south goa,canacona,canacona,Carmona,Carmona Station,15.20278,73.9525,2013,5,Pre-monsoon,8.25,NULL,Safe,NULL,NULL,NULL,NULL,NULL,NULL,unmatched,0.0,valid,Pre-monsoon_WL_1994-2025.pdf,NULL,NULL,local_pdf,official_web_fallback,official_web_fallback,pdf_text,NULL,NULL,4780,NULL,NULL,https://cgwb.gov.in
goa,south goa,canacona,canacona,Daptamol Lolien,Daptamol Lolien Station,14.94986,74.05528,2013,5,Pre-monsoon,15.0,NULL,Safe,NULL,NULL,NULL,NULL,NULL,NULL,unmatched,0.0,valid,Pre-monsoon_WL_1994-2025.pdf,NULL,NULL,local_pdf,official_web_fallback,official_web_fallback,pdf_text,NULL,NULL,4780,NULL,NULL,https://cgwb.gov.in
goa,south goa,canacona,canacona,Gulem Velipwada,Gulem Velipwada Station,15.03918,74.02939,2013,5,Pre-monsoon,3.62,NULL,Safe,NULL,NULL,NULL,NULL,NULL,NULL,unmatched,0.0,valid,Pre-monsoon_WL_1994-2025.pdf,NULL,NULL,local_pdf,official_web_fallback,official_web_fallback,pdf_text,NULL,NULL,4780,NULL,NULL,https://cgwb.gov.in
goa,south goa,canacona,canacona,Hattipal Poinguinem,Hattipal Poinguinem Station,14.98407,74.10869,2013,5,Pre-monsoon,8.61,NULL,Safe,NULL,NULL,NULL,NULL,NULL,NULL,unmatched,0.0,valid,Pre-monsoon_WL_1994-2025.pdf,NULL,NULL,local_pdf,official_web_fallback,official_web_fallback,pdf_text,NULL,NULL,4780,NULL,NULL,https://cgwb.gov.in
goa,south goa,canacona,canacona,Mashe,Mashe Station,14.96289,74.05465,2013,5,Pre-monsoon,5.4,NULL,Safe,NULL,NULL,NULL,NULL,NULL,NULL,unmatched,0.0,valid,Pre-monsoon_WL_1994-2025.pdf,NULL,NULL,local_pdf,official_web_fallback,official_web_fallback,pdf_text,NULL,NULL,4780,NULL,NULL,https://cgwb.gov.in
goa,south goa,canacona,canacona,Polem,Polem Station,14.91289,74.08455,2013,5,Pre-monsoon,4.84,NULL,Safe,NULL,NULL,NULL,NULL,NULL,NULL,unmatched,0.0,valid,Pre-monsoon_WL_1994-2025.pdf,NULL,NULL,local_pdf,official_web_fallback,official_web_fallback,pdf_text,NULL,NULL,4780,NULL,NULL,https://cgwb.gov.in
goa,south goa,canacona,canacona,Shrishtal Gaondongar,Shrishtal Gaondongar Station,15.03725,74.11851,2013,5,Pre-monsoon,7.0,NULL,Safe,NULL,NULL,NULL,NULL,NULL,NULL,unmatched,0.0,valid,Pre-monsoon_WL_1994-2025.pdf,NULL,NULL,local_pdf,official_web_fallback,official_web_fallback,pdf_text,NULL,NULL,4780,NULL,NULL,https://cgwb.gov.in
goa,south goa,canacona,canacona,Sristal,Sristal Station,14.99245,74.10557,2013,5,Pre-monsoon,5.8,NULL,Safe,NULL,NULL,NULL,NULL,NULL,NULL,unmatched,0.0,valid,Pre-monsoon_WL_1994-2025.pdf,NULL,NULL,local_pdf,official_web_fallback,official_web_fallback,pdf_text,NULL,NULL,4780,NULL,NULL,https://cgwb.gov.in
goa,south goa,canacona,canacona,Yedda,Yedda Station,14.99803,74.19071,2013,5,Pre-monsoon,7.9,NULL,Safe,NULL,NULL,NULL,NULL,NULL,NULL,unmatched,0.0,valid,Pre-monsoon_WL_1994-2025.pdf,NULL,NULL,local_pdf,official_web_fallback,official_web_fallback,pdf_text,NULL,NULL,4780,NULL,NULL,https://cgwb.gov.in
goa,south goa,dharbandora,dharbandora,Bolkharnem,Bolkharnem Station,15.42964,74.19235,2013,5,Pre-monsoon,6.93,NULL,Safe,NULL,NULL,NULL,NULL,NULL,NULL,unmatched,0.0,valid,Pre-monsoon_WL_1994-2025.pdf,NULL,NULL,local_pdf,official_web_fallback,official_web_fallback,pdf_text,NULL,NULL,4780,NULL,NULL,https://cgwb.gov.in
goa,south goa,dharbandora,dharbandora,Colem,Colem Station,15.33497,74.24375,2013,5,Pre-monsoon,8.95,NULL,Safe,NULL,NULL,NULL,NULL,NULL,NULL,unmatched,0.0,valid,Pre-monsoon_WL_1994-2025.pdf,NULL,NULL,local_pdf,official_web_fallback,official_web_fallback,pdf_text,NULL,NULL,4780,NULL,NULL,https://cgwb.gov.in
goa,south goa,dharbandora,dharbandora,Molem,Molem Station,15.36379,74.17534,2013,5,Pre-monsoon,7.7,NULL,Safe,NULL,NULL,NULL,NULL,NULL,NULL,unmatched,0.0,valid,Pre-monsoon_WL_1994-2025.pdf,NULL,NULL,local_pdf,official_web_fallback,official_web_fallback,pdf_text,NULL,NULL,4780,NULL,NULL,https://cgwb.gov.in
goa,south goa,mormugao,mormugao,Chicalim (Ct),Chicalim (Ct) Station,15.39818,73.83679,2013,5,Pre-monsoon,2.75,NULL,Safe,NULL,NULL,NULL,NULL,NULL,NULL,unmatched,0.0,valid,Pre-monsoon_WL_1994-2025.pdf,NULL,NULL,local_pdf,official_web_fallback,official_web_fallback,pdf_text,NULL,NULL,4780,NULL,NULL,https://cgwb.gov.in
goa,south goa,ponda,ponda,Borim (Ct),Borim (Ct) Station,15.35417,74.0016,2013,5,Pre-monsoon,5.8,NULL,Safe,NULL,NULL,NULL,NULL,NULL,NULL,unmatched,0.0,valid,Pre-monsoon_WL_1994-2025.pdf,NULL,NULL,local_pdf,official_web_fallback,official_web_fallback,pdf_text,NULL,NULL,4780,NULL,NULL,https://cgwb.gov.in
goa,south goa,ponda,ponda,Mankem,Mankem Station,15.30549,74.04834,2013,5,Pre-monsoon,5.05,NULL,Safe,NULL,NULL,NULL,NULL,NULL,NULL,unmatched,0.0,valid,Pre-monsoon_WL_1994-2025.pdf,NULL,NULL,local_pdf,official_web_fallback,official_web_fallback,pdf_text,NULL,NULL,4780,NULL,NULL,https://cgwb.gov.in
goa,south goa,ponda,ponda,Shiroda,Shiroda Station,15.32068,74.03502,2013,5,Pre-monsoon,7.05,NULL,Safe,NULL,NULL,NULL,NULL,NULL,NULL,unmatched,0.0,valid,Pre-monsoon_WL_1994-2025.pdf,NULL,NULL,local_pdf,official_web_fallback,official_web_fallback,pdf_text,NULL,NULL,4780,NULL,NULL,https://cgwb.gov.in
goa,south goa,quepem,quepem,Ghadiawada,Ghadiawada Station,15.23894,74.11303,2013,5,Pre-monsoon,1.97,NULL,Safe,NULL,NULL,NULL,NULL,NULL,NULL,unmatched,0.0,valid,Pre-monsoon_WL_1994-2025.pdf,NULL,NULL,local_pdf,official_web_fallback,official_web_fallback,pdf_text,NULL,NULL,4780,NULL,NULL,https://cgwb.gov.in
goa,south goa,quepem,quepem,Malkarnem,Malkarnem Station,15.18693,74.12549,2013,5,Pre-monsoon,6.7,NULL,Safe,NULL,NULL,NULL,NULL,NULL,NULL,unmatched,0.0,valid,Pre-monsoon_WL_1994-2025.pdf,NULL,NULL,local_pdf,official_web_fallback,official_web_fallback,pdf_text,NULL,NULL,4780,NULL,NULL,https://cgwb.gov.in
goa,south goa,quepem,quepem,Padi,Padi Station,15.09291,74.0306,2013,5,Pre-monsoon,13.6,NULL,Safe,NULL,NULL,NULL,NULL,NULL,NULL,unmatched,0.0,valid,Pre-monsoon_WL_1994-2025.pdf,NULL,NULL,local_pdf,official_web_fallback,official_web_fallback,pdf_text,NULL,NULL,4780,NULL,NULL,https://cgwb.gov.in
goa,south goa,quepem,quepem,Quepem,Quepem Station,15.21751,74.08075,2013,5,Pre-monsoon,6.7,NULL,Safe,NULL,NULL,NULL,NULL,NULL,NULL,unmatched,0.0,valid,Pre-monsoon_WL_1994-2025.pdf,NULL,NULL,local_pdf,official_web_fallback,official_web_fallback,pdf_text,NULL,NULL,4780,NULL,NULL,https://cgwb.gov.in
goa,south goa,salcete,salcete,Akamol Ambavalli,Akamol Ambavalli Station,15.19028,74.00016,2013,5,Pre-monsoon,3.84,NULL,Safe,NULL,NULL,NULL,NULL,NULL,NULL,unmatched,0.0,valid,Pre-monsoon_WL_1994-2025.pdf,NULL,NULL,local_pdf,official_web_fallback,official_web_fallback,pdf_text,NULL,NULL,4780,NULL,NULL,https://cgwb.gov.in
goa,south goa,salcete,salcete,Ballynuvhen,Ballynuvhen Station,15.31651,73.94542,2013,5,Pre-monsoon,5.38,NULL,Safe,NULL,NULL,NULL,NULL,NULL,NULL,unmatched,0.0,valid,Pre-monsoon_WL_1994-2025.pdf,NULL,NULL,local_pdf,official_web_fallback,official_web_fallback,pdf_text,NULL,NULL,4780,NULL,NULL,https://cgwb.gov.in
goa,south goa,salcete,salcete,Barodi Velni Betul,Barodi Velni Betul Station,15.14996,73.96082,2013,5,Pre-monsoon,3.9,NULL,Safe,NULL,NULL,NULL,NULL,NULL,NULL,unmatched,0.0,valid,Pre-monsoon_WL_1994-2025.pdf,NULL,NULL,local_pdf,official_web_fallback,official_web_fallback,pdf_text,NULL,NULL,4780,NULL,NULL,https://cgwb.gov.in
goa,south goa,salcete,salcete,Betalbhatti,Betalbhatti Station,15.30071,73.92006,2013,5,Pre-monsoon,7.1,NULL,Safe,NULL,NULL,NULL,NULL,NULL,NULL,unmatched,0.0,valid,Pre-monsoon_WL_1994-2025.pdf,NULL,NULL,local_pdf,official_web_fallback,official_web_fallback,pdf_text,NULL,NULL,4780,NULL,NULL,https://cgwb.gov.in
goa,south goa,salcete,salcete,Kaveslium,Kaveslium Station,15.18555,73.94721,2013,5,Pre-monsoon,4.55,NULL,Safe,NULL,NULL,NULL,NULL,NULL,NULL,unmatched,0.0,valid,Pre-monsoon_WL_1994-2025.pdf,NULL,NULL,local_pdf,official_web_fallback,official_web_fallback,pdf_text,NULL,NULL,4780,NULL,NULL,https://cgwb.gov.in
goa,south goa,salcete,salcete,Majorda Bpada Curilo,Majorda Bpada Curilo Station,15.32117,73.91711,2013,5,Pre-monsoon,5.83,NULL,Safe,NULL,NULL,NULL,NULL,NULL,NULL,unmatched,0.0,valid,Pre-monsoon_WL_1994-2025.pdf,NULL,NULL,local_pdf,official_web_fallback,official_web_fallback,pdf_text,NULL,NULL,4781,NULL,NULL,https://cgwb.gov.in
goa,south goa,salcete,salcete,Navelim (Ct),Navelim (Ct) Station,15.25444,73.96722,2013,5,Pre-monsoon,5.05,NULL,Safe,NULL,NULL,NULL,NULL,NULL,NULL,unmatched,0.0,valid,Pre-monsoon_WL_1994-2025.pdf,NULL,NULL,local_pdf,official_web_fallback,official_web_fallback,pdf_text,NULL,NULL,4781,NULL,NULL,https://cgwb.gov.in
goa,south goa,sanguem,sanguem,Bati,Bati Station,15.13176,74.22645,2013,5,Pre-monsoon,5.85,NULL,Safe,NULL,NULL,NULL,NULL,NULL,NULL,unmatched,0.0,valid,Pre-monsoon_WL_1994-2025.pdf,NULL,NULL,local_pdf,official_web_fallback,official_web_fallback,pdf_text,NULL,NULL,4781,NULL,NULL,https://cgwb.gov.in
goa,south goa,sanguem,sanguem,Deulwada Kolamba,Deulwada Kolamba Station,15.15021,74.13099,2013,5,Pre-monsoon,3.21,NULL,Safe,NULL,NULL,NULL,NULL,NULL,NULL,unmatched,0.0,valid,Pre-monsoon_WL_1994-2025.pdf,NULL,NULL,local_pdf,official_web_fallback,official_web_fallback,pdf_text,NULL,NULL,4781,NULL,NULL,https://cgwb.gov.in
goa,south goa,sanguem,sanguem,Guddemal,Guddemal Station,15.28545,74.12969,2013,5,Pre-monsoon,13.1,NULL,Safe,NULL,NULL,NULL,NULL,NULL,NULL,unmatched,0.0,valid,Pre-monsoon_WL_1994-2025.pdf,NULL,NULL,local_pdf,official_web_fallback,official_web_fallback,pdf_text,NULL,NULL,4781,NULL,NULL,https://cgwb.gov.in
goa,south goa,sanguem,sanguem,Jambavli,Jambavli Station,15.18658,74.09529,2013,5,Pre-monsoon,9.4,NULL,Safe,NULL,NULL,NULL,NULL,NULL,NULL,unmatched,0.0,valid,Pre-monsoon_WL_1994-2025.pdf,NULL,NULL,local_pdf,official_web_fallback,official_web_fallback,pdf_text,NULL,NULL,4781,NULL,NULL,https://cgwb.gov.in
goa,south goa,sanguem,sanguem,Kalay,Kalay Station,15.2885,74.18007,2013,5,Pre-monsoon,12.9,NULL,Safe,NULL,NULL,NULL,NULL,NULL,NULL,unmatched,0.0,valid,Pre-monsoon_WL_1994-2025.pdf,NULL,NULL,local_pdf,official_web_fallback,official_web_fallback,pdf_text,NULL,NULL,4781,NULL,NULL,https://cgwb.gov.in
goa,south goa,sanguem,sanguem,Rivona,Rivona Station,15.16415,74.10671,2013,5,Pre-monsoon,9.1,NULL,Safe,NULL,NULL,NULL,NULL,NULL,NULL,unmatched,0.0,valid,Pre-monsoon_WL_1994-2025.pdf,NULL,NULL,local_pdf,official_web_fallback,official_web_fallback,pdf_text,NULL,NULL,4781,NULL,NULL,https://cgwb.gov.in
goa,south goa,sanguem,sanguem,Themchewada,Themchewada Station,15.21958,74.15752,2013,5,Pre-monsoon,8.55,NULL,Safe,NULL,NULL,NULL,NULL,NULL,NULL,unmatched,0.0,valid,Pre-monsoon_WL_1994-2025.pdf,NULL,NULL,local_pdf,official_web_fallback,official_web_fallback,pdf_text,NULL,NULL,4781,NULL,NULL,https://cgwb.gov.in
goa,south goa,sanguem,sanguem,Vadam,Vadam Station,15.13063,74.20754,2013,5,Pre-monsoon,4.9,NULL,Safe,NULL,NULL,NULL,NULL,NULL,NULL,unmatched,0.0,valid,Pre-monsoon_WL_1994-2025.pdf,NULL,NULL,local_pdf,official_web_fallback,official_web_fallback,pdf_text,NULL,NULL,4781,NULL,NULL,https://cgwb.gov.in
goa,south goa,sanguem,sanguem,Vichundrem,Vichundrem Station,15.10364,74.20318,2013,5,Pre-monsoon,8.6,NULL,Safe,NULL,NULL,NULL,NULL,NULL,NULL,unmatched,0.0,valid,Pre-monsoon_WL_1994-2025.pdf,NULL,NULL,local_pdf,official_web_fallback,official_web_fallback,pdf_text,NULL,NULL,4781,NULL,NULL,https://cgwb.gov.in
goa,north goa,bardez,bardez,Baga,Baga Station,15.56,73.751,2012,5,Pre-monsoon,2.91,NULL,Safe,NULL,NULL,NULL,NULL,NULL,NULL,unmatched,0.0,valid,Pre-monsoon_WL_1994-2025.pdf,NULL,NULL,local_pdf,official_web_fallback,official_web_fallback,pdf_text,NULL,NULL,5087,NULL,NULL,https://cgwb.gov.in
goa,north goa,bardez,bardez,Calangute (Ct),Calangute (Ct) Station,15.54612,73.75861,2012,5,Pre-monsoon,8.26,NULL,Safe,NULL,NULL,NULL,NULL,NULL,NULL,unmatched,0.0,valid,Pre-monsoon_WL_1994-2025.pdf,NULL,NULL,local_pdf,official_web_fallback,official_web_fallback,pdf_text,NULL,NULL,5087,NULL,NULL,https://cgwb.gov.in
goa,north goa,bardez,bardez,Mapuca,Mapuca Station,15.61013,73.82434,2012,5,Pre-monsoon,4.29,NULL,Safe,NULL,NULL,NULL,NULL,NULL,NULL,unmatched,0.0,valid,Pre-monsoon_WL_1994-2025.pdf,NULL,NULL,local_pdf,official_web_fallback,official_web_fallback,pdf_text,NULL,NULL,5087,NULL,NULL,https://cgwb.gov.in
goa,north goa,bardez,bardez,Sircaim,Sircaim Station,15.62689,73.87588,2012,5,Pre-monsoon,3.57,NULL,Safe,NULL,NULL,NULL,NULL,NULL,NULL,unmatched,0.0,valid,Pre-monsoon_WL_1994-2025.pdf,NULL,NULL,local_pdf,official_web_fallback,official_web_fallback,pdf_text,NULL,NULL,5087,NULL,NULL,https://cgwb.gov.in
goa,north goa,bicholim,bicholim,Mulgao,Mulgao Station,15.61711,73.92075,2012,5,Pre-monsoon,2.66,NULL,Safe,NULL,NULL,NULL,NULL,NULL,NULL,unmatched,0.0,valid,Pre-monsoon_WL_1994-2025.pdf,NULL,NULL,local_pdf,official_web_fallback,official_web_fallback,pdf_text,NULL,NULL,5087,NULL,NULL,https://cgwb.gov.in
goa,north goa,bicholim,bicholim,Salem,Salem Station,15.68771,73.92681,2012,5,Pre-monsoon,3.21,NULL,Safe,NULL,NULL,NULL,NULL,NULL,NULL,unmatched,0.0,valid,Pre-monsoon_WL_1994-2025.pdf,NULL,NULL,local_pdf,official_web_fallback,official_web_fallback,pdf_text,NULL,NULL,5087,NULL,NULL,https://cgwb.gov.in
goa,north goa,pernem,pernem,Corgao,Corgao Station,15.70939,73.75176,2012,5,Pre-monsoon,4.95,NULL,Safe,NULL,NULL,NULL,NULL,NULL,NULL,unmatched,0.0,valid,Pre-monsoon_WL_1994-2025.pdf,NULL,NULL,local_pdf,official_web_fallback,official_web_fallback,pdf_text,NULL,NULL,5087,NULL,NULL,https://cgwb.gov.in
goa,north goa,pernem,pernem,Morji,Morji Station,15.63598,73.73963,2012,5,Pre-monsoon,2.0,NULL,Safe,NULL,NULL,NULL,NULL,NULL,NULL,unmatched,0.0,valid,Pre-monsoon_WL_1994-2025.pdf,NULL,NULL,local_pdf,official_web_fallback,official_web_fallback,pdf_text,NULL,NULL,5087,NULL,NULL,https://cgwb.gov.in
goa,north goa,pernem,pernem,Nagjhar,Nagjhar Station,15.70843,73.85289,2012,5,Pre-monsoon,9.43,NULL,Safe,NULL,NULL,NULL,NULL,NULL,NULL,unmatched,0.0,valid,Pre-monsoon_WL_1994-2025.pdf,NULL,NULL,local_pdf,official_web_fallback,official_web_fallback,pdf_text,NULL,NULL,5087,NULL,NULL,https://cgwb.gov.in
goa,north goa,pernem,pernem,Pernem,Pernem Station,15.7176,73.79806,2012,5,Pre-monsoon,3.77,NULL,Safe,NULL,NULL,NULL,NULL,NULL,NULL,unmatched,0.0,valid,Pre-monsoon_WL_1994-2025.pdf,NULL,NULL,local_pdf,official_web_fallback,official_web_fallback,pdf_text,NULL,NULL,5087,NULL,NULL,https://cgwb.gov.in
goa,north goa,pernem,pernem,Varconda,Varconda Station,15.75465,73.83533,2012,5,Pre-monsoon,3.9,NULL,Safe,NULL,NULL,NULL,NULL,NULL,NULL,unmatched,0.0,valid,Pre-monsoon_WL_1994-2025.pdf,NULL,NULL,local_pdf,official_web_fallback,official_web_fallback,pdf_text,NULL,NULL,5087,NULL,NULL,https://cgwb.gov.in
goa,north goa,satari,satari,Bayalwadikeri,Bayalwadikeri Station,15.61128,74.067,2012,5,Pre-monsoon,2.44,NULL,Safe,NULL,NULL,NULL,NULL,NULL,NULL,unmatched,0.0,valid,Pre-monsoon_WL_1994-2025.pdf,NULL,NULL,local_pdf,official_web_fallback,official_web_fallback,pdf_text,NULL,NULL,5087,NULL,NULL,https://cgwb.gov.in
goa,north goa,satari,satari,Honda,Honda Station,15.54722,74.05079,2012,5,Pre-monsoon,3.45,NULL,Safe,NULL,NULL,NULL,NULL,NULL,NULL,unmatched,0.0,valid,Pre-monsoon_WL_1994-2025.pdf,NULL,NULL,local_pdf,official_web_fallback,official_web_fallback,pdf_text,NULL,NULL,5087,NULL,NULL,https://cgwb.gov.in
goa,north goa,satari,satari,Khadki(Harijanwada),Khadki(Harijanwada) Station,15.50253,74.13964,2012,5,Pre-monsoon,10.93,NULL,Safe,NULL,NULL,NULL,NULL,NULL,NULL,unmatched,0.0,valid,Pre-monsoon_WL_1994-2025.pdf,NULL,NULL,local_pdf,official_web_fallback,official_web_fallback,pdf_text,NULL,NULL,5087,NULL,NULL,https://cgwb.gov.in
goa,north goa,satari,satari,Morlem,Morlem Station,15.59397,74.04632,2012,5,Pre-monsoon,3.32,NULL,Safe,NULL,NULL,NULL,NULL,NULL,NULL,unmatched,0.0,valid,Pre-monsoon_WL_1994-2025.pdf,NULL,NULL,local_pdf,official_web_fallback,official_web_fallback,pdf_text,NULL,NULL,5087,NULL,NULL,https://cgwb.gov.in
goa,north goa,satari,satari,Valpoi,Valpoi Station,15.53301,74.13723,2012,5,Pre-monsoon,5.63,NULL,Safe,NULL,NULL,NULL,NULL,NULL,NULL,unmatched,0.0,valid,Pre-monsoon_WL_1994-2025.pdf,NULL,NULL,local_pdf,official_web_fallback,official_web_fallback,pdf_text,NULL,NULL,5087,NULL,NULL,https://cgwb.gov.in
goa,north goa,tiswadi,tiswadi,Goa-Velha,Goa-Velha Station,15.44139,73.87972,2012,5,Pre-monsoon,1.64,NULL,Safe,NULL,NULL,NULL,NULL,NULL,NULL,unmatched,0.0,valid,Pre-monsoon_WL_1994-2025.pdf,NULL,NULL,local_pdf,official_web_fallback,official_web_fallback,pdf_text,NULL,NULL,5087,NULL,NULL,https://cgwb.gov.in
goa,north goa,tiswadi,tiswadi,Karanjhalen,Karanjhalen Station,15.459,73.80281,2012,5,Pre-monsoon,3.28,NULL,Safe,NULL,NULL,NULL,NULL,NULL,NULL,unmatched,0.0,valid,Pre-monsoon_WL_1994-2025.pdf,NULL,NULL,local_pdf,official_web_fallback,official_web_fallback,pdf_text,NULL,NULL,5087,NULL,NULL,https://cgwb.gov.in
goa,north goa,tiswadi,tiswadi,Velha Goa,Velha Goa Station,15.4976,73.91901,2012,5,Pre-monsoon,1.73,NULL,Safe,NULL,NULL,NULL,NULL,NULL,NULL,unmatched,0.0,valid,Pre-monsoon_WL_1994-2025.pdf,NULL,NULL,local_pdf,official_web_fallback,official_web_fallback,pdf_text,NULL,NULL,5087,NULL,NULL,https://cgwb.gov.in
goa,south goa,canacona,canacona,Agonda,Agonda Station,15.04152,73.99121,2012,5,Pre-monsoon,3.73,NULL,Safe,NULL,NULL,NULL,NULL,NULL,NULL,unmatched,0.0,valid,Pre-monsoon_WL_1994-2025.pdf,NULL,NULL,local_pdf,official_web_fallback,official_web_fallback,pdf_text,NULL,NULL,5087,NULL,NULL,https://cgwb.gov.in
goa,south goa,canacona,canacona,Canacona,Canacona Station,15.00716,74.05233,2012,5,Pre-monsoon,4.82,NULL,Safe,NULL,NULL,NULL,NULL,NULL,NULL,unmatched,0.0,valid,Pre-monsoon_WL_1994-2025.pdf,NULL,NULL,local_pdf,official_web_fallback,official_web_fallback,pdf_text,NULL,NULL,5087,NULL,NULL,https://cgwb.gov.in
goa,south goa,canacona,canacona,Carmona,Carmona Station,15.20278,73.9525,2012,5,Pre-monsoon,8.2,NULL,Safe,NULL,NULL,NULL,NULL,NULL,NULL,unmatched,0.0,valid,Pre-monsoon_WL_1994-2025.pdf,NULL,NULL,local_pdf,official_web_fallback,official_web_fallback,pdf_text,NULL,NULL,5087,NULL,NULL,https://cgwb.gov.in
goa,south goa,canacona,canacona,Daptamol Lolien,Daptamol Lolien Station,14.94986,74.05528,2012,5,Pre-monsoon,14.82,NULL,Safe,NULL,NULL,NULL,NULL,NULL,NULL,unmatched,0.0,valid,Pre-monsoon_WL_1994-2025.pdf,NULL,NULL,local_pdf,official_web_fallback,official_web_fallback,pdf_text,NULL,NULL,5087,NULL,NULL,https://cgwb.gov.in
goa,south goa,canacona,canacona,Gulem Velipwada,Gulem Velipwada Station,15.03918,74.02939,2012,5,Pre-monsoon,3.83,NULL,Safe,NULL,NULL,NULL,NULL,NULL,NULL,unmatched,0.0,valid,Pre-monsoon_WL_1994-2025.pdf,NULL,NULL,local_pdf,official_web_fallback,official_web_fallback,pdf_text,NULL,NULL,5087,NULL,NULL,https://cgwb.gov.in
goa,south goa,canacona,canacona,Hattipal Poinguinem,Hattipal Poinguinem Station,14.98407,74.10869,2012,5,Pre-monsoon,8.57,NULL,Safe,NULL,NULL,NULL,NULL,NULL,NULL,unmatched,0.0,valid,Pre-monsoon_WL_1994-2025.pdf,NULL,NULL,local_pdf,official_web_fallback,official_web_fallback,pdf_text,NULL,NULL,5087,NULL,NULL,https://cgwb.gov.in
goa,south goa,canacona,canacona,Polem,Polem Station,14.91289,74.08455,2012,5,Pre-monsoon,3.67,NULL,Safe,NULL,NULL,NULL,NULL,NULL,NULL,unmatched,0.0,valid,Pre-monsoon_WL_1994-2025.pdf,NULL,NULL,local_pdf,official_web_fallback,official_web_fallback,pdf_text,NULL,NULL,5087,NULL,NULL,https://cgwb.gov.in
goa,south goa,canacona,canacona,Shrishtal Gaondongar,Shrishtal Gaondongar Station,15.03725,74.11851,2012,5,Pre-monsoon,7.15,NULL,Safe,NULL,NULL,NULL,NULL,NULL,NULL,unmatched,0.0,valid,Pre-monsoon_WL_1994-2025.pdf,NULL,NULL,local_pdf,official_web_fallback,official_web_fallback,pdf_text,NULL,NULL,5087,NULL,NULL,https://cgwb.gov.in
goa,south goa,dharbandora,dharbandora,Bolkharnem,Bolkharnem Station,15.42964,74.19235,2012,5,Pre-monsoon,7.01,NULL,Safe,NULL,NULL,NULL,NULL,NULL,NULL,unmatched,0.0,valid,Pre-monsoon_WL_1994-2025.pdf,NULL,NULL,local_pdf,official_web_fallback,official_web_fallback,pdf_text,NULL,NULL,5087,NULL,NULL,https://cgwb.gov.in
goa,south goa,dharbandora,dharbandora,Colem,Colem Station,15.33497,74.24375,2012,5,Pre-monsoon,8.95,NULL,Safe,NULL,NULL,NULL,NULL,NULL,NULL,unmatched,0.0,valid,Pre-monsoon_WL_1994-2025.pdf,NULL,NULL,local_pdf,official_web_fallback,official_web_fallback,pdf_text,NULL,NULL,5087,NULL,NULL,https://cgwb.gov.in
goa,south goa,dharbandora,dharbandora,Molem,Molem Station,15.37701,74.22971,2012,5,Pre-monsoon,13.98,NULL,Safe,NULL,NULL,NULL,NULL,NULL,NULL,unmatched,0.0,valid,Pre-monsoon_WL_1994-2025.pdf,NULL,NULL,local_pdf,official_web_fallback,official_web_fallback,pdf_text,NULL,NULL,5087,NULL,NULL,https://cgwb.gov.in
goa,south goa,ponda,ponda,Shiroda,Shiroda Station,15.32068,74.03502,2012,5,Pre-monsoon,6.77,NULL,Safe,NULL,NULL,NULL,NULL,NULL,NULL,unmatched,0.0,valid,Pre-monsoon_WL_1994-2025.pdf,NULL,NULL,local_pdf,official_web_fallback,official_web_fallback,pdf_text,NULL,NULL,5087,NULL,NULL,https://cgwb.gov.in
goa,south goa,quepem,quepem,Ghadiawada,Ghadiawada Station,15.23894,74.11303,2012,5,Pre-monsoon,2.06,NULL,Safe,NULL,NULL,NULL,NULL,NULL,NULL,unmatched,0.0,valid,Pre-monsoon_WL_1994-2025.pdf,NULL,NULL,local_pdf,official_web_fallback,official_web_fallback,pdf_text,NULL,NULL,5087,NULL,NULL,https://cgwb.gov.in
goa,south goa,quepem,quepem,Quepem,Quepem Station,15.21751,74.08075,2012,5,Pre-monsoon,3.24,NULL,Safe,NULL,NULL,NULL,NULL,NULL,NULL,unmatched,0.0,valid,Pre-monsoon_WL_1994-2025.pdf,NULL,NULL,local_pdf,official_web_fallback,official_web_fallback,pdf_text,NULL,NULL,5087,NULL,NULL,https://cgwb.gov.in
goa,south goa,salcete,salcete,Akamol Ambavalli,Akamol Ambavalli Station,15.19028,74.00016,2012,5,Pre-monsoon,3.77,NULL,Safe,NULL,NULL,NULL,NULL,NULL,NULL,unmatched,0.0,valid,Pre-monsoon_WL_1994-2025.pdf,NULL,NULL,local_pdf,official_web_fallback,official_web_fallback,pdf_text,NULL,NULL,5087,NULL,NULL,https://cgwb.gov.in
goa,south goa,salcete,salcete,Ballynuvhen,Ballynuvhen Station,15.31651,73.94542,2012,5,Pre-monsoon,6.5,NULL,Safe,NULL,NULL,NULL,NULL,NULL,NULL,unmatched,0.0,valid,Pre-monsoon_WL_1994-2025.pdf,NULL,NULL,local_pdf,official_web_fallback,official_web_fallback,pdf_text,NULL,NULL,5087,NULL,NULL,https://cgwb.gov.in
goa,south goa,salcete,salcete,Majorda Bpada Curilo,Majorda Bpada Curilo Station,15.32117,73.91711,2012,5,Pre-monsoon,5.57,NULL,Safe,NULL,NULL,NULL,NULL,NULL,NULL,unmatched,0.0,valid,Pre-monsoon_WL_1994-2025.pdf,NULL,NULL,local_pdf,official_web_fallback,official_web_fallback,pdf_text,NULL,NULL,5088,NULL,NULL,https://cgwb.gov.in
goa,south goa,salcete,salcete,Navelim (Ct),Navelim (Ct) Station,15.25444,73.96722,2012,5,Pre-monsoon,10.64,NULL,Safe,NULL,NULL,NULL,NULL,NULL,NULL,unmatched,0.0,valid,Pre-monsoon_WL_1994-2025.pdf,NULL,NULL,local_pdf,official_web_fallback,official_web_fallback,pdf_text,NULL,NULL,5088,NULL,NULL,https://cgwb.gov.in
goa,south goa,salcete,salcete,Panchwadi,Panchwadi Station,15.2836,74.09517,2012,5,Pre-monsoon,6.94,NULL,Safe,NULL,NULL,NULL,NULL,NULL,NULL,unmatched,0.0,valid,Pre-monsoon_WL_1994-2025.pdf,NULL,NULL,local_pdf,official_web_fallback,official_web_fallback,pdf_text,NULL,NULL,5088,NULL,NULL,https://cgwb.gov.in
goa,south goa,sanguem,sanguem,Deulwada Kolamba,Deulwada Kolamba Station,15.15021,74.13099,2012,5,Pre-monsoon,3.24,NULL,Safe,NULL,NULL,NULL,NULL,NULL,NULL,unmatched,0.0,valid,Pre-monsoon_WL_1994-2025.pdf,NULL,NULL,local_pdf,official_web_fallback,official_web_fallback,pdf_text,NULL,NULL,5088,NULL,NULL,https://cgwb.gov.in
goa,north goa,bardez,bardez,Alto Betim Porvorim,Alto Betim Porvorim Station,15.52605,73.82982,2011,5,Pre-monsoon,5.39,NULL,Safe,NULL,NULL,NULL,NULL,NULL,NULL,unmatched,0.0,valid,Pre-monsoon_WL_1994-2025.pdf,NULL,NULL,local_pdf,official_web_fallback,official_web_fallback,pdf_text,NULL,NULL,5363,NULL,NULL,https://cgwb.gov.in
goa,north goa,bardez,bardez,Baga,Baga Station,15.56,73.751,2011,5,Pre-monsoon,2.58,NULL,Safe,NULL,NULL,NULL,NULL,NULL,NULL,unmatched,0.0,valid,Pre-monsoon_WL_1994-2025.pdf,NULL,NULL,local_pdf,official_web_fallback,official_web_fallback,pdf_text,NULL,NULL,5363,NULL,NULL,https://cgwb.gov.in
goa,north goa,bardez,bardez,Calangute (Ct),Calangute (Ct) Station,15.54612,73.75861,2011,5,Pre-monsoon,8.04,NULL,Safe,NULL,NULL,NULL,NULL,NULL,NULL,unmatched,0.0,valid,Pre-monsoon_WL_1994-2025.pdf,NULL,NULL,local_pdf,official_web_fallback,official_web_fallback,pdf_text,NULL,NULL,5363,NULL,NULL,https://cgwb.gov.in
goa,north goa,bardez,bardez,Mapuca,Mapuca Station,15.61013,73.82434,2011,5,Pre-monsoon,1.69,NULL,Safe,NULL,NULL,NULL,NULL,NULL,NULL,unmatched,0.0,valid,Pre-monsoon_WL_1994-2025.pdf,NULL,NULL,local_pdf,official_web_fallback,official_web_fallback,pdf_text,NULL,NULL,5363,NULL,NULL,https://cgwb.gov.in
goa,north goa,bardez,bardez,Sircaim,Sircaim Station,15.62689,73.87588,2011,5,Pre-monsoon,3.51,NULL,Safe,NULL,NULL,NULL,NULL,NULL,NULL,unmatched,0.0,valid,Pre-monsoon_WL_1994-2025.pdf,NULL,NULL,local_pdf,official_web_fallback,official_web_fallback,pdf_text,NULL,NULL,5363,NULL,NULL,https://cgwb.gov.in
goa,north goa,bicholim,bicholim,Mulgao,Mulgao Station,15.61711,73.92075,2011,5,Pre-monsoon,3.74,NULL,Safe,NULL,NULL,NULL,NULL,NULL,NULL,unmatched,0.0,valid,Pre-monsoon_WL_1994-2025.pdf,NULL,NULL,local_pdf,official_web_fallback,official_web_fallback,pdf_text,NULL,NULL,5363,NULL,NULL,https://cgwb.gov.in
goa,north goa,bicholim,bicholim,Salem,Salem Station,15.68771,73.92681,2011,5,Pre-monsoon,3.4,NULL,Safe,NULL,NULL,NULL,NULL,NULL,NULL,unmatched,0.0,valid,Pre-monsoon_WL_1994-2025.pdf,NULL,NULL,local_pdf,official_web_fallback,official_web_fallback,pdf_text,NULL,NULL,5363,NULL,NULL,https://cgwb.gov.in
goa,north goa,pernem,pernem,Corgao,Corgao Station,15.70939,73.75176,2011,5,Pre-monsoon,5.13,NULL,Safe,NULL,NULL,NULL,NULL,NULL,NULL,unmatched,0.0,valid,Pre-monsoon_WL_1994-2025.pdf,NULL,NULL,local_pdf,official_web_fallback,official_web_fallback,pdf_text,NULL,NULL,5363,NULL,NULL,https://cgwb.gov.in
goa,north goa,pernem,pernem,Morji,Morji Station,15.63598,73.73963,2011,5,Pre-monsoon,1.72,NULL,Safe,NULL,NULL,NULL,NULL,NULL,NULL,unmatched,0.0,valid,Pre-monsoon_WL_1994-2025.pdf,NULL,NULL,local_pdf,official_web_fallback,official_web_fallback,pdf_text,NULL,NULL,5363,NULL,NULL,https://cgwb.gov.in
goa,north goa,pernem,pernem,Nagjhar,Nagjhar Station,15.70843,73.85289,2011,5,Pre-monsoon,8.33,NULL,Safe,NULL,NULL,NULL,NULL,NULL,NULL,unmatched,0.0,valid,Pre-monsoon_WL_1994-2025.pdf,NULL,NULL,local_pdf,official_web_fallback,official_web_fallback,pdf_text,NULL,NULL,5363,NULL,NULL,https://cgwb.gov.in
goa,north goa,pernem,pernem,Pernem,Pernem Station,15.7176,73.79806,2011,5,Pre-monsoon,3.6,NULL,Safe,NULL,NULL,NULL,NULL,NULL,NULL,unmatched,0.0,valid,Pre-monsoon_WL_1994-2025.pdf,NULL,NULL,local_pdf,official_web_fallback,official_web_fallback,pdf_text,NULL,NULL,5363,NULL,NULL,https://cgwb.gov.in
goa,north goa,pernem,pernem,Varconda,Varconda Station,15.75465,73.83533,2011,5,Pre-monsoon,3.29,NULL,Safe,NULL,NULL,NULL,NULL,NULL,NULL,unmatched,0.0,valid,Pre-monsoon_WL_1994-2025.pdf,NULL,NULL,local_pdf,official_web_fallback,official_web_fallback,pdf_text,NULL,NULL,5363,NULL,NULL,https://cgwb.gov.in
goa,north goa,satari,satari,Bayalwadikeri,Bayalwadikeri Station,15.61128,74.067,2011,5,Pre-monsoon,2.71,NULL,Safe,NULL,NULL,NULL,NULL,NULL,NULL,unmatched,0.0,valid,Pre-monsoon_WL_1994-2025.pdf,NULL,NULL,local_pdf,official_web_fallback,official_web_fallback,pdf_text,NULL,NULL,5363,NULL,NULL,https://cgwb.gov.in
goa,north goa,satari,satari,Honda,Honda Station,15.54722,74.05079,2011,5,Pre-monsoon,3.85,NULL,Safe,NULL,NULL,NULL,NULL,NULL,NULL,unmatched,0.0,valid,Pre-monsoon_WL_1994-2025.pdf,NULL,NULL,local_pdf,official_web_fallback,official_web_fallback,pdf_text,NULL,NULL,5363,NULL,NULL,https://cgwb.gov.in
goa,north goa,satari,satari,Khadki(Harijanwada),Khadki(Harijanwada) Station,15.50253,74.13964,2011,5,Pre-monsoon,10.29,NULL,Safe,NULL,NULL,NULL,NULL,NULL,NULL,unmatched,0.0,valid,Pre-monsoon_WL_1994-2025.pdf,NULL,NULL,local_pdf,official_web_fallback,official_web_fallback,pdf_text,NULL,NULL,5363,NULL,NULL,https://cgwb.gov.in
goa,north goa,satari,satari,Morlem,Morlem Station,15.59397,74.04632,2011,5,Pre-monsoon,3.95,NULL,Safe,NULL,NULL,NULL,NULL,NULL,NULL,unmatched,0.0,valid,Pre-monsoon_WL_1994-2025.pdf,NULL,NULL,local_pdf,official_web_fallback,official_web_fallback,pdf_text,NULL,NULL,5363,NULL,NULL,https://cgwb.gov.in
goa,north goa,satari,satari,Valpoi,Valpoi Station,15.53301,74.13723,2011,5,Pre-monsoon,7.03,NULL,Safe,NULL,NULL,NULL,NULL,NULL,NULL,unmatched,0.0,valid,Pre-monsoon_WL_1994-2025.pdf,NULL,NULL,local_pdf,official_web_fallback,official_web_fallback,pdf_text,NULL,NULL,5363,NULL,NULL,https://cgwb.gov.in
goa,north goa,tiswadi,tiswadi,Goa-Velha,Goa-Velha Station,15.44139,73.87972,2011,5,Pre-monsoon,1.21,NULL,Safe,NULL,NULL,NULL,NULL,NULL,NULL,unmatched,0.0,valid,Pre-monsoon_WL_1994-2025.pdf,NULL,NULL,local_pdf,official_web_fallback,official_web_fallback,pdf_text,NULL,NULL,5363,NULL,NULL,https://cgwb.gov.in
goa,north goa,tiswadi,tiswadi,Karanjhalen,Karanjhalen Station,15.459,73.80281,2011,5,Pre-monsoon,2.8,NULL,Safe,NULL,NULL,NULL,NULL,NULL,NULL,unmatched,0.0,valid,Pre-monsoon_WL_1994-2025.pdf,NULL,NULL,local_pdf,official_web_fallback,official_web_fallback,pdf_text,NULL,NULL,5363,NULL,NULL,https://cgwb.gov.in
goa,north goa,tiswadi,tiswadi,Velha Goa,Velha Goa Station,15.4976,73.91901,2011,5,Pre-monsoon,2.61,NULL,Safe,NULL,NULL,NULL,NULL,NULL,NULL,unmatched,0.0,valid,Pre-monsoon_WL_1994-2025.pdf,NULL,NULL,local_pdf,official_web_fallback,official_web_fallback,pdf_text,NULL,NULL,5363,NULL,NULL,https://cgwb.gov.in
goa,south goa,canacona,canacona,Agonda,Agonda Station,15.04152,73.99121,2011,5,Pre-monsoon,3.64,NULL,Safe,NULL,NULL,NULL,NULL,NULL,NULL,unmatched,0.0,valid,Pre-monsoon_WL_1994-2025.pdf,NULL,NULL,local_pdf,official_web_fallback,official_web_fallback,pdf_text,NULL,NULL,5363,NULL,NULL,https://cgwb.gov.in
goa,south goa,canacona,canacona,Canacona,Canacona Station,15.00716,74.05233,2011,5,Pre-monsoon,4.08,NULL,Safe,NULL,NULL,NULL,NULL,NULL,NULL,unmatched,0.0,valid,Pre-monsoon_WL_1994-2025.pdf,NULL,NULL,local_pdf,official_web_fallback,official_web_fallback,pdf_text,NULL,NULL,5363,NULL,NULL,https://cgwb.gov.in
goa,south goa,canacona,canacona,Carmona,Carmona Station,15.20278,73.9525,2011,5,Pre-monsoon,6.58,NULL,Safe,NULL,NULL,NULL,NULL,NULL,NULL,unmatched,0.0,valid,Pre-monsoon_WL_1994-2025.pdf,NULL,NULL,local_pdf,official_web_fallback,official_web_fallback,pdf_text,NULL,NULL,5363,NULL,NULL,https://cgwb.gov.in
goa,south goa,canacona,canacona,Daptamol Lolien,Daptamol Lolien Station,14.94986,74.05528,2011,5,Pre-monsoon,14.85,NULL,Safe,NULL,NULL,NULL,NULL,NULL,NULL,unmatched,0.0,valid,Pre-monsoon_WL_1994-2025.pdf,NULL,NULL,local_pdf,official_web_fallback,official_web_fallback,pdf_text,NULL,NULL,5363,NULL,NULL,https://cgwb.gov.in
goa,south goa,canacona,canacona,Gulem Velipwada,Gulem Velipwada Station,15.03918,74.02939,2011,5,Pre-monsoon,2.65,NULL,Safe,NULL,NULL,NULL,NULL,NULL,NULL,unmatched,0.0,valid,Pre-monsoon_WL_1994-2025.pdf,NULL,NULL,local_pdf,official_web_fallback,official_web_fallback,pdf_text,NULL,NULL,5363,NULL,NULL,https://cgwb.gov.in
goa,south goa,canacona,canacona,Hattipal Poinguinem,Hattipal Poinguinem Station,14.98407,74.10869,2011,5,Pre-monsoon,7.12,NULL,Safe,NULL,NULL,NULL,NULL,NULL,NULL,unmatched,0.0,valid,Pre-monsoon_WL_1994-2025.pdf,NULL,NULL,local_pdf,official_web_fallback,official_web_fallback,pdf_text,NULL,NULL,5363,NULL,NULL,https://cgwb.gov.in
goa,south goa,canacona,canacona,Polem,Polem Station,14.91289,74.08455,2011,5,Pre-monsoon,3.08,NULL,Safe,NULL,NULL,NULL,NULL,NULL,NULL,unmatched,0.0,valid,Pre-monsoon_WL_1994-2025.pdf,NULL,NULL,local_pdf,official_web_fallback,official_web_fallback,pdf_text,NULL,NULL,5363,NULL,NULL,https://cgwb.gov.in
goa,south goa,canacona,canacona,Shrishtal Gaondongar,Shrishtal Gaondongar Station,15.03725,74.11851,2011,5,Pre-monsoon,4.76,NULL,Safe,NULL,NULL,NULL,NULL,NULL,NULL,unmatched,0.0,valid,Pre-monsoon_WL_1994-2025.pdf,NULL,NULL,local_pdf,official_web_fallback,official_web_fallback,pdf_text,NULL,NULL,5363,NULL,NULL,https://cgwb.gov.in
goa,south goa,dharbandora,dharbandora,Bolkharnem,Bolkharnem Station,15.42964,74.19235,2011,5,Pre-monsoon,6.84,NULL,Safe,NULL,NULL,NULL,NULL,NULL,NULL,unmatched,0.0,valid,Pre-monsoon_WL_1994-2025.pdf,NULL,NULL,local_pdf,official_web_fallback,official_web_fallback,pdf_text,NULL,NULL,5363,NULL,NULL,https://cgwb.gov.in
goa,south goa,dharbandora,dharbandora,Colem,Colem Station,15.33497,74.24375,2011,5,Pre-monsoon,8.82,NULL,Safe,NULL,NULL,NULL,NULL,NULL,NULL,unmatched,0.0,valid,Pre-monsoon_WL_1994-2025.pdf,NULL,NULL,local_pdf,official_web_fallback,official_web_fallback,pdf_text,NULL,NULL,5363,NULL,NULL,https://cgwb.gov.in
goa,south goa,dharbandora,dharbandora,Molem,Molem Station,15.37701,74.22971,2011,5,Pre-monsoon,13.67,NULL,Safe,NULL,NULL,NULL,NULL,NULL,NULL,unmatched,0.0,valid,Pre-monsoon_WL_1994-2025.pdf,NULL,NULL,local_pdf,official_web_fallback,official_web_fallback,pdf_text,NULL,NULL,5363,NULL,NULL,https://cgwb.gov.in
goa,south goa,ponda,ponda,Shiroda,Shiroda Station,15.32068,74.03502,2011,5,Pre-monsoon,6.37,NULL,Safe,NULL,NULL,NULL,NULL,NULL,NULL,unmatched,0.0,valid,Pre-monsoon_WL_1994-2025.pdf,NULL,NULL,local_pdf,official_web_fallback,official_web_fallback,pdf_text,NULL,NULL,5364,NULL,NULL,https://cgwb.gov.in
goa,south goa,quepem,quepem,Ghadiawada,Ghadiawada Station,15.23894,74.11303,2011,5,Pre-monsoon,2.39,NULL,Safe,NULL,NULL,NULL,NULL,NULL,NULL,unmatched,0.0,valid,Pre-monsoon_WL_1994-2025.pdf,NULL,NULL,local_pdf,official_web_fallback,official_web_fallback,pdf_text,NULL,NULL,5364,NULL,NULL,https://cgwb.gov.in
goa,south goa,quepem,quepem,Quepem,Quepem Station,15.21751,74.08075,2011,5,Pre-monsoon,2.78,NULL,Safe,NULL,NULL,NULL,NULL,NULL,NULL,unmatched,0.0,valid,Pre-monsoon_WL_1994-2025.pdf,NULL,NULL,local_pdf,official_web_fallback,official_web_fallback,pdf_text,NULL,NULL,5364,NULL,NULL,https://cgwb.gov.in
goa,south goa,salcete,salcete,Akamol Ambavalli,Akamol Ambavalli Station,15.19028,74.00016,2011,5,Pre-monsoon,4.89,NULL,Safe,NULL,NULL,NULL,NULL,NULL,NULL,unmatched,0.0,valid,Pre-monsoon_WL_1994-2025.pdf,NULL,NULL,local_pdf,official_web_fallback,official_web_fallback,pdf_text,NULL,NULL,5364,NULL,NULL,https://cgwb.gov.in
goa,south goa,salcete,salcete,Ballynuvhen,Ballynuvhen Station,15.31651,73.94542,2011,5,Pre-monsoon,5.07,NULL,Safe,NULL,NULL,NULL,NULL,NULL,NULL,unmatched,0.0,valid,Pre-monsoon_WL_1994-2025.pdf,NULL,NULL,local_pdf,official_web_fallback,official_web_fallback,pdf_text,NULL,NULL,5364,NULL,NULL,https://cgwb.gov.in
goa,south goa,salcete,salcete,Majorda Bpada Curilo,Majorda Bpada Curilo Station,15.32117,73.91711,2011,5,Pre-monsoon,5.18,NULL,Safe,NULL,NULL,NULL,NULL,NULL,NULL,unmatched,0.0,valid,Pre-monsoon_WL_1994-2025.pdf,NULL,NULL,local_pdf,official_web_fallback,official_web_fallback,pdf_text,NULL,NULL,5364,NULL,NULL,https://cgwb.gov.in
goa,south goa,salcete,salcete,Navelim (Ct),Navelim (Ct) Station,15.25444,73.96722,2011,5,Pre-monsoon,10.14,NULL,Safe,NULL,NULL,NULL,NULL,NULL,NULL,unmatched,0.0,valid,Pre-monsoon_WL_1994-2025.pdf,NULL,NULL,local_pdf,official_web_fallback,official_web_fallback,pdf_text,NULL,NULL,5364,NULL,NULL,https://cgwb.gov.in
goa,south goa,salcete,salcete,Panchwadi,Panchwadi Station,15.2836,74.09517,2011,5,Pre-monsoon,7.4,NULL,Safe,NULL,NULL,NULL,NULL,NULL,NULL,unmatched,0.0,valid,Pre-monsoon_WL_1994-2025.pdf,NULL,NULL,local_pdf,official_web_fallback,official_web_fallback,pdf_text,NULL,NULL,5364,NULL,NULL,https://cgwb.gov.in
goa,south goa,sanguem,sanguem,Deulwada Kolamba,Deulwada Kolamba Station,15.15021,74.13099,2011,5,Pre-monsoon,3.0,NULL,Safe,NULL,NULL,NULL,NULL,NULL,NULL,unmatched,0.0,valid,Pre-monsoon_WL_1994-2025.pdf,NULL,NULL,local_pdf,official_web_fallback,official_web_fallback,pdf_text,NULL,NULL,5364,NULL,NULL,https://cgwb.gov.in
goa,north goa,bardez,bardez,Alto Betim Porvorim,Alto Betim Porvorim Station,15.52605,73.82982,2010,5,Pre-monsoon,5.73,NULL,Safe,NULL,NULL,NULL,NULL,NULL,NULL,unmatched,0.0,valid,Pre-monsoon_WL_1994-2025.pdf,NULL,NULL,local_pdf,official_web_fallback,official_web_fallback,pdf_text,NULL,NULL,5632,NULL,NULL,https://cgwb.gov.in
goa,north goa,bardez,bardez,Calangute (Ct),Calangute (Ct) Station,15.54612,73.75861,2010,5,Pre-monsoon,8.2,NULL,Safe,NULL,NULL,NULL,NULL,NULL,NULL,unmatched,0.0,valid,Pre-monsoon_WL_1994-2025.pdf,NULL,NULL,local_pdf,official_web_fallback,official_web_fallback,pdf_text,NULL,NULL,5632,NULL,NULL,https://cgwb.gov.in
goa,north goa,bardez,bardez,Mapuca,Mapuca Station,15.61013,73.82434,2010,5,Pre-monsoon,2.8,NULL,Safe,NULL,NULL,NULL,NULL,NULL,NULL,unmatched,0.0,valid,Pre-monsoon_WL_1994-2025.pdf,NULL,NULL,local_pdf,official_web_fallback,official_web_fallback,pdf_text,NULL,NULL,5632,NULL,NULL,https://cgwb.gov.in
goa,north goa,bardez,bardez,Sircaim,Sircaim Station,15.62689,73.87588,2010,5,Pre-monsoon,4.2,NULL,Safe,NULL,NULL,NULL,NULL,NULL,NULL,unmatched,0.0,valid,Pre-monsoon_WL_1994-2025.pdf,NULL,NULL,local_pdf,official_web_fallback,official_web_fallback,pdf_text,NULL,NULL,5632,NULL,NULL,https://cgwb.gov.in
goa,north goa,bicholim,bicholim,Bordem,Bordem Station,15.58472,73.9575,2010,5,Pre-monsoon,5.26,NULL,Safe,NULL,NULL,NULL,NULL,NULL,NULL,unmatched,0.0,valid,Pre-monsoon_WL_1994-2025.pdf,NULL,NULL,local_pdf,official_web_fallback,official_web_fallback,pdf_text,NULL,NULL,5632,NULL,NULL,https://cgwb.gov.in
goa,north goa,bicholim,bicholim,Mulgao,Mulgao Station,15.61711,73.92075,2010,5,Pre-monsoon,2.83,NULL,Safe,NULL,NULL,NULL,NULL,NULL,NULL,unmatched,0.0,valid,Pre-monsoon_WL_1994-2025.pdf,NULL,NULL,local_pdf,official_web_fallback,official_web_fallback,pdf_text,NULL,NULL,5632,NULL,NULL,https://cgwb.gov.in
goa,north goa,bicholim,bicholim,Salem,Salem Station,15.68771,73.92681,2010,5,Pre-monsoon,2.81,NULL,Safe,NULL,NULL,NULL,NULL,NULL,NULL,unmatched,0.0,valid,Pre-monsoon_WL_1994-2025.pdf,NULL,NULL,local_pdf,official_web_fallback,official_web_fallback,pdf_text,NULL,NULL,5632,NULL,NULL,https://cgwb.gov.in
goa,north goa,pernem,pernem,Corgao,Corgao Station,15.70939,73.75176,2010,5,Pre-monsoon,4.85,NULL,Safe,NULL,NULL,NULL,NULL,NULL,NULL,unmatched,0.0,valid,Pre-monsoon_WL_1994-2025.pdf,NULL,NULL,local_pdf,official_web_fallback,official_web_fallback,pdf_text,NULL,NULL,5632,NULL,NULL,https://cgwb.gov.in
goa,north goa,pernem,pernem,Morji,Morji Station,15.63598,73.73963,2010,5,Pre-monsoon,1.98,NULL,Safe,NULL,NULL,NULL,NULL,NULL,NULL,unmatched,0.0,valid,Pre-monsoon_WL_1994-2025.pdf,NULL,NULL,local_pdf,official_web_fallback,official_web_fallback,pdf_text,NULL,NULL,5632,NULL,NULL,https://cgwb.gov.in
goa,north goa,pernem,pernem,Nagjhar,Nagjhar Station,15.70843,73.85289,2010,5,Pre-monsoon,9.73,NULL,Safe,NULL,NULL,NULL,NULL,NULL,NULL,unmatched,0.0,valid,Pre-monsoon_WL_1994-2025.pdf,NULL,NULL,local_pdf,official_web_fallback,official_web_fallback,pdf_text,NULL,NULL,5632,NULL,NULL,https://cgwb.gov.in
goa,north goa,pernem,pernem,Pernem,Pernem Station,15.7176,73.79806,2010,5,Pre-monsoon,3.52,NULL,Safe,NULL,NULL,NULL,NULL,NULL,NULL,unmatched,0.0,valid,Pre-monsoon_WL_1994-2025.pdf,NULL,NULL,local_pdf,official_web_fallback,official_web_fallback,pdf_text,NULL,NULL,5632,NULL,NULL,https://cgwb.gov.in
goa,north goa,pernem,pernem,Varconda,Varconda Station,15.75465,73.83533,2010,5,Pre-monsoon,4.0,NULL,Safe,NULL,NULL,NULL,NULL,NULL,NULL,unmatched,0.0,valid,Pre-monsoon_WL_1994-2025.pdf,NULL,NULL,local_pdf,official_web_fallback,official_web_fallback,pdf_text,NULL,NULL,5632,NULL,NULL,https://cgwb.gov.in
goa,north goa,satari,satari,Bayalwadikeri,Bayalwadikeri Station,15.61128,74.067,2010,5,Pre-monsoon,3.51,NULL,Safe,NULL,NULL,NULL,NULL,NULL,NULL,unmatched,0.0,valid,Pre-monsoon_WL_1994-2025.pdf,NULL,NULL,local_pdf,official_web_fallback,official_web_fallback,pdf_text,NULL,NULL,5632,NULL,NULL,https://cgwb.gov.in
goa,north goa,satari,satari,Honda,Honda Station,15.54722,74.05079,2010,5,Pre-monsoon,3.59,NULL,Safe,NULL,NULL,NULL,NULL,NULL,NULL,unmatched,0.0,valid,Pre-monsoon_WL_1994-2025.pdf,NULL,NULL,local_pdf,official_web_fallback,official_web_fallback,pdf_text,NULL,NULL,5632,NULL,NULL,https://cgwb.gov.in
goa,north goa,satari,satari,Khadki(Harijanwada),Khadki(Harijanwada) Station,15.50253,74.13964,2010,5,Pre-monsoon,11.39,NULL,Safe,NULL,NULL,NULL,NULL,NULL,NULL,unmatched,0.0,valid,Pre-monsoon_WL_1994-2025.pdf,NULL,NULL,local_pdf,official_web_fallback,official_web_fallback,pdf_text,NULL,NULL,5632,NULL,NULL,https://cgwb.gov.in
goa,north goa,satari,satari,Morlem,Morlem Station,15.59397,74.04632,2010,5,Pre-monsoon,3.3,NULL,Safe,NULL,NULL,NULL,NULL,NULL,NULL,unmatched,0.0,valid,Pre-monsoon_WL_1994-2025.pdf,NULL,NULL,local_pdf,official_web_fallback,official_web_fallback,pdf_text,NULL,NULL,5632,NULL,NULL,https://cgwb.gov.in
goa,north goa,tiswadi,tiswadi,Goa-Velha,Goa-Velha Station,15.44139,73.87972,2010,5,Pre-monsoon,2.99,NULL,Safe,NULL,NULL,NULL,NULL,NULL,NULL,unmatched,0.0,valid,Pre-monsoon_WL_1994-2025.pdf,NULL,NULL,local_pdf,official_web_fallback,official_web_fallback,pdf_text,NULL,NULL,5632,NULL,NULL,https://cgwb.gov.in
goa,north goa,tiswadi,tiswadi,Karanjhalen,Karanjhalen Station,15.459,73.80281,2010,5,Pre-monsoon,3.4,NULL,Safe,NULL,NULL,NULL,NULL,NULL,NULL,unmatched,0.0,valid,Pre-monsoon_WL_1994-2025.pdf,NULL,NULL,local_pdf,official_web_fallback,official_web_fallback,pdf_text,NULL,NULL,5632,NULL,NULL,https://cgwb.gov.in
goa,south goa,canacona,canacona,Agonda,Agonda Station,15.04152,73.99121,2010,5,Pre-monsoon,3.43,NULL,Safe,NULL,NULL,NULL,NULL,NULL,NULL,unmatched,0.0,valid,Pre-monsoon_WL_1994-2025.pdf,NULL,NULL,local_pdf,official_web_fallback,official_web_fallback,pdf_text,NULL,NULL,5632,NULL,NULL,https://cgwb.gov.in
goa,south goa,canacona,canacona,Canacona,Canacona Station,15.00716,74.05233,2010,5,Pre-monsoon,4.83,NULL,Safe,NULL,NULL,NULL,NULL,NULL,NULL,unmatched,0.0,valid,Pre-monsoon_WL_1994-2025.pdf,NULL,NULL,local_pdf,official_web_fallback,official_web_fallback,pdf_text,NULL,NULL,5632,NULL,NULL,https://cgwb.gov.in
goa,south goa,canacona,canacona,Carmona,Carmona Station,15.20278,73.9525,2010,5,Pre-monsoon,8.07,NULL,Safe,NULL,NULL,NULL,NULL,NULL,NULL,unmatched,0.0,valid,Pre-monsoon_WL_1994-2025.pdf,NULL,NULL,local_pdf,official_web_fallback,official_web_fallback,pdf_text,NULL,NULL,5632,NULL,NULL,https://cgwb.gov.in
goa,south goa,canacona,canacona,Daptamol Lolien,Daptamol Lolien Station,14.94986,74.05528,2010,5,Pre-monsoon,15.1,NULL,Safe,NULL,NULL,NULL,NULL,NULL,NULL,unmatched,0.0,valid,Pre-monsoon_WL_1994-2025.pdf,NULL,NULL,local_pdf,official_web_fallback,official_web_fallback,pdf_text,NULL,NULL,5632,NULL,NULL,https://cgwb.gov.in
goa,south goa,canacona,canacona,Gulem Velipwada,Gulem Velipwada Station,15.03918,74.02939,2010,5,Pre-monsoon,3.94,NULL,Safe,NULL,NULL,NULL,NULL,NULL,NULL,unmatched,0.0,valid,Pre-monsoon_WL_1994-2025.pdf,NULL,NULL,local_pdf,official_web_fallback,official_web_fallback,pdf_text,NULL,NULL,5632,NULL,NULL,https://cgwb.gov.in
goa,south goa,canacona,canacona,Hattipal Poinguinem,Hattipal Poinguinem Station,14.98407,74.10869,2010,5,Pre-monsoon,8.31,NULL,Safe,NULL,NULL,NULL,NULL,NULL,NULL,unmatched,0.0,valid,Pre-monsoon_WL_1994-2025.pdf,NULL,NULL,local_pdf,official_web_fallback,official_web_fallback,pdf_text,NULL,NULL,5632,NULL,NULL,https://cgwb.gov.in
goa,south goa,canacona,canacona,Polem,Polem Station,14.91289,74.08455,2010,5,Pre-monsoon,3.89,NULL,Safe,NULL,NULL,NULL,NULL,NULL,NULL,unmatched,0.0,valid,Pre-monsoon_WL_1994-2025.pdf,NULL,NULL,local_pdf,official_web_fallback,official_web_fallback,pdf_text,NULL,NULL,5632,NULL,NULL,https://cgwb.gov.in
goa,south goa,canacona,canacona,Shrishtal Gaondongar,Shrishtal Gaondongar Station,15.03725,74.11851,2010,5,Pre-monsoon,6.77,NULL,Safe,NULL,NULL,NULL,NULL,NULL,NULL,unmatched,0.0,valid,Pre-monsoon_WL_1994-2025.pdf,NULL,NULL,local_pdf,official_web_fallback,official_web_fallback,pdf_text,NULL,NULL,5632,NULL,NULL,https://cgwb.gov.in
goa,south goa,dharbandora,dharbandora,Bolkharnem,Bolkharnem Station,15.42964,74.19235,2010,5,Pre-monsoon,7.95,NULL,Safe,NULL,NULL,NULL,NULL,NULL,NULL,unmatched,0.0,valid,Pre-monsoon_WL_1994-2025.pdf,NULL,NULL,local_pdf,official_web_fallback,official_web_fallback,pdf_text,NULL,NULL,5632,NULL,NULL,https://cgwb.gov.in
goa,south goa,dharbandora,dharbandora,Colem,Colem Station,15.33497,74.24375,2010,5,Pre-monsoon,8.83,NULL,Safe,NULL,NULL,NULL,NULL,NULL,NULL,unmatched,0.0,valid,Pre-monsoon_WL_1994-2025.pdf,NULL,NULL,local_pdf,official_web_fallback,official_web_fallback,pdf_text,NULL,NULL,5632,NULL,NULL,https://cgwb.gov.in
goa,south goa,dharbandora,dharbandora,Molem,Molem Station,15.37701,74.22971,2010,5,Pre-monsoon,13.69,NULL,Safe,NULL,NULL,NULL,NULL,NULL,NULL,unmatched,0.0,valid,Pre-monsoon_WL_1994-2025.pdf,NULL,NULL,local_pdf,official_web_fallback,official_web_fallback,pdf_text,NULL,NULL,5633,NULL,NULL,https://cgwb.gov.in
goa,south goa,ponda,ponda,Shiroda,Shiroda Station,15.32068,74.03502,2010,5,Pre-monsoon,6.85,NULL,Safe,NULL,NULL,NULL,NULL,NULL,NULL,unmatched,0.0,valid,Pre-monsoon_WL_1994-2025.pdf,NULL,NULL,local_pdf,official_web_fallback,official_web_fallback,pdf_text,NULL,NULL,5633,NULL,NULL,https://cgwb.gov.in
goa,south goa,quepem,quepem,Ghadiawada,Ghadiawada Station,15.23894,74.11303,2010,5,Pre-monsoon,2.02,NULL,Safe,NULL,NULL,NULL,NULL,NULL,NULL,unmatched,0.0,valid,Pre-monsoon_WL_1994-2025.pdf,NULL,NULL,local_pdf,official_web_fallback,official_web_fallback,pdf_text,NULL,NULL,5633,NULL,NULL,https://cgwb.gov.in
goa,south goa,quepem,quepem,Quepem,Quepem Station,15.21751,74.08075,2010,5,Pre-monsoon,3.45,NULL,Safe,NULL,NULL,NULL,NULL,NULL,NULL,unmatched,0.0,valid,Pre-monsoon_WL_1994-2025.pdf,NULL,NULL,local_pdf,official_web_fallback,official_web_fallback,pdf_text,NULL,NULL,5633,NULL,NULL,https://cgwb.gov.in
goa,south goa,salcete,salcete,Akamol Ambavalli,Akamol Ambavalli Station,15.19028,74.00016,2010,5,Pre-monsoon,4.54,NULL,Safe,NULL,NULL,NULL,NULL,NULL,NULL,unmatched,0.0,valid,Pre-monsoon_WL_1994-2025.pdf,NULL,NULL,local_pdf,official_web_fallback,official_web_fallback,pdf_text,NULL,NULL,5633,NULL,NULL,https://cgwb.gov.in
goa,south goa,salcete,salcete,Ballynuvhen,Ballynuvhen Station,15.31651,73.94542,2010,5,Pre-monsoon,8.08,NULL,Safe,NULL,NULL,NULL,NULL,NULL,NULL,unmatched,0.0,valid,Pre-monsoon_WL_1994-2025.pdf,NULL,NULL,local_pdf,official_web_fallback,official_web_fallback,pdf_text,NULL,NULL,5633,NULL,NULL,https://cgwb.gov.in
goa,south goa,salcete,salcete,Majorda Bpada Curilo,Majorda Bpada Curilo Station,15.32117,73.91711,2010,5,Pre-monsoon,2.55,NULL,Safe,NULL,NULL,NULL,NULL,NULL,NULL,unmatched,0.0,valid,Pre-monsoon_WL_1994-2025.pdf,NULL,NULL,local_pdf,official_web_fallback,official_web_fallback,pdf_text,NULL,NULL,5633,NULL,NULL,https://cgwb.gov.in
goa,south goa,sanguem,sanguem,Deulwada Kolamba,Deulwada Kolamba Station,15.15021,74.13099,2010,5,Pre-monsoon,2.74,NULL,Safe,NULL,NULL,NULL,NULL,NULL,NULL,unmatched,0.0,valid,Pre-monsoon_WL_1994-2025.pdf,NULL,NULL,local_pdf,official_web_fallback,official_web_fallback,pdf_text,NULL,NULL,5633,NULL,NULL,https://cgwb.gov.in
goa,south goa,sanguem,sanguem,Neturlim,Neturlim Station,15.09065,74.21671,2010,5,Pre-monsoon,13.29,NULL,Safe,NULL,NULL,NULL,NULL,NULL,NULL,unmatched,0.0,valid,Pre-monsoon_WL_1994-2025.pdf,NULL,NULL,local_pdf,official_web_fallback,official_web_fallback,pdf_text,NULL,NULL,5633,NULL,NULL,https://cgwb.gov.in
goa,north goa,bardez,bardez,Alto Betim Porvorim,Alto Betim Porvorim Station,15.52605,73.82982,2009,5,Pre-monsoon,5.81,NULL,Safe,NULL,NULL,NULL,NULL,NULL,NULL,unmatched,0.0,valid,Pre-monsoon_WL_1994-2025.pdf,NULL,NULL,local_pdf,official_web_fallback,official_web_fallback,pdf_text,NULL,NULL,5900,NULL,NULL,https://cgwb.gov.in
goa,north goa,bardez,bardez,Calangute (Ct),Calangute (Ct) Station,15.54612,73.75861,2009,5,Pre-monsoon,8.87,NULL,Safe,NULL,NULL,NULL,NULL,NULL,NULL,unmatched,0.0,valid,Pre-monsoon_WL_1994-2025.pdf,NULL,NULL,local_pdf,official_web_fallback,official_web_fallback,pdf_text,NULL,NULL,5900,NULL,NULL,https://cgwb.gov.in
goa,north goa,bardez,bardez,Mapuca,Mapuca Station,15.61013,73.82434,2009,5,Pre-monsoon,4.08,NULL,Safe,NULL,NULL,NULL,NULL,NULL,NULL,unmatched,0.0,valid,Pre-monsoon_WL_1994-2025.pdf,NULL,NULL,local_pdf,official_web_fallback,official_web_fallback,pdf_text,NULL,NULL,5901,NULL,NULL,https://cgwb.gov.in
goa,north goa,bardez,bardez,Sircaim,Sircaim Station,15.62689,73.87588,2009,5,Pre-monsoon,4.97,NULL,Safe,NULL,NULL,NULL,NULL,NULL,NULL,unmatched,0.0,valid,Pre-monsoon_WL_1994-2025.pdf,NULL,NULL,local_pdf,official_web_fallback,official_web_fallback,pdf_text,NULL,NULL,5901,NULL,NULL,https://cgwb.gov.in
goa,north goa,bicholim,bicholim,Bordem,Bordem Station,15.58472,73.9575,2009,5,Pre-monsoon,14.56,NULL,Safe,NULL,NULL,NULL,NULL,NULL,NULL,unmatched,0.0,valid,Pre-monsoon_WL_1994-2025.pdf,NULL,NULL,local_pdf,official_web_fallback,official_web_fallback,pdf_text,NULL,NULL,5901,NULL,NULL,https://cgwb.gov.in
goa,north goa,bicholim,bicholim,Mulgao,Mulgao Station,15.61711,73.92075,2009,5,Pre-monsoon,5.26,NULL,Safe,NULL,NULL,NULL,NULL,NULL,NULL,unmatched,0.0,valid,Pre-monsoon_WL_1994-2025.pdf,NULL,NULL,local_pdf,official_web_fallback,official_web_fallback,pdf_text,NULL,NULL,5901,NULL,NULL,https://cgwb.gov.in
goa,north goa,bicholim,bicholim,Salem,Salem Station,15.68771,73.92681,2009,5,Pre-monsoon,3.02,NULL,Safe,NULL,NULL,NULL,NULL,NULL,NULL,unmatched,0.0,valid,Pre-monsoon_WL_1994-2025.pdf,NULL,NULL,local_pdf,official_web_fallback,official_web_fallback,pdf_text,NULL,NULL,5901,NULL,NULL,https://cgwb.gov.in
goa,north goa,pernem,pernem,Corgao,Corgao Station,15.70939,73.75176,2009,5,Pre-monsoon,5.53,NULL,Safe,NULL,NULL,NULL,NULL,NULL,NULL,unmatched,0.0,valid,Pre-monsoon_WL_1994-2025.pdf,NULL,NULL,local_pdf,official_web_fallback,official_web_fallback,pdf_text,NULL,NULL,5901,NULL,NULL,https://cgwb.gov.in
goa,north goa,pernem,pernem,Morji,Morji Station,15.63598,73.73963,2009,5,Pre-monsoon,2.21,NULL,Safe,NULL,NULL,NULL,NULL,NULL,NULL,unmatched,0.0,valid,Pre-monsoon_WL_1994-2025.pdf,NULL,NULL,local_pdf,official_web_fallback,official_web_fallback,pdf_text,NULL,NULL,5901,NULL,NULL,https://cgwb.gov.in
goa,north goa,pernem,pernem,Nagjhar,Nagjhar Station,15.70843,73.85289,2009,5,Pre-monsoon,8.86,NULL,Safe,NULL,NULL,NULL,NULL,NULL,NULL,unmatched,0.0,valid,Pre-monsoon_WL_1994-2025.pdf,NULL,NULL,local_pdf,official_web_fallback,official_web_fallback,pdf_text,NULL,NULL,5901,NULL,NULL,https://cgwb.gov.in
goa,north goa,pernem,pernem,Pernem,Pernem Station,15.7176,73.79806,2009,5,Pre-monsoon,2.17,NULL,Safe,NULL,NULL,NULL,NULL,NULL,NULL,unmatched,0.0,valid,Pre-monsoon_WL_1994-2025.pdf,NULL,NULL,local_pdf,official_web_fallback,official_web_fallback,pdf_text,NULL,NULL,5901,NULL,NULL,https://cgwb.gov.in
goa,north goa,pernem,pernem,Varconda,Varconda Station,15.75465,73.83533,2009,5,Pre-monsoon,3.56,NULL,Safe,NULL,NULL,NULL,NULL,NULL,NULL,unmatched,0.0,valid,Pre-monsoon_WL_1994-2025.pdf,NULL,NULL,local_pdf,official_web_fallback,official_web_fallback,pdf_text,NULL,NULL,5901,NULL,NULL,https://cgwb.gov.in
goa,north goa,satari,satari,Bayalwadikeri,Bayalwadikeri Station,15.61128,74.067,2009,5,Pre-monsoon,3.48,NULL,Safe,NULL,NULL,NULL,NULL,NULL,NULL,unmatched,0.0,valid,Pre-monsoon_WL_1994-2025.pdf,NULL,NULL,local_pdf,official_web_fallback,official_web_fallback,pdf_text,NULL,NULL,5901,NULL,NULL,https://cgwb.gov.in
goa,north goa,satari,satari,Honda,Honda Station,15.54722,74.05079,2009,5,Pre-monsoon,4.75,NULL,Safe,NULL,NULL,NULL,NULL,NULL,NULL,unmatched,0.0,valid,Pre-monsoon_WL_1994-2025.pdf,NULL,NULL,local_pdf,official_web_fallback,official_web_fallback,pdf_text,NULL,NULL,5901,NULL,NULL,https://cgwb.gov.in
goa,north goa,satari,satari,Khadki(Harijanwada),Khadki(Harijanwada) Station,15.50253,74.13964,2009,5,Pre-monsoon,11.94,NULL,Safe,NULL,NULL,NULL,NULL,NULL,NULL,unmatched,0.0,valid,Pre-monsoon_WL_1994-2025.pdf,NULL,NULL,local_pdf,official_web_fallback,official_web_fallback,pdf_text,NULL,NULL,5901,NULL,NULL,https://cgwb.gov.in
goa,north goa,satari,satari,Morlem,Morlem Station,15.59397,74.04632,2009,5,Pre-monsoon,3.72,NULL,Safe,NULL,NULL,NULL,NULL,NULL,NULL,unmatched,0.0,valid,Pre-monsoon_WL_1994-2025.pdf,NULL,NULL,local_pdf,official_web_fallback,official_web_fallback,pdf_text,NULL,NULL,5901,NULL,NULL,https://cgwb.gov.in
goa,north goa,satari,satari,Valpoi,Valpoi Station,15.53301,74.13723,2009,5,Pre-monsoon,5.45,NULL,Safe,NULL,NULL,NULL,NULL,NULL,NULL,unmatched,0.0,valid,Pre-monsoon_WL_1994-2025.pdf,NULL,NULL,local_pdf,official_web_fallback,official_web_fallback,pdf_text,NULL,NULL,5901,NULL,NULL,https://cgwb.gov.in
goa,north goa,tiswadi,tiswadi,Goa-Velha,Goa-Velha Station,15.44139,73.87972,2009,5,Pre-monsoon,3.24,NULL,Safe,NULL,NULL,NULL,NULL,NULL,NULL,unmatched,0.0,valid,Pre-monsoon_WL_1994-2025.pdf,NULL,NULL,local_pdf,official_web_fallback,official_web_fallback,pdf_text,NULL,NULL,5901,NULL,NULL,https://cgwb.gov.in
goa,north goa,tiswadi,tiswadi,Karanjhalen,Karanjhalen Station,15.459,73.80281,2009,5,Pre-monsoon,3.18,NULL,Safe,NULL,NULL,NULL,NULL,NULL,NULL,unmatched,0.0,valid,Pre-monsoon_WL_1994-2025.pdf,NULL,NULL,local_pdf,official_web_fallback,official_web_fallback,pdf_text,NULL,NULL,5901,NULL,NULL,https://cgwb.gov.in
goa,south goa,canacona,canacona,Agonda,Agonda Station,15.04152,73.99121,2009,5,Pre-monsoon,3.9,NULL,Safe,NULL,NULL,NULL,NULL,NULL,NULL,unmatched,0.0,valid,Pre-monsoon_WL_1994-2025.pdf,NULL,NULL,local_pdf,official_web_fallback,official_web_fallback,pdf_text,NULL,NULL,5901,NULL,NULL,https://cgwb.gov.in
goa,south goa,canacona,canacona,Canacona,Canacona Station,15.00716,74.05233,2009,5,Pre-monsoon,4.8,NULL,Safe,NULL,NULL,NULL,NULL,NULL,NULL,unmatched,0.0,valid,Pre-monsoon_WL_1994-2025.pdf,NULL,NULL,local_pdf,official_web_fallback,official_web_fallback,pdf_text,NULL,NULL,5901,NULL,NULL,https://cgwb.gov.in
goa,south goa,canacona,canacona,Carmona,Carmona Station,15.20278,73.9525,2009,5,Pre-monsoon,8.06,NULL,Safe,NULL,NULL,NULL,NULL,NULL,NULL,unmatched,0.0,valid,Pre-monsoon_WL_1994-2025.pdf,NULL,NULL,local_pdf,official_web_fallback,official_web_fallback,pdf_text,NULL,NULL,5901,NULL,NULL,https://cgwb.gov.in
goa,south goa,canacona,canacona,Daptamol Lolien,Daptamol Lolien Station,14.94986,74.05528,2009,5,Pre-monsoon,14.9,NULL,Safe,NULL,NULL,NULL,NULL,NULL,NULL,unmatched,0.0,valid,Pre-monsoon_WL_1994-2025.pdf,NULL,NULL,local_pdf,official_web_fallback,official_web_fallback,pdf_text,NULL,NULL,5901,NULL,NULL,https://cgwb.gov.in
goa,south goa,canacona,canacona,Gulem Velipwada,Gulem Velipwada Station,15.03918,74.02939,2009,5,Pre-monsoon,4.02,NULL,Safe,NULL,NULL,NULL,NULL,NULL,NULL,unmatched,0.0,valid,Pre-monsoon_WL_1994-2025.pdf,NULL,NULL,local_pdf,official_web_fallback,official_web_fallback,pdf_text,NULL,NULL,5901,NULL,NULL,https://cgwb.gov.in
goa,south goa,canacona,canacona,Hattipal Poinguinem,Hattipal Poinguinem Station,14.98407,74.10869,2009,5,Pre-monsoon,8.74,NULL,Safe,NULL,NULL,NULL,NULL,NULL,NULL,unmatched,0.0,valid,Pre-monsoon_WL_1994-2025.pdf,NULL,NULL,local_pdf,official_web_fallback,official_web_fallback,pdf_text,NULL,NULL,5901,NULL,NULL,https://cgwb.gov.in
goa,south goa,canacona,canacona,Polem,Polem Station,14.91289,74.08455,2009,5,Pre-monsoon,4.35,NULL,Safe,NULL,NULL,NULL,NULL,NULL,NULL,unmatched,0.0,valid,Pre-monsoon_WL_1994-2025.pdf,NULL,NULL,local_pdf,official_web_fallback,official_web_fallback,pdf_text,NULL,NULL,5901,NULL,NULL,https://cgwb.gov.in
goa,south goa,canacona,canacona,Shrishtal Gaondongar,Shrishtal Gaondongar Station,15.03725,74.11851,2009,5,Pre-monsoon,8.32,NULL,Safe,NULL,NULL,NULL,NULL,NULL,NULL,unmatched,0.0,valid,Pre-monsoon_WL_1994-2025.pdf,NULL,NULL,local_pdf,official_web_fallback,official_web_fallback,pdf_text,NULL,NULL,5901,NULL,NULL,https://cgwb.gov.in
goa,south goa,dharbandora,dharbandora,Bolkharnem,Bolkharnem Station,15.42964,74.19235,2009,5,Pre-monsoon,7.26,NULL,Safe,NULL,NULL,NULL,NULL,NULL,NULL,unmatched,0.0,valid,Pre-monsoon_WL_1994-2025.pdf,NULL,NULL,local_pdf,official_web_fallback,official_web_fallback,pdf_text,NULL,NULL,5901,NULL,NULL,https://cgwb.gov.in
goa,south goa,dharbandora,dharbandora,Colem,Colem Station,15.33497,74.24375,2009,5,Pre-monsoon,9.37,NULL,Safe,NULL,NULL,NULL,NULL,NULL,NULL,unmatched,0.0,valid,Pre-monsoon_WL_1994-2025.pdf,NULL,NULL,local_pdf,official_web_fallback,official_web_fallback,pdf_text,NULL,NULL,5901,NULL,NULL,https://cgwb.gov.in
goa,south goa,dharbandora,dharbandora,Molem,Molem Station,15.37701,74.22971,2009,5,Pre-monsoon,14.12,NULL,Safe,NULL,NULL,NULL,NULL,NULL,NULL,unmatched,0.0,valid,Pre-monsoon_WL_1994-2025.pdf,NULL,NULL,local_pdf,official_web_fallback,official_web_fallback,pdf_text,NULL,NULL,5901,NULL,NULL,https://cgwb.gov.in
goa,south goa,ponda,ponda,Shiroda,Shiroda Station,15.32068,74.03502,2009,5,Pre-monsoon,6.85,NULL,Safe,NULL,NULL,NULL,NULL,NULL,NULL,unmatched,0.0,valid,Pre-monsoon_WL_1994-2025.pdf,NULL,NULL,local_pdf,official_web_fallback,official_web_fallback,pdf_text,NULL,NULL,5901,NULL,NULL,https://cgwb.gov.in
goa,south goa,quepem,quepem,Ghadiawada,Ghadiawada Station,15.23894,74.11303,2009,5,Pre-monsoon,2.38,NULL,Safe,NULL,NULL,NULL,NULL,NULL,NULL,unmatched,0.0,valid,Pre-monsoon_WL_1994-2025.pdf,NULL,NULL,local_pdf,official_web_fallback,official_web_fallback,pdf_text,NULL,NULL,5901,NULL,NULL,https://cgwb.gov.in
goa,south goa,quepem,quepem,Quepem,Quepem Station,15.21751,74.08075,2009,5,Pre-monsoon,4.32,NULL,Safe,NULL,NULL,NULL,NULL,NULL,NULL,unmatched,0.0,valid,Pre-monsoon_WL_1994-2025.pdf,NULL,NULL,local_pdf,official_web_fallback,official_web_fallback,pdf_text,NULL,NULL,5901,NULL,NULL,https://cgwb.gov.in
goa,south goa,salcete,salcete,Akamol Ambavalli,Akamol Ambavalli Station,15.19028,74.00016,2009,5,Pre-monsoon,4.2,NULL,Safe,NULL,NULL,NULL,NULL,NULL,NULL,unmatched,0.0,valid,Pre-monsoon_WL_1994-2025.pdf,NULL,NULL,local_pdf,official_web_fallback,official_web_fallback,pdf_text,NULL,NULL,5901,NULL,NULL,https://cgwb.gov.in
goa,south goa,salcete,salcete,Ballynuvhen,Ballynuvhen Station,15.31651,73.94542,2009,5,Pre-monsoon,8.62,NULL,Safe,NULL,NULL,NULL,NULL,NULL,NULL,unmatched,0.0,valid,Pre-monsoon_WL_1994-2025.pdf,NULL,NULL,local_pdf,official_web_fallback,official_web_fallback,pdf_text,NULL,NULL,5901,NULL,NULL,https://cgwb.gov.in
goa,south goa,salcete,salcete,Majorda Bpada Curilo,Majorda Bpada Curilo Station,15.32117,73.91711,2009,5,Pre-monsoon,5.3,NULL,Safe,NULL,NULL,NULL,NULL,NULL,NULL,unmatched,0.0,valid,Pre-monsoon_WL_1994-2025.pdf,NULL,NULL,local_pdf,official_web_fallback,official_web_fallback,pdf_text,NULL,NULL,5901,NULL,NULL,https://cgwb.gov.in
goa,south goa,sanguem,sanguem,Deulwada Kolamba,Deulwada Kolamba Station,15.15021,74.13099,2009,5,Pre-monsoon,1.49,NULL,Safe,NULL,NULL,NULL,NULL,NULL,NULL,unmatched,0.0,valid,Pre-monsoon_WL_1994-2025.pdf,NULL,NULL,local_pdf,official_web_fallback,official_web_fallback,pdf_text,NULL,NULL,5901,NULL,NULL,https://cgwb.gov.in
goa,south goa,sanguem,sanguem,Neturlim,Neturlim Station,15.09065,74.21671,2009,5,Pre-monsoon,10.56,NULL,Safe,NULL,NULL,NULL,NULL,NULL,NULL,unmatched,0.0,valid,Pre-monsoon_WL_1994-2025.pdf,NULL,NULL,local_pdf,official_web_fallback,official_web_fallback,pdf_text,NULL,NULL,5901,NULL,NULL,https://cgwb.gov.in
goa,north goa,bardez,bardez,Alto Betim Porvorim,Alto Betim Porvorim Station,15.52605,73.82982,2008,5,Pre-monsoon,6.17,NULL,Safe,NULL,NULL,NULL,NULL,NULL,NULL,unmatched,0.0,valid,Pre-monsoon_WL_1994-2025.pdf,NULL,NULL,local_pdf,official_web_fallback,official_web_fallback,pdf_text,NULL,NULL,6177,NULL,NULL,https://cgwb.gov.in
goa,north goa,bardez,bardez,Calangute (Ct),Calangute (Ct) Station,15.54612,73.75861,2008,5,Pre-monsoon,8.3,NULL,Safe,NULL,NULL,NULL,NULL,NULL,NULL,unmatched,0.0,valid,Pre-monsoon_WL_1994-2025.pdf,NULL,NULL,local_pdf,official_web_fallback,official_web_fallback,pdf_text,NULL,NULL,6177,NULL,NULL,https://cgwb.gov.in
goa,north goa,bardez,bardez,Mapuca,Mapuca Station,15.61013,73.82434,2008,5,Pre-monsoon,2.85,NULL,Safe,NULL,NULL,NULL,NULL,NULL,NULL,unmatched,0.0,valid,Pre-monsoon_WL_1994-2025.pdf,NULL,NULL,local_pdf,official_web_fallback,official_web_fallback,pdf_text,NULL,NULL,6177,NULL,NULL,https://cgwb.gov.in
goa,north goa,bardez,bardez,Sircaim,Sircaim Station,15.62689,73.87588,2008,5,Pre-monsoon,4.41,NULL,Safe,NULL,NULL,NULL,NULL,NULL,NULL,unmatched,0.0,valid,Pre-monsoon_WL_1994-2025.pdf,NULL,NULL,local_pdf,official_web_fallback,official_web_fallback,pdf_text,NULL,NULL,6177,NULL,NULL,https://cgwb.gov.in
goa,north goa,bicholim,bicholim,Mulgao,Mulgao Station,15.61711,73.92075,2008,5,Pre-monsoon,4.36,NULL,Safe,NULL,NULL,NULL,NULL,NULL,NULL,unmatched,0.0,valid,Pre-monsoon_WL_1994-2025.pdf,NULL,NULL,local_pdf,official_web_fallback,official_web_fallback,pdf_text,NULL,NULL,6177,NULL,NULL,https://cgwb.gov.in
goa,north goa,bicholim,bicholim,Salem,Salem Station,15.68771,73.92681,2008,5,Pre-monsoon,3.31,NULL,Safe,NULL,NULL,NULL,NULL,NULL,NULL,unmatched,0.0,valid,Pre-monsoon_WL_1994-2025.pdf,NULL,NULL,local_pdf,official_web_fallback,official_web_fallback,pdf_text,NULL,NULL,6177,NULL,NULL,https://cgwb.gov.in
goa,north goa,pernem,pernem,Corgao,Corgao Station,15.70939,73.75176,2008,5,Pre-monsoon,3.68,NULL,Safe,NULL,NULL,NULL,NULL,NULL,NULL,unmatched,0.0,valid,Pre-monsoon_WL_1994-2025.pdf,NULL,NULL,local_pdf,official_web_fallback,official_web_fallback,pdf_text,NULL,NULL,6177,NULL,NULL,https://cgwb.gov.in
goa,north goa,pernem,pernem,Morji,Morji Station,15.63598,73.73963,2008,5,Pre-monsoon,2.0,NULL,Safe,NULL,NULL,NULL,NULL,NULL,NULL,unmatched,0.0,valid,Pre-monsoon_WL_1994-2025.pdf,NULL,NULL,local_pdf,official_web_fallback,official_web_fallback,pdf_text,NULL,NULL,6177,NULL,NULL,https://cgwb.gov.in
goa,north goa,pernem,pernem,Nagjhar,Nagjhar Station,15.70843,73.85289,2008,5,Pre-monsoon,9.78,NULL,Safe,NULL,NULL,NULL,NULL,NULL,NULL,unmatched,0.0,valid,Pre-monsoon_WL_1994-2025.pdf,NULL,NULL,local_pdf,official_web_fallback,official_web_fallback,pdf_text,NULL,NULL,6177,NULL,NULL,https://cgwb.gov.in
goa,north goa,pernem,pernem,Pernem,Pernem Station,15.7176,73.79806,2008,5,Pre-monsoon,3.42,NULL,Safe,NULL,NULL,NULL,NULL,NULL,NULL,unmatched,0.0,valid,Pre-monsoon_WL_1994-2025.pdf,NULL,NULL,local_pdf,official_web_fallback,official_web_fallback,pdf_text,NULL,NULL,6177,NULL,NULL,https://cgwb.gov.in
goa,north goa,pernem,pernem,Varconda,Varconda Station,15.75465,73.83533,2008,5,Pre-monsoon,3.86,NULL,Safe,NULL,NULL,NULL,NULL,NULL,NULL,unmatched,0.0,valid,Pre-monsoon_WL_1994-2025.pdf,NULL,NULL,local_pdf,official_web_fallback,official_web_fallback,pdf_text,NULL,NULL,6177,NULL,NULL,https://cgwb.gov.in
goa,north goa,satari,satari,Bayalwadikeri,Bayalwadikeri Station,15.61128,74.067,2008,5,Pre-monsoon,6.08,NULL,Safe,NULL,NULL,NULL,NULL,NULL,NULL,unmatched,0.0,valid,Pre-monsoon_WL_1994-2025.pdf,NULL,NULL,local_pdf,official_web_fallback,official_web_fallback,pdf_text,NULL,NULL,6177,NULL,NULL,https://cgwb.gov.in
goa,north goa,satari,satari,Honda,Honda Station,15.54722,74.05079,2008,5,Pre-monsoon,3.75,NULL,Safe,NULL,NULL,NULL,NULL,NULL,NULL,unmatched,0.0,valid,Pre-monsoon_WL_1994-2025.pdf,NULL,NULL,local_pdf,official_web_fallback,official_web_fallback,pdf_text,NULL,NULL,6177,NULL,NULL,https://cgwb.gov.in
goa,north goa,satari,satari,Khadki(Harijanwada),Khadki(Harijanwada) Station,15.50253,74.13964,2008,5,Pre-monsoon,5.44,NULL,Safe,NULL,NULL,NULL,NULL,NULL,NULL,unmatched,0.0,valid,Pre-monsoon_WL_1994-2025.pdf,NULL,NULL,local_pdf,official_web_fallback,official_web_fallback,pdf_text,NULL,NULL,6177,NULL,NULL,https://cgwb.gov.in
goa,north goa,satari,satari,Valpoi,Valpoi Station,15.53301,74.13723,2008,5,Pre-monsoon,4.8,NULL,Safe,NULL,NULL,NULL,NULL,NULL,NULL,unmatched,0.0,valid,Pre-monsoon_WL_1994-2025.pdf,NULL,NULL,local_pdf,official_web_fallback,official_web_fallback,pdf_text,NULL,NULL,6177,NULL,NULL,https://cgwb.gov.in
goa,north goa,tiswadi,tiswadi,Goa-Velha,Goa-Velha Station,15.44139,73.87972,2008,5,Pre-monsoon,3.12,NULL,Safe,NULL,NULL,NULL,NULL,NULL,NULL,unmatched,0.0,valid,Pre-monsoon_WL_1994-2025.pdf,NULL,NULL,local_pdf,official_web_fallback,official_web_fallback,pdf_text,NULL,NULL,6177,NULL,NULL,https://cgwb.gov.in
goa,north goa,tiswadi,tiswadi,Karanjhalen,Karanjhalen Station,15.459,73.80281,2008,5,Pre-monsoon,3.08,NULL,Safe,NULL,NULL,NULL,NULL,NULL,NULL,unmatched,0.0,valid,Pre-monsoon_WL_1994-2025.pdf,NULL,NULL,local_pdf,official_web_fallback,official_web_fallback,pdf_text,NULL,NULL,6177,NULL,NULL,https://cgwb.gov.in
goa,south goa,canacona,canacona,Agonda,Agonda Station,15.04152,73.99121,2008,5,Pre-monsoon,3.88,NULL,Safe,NULL,NULL,NULL,NULL,NULL,NULL,unmatched,0.0,valid,Pre-monsoon_WL_1994-2025.pdf,NULL,NULL,local_pdf,official_web_fallback,official_web_fallback,pdf_text,NULL,NULL,6177,NULL,NULL,https://cgwb.gov.in
goa,south goa,canacona,canacona,Daptamol Lolien,Daptamol Lolien Station,14.94986,74.05528,2008,5,Pre-monsoon,14.84,NULL,Safe,NULL,NULL,NULL,NULL,NULL,NULL,unmatched,0.0,valid,Pre-monsoon_WL_1994-2025.pdf,NULL,NULL,local_pdf,official_web_fallback,official_web_fallback,pdf_text,NULL,NULL,6177,NULL,NULL,https://cgwb.gov.in
goa,south goa,canacona,canacona,Polem,Polem Station,14.91289,74.08455,2008,5,Pre-monsoon,3.39,NULL,Safe,NULL,NULL,NULL,NULL,NULL,NULL,unmatched,0.0,valid,Pre-monsoon_WL_1994-2025.pdf,NULL,NULL,local_pdf,official_web_fallback,official_web_fallback,pdf_text,NULL,NULL,6177,NULL,NULL,https://cgwb.gov.in
goa,south goa,canacona,canacona,Shrishtal Gaondongar,Shrishtal Gaondongar Station,15.03725,74.11851,2008,5,Pre-monsoon,5.46,NULL,Safe,NULL,NULL,NULL,NULL,NULL,NULL,unmatched,0.0,valid,Pre-monsoon_WL_1994-2025.pdf,NULL,NULL,local_pdf,official_web_fallback,official_web_fallback,pdf_text,NULL,NULL,6177,NULL,NULL,https://cgwb.gov.in
goa,south goa,dharbandora,dharbandora,Bolkharnem,Bolkharnem Station,15.42964,74.19235,2008,5,Pre-monsoon,6.78,NULL,Safe,NULL,NULL,NULL,NULL,NULL,NULL,unmatched,0.0,valid,Pre-monsoon_WL_1994-2025.pdf,NULL,NULL,local_pdf,official_web_fallback,official_web_fallback,pdf_text,NULL,NULL,6177,NULL,NULL,https://cgwb.gov.in
goa,south goa,dharbandora,dharbandora,Colem,Colem Station,15.33497,74.24375,2008,5,Pre-monsoon,9.0,NULL,Safe,NULL,NULL,NULL,NULL,NULL,NULL,unmatched,0.0,valid,Pre-monsoon_WL_1994-2025.pdf,NULL,NULL,local_pdf,official_web_fallback,official_web_fallback,pdf_text,NULL,NULL,6177,NULL,NULL,https://cgwb.gov.in
goa,south goa,dharbandora,dharbandora,Molem,Molem Station,15.37701,74.22971,2008,5,Pre-monsoon,13.35,NULL,Safe,NULL,NULL,NULL,NULL,NULL,NULL,unmatched,0.0,valid,Pre-monsoon_WL_1994-2025.pdf,NULL,NULL,local_pdf,official_web_fallback,official_web_fallback,pdf_text,NULL,NULL,6177,NULL,NULL,https://cgwb.gov.in
goa,south goa,ponda,ponda,Shiroda,Shiroda Station,15.32068,74.03502,2008,5,Pre-monsoon,6.48,NULL,Safe,NULL,NULL,NULL,NULL,NULL,NULL,unmatched,0.0,valid,Pre-monsoon_WL_1994-2025.pdf,NULL,NULL,local_pdf,official_web_fallback,official_web_fallback,pdf_text,NULL,NULL,6177,NULL,NULL,https://cgwb.gov.in
goa,south goa,quepem,quepem,Ghadiawada,Ghadiawada Station,15.23894,74.11303,2008,5,Pre-monsoon,2.35,NULL,Safe,NULL,NULL,NULL,NULL,NULL,NULL,unmatched,0.0,valid,Pre-monsoon_WL_1994-2025.pdf,NULL,NULL,local_pdf,official_web_fallback,official_web_fallback,pdf_text,NULL,NULL,6177,NULL,NULL,https://cgwb.gov.in
goa,south goa,quepem,quepem,Quepem,Quepem Station,15.21751,74.08075,2008,5,Pre-monsoon,3.55,NULL,Safe,NULL,NULL,NULL,NULL,NULL,NULL,unmatched,0.0,valid,Pre-monsoon_WL_1994-2025.pdf,NULL,NULL,local_pdf,official_web_fallback,official_web_fallback,pdf_text,NULL,NULL,6177,NULL,NULL,https://cgwb.gov.in
goa,south goa,salcete,salcete,Akamol Ambavalli,Akamol Ambavalli Station,15.19028,74.00016,2008,5,Pre-monsoon,4.08,NULL,Safe,NULL,NULL,NULL,NULL,NULL,NULL,unmatched,0.0,valid,Pre-monsoon_WL_1994-2025.pdf,NULL,NULL,local_pdf,official_web_fallback,official_web_fallback,pdf_text,NULL,NULL,6177,NULL,NULL,https://cgwb.gov.in
goa,south goa,salcete,salcete,Ballynuvhen,Ballynuvhen Station,15.31651,73.94542,2008,5,Pre-monsoon,6.74,NULL,Safe,NULL,NULL,NULL,NULL,NULL,NULL,unmatched,0.0,valid,Pre-monsoon_WL_1994-2025.pdf,NULL,NULL,local_pdf,official_web_fallback,official_web_fallback,pdf_text,NULL,NULL,6177,NULL,NULL,https://cgwb.gov.in
goa,south goa,salcete,salcete,Majorda Bpada Curilo,Majorda Bpada Curilo Station,15.32117,73.91711,2008,5,Pre-monsoon,4.74,NULL,Safe,NULL,NULL,NULL,NULL,NULL,NULL,unmatched,0.0,valid,Pre-monsoon_WL_1994-2025.pdf,NULL,NULL,local_pdf,official_web_fallback,official_web_fallback,pdf_text,NULL,NULL,6177,NULL,NULL,https://cgwb.gov.in
goa,south goa,sanguem,sanguem,Deulwada Kolamba,Deulwada Kolamba Station,15.15021,74.13099,2008,5,Pre-monsoon,1.06,NULL,Safe,NULL,NULL,NULL,NULL,NULL,NULL,unmatched,0.0,valid,Pre-monsoon_WL_1994-2025.pdf,NULL,NULL,local_pdf,official_web_fallback,official_web_fallback,pdf_text,NULL,NULL,6177,NULL,NULL,https://cgwb.gov.in
goa,south goa,sanguem,sanguem,Neturlim,Neturlim Station,15.09065,74.21671,2008,5,Pre-monsoon,10.45,NULL,Safe,NULL,NULL,NULL,NULL,NULL,NULL,unmatched,0.0,valid,Pre-monsoon_WL_1994-2025.pdf,NULL,NULL,local_pdf,official_web_fallback,official_web_fallback,pdf_text,NULL,NULL,6177,NULL,NULL,https://cgwb.gov.in
goa,north goa,bardez,bardez,Alto Betim Porvorim,Alto Betim Porvorim Station,15.52605,73.82982,2007,5,Pre-monsoon,11.45,NULL,Safe,NULL,NULL,NULL,NULL,NULL,NULL,unmatched,0.0,valid,Pre-monsoon_WL_1994-2025.pdf,NULL,NULL,local_pdf,official_web_fallback,official_web_fallback,pdf_text,NULL,NULL,6447,NULL,NULL,https://cgwb.gov.in
goa,north goa,bardez,bardez,Calangute (Ct),Calangute (Ct) Station,15.54612,73.75861,2007,5,Pre-monsoon,8.1,NULL,Safe,NULL,NULL,NULL,NULL,NULL,NULL,unmatched,0.0,valid,Pre-monsoon_WL_1994-2025.pdf,NULL,NULL,local_pdf,official_web_fallback,official_web_fallback,pdf_text,NULL,NULL,6447,NULL,NULL,https://cgwb.gov.in
goa,north goa,bardez,bardez,Mapuca,Mapuca Station,15.61013,73.82434,2007,5,Pre-monsoon,2.57,NULL,Safe,NULL,NULL,NULL,NULL,NULL,NULL,unmatched,0.0,valid,Pre-monsoon_WL_1994-2025.pdf,NULL,NULL,local_pdf,official_web_fallback,official_web_fallback,pdf_text,NULL,NULL,6447,NULL,NULL,https://cgwb.gov.in
goa,north goa,bardez,bardez,Sircaim,Sircaim Station,15.62689,73.87588,2007,5,Pre-monsoon,4.36,NULL,Safe,NULL,NULL,NULL,NULL,NULL,NULL,unmatched,0.0,valid,Pre-monsoon_WL_1994-2025.pdf,NULL,NULL,local_pdf,official_web_fallback,official_web_fallback,pdf_text,NULL,NULL,6447,NULL,NULL,https://cgwb.gov.in
goa,north goa,bicholim,bicholim,Bordem,Bordem Station,15.58472,73.9575,2007,5,Pre-monsoon,14.4,NULL,Safe,NULL,NULL,NULL,NULL,NULL,NULL,unmatched,0.0,valid,Pre-monsoon_WL_1994-2025.pdf,NULL,NULL,local_pdf,official_web_fallback,official_web_fallback,pdf_text,NULL,NULL,6447,NULL,NULL,https://cgwb.gov.in
goa,north goa,bicholim,bicholim,Mulgao,Mulgao Station,15.61711,73.92075,2007,5,Pre-monsoon,4.06,NULL,Safe,NULL,NULL,NULL,NULL,NULL,NULL,unmatched,0.0,valid,Pre-monsoon_WL_1994-2025.pdf,NULL,NULL,local_pdf,official_web_fallback,official_web_fallback,pdf_text,NULL,NULL,6447,NULL,NULL,https://cgwb.gov.in
goa,north goa,bicholim,bicholim,Salem,Salem Station,15.68771,73.92681,2007,5,Pre-monsoon,2.49,NULL,Safe,NULL,NULL,NULL,NULL,NULL,NULL,unmatched,0.0,valid,Pre-monsoon_WL_1994-2025.pdf,NULL,NULL,local_pdf,official_web_fallback,official_web_fallback,pdf_text,NULL,NULL,6448,NULL,NULL,https://cgwb.gov.in
goa,north goa,pernem,pernem,Corgao,Corgao Station,15.70939,73.75176,2007,5,Pre-monsoon,4.73,NULL,Safe,NULL,NULL,NULL,NULL,NULL,NULL,unmatched,0.0,valid,Pre-monsoon_WL_1994-2025.pdf,NULL,NULL,local_pdf,official_web_fallback,official_web_fallback,pdf_text,NULL,NULL,6448,NULL,NULL,https://cgwb.gov.in
goa,north goa,pernem,pernem,Morji,Morji Station,15.63598,73.73963,2007,5,Pre-monsoon,1.98,NULL,Safe,NULL,NULL,NULL,NULL,NULL,NULL,unmatched,0.0,valid,Pre-monsoon_WL_1994-2025.pdf,NULL,NULL,local_pdf,official_web_fallback,official_web_fallback,pdf_text,NULL,NULL,6448,NULL,NULL,https://cgwb.gov.in
goa,north goa,pernem,pernem,Nagjhar,Nagjhar Station,15.70843,73.85289,2007,5,Pre-monsoon,9.23,NULL,Safe,NULL,NULL,NULL,NULL,NULL,NULL,unmatched,0.0,valid,Pre-monsoon_WL_1994-2025.pdf,NULL,NULL,local_pdf,official_web_fallback,official_web_fallback,pdf_text,NULL,NULL,6448,NULL,NULL,https://cgwb.gov.in
goa,north goa,pernem,pernem,Pernem,Pernem Station,15.7176,73.79806,2007,5,Pre-monsoon,1.87,NULL,Safe,NULL,NULL,NULL,NULL,NULL,NULL,unmatched,0.0,valid,Pre-monsoon_WL_1994-2025.pdf,NULL,NULL,local_pdf,official_web_fallback,official_web_fallback,pdf_text,NULL,NULL,6448,NULL,NULL,https://cgwb.gov.in
goa,north goa,pernem,pernem,Varconda,Varconda Station,15.75465,73.83533,2007,5,Pre-monsoon,4.0,NULL,Safe,NULL,NULL,NULL,NULL,NULL,NULL,unmatched,0.0,valid,Pre-monsoon_WL_1994-2025.pdf,NULL,NULL,local_pdf,official_web_fallback,official_web_fallback,pdf_text,NULL,NULL,6448,NULL,NULL,https://cgwb.gov.in
goa,north goa,satari,satari,Bayalwadikeri,Bayalwadikeri Station,15.61128,74.067,2007,5,Pre-monsoon,6.56,NULL,Safe,NULL,NULL,NULL,NULL,NULL,NULL,unmatched,0.0,valid,Pre-monsoon_WL_1994-2025.pdf,NULL,NULL,local_pdf,official_web_fallback,official_web_fallback,pdf_text,NULL,NULL,6448,NULL,NULL,https://cgwb.gov.in
goa,north goa,satari,satari,Honda,Honda Station,15.54722,74.05079,2007,5,Pre-monsoon,4.12,NULL,Safe,NULL,NULL,NULL,NULL,NULL,NULL,unmatched,0.0,valid,Pre-monsoon_WL_1994-2025.pdf,NULL,NULL,local_pdf,official_web_fallback,official_web_fallback,pdf_text,NULL,NULL,6448,NULL,NULL,https://cgwb.gov.in
goa,north goa,satari,satari,Khadki(Harijanwada),Khadki(Harijanwada) Station,15.50253,74.13964,2007,5,Pre-monsoon,10.41,NULL,Safe,NULL,NULL,NULL,NULL,NULL,NULL,unmatched,0.0,valid,Pre-monsoon_WL_1994-2025.pdf,NULL,NULL,local_pdf,official_web_fallback,official_web_fallback,pdf_text,NULL,NULL,6448,NULL,NULL,https://cgwb.gov.in
goa,north goa,satari,satari,Morlem,Morlem Station,15.59397,74.04632,2007,5,Pre-monsoon,2.98,NULL,Safe,NULL,NULL,NULL,NULL,NULL,NULL,unmatched,0.0,valid,Pre-monsoon_WL_1994-2025.pdf,NULL,NULL,local_pdf,official_web_fallback,official_web_fallback,pdf_text,NULL,NULL,6448,NULL,NULL,https://cgwb.gov.in
goa,north goa,satari,satari,Valpoi,Valpoi Station,15.53301,74.13723,2007,5,Pre-monsoon,5.75,NULL,Safe,NULL,NULL,NULL,NULL,NULL,NULL,unmatched,0.0,valid,Pre-monsoon_WL_1994-2025.pdf,NULL,NULL,local_pdf,official_web_fallback,official_web_fallback,pdf_text,NULL,NULL,6448,NULL,NULL,https://cgwb.gov.in
goa,north goa,tiswadi,tiswadi,Goa-Velha,Goa-Velha Station,15.44139,73.87972,2007,5,Pre-monsoon,3.05,NULL,Safe,NULL,NULL,NULL,NULL,NULL,NULL,unmatched,0.0,valid,Pre-monsoon_WL_1994-2025.pdf,NULL,NULL,local_pdf,official_web_fallback,official_web_fallback,pdf_text,NULL,NULL,6448,NULL,NULL,https://cgwb.gov.in
goa,north goa,tiswadi,tiswadi,Karanjhalen,Karanjhalen Station,15.459,73.80281,2007,5,Pre-monsoon,3.28,NULL,Safe,NULL,NULL,NULL,NULL,NULL,NULL,unmatched,0.0,valid,Pre-monsoon_WL_1994-2025.pdf,NULL,NULL,local_pdf,official_web_fallback,official_web_fallback,pdf_text,NULL,NULL,6448,NULL,NULL,https://cgwb.gov.in
goa,south goa,canacona,canacona,Agonda,Agonda Station,15.04152,73.99121,2007,5,Pre-monsoon,3.36,NULL,Safe,NULL,NULL,NULL,NULL,NULL,NULL,unmatched,0.0,valid,Pre-monsoon_WL_1994-2025.pdf,NULL,NULL,local_pdf,official_web_fallback,official_web_fallback,pdf_text,NULL,NULL,6448,NULL,NULL,https://cgwb.gov.in
goa,south goa,canacona,canacona,Canacona,Canacona Station,15.00716,74.05233,2007,5,Pre-monsoon,4.87,NULL,Safe,NULL,NULL,NULL,NULL,NULL,NULL,unmatched,0.0,valid,Pre-monsoon_WL_1994-2025.pdf,NULL,NULL,local_pdf,official_web_fallback,official_web_fallback,pdf_text,NULL,NULL,6448,NULL,NULL,https://cgwb.gov.in
goa,south goa,canacona,canacona,Carmona,Carmona Station,15.20278,73.9525,2007,5,Pre-monsoon,8.3,NULL,Safe,NULL,NULL,NULL,NULL,NULL,NULL,unmatched,0.0,valid,Pre-monsoon_WL_1994-2025.pdf,NULL,NULL,local_pdf,official_web_fallback,official_web_fallback,pdf_text,NULL,NULL,6448,NULL,NULL,https://cgwb.gov.in
goa,south goa,canacona,canacona,Daptamol Lolien,Daptamol Lolien Station,14.94986,74.05528,2007,5,Pre-monsoon,14.96,NULL,Safe,NULL,NULL,NULL,NULL,NULL,NULL,unmatched,0.0,valid,Pre-monsoon_WL_1994-2025.pdf,NULL,NULL,local_pdf,official_web_fallback,official_web_fallback,pdf_text,NULL,NULL,6448,NULL,NULL,https://cgwb.gov.in
goa,south goa,canacona,canacona,Gulem Velipwada,Gulem Velipwada Station,15.03918,74.02939,2007,5,Pre-monsoon,3.57,NULL,Safe,NULL,NULL,NULL,NULL,NULL,NULL,unmatched,0.0,valid,Pre-monsoon_WL_1994-2025.pdf,NULL,NULL,local_pdf,official_web_fallback,official_web_fallback,pdf_text,NULL,NULL,6448,NULL,NULL,https://cgwb.gov.in
goa,south goa,canacona,canacona,Hattipal Poinguinem,Hattipal Poinguinem Station,14.98407,74.10869,2007,5,Pre-monsoon,8.13,NULL,Safe,NULL,NULL,NULL,NULL,NULL,NULL,unmatched,0.0,valid,Pre-monsoon_WL_1994-2025.pdf,NULL,NULL,local_pdf,official_web_fallback,official_web_fallback,pdf_text,NULL,NULL,6448,NULL,NULL,https://cgwb.gov.in
goa,south goa,canacona,canacona,Polem,Polem Station,14.91289,74.08455,2007,5,Pre-monsoon,3.91,NULL,Safe,NULL,NULL,NULL,NULL,NULL,NULL,unmatched,0.0,valid,Pre-monsoon_WL_1994-2025.pdf,NULL,NULL,local_pdf,official_web_fallback,official_web_fallback,pdf_text,NULL,NULL,6448,NULL,NULL,https://cgwb.gov.in
goa,south goa,dharbandora,dharbandora,Bolkharnem,Bolkharnem Station,15.42964,74.19235,2007,5,Pre-monsoon,6.9,NULL,Safe,NULL,NULL,NULL,NULL,NULL,NULL,unmatched,0.0,valid,Pre-monsoon_WL_1994-2025.pdf,NULL,NULL,local_pdf,official_web_fallback,official_web_fallback,pdf_text,NULL,NULL,6448,NULL,NULL,https://cgwb.gov.in
goa,south goa,dharbandora,dharbandora,Molem,Molem Station,15.37701,74.22971,2007,5,Pre-monsoon,13.19,NULL,Safe,NULL,NULL,NULL,NULL,NULL,NULL,unmatched,0.0,valid,Pre-monsoon_WL_1994-2025.pdf,NULL,NULL,local_pdf,official_web_fallback,official_web_fallback,pdf_text,NULL,NULL,6448,NULL,NULL,https://cgwb.gov.in
goa,south goa,ponda,ponda,Shiroda,Shiroda Station,15.32068,74.03502,2007,5,Pre-monsoon,6.55,NULL,Safe,NULL,NULL,NULL,NULL,NULL,NULL,unmatched,0.0,valid,Pre-monsoon_WL_1994-2025.pdf,NULL,NULL,local_pdf,official_web_fallback,official_web_fallback,pdf_text,NULL,NULL,6448,NULL,NULL,https://cgwb.gov.in
goa,south goa,quepem,quepem,Ghadiawada,Ghadiawada Station,15.23894,74.11303,2007,5,Pre-monsoon,2.12,NULL,Safe,NULL,NULL,NULL,NULL,NULL,NULL,unmatched,0.0,valid,Pre-monsoon_WL_1994-2025.pdf,NULL,NULL,local_pdf,official_web_fallback,official_web_fallback,pdf_text,NULL,NULL,6448,NULL,NULL,https://cgwb.gov.in
goa,south goa,quepem,quepem,Quepem,Quepem Station,15.21751,74.08075,2007,5,Pre-monsoon,3.15,NULL,Safe,NULL,NULL,NULL,NULL,NULL,NULL,unmatched,0.0,valid,Pre-monsoon_WL_1994-2025.pdf,NULL,NULL,local_pdf,official_web_fallback,official_web_fallback,pdf_text,NULL,NULL,6448,NULL,NULL,https://cgwb.gov.in
goa,south goa,salcete,salcete,Akamol Ambavalli,Akamol Ambavalli Station,15.19028,74.00016,2007,5,Pre-monsoon,4.26,NULL,Safe,NULL,NULL,NULL,NULL,NULL,NULL,unmatched,0.0,valid,Pre-monsoon_WL_1994-2025.pdf,NULL,NULL,local_pdf,official_web_fallback,official_web_fallback,pdf_text,NULL,NULL,6448,NULL,NULL,https://cgwb.gov.in
goa,south goa,salcete,salcete,Majorda Bpada Curilo,Majorda Bpada Curilo Station,15.32117,73.91711,2007,5,Pre-monsoon,4.76,NULL,Safe,NULL,NULL,NULL,NULL,NULL,NULL,unmatched,0.0,valid,Pre-monsoon_WL_1994-2025.pdf,NULL,NULL,local_pdf,official_web_fallback,official_web_fallback,pdf_text,NULL,NULL,6448,NULL,NULL,https://cgwb.gov.in
goa,south goa,sanguem,sanguem,Deulwada Kolamba,Deulwada Kolamba Station,15.15021,74.13099,2007,5,Pre-monsoon,1.42,NULL,Safe,NULL,NULL,NULL,NULL,NULL,NULL,unmatched,0.0,valid,Pre-monsoon_WL_1994-2025.pdf,NULL,NULL,local_pdf,official_web_fallback,official_web_fallback,pdf_text,NULL,NULL,6448,NULL,NULL,https://cgwb.gov.in
goa,south goa,sanguem,sanguem,Neturlim,Neturlim Station,15.09065,74.21671,2007,5,Pre-monsoon,10.51,NULL,Safe,NULL,NULL,NULL,NULL,NULL,NULL,unmatched,0.0,valid,Pre-monsoon_WL_1994-2025.pdf,NULL,NULL,local_pdf,official_web_fallback,official_web_fallback,pdf_text,NULL,NULL,6448,NULL,NULL,https://cgwb.gov.in
goa,north goa,bardez,bardez,Alto Betim Porvorim,Alto Betim Porvorim Station,15.52605,73.82982,2006,5,Pre-monsoon,10.63,NULL,Safe,NULL,NULL,NULL,NULL,NULL,NULL,unmatched,0.0,valid,Pre-monsoon_WL_1994-2025.pdf,NULL,NULL,local_pdf,official_web_fallback,official_web_fallback,pdf_text,NULL,NULL,6716,NULL,NULL,https://cgwb.gov.in
goa,north goa,bardez,bardez,Calangute (Ct),Calangute (Ct) Station,15.54612,73.75861,2006,5,Pre-monsoon,7.7,NULL,Safe,NULL,NULL,NULL,NULL,NULL,NULL,unmatched,0.0,valid,Pre-monsoon_WL_1994-2025.pdf,NULL,NULL,local_pdf,official_web_fallback,official_web_fallback,pdf_text,NULL,NULL,6716,NULL,NULL,https://cgwb.gov.in
goa,north goa,bardez,bardez,Mapuca,Mapuca Station,15.61013,73.82434,2006,5,Pre-monsoon,10.85,NULL,Safe,NULL,NULL,NULL,NULL,NULL,NULL,unmatched,0.0,valid,Pre-monsoon_WL_1994-2025.pdf,NULL,NULL,local_pdf,official_web_fallback,official_web_fallback,pdf_text,NULL,NULL,6716,NULL,NULL,https://cgwb.gov.in
goa,north goa,bardez,bardez,Sircaim,Sircaim Station,15.62689,73.87588,2006,5,Pre-monsoon,4.05,NULL,Safe,NULL,NULL,NULL,NULL,NULL,NULL,unmatched,0.0,valid,Pre-monsoon_WL_1994-2025.pdf,NULL,NULL,local_pdf,official_web_fallback,official_web_fallback,pdf_text,NULL,NULL,6716,NULL,NULL,https://cgwb.gov.in
goa,north goa,bicholim,bicholim,Bordem,Bordem Station,15.58472,73.9575,2006,5,Pre-monsoon,7.35,NULL,Safe,NULL,NULL,NULL,NULL,NULL,NULL,unmatched,0.0,valid,Pre-monsoon_WL_1994-2025.pdf,NULL,NULL,local_pdf,official_web_fallback,official_web_fallback,pdf_text,NULL,NULL,6716,NULL,NULL,https://cgwb.gov.in
goa,north goa,bicholim,bicholim,Mulgao,Mulgao Station,15.61711,73.92075,2006,5,Pre-monsoon,3.63,NULL,Safe,NULL,NULL,NULL,NULL,NULL,NULL,unmatched,0.0,valid,Pre-monsoon_WL_1994-2025.pdf,NULL,NULL,local_pdf,official_web_fallback,official_web_fallback,pdf_text,NULL,NULL,6716,NULL,NULL,https://cgwb.gov.in
goa,north goa,bicholim,bicholim,Salem,Salem Station,15.68771,73.92681,2006,5,Pre-monsoon,2.11,NULL,Safe,NULL,NULL,NULL,NULL,NULL,NULL,unmatched,0.0,valid,Pre-monsoon_WL_1994-2025.pdf,NULL,NULL,local_pdf,official_web_fallback,official_web_fallback,pdf_text,NULL,NULL,6716,NULL,NULL,https://cgwb.gov.in
goa,north goa,pernem,pernem,Corgao,Corgao Station,15.70939,73.75176,2006,5,Pre-monsoon,4.65,NULL,Safe,NULL,NULL,NULL,NULL,NULL,NULL,unmatched,0.0,valid,Pre-monsoon_WL_1994-2025.pdf,NULL,NULL,local_pdf,official_web_fallback,official_web_fallback,pdf_text,NULL,NULL,6716,NULL,NULL,https://cgwb.gov.in
goa,north goa,pernem,pernem,Morji,Morji Station,15.63598,73.73963,2006,5,Pre-monsoon,1.83,NULL,Safe,NULL,NULL,NULL,NULL,NULL,NULL,unmatched,0.0,valid,Pre-monsoon_WL_1994-2025.pdf,NULL,NULL,local_pdf,official_web_fallback,official_web_fallback,pdf_text,NULL,NULL,6716,NULL,NULL,https://cgwb.gov.in
goa,north goa,pernem,pernem,Pernem,Pernem Station,15.7176,73.79806,2006,5,Pre-monsoon,1.47,NULL,Safe,NULL,NULL,NULL,NULL,NULL,NULL,unmatched,0.0,valid,Pre-monsoon_WL_1994-2025.pdf,NULL,NULL,local_pdf,official_web_fallback,official_web_fallback,pdf_text,NULL,NULL,6716,NULL,NULL,https://cgwb.gov.in
goa,north goa,pernem,pernem,Varconda,Varconda Station,15.75465,73.83533,2006,5,Pre-monsoon,3.4,NULL,Safe,NULL,NULL,NULL,NULL,NULL,NULL,unmatched,0.0,valid,Pre-monsoon_WL_1994-2025.pdf,NULL,NULL,local_pdf,official_web_fallback,official_web_fallback,pdf_text,NULL,NULL,6716,NULL,NULL,https://cgwb.gov.in
goa,north goa,satari,satari,Bayalwadikeri,Bayalwadikeri Station,15.61128,74.067,2006,5,Pre-monsoon,2.16,NULL,Safe,NULL,NULL,NULL,NULL,NULL,NULL,unmatched,0.0,valid,Pre-monsoon_WL_1994-2025.pdf,NULL,NULL,local_pdf,official_web_fallback,official_web_fallback,pdf_text,NULL,NULL,6716,NULL,NULL,https://cgwb.gov.in
goa,north goa,satari,satari,Honda,Honda Station,15.54722,74.05079,2006,5,Pre-monsoon,4.65,NULL,Safe,NULL,NULL,NULL,NULL,NULL,NULL,unmatched,0.0,valid,Pre-monsoon_WL_1994-2025.pdf,NULL,NULL,local_pdf,official_web_fallback,official_web_fallback,pdf_text,NULL,NULL,6716,NULL,NULL,https://cgwb.gov.in
goa,north goa,satari,satari,Khadki(Harijanwada),Khadki(Harijanwada) Station,15.50253,74.13964,2006,5,Pre-monsoon,10.94,NULL,Safe,NULL,NULL,NULL,NULL,NULL,NULL,unmatched,0.0,valid,Pre-monsoon_WL_1994-2025.pdf,NULL,NULL,local_pdf,official_web_fallback,official_web_fallback,pdf_text,NULL,NULL,6716,NULL,NULL,https://cgwb.gov.in
goa,north goa,satari,satari,Morlem,Morlem Station,15.59397,74.04632,2006,5,Pre-monsoon,3.0,NULL,Safe,NULL,NULL,NULL,NULL,NULL,NULL,unmatched,0.0,valid,Pre-monsoon_WL_1994-2025.pdf,NULL,NULL,local_pdf,official_web_fallback,official_web_fallback,pdf_text,NULL,NULL,6716,NULL,NULL,https://cgwb.gov.in
goa,north goa,satari,satari,Valpoi,Valpoi Station,15.53301,74.13723,2006,5,Pre-monsoon,5.2,NULL,Safe,NULL,NULL,NULL,NULL,NULL,NULL,unmatched,0.0,valid,Pre-monsoon_WL_1994-2025.pdf,NULL,NULL,local_pdf,official_web_fallback,official_web_fallback,pdf_text,NULL,NULL,6716,NULL,NULL,https://cgwb.gov.in
goa,north goa,tiswadi,tiswadi,Goa-Velha,Goa-Velha Station,15.44139,73.87972,2006,5,Pre-monsoon,2.84,NULL,Safe,NULL,NULL,NULL,NULL,NULL,NULL,unmatched,0.0,valid,Pre-monsoon_WL_1994-2025.pdf,NULL,NULL,local_pdf,official_web_fallback,official_web_fallback,pdf_text,NULL,NULL,6716,NULL,NULL,https://cgwb.gov.in
goa,north goa,tiswadi,tiswadi,Karanjhalen,Karanjhalen Station,15.459,73.80281,2006,5,Pre-monsoon,2.5,NULL,Safe,NULL,NULL,NULL,NULL,NULL,NULL,unmatched,0.0,valid,Pre-monsoon_WL_1994-2025.pdf,NULL,NULL,local_pdf,official_web_fallback,official_web_fallback,pdf_text,NULL,NULL,6716,NULL,NULL,https://cgwb.gov.in
goa,south goa,canacona,canacona,Agonda,Agonda Station,15.04152,73.99121,2006,5,Pre-monsoon,3.08,NULL,Safe,NULL,NULL,NULL,NULL,NULL,NULL,unmatched,0.0,valid,Pre-monsoon_WL_1994-2025.pdf,NULL,NULL,local_pdf,official_web_fallback,official_web_fallback,pdf_text,NULL,NULL,6716,NULL,NULL,https://cgwb.gov.in
goa,south goa,canacona,canacona,Canacona,Canacona Station,15.00716,74.05233,2006,5,Pre-monsoon,4.26,NULL,Safe,NULL,NULL,NULL,NULL,NULL,NULL,unmatched,0.0,valid,Pre-monsoon_WL_1994-2025.pdf,NULL,NULL,local_pdf,official_web_fallback,official_web_fallback,pdf_text,NULL,NULL,6716,NULL,NULL,https://cgwb.gov.in
goa,south goa,canacona,canacona,Carmona,Carmona Station,15.20278,73.9525,2006,5,Pre-monsoon,7.4,NULL,Safe,NULL,NULL,NULL,NULL,NULL,NULL,unmatched,0.0,valid,Pre-monsoon_WL_1994-2025.pdf,NULL,NULL,local_pdf,official_web_fallback,official_web_fallback,pdf_text,NULL,NULL,6716,NULL,NULL,https://cgwb.gov.in
goa,south goa,canacona,canacona,Daptamol Lolien,Daptamol Lolien Station,14.94986,74.05528,2006,5,Pre-monsoon,14.4,NULL,Safe,NULL,NULL,NULL,NULL,NULL,NULL,unmatched,0.0,valid,Pre-monsoon_WL_1994-2025.pdf,NULL,NULL,local_pdf,official_web_fallback,official_web_fallback,pdf_text,NULL,NULL,6716,NULL,NULL,https://cgwb.gov.in
goa,south goa,canacona,canacona,Gulem Velipwada,Gulem Velipwada Station,15.03918,74.02939,2006,5,Pre-monsoon,2.29,NULL,Safe,NULL,NULL,NULL,NULL,NULL,NULL,unmatched,0.0,valid,Pre-monsoon_WL_1994-2025.pdf,NULL,NULL,local_pdf,official_web_fallback,official_web_fallback,pdf_text,NULL,NULL,6716,NULL,NULL,https://cgwb.gov.in
goa,south goa,canacona,canacona,Hattipal Poinguinem,Hattipal Poinguinem Station,14.98407,74.10869,2006,5,Pre-monsoon,8.11,NULL,Safe,NULL,NULL,NULL,NULL,NULL,NULL,unmatched,0.0,valid,Pre-monsoon_WL_1994-2025.pdf,NULL,NULL,local_pdf,official_web_fallback,official_web_fallback,pdf_text,NULL,NULL,6716,NULL,NULL,https://cgwb.gov.in
goa,south goa,canacona,canacona,Polem,Polem Station,14.91289,74.08455,2006,5,Pre-monsoon,3.34,NULL,Safe,NULL,NULL,NULL,NULL,NULL,NULL,unmatched,0.0,valid,Pre-monsoon_WL_1994-2025.pdf,NULL,NULL,local_pdf,official_web_fallback,official_web_fallback,pdf_text,NULL,NULL,6716,NULL,NULL,https://cgwb.gov.in
goa,south goa,canacona,canacona,Shrishtal Gaondongar,Shrishtal Gaondongar Station,15.03725,74.11851,2006,5,Pre-monsoon,7.4,NULL,Safe,NULL,NULL,NULL,NULL,NULL,NULL,unmatched,0.0,valid,Pre-monsoon_WL_1994-2025.pdf,NULL,NULL,local_pdf,official_web_fallback,official_web_fallback,pdf_text,NULL,NULL,6716,NULL,NULL,https://cgwb.gov.in
goa,south goa,dharbandora,dharbandora,Bolkharnem,Bolkharnem Station,15.42964,74.19235,2006,5,Pre-monsoon,6.38,NULL,Safe,NULL,NULL,NULL,NULL,NULL,NULL,unmatched,0.0,valid,Pre-monsoon_WL_1994-2025.pdf,NULL,NULL,local_pdf,official_web_fallback,official_web_fallback,pdf_text,NULL,NULL,6716,NULL,NULL,https://cgwb.gov.in
goa,south goa,dharbandora,dharbandora,Colem,Colem Station,15.33497,74.24375,2006,5,Pre-monsoon,8.45,NULL,Safe,NULL,NULL,NULL,NULL,NULL,NULL,unmatched,0.0,valid,Pre-monsoon_WL_1994-2025.pdf,NULL,NULL,local_pdf,official_web_fallback,official_web_fallback,pdf_text,NULL,NULL,6716,NULL,NULL,https://cgwb.gov.in
goa,south goa,dharbandora,dharbandora,Molem,Molem Station,15.37701,74.22971,2006,5,Pre-monsoon,13.15,NULL,Safe,NULL,NULL,NULL,NULL,NULL,NULL,unmatched,0.0,valid,Pre-monsoon_WL_1994-2025.pdf,NULL,NULL,local_pdf,official_web_fallback,official_web_fallback,pdf_text,NULL,NULL,6716,NULL,NULL,https://cgwb.gov.in
goa,south goa,ponda,ponda,Shiroda,Shiroda Station,15.32068,74.03502,2006,5,Pre-monsoon,6.45,NULL,Safe,NULL,NULL,NULL,NULL,NULL,NULL,unmatched,0.0,valid,Pre-monsoon_WL_1994-2025.pdf,NULL,NULL,local_pdf,official_web_fallback,official_web_fallback,pdf_text,NULL,NULL,6716,NULL,NULL,https://cgwb.gov.in
goa,south goa,quepem,quepem,Ghadiawada,Ghadiawada Station,15.23894,74.11303,2006,5,Pre-monsoon,1.72,NULL,Safe,NULL,NULL,NULL,NULL,NULL,NULL,unmatched,0.0,valid,Pre-monsoon_WL_1994-2025.pdf,NULL,NULL,local_pdf,official_web_fallback,official_web_fallback,pdf_text,NULL,NULL,6716,NULL,NULL,https://cgwb.gov.in
goa,south goa,quepem,quepem,Quepem,Quepem Station,15.21751,74.08075,2006,5,Pre-monsoon,4.4,NULL,Safe,NULL,NULL,NULL,NULL,NULL,NULL,unmatched,0.0,valid,Pre-monsoon_WL_1994-2025.pdf,NULL,NULL,local_pdf,official_web_fallback,official_web_fallback,pdf_text,NULL,NULL,6716,NULL,NULL,https://cgwb.gov.in
goa,south goa,salcete,salcete,Akamol Ambavalli,Akamol Ambavalli Station,15.19028,74.00016,2006,5,Pre-monsoon,3.34,NULL,Safe,NULL,NULL,NULL,NULL,NULL,NULL,unmatched,0.0,valid,Pre-monsoon_WL_1994-2025.pdf,NULL,NULL,local_pdf,official_web_fallback,official_web_fallback,pdf_text,NULL,NULL,6716,NULL,NULL,https://cgwb.gov.in
goa,south goa,salcete,salcete,Ballynuvhen,Ballynuvhen Station,15.31651,73.94542,2006,5,Pre-monsoon,5.08,NULL,Safe,NULL,NULL,NULL,NULL,NULL,NULL,unmatched,0.0,valid,Pre-monsoon_WL_1994-2025.pdf,NULL,NULL,local_pdf,official_web_fallback,official_web_fallback,pdf_text,NULL,NULL,6716,NULL,NULL,https://cgwb.gov.in
goa,south goa,salcete,salcete,Majorda Bpada Curilo,Majorda Bpada Curilo Station,15.32117,73.91711,2006,5,Pre-monsoon,3.98,NULL,Safe,NULL,NULL,NULL,NULL,NULL,NULL,unmatched,0.0,valid,Pre-monsoon_WL_1994-2025.pdf,NULL,NULL,local_pdf,official_web_fallback,official_web_fallback,pdf_text,NULL,NULL,6716,NULL,NULL,https://cgwb.gov.in
goa,south goa,sanguem,sanguem,Deulwada Kolamba,Deulwada Kolamba Station,15.15021,74.13099,2006,5,Pre-monsoon,2.31,NULL,Safe,NULL,NULL,NULL,NULL,NULL,NULL,unmatched,0.0,valid,Pre-monsoon_WL_1994-2025.pdf,NULL,NULL,local_pdf,official_web_fallback,official_web_fallback,pdf_text,NULL,NULL,6716,NULL,NULL,https://cgwb.gov.in
goa,south goa,sanguem,sanguem,Neturlim,Neturlim Station,15.09065,74.21671,2006,5,Pre-monsoon,9.84,NULL,Safe,NULL,NULL,NULL,NULL,NULL,NULL,unmatched,0.0,valid,Pre-monsoon_WL_1994-2025.pdf,NULL,NULL,local_pdf,official_web_fallback,official_web_fallback,pdf_text,NULL,NULL,6717,NULL,NULL,https://cgwb.gov.in
goa,north goa,bardez,bardez,Alto Betim Porvorim,Alto Betim Porvorim Station,15.52605,73.82982,2005,5,Pre-monsoon,13.03,NULL,Safe,NULL,NULL,NULL,NULL,NULL,NULL,unmatched,0.0,valid,Pre-monsoon_WL_1994-2025.pdf,NULL,NULL,local_pdf,official_web_fallback,official_web_fallback,pdf_text,NULL,NULL,6992,NULL,NULL,https://cgwb.gov.in
goa,north goa,bardez,bardez,Calangute (Ct),Calangute (Ct) Station,15.54612,73.75861,2005,5,Pre-monsoon,8.85,NULL,Safe,NULL,NULL,NULL,NULL,NULL,NULL,unmatched,0.0,valid,Pre-monsoon_WL_1994-2025.pdf,NULL,NULL,local_pdf,official_web_fallback,official_web_fallback,pdf_text,NULL,NULL,6992,NULL,NULL,https://cgwb.gov.in
goa,north goa,bardez,bardez,Mapuca,Mapuca Station,15.61013,73.82434,2005,5,Pre-monsoon,4.65,NULL,Safe,NULL,NULL,NULL,NULL,NULL,NULL,unmatched,0.0,valid,Pre-monsoon_WL_1994-2025.pdf,NULL,NULL,local_pdf,official_web_fallback,official_web_fallback,pdf_text,NULL,NULL,6992,NULL,NULL,https://cgwb.gov.in
goa,north goa,bardez,bardez,Sircaim,Sircaim Station,15.62689,73.87588,2005,5,Pre-monsoon,4.25,NULL,Safe,NULL,NULL,NULL,NULL,NULL,NULL,unmatched,0.0,valid,Pre-monsoon_WL_1994-2025.pdf,NULL,NULL,local_pdf,official_web_fallback,official_web_fallback,pdf_text,NULL,NULL,6992,NULL,NULL,https://cgwb.gov.in
goa,north goa,bicholim,bicholim,Mulgao,Mulgao Station,15.61711,73.92075,2005,5,Pre-monsoon,4.73,NULL,Safe,NULL,NULL,NULL,NULL,NULL,NULL,unmatched,0.0,valid,Pre-monsoon_WL_1994-2025.pdf,NULL,NULL,local_pdf,official_web_fallback,official_web_fallback,pdf_text,NULL,NULL,6992,NULL,NULL,https://cgwb.gov.in
goa,north goa,bicholim,bicholim,Salem,Salem Station,15.68771,73.92681,2005,5,Pre-monsoon,3.86,NULL,Safe,NULL,NULL,NULL,NULL,NULL,NULL,unmatched,0.0,valid,Pre-monsoon_WL_1994-2025.pdf,NULL,NULL,local_pdf,official_web_fallback,official_web_fallback,pdf_text,NULL,NULL,6992,NULL,NULL,https://cgwb.gov.in
goa,north goa,pernem,pernem,Corgao,Corgao Station,15.70939,73.75176,2005,5,Pre-monsoon,4.99,NULL,Safe,NULL,NULL,NULL,NULL,NULL,NULL,unmatched,0.0,valid,Pre-monsoon_WL_1994-2025.pdf,NULL,NULL,local_pdf,official_web_fallback,official_web_fallback,pdf_text,NULL,NULL,6992,NULL,NULL,https://cgwb.gov.in
goa,north goa,pernem,pernem,Morji,Morji Station,15.63598,73.73963,2005,5,Pre-monsoon,2.33,NULL,Safe,NULL,NULL,NULL,NULL,NULL,NULL,unmatched,0.0,valid,Pre-monsoon_WL_1994-2025.pdf,NULL,NULL,local_pdf,official_web_fallback,official_web_fallback,pdf_text,NULL,NULL,6992,NULL,NULL,https://cgwb.gov.in
goa,north goa,pernem,pernem,Pernem,Pernem Station,15.7176,73.79806,2005,5,Pre-monsoon,2.57,NULL,Safe,NULL,NULL,NULL,NULL,NULL,NULL,unmatched,0.0,valid,Pre-monsoon_WL_1994-2025.pdf,NULL,NULL,local_pdf,official_web_fallback,official_web_fallback,pdf_text,NULL,NULL,6992,NULL,NULL,https://cgwb.gov.in
goa,north goa,pernem,pernem,Varconda,Varconda Station,15.75465,73.83533,2005,5,Pre-monsoon,4.23,NULL,Safe,NULL,NULL,NULL,NULL,NULL,NULL,unmatched,0.0,valid,Pre-monsoon_WL_1994-2025.pdf,NULL,NULL,local_pdf,official_web_fallback,official_web_fallback,pdf_text,NULL,NULL,6992,NULL,NULL,https://cgwb.gov.in
goa,north goa,satari,satari,Bayalwadikeri,Bayalwadikeri Station,15.61128,74.067,2005,5,Pre-monsoon,6.11,NULL,Safe,NULL,NULL,NULL,NULL,NULL,NULL,unmatched,0.0,valid,Pre-monsoon_WL_1994-2025.pdf,NULL,NULL,local_pdf,official_web_fallback,official_web_fallback,pdf_text,NULL,NULL,6992,NULL,NULL,https://cgwb.gov.in
goa,north goa,satari,satari,Khadki(Harijanwada),Khadki(Harijanwada) Station,15.50253,74.13964,2005,5,Pre-monsoon,11.64,NULL,Safe,NULL,NULL,NULL,NULL,NULL,NULL,unmatched,0.0,valid,Pre-monsoon_WL_1994-2025.pdf,NULL,NULL,local_pdf,official_web_fallback,official_web_fallback,pdf_text,NULL,NULL,6992,NULL,NULL,https://cgwb.gov.in
goa,north goa,satari,satari,Morlem,Morlem Station,15.59397,74.04632,2005,5,Pre-monsoon,4.02,NULL,Safe,NULL,NULL,NULL,NULL,NULL,NULL,unmatched,0.0,valid,Pre-monsoon_WL_1994-2025.pdf,NULL,NULL,local_pdf,official_web_fallback,official_web_fallback,pdf_text,NULL,NULL,6992,NULL,NULL,https://cgwb.gov.in
goa,north goa,satari,satari,Valpoi,Valpoi Station,15.53301,74.13723,2005,5,Pre-monsoon,6.22,NULL,Safe,NULL,NULL,NULL,NULL,NULL,NULL,unmatched,0.0,valid,Pre-monsoon_WL_1994-2025.pdf,NULL,NULL,local_pdf,official_web_fallback,official_web_fallback,pdf_text,NULL,NULL,6992,NULL,NULL,https://cgwb.gov.in
goa,north goa,tiswadi,tiswadi,Goa-Velha,Goa-Velha Station,15.44139,73.87972,2005,5,Pre-monsoon,1.72,NULL,Safe,NULL,NULL,NULL,NULL,NULL,NULL,unmatched,0.0,valid,Pre-monsoon_WL_1994-2025.pdf,NULL,NULL,local_pdf,official_web_fallback,official_web_fallback,pdf_text,NULL,NULL,6992,NULL,NULL,https://cgwb.gov.in
goa,south goa,canacona,canacona,Agonda,Agonda Station,15.04152,73.99121,2005,5,Pre-monsoon,4.19,NULL,Safe,NULL,NULL,NULL,NULL,NULL,NULL,unmatched,0.0,valid,Pre-monsoon_WL_1994-2025.pdf,NULL,NULL,local_pdf,official_web_fallback,official_web_fallback,pdf_text,NULL,NULL,6992,NULL,NULL,https://cgwb.gov.in
goa,south goa,canacona,canacona,Canacona,Canacona Station,15.00716,74.05233,2005,5,Pre-monsoon,5.16,NULL,Safe,NULL,NULL,NULL,NULL,NULL,NULL,unmatched,0.0,valid,Pre-monsoon_WL_1994-2025.pdf,NULL,NULL,local_pdf,official_web_fallback,official_web_fallback,pdf_text,NULL,NULL,6992,NULL,NULL,https://cgwb.gov.in
goa,south goa,canacona,canacona,Carmona,Carmona Station,15.20278,73.9525,2005,5,Pre-monsoon,8.3,NULL,Safe,NULL,NULL,NULL,NULL,NULL,NULL,unmatched,0.0,valid,Pre-monsoon_WL_1994-2025.pdf,NULL,NULL,local_pdf,official_web_fallback,official_web_fallback,pdf_text,NULL,NULL,6992,NULL,NULL,https://cgwb.gov.in
goa,south goa,canacona,canacona,Daptamol Lolien,Daptamol Lolien Station,14.94986,74.05528,2005,5,Pre-monsoon,14.94,NULL,Safe,NULL,NULL,NULL,NULL,NULL,NULL,unmatched,0.0,valid,Pre-monsoon_WL_1994-2025.pdf,NULL,NULL,local_pdf,official_web_fallback,official_web_fallback,pdf_text,NULL,NULL,6992,NULL,NULL,https://cgwb.gov.in
goa,south goa,canacona,canacona,Gulem Velipwada,Gulem Velipwada Station,15.03918,74.02939,2005,5,Pre-monsoon,3.54,NULL,Safe,NULL,NULL,NULL,NULL,NULL,NULL,unmatched,0.0,valid,Pre-monsoon_WL_1994-2025.pdf,NULL,NULL,local_pdf,official_web_fallback,official_web_fallback,pdf_text,NULL,NULL,6992,NULL,NULL,https://cgwb.gov.in
goa,south goa,canacona,canacona,Hattipal Poinguinem,Hattipal Poinguinem Station,14.98407,74.10869,2005,5,Pre-monsoon,8.78,NULL,Safe,NULL,NULL,NULL,NULL,NULL,NULL,unmatched,0.0,valid,Pre-monsoon_WL_1994-2025.pdf,NULL,NULL,local_pdf,official_web_fallback,official_web_fallback,pdf_text,NULL,NULL,6992,NULL,NULL,https://cgwb.gov.in
goa,south goa,canacona,canacona,Polem,Polem Station,14.91289,74.08455,2005,5,Pre-monsoon,5.01,NULL,Safe,NULL,NULL,NULL,NULL,NULL,NULL,unmatched,0.0,valid,Pre-monsoon_WL_1994-2025.pdf,NULL,NULL,local_pdf,official_web_fallback,official_web_fallback,pdf_text,NULL,NULL,6992,NULL,NULL,https://cgwb.gov.in
goa,south goa,canacona,canacona,Shrishtal Gaondongar,Shrishtal Gaondongar Station,15.03725,74.11851,2005,5,Pre-monsoon,8.2,NULL,Safe,NULL,NULL,NULL,NULL,NULL,NULL,unmatched,0.0,valid,Pre-monsoon_WL_1994-2025.pdf,NULL,NULL,local_pdf,official_web_fallback,official_web_fallback,pdf_text,NULL,NULL,6992,NULL,NULL,https://cgwb.gov.in
goa,south goa,dharbandora,dharbandora,Molem,Molem Station,15.37701,74.22971,2005,5,Pre-monsoon,13.7,NULL,Safe,NULL,NULL,NULL,NULL,NULL,NULL,unmatched,0.0,valid,Pre-monsoon_WL_1994-2025.pdf,NULL,NULL,local_pdf,official_web_fallback,official_web_fallback,pdf_text,NULL,NULL,6992,NULL,NULL,https://cgwb.gov.in
goa,south goa,ponda,ponda,Shiroda,Shiroda Station,15.32068,74.03502,2005,5,Pre-monsoon,7.24,NULL,Safe,NULL,NULL,NULL,NULL,NULL,NULL,unmatched,0.0,valid,Pre-monsoon_WL_1994-2025.pdf,NULL,NULL,local_pdf,official_web_fallback,official_web_fallback,pdf_text,NULL,NULL,6992,NULL,NULL,https://cgwb.gov.in
goa,south goa,quepem,quepem,Ghadiawada,Ghadiawada Station,15.23894,74.11303,2005,5,Pre-monsoon,2.6,NULL,Safe,NULL,NULL,NULL,NULL,NULL,NULL,unmatched,0.0,valid,Pre-monsoon_WL_1994-2025.pdf,NULL,NULL,local_pdf,official_web_fallback,official_web_fallback,pdf_text,NULL,NULL,6992,NULL,NULL,https://cgwb.gov.in
goa,south goa,quepem,quepem,Quepem,Quepem Station,15.21751,74.08075,2005,5,Pre-monsoon,4.87,NULL,Safe,NULL,NULL,NULL,NULL,NULL,NULL,unmatched,0.0,valid,Pre-monsoon_WL_1994-2025.pdf,NULL,NULL,local_pdf,official_web_fallback,official_web_fallback,pdf_text,NULL,NULL,6992,NULL,NULL,https://cgwb.gov.in
goa,south goa,salcete,salcete,Akamol Ambavalli,Akamol Ambavalli Station,15.19028,74.00016,2005,5,Pre-monsoon,3.87,NULL,Safe,NULL,NULL,NULL,NULL,NULL,NULL,unmatched,0.0,valid,Pre-monsoon_WL_1994-2025.pdf,NULL,NULL,local_pdf,official_web_fallback,official_web_fallback,pdf_text,NULL,NULL,6992,NULL,NULL,https://cgwb.gov.in
goa,south goa,salcete,salcete,Ballynuvhen,Ballynuvhen Station,15.31651,73.94542,2005,5,Pre-monsoon,7.54,NULL,Safe,NULL,NULL,NULL,NULL,NULL,NULL,unmatched,0.0,valid,Pre-monsoon_WL_1994-2025.pdf,NULL,NULL,local_pdf,official_web_fallback,official_web_fallback,pdf_text,NULL,NULL,6992,NULL,NULL,https://cgwb.gov.in
goa,south goa,salcete,salcete,Majorda Bpada Curilo,Majorda Bpada Curilo Station,15.32117,73.91711,2005,5,Pre-monsoon,5.12,NULL,Safe,NULL,NULL,NULL,NULL,NULL,NULL,unmatched,0.0,valid,Pre-monsoon_WL_1994-2025.pdf,NULL,NULL,local_pdf,official_web_fallback,official_web_fallback,pdf_text,NULL,NULL,6993,NULL,NULL,https://cgwb.gov.in
goa,south goa,sanguem,sanguem,Deulwada Kolamba,Deulwada Kolamba Station,15.15021,74.13099,2005,5,Pre-monsoon,3.16,NULL,Safe,NULL,NULL,NULL,NULL,NULL,NULL,unmatched,0.0,valid,Pre-monsoon_WL_1994-2025.pdf,NULL,NULL,local_pdf,official_web_fallback,official_web_fallback,pdf_text,NULL,NULL,6993,NULL,NULL,https://cgwb.gov.in
goa,south goa,sanguem,sanguem,Neturlim,Neturlim Station,15.09065,74.21671,2005,5,Pre-monsoon,10.17,NULL,Safe,NULL,NULL,NULL,NULL,NULL,NULL,unmatched,0.0,valid,Pre-monsoon_WL_1994-2025.pdf,NULL,NULL,local_pdf,official_web_fallback,official_web_fallback,pdf_text,NULL,NULL,6993,NULL,NULL,https://cgwb.gov.in
goa,north goa,bardez,bardez,Alto Betim Porvorim,Alto Betim Porvorim Station,15.52605,73.82982,2004,5,Pre-monsoon,9.8,NULL,Safe,NULL,NULL,NULL,NULL,NULL,NULL,unmatched,0.0,valid,Pre-monsoon_WL_1994-2025.pdf,NULL,NULL,local_pdf,official_web_fallback,official_web_fallback,pdf_text,NULL,NULL,7269,NULL,NULL,https://cgwb.gov.in
goa,north goa,bardez,bardez,Calangute (Ct),Calangute (Ct) Station,15.54612,73.75861,2004,5,Pre-monsoon,8.04,NULL,Safe,NULL,NULL,NULL,NULL,NULL,NULL,unmatched,0.0,valid,Pre-monsoon_WL_1994-2025.pdf,NULL,NULL,local_pdf,official_web_fallback,official_web_fallback,pdf_text,NULL,NULL,7269,NULL,NULL,https://cgwb.gov.in
goa,north goa,bardez,bardez,Mapuca,Mapuca Station,15.61013,73.82434,2004,5,Pre-monsoon,4.07,NULL,Safe,NULL,NULL,NULL,NULL,NULL,NULL,unmatched,0.0,valid,Pre-monsoon_WL_1994-2025.pdf,NULL,NULL,local_pdf,official_web_fallback,official_web_fallback,pdf_text,NULL,NULL,7269,NULL,NULL,https://cgwb.gov.in
goa,north goa,bardez,bardez,Sircaim,Sircaim Station,15.62689,73.87588,2004,5,Pre-monsoon,4.34,NULL,Safe,NULL,NULL,NULL,NULL,NULL,NULL,unmatched,0.0,valid,Pre-monsoon_WL_1994-2025.pdf,NULL,NULL,local_pdf,official_web_fallback,official_web_fallback,pdf_text,NULL,NULL,7269,NULL,NULL,https://cgwb.gov.in
goa,north goa,bicholim,bicholim,Mulgao,Mulgao Station,15.61711,73.92075,2004,5,Pre-monsoon,4.25,NULL,Safe,NULL,NULL,NULL,NULL,NULL,NULL,unmatched,0.0,valid,Pre-monsoon_WL_1994-2025.pdf,NULL,NULL,local_pdf,official_web_fallback,official_web_fallback,pdf_text,NULL,NULL,7269,NULL,NULL,https://cgwb.gov.in
goa,north goa,bicholim,bicholim,Salem,Salem Station,15.68771,73.92681,2004,5,Pre-monsoon,3.47,NULL,Safe,NULL,NULL,NULL,NULL,NULL,NULL,unmatched,0.0,valid,Pre-monsoon_WL_1994-2025.pdf,NULL,NULL,local_pdf,official_web_fallback,official_web_fallback,pdf_text,NULL,NULL,7269,NULL,NULL,https://cgwb.gov.in
goa,north goa,pernem,pernem,Corgao,Corgao Station,15.70939,73.75176,2004,5,Pre-monsoon,5.09,NULL,Safe,NULL,NULL,NULL,NULL,NULL,NULL,unmatched,0.0,valid,Pre-monsoon_WL_1994-2025.pdf,NULL,NULL,local_pdf,official_web_fallback,official_web_fallback,pdf_text,NULL,NULL,7269,NULL,NULL,https://cgwb.gov.in
goa,north goa,pernem,pernem,Morji,Morji Station,15.63598,73.73963,2004,5,Pre-monsoon,2.27,NULL,Safe,NULL,NULL,NULL,NULL,NULL,NULL,unmatched,0.0,valid,Pre-monsoon_WL_1994-2025.pdf,NULL,NULL,local_pdf,official_web_fallback,official_web_fallback,pdf_text,NULL,NULL,7270,NULL,NULL,https://cgwb.gov.in
goa,north goa,pernem,pernem,Nagjhar,Nagjhar Station,15.70843,73.85289,2004,5,Pre-monsoon,10.52,NULL,Safe,NULL,NULL,NULL,NULL,NULL,NULL,unmatched,0.0,valid,Pre-monsoon_WL_1994-2025.pdf,NULL,NULL,local_pdf,official_web_fallback,official_web_fallback,pdf_text,NULL,NULL,7270,NULL,NULL,https://cgwb.gov.in
goa,north goa,pernem,pernem,Pernem,Pernem Station,15.7176,73.79806,2004,5,Pre-monsoon,1.86,NULL,Safe,NULL,NULL,NULL,NULL,NULL,NULL,unmatched,0.0,valid,Pre-monsoon_WL_1994-2025.pdf,NULL,NULL,local_pdf,official_web_fallback,official_web_fallback,pdf_text,NULL,NULL,7270,NULL,NULL,https://cgwb.gov.in
goa,north goa,pernem,pernem,Varconda,Varconda Station,15.75465,73.83533,2004,5,Pre-monsoon,4.0,NULL,Safe,NULL,NULL,NULL,NULL,NULL,NULL,unmatched,0.0,valid,Pre-monsoon_WL_1994-2025.pdf,NULL,NULL,local_pdf,official_web_fallback,official_web_fallback,pdf_text,NULL,NULL,7270,NULL,NULL,https://cgwb.gov.in
goa,north goa,satari,satari,Bayalwadikeri,Bayalwadikeri Station,15.61128,74.067,2004,5,Pre-monsoon,3.06,NULL,Safe,NULL,NULL,NULL,NULL,NULL,NULL,unmatched,0.0,valid,Pre-monsoon_WL_1994-2025.pdf,NULL,NULL,local_pdf,official_web_fallback,official_web_fallback,pdf_text,NULL,NULL,7270,NULL,NULL,https://cgwb.gov.in
goa,north goa,satari,satari,Honda,Honda Station,15.54722,74.05079,2004,5,Pre-monsoon,4.85,NULL,Safe,NULL,NULL,NULL,NULL,NULL,NULL,unmatched,0.0,valid,Pre-monsoon_WL_1994-2025.pdf,NULL,NULL,local_pdf,official_web_fallback,official_web_fallback,pdf_text,NULL,NULL,7270,NULL,NULL,https://cgwb.gov.in
goa,north goa,satari,satari,Khadki(Harijanwada),Khadki(Harijanwada) Station,15.50253,74.13964,2004,5,Pre-monsoon,10.43,NULL,Safe,NULL,NULL,NULL,NULL,NULL,NULL,unmatched,0.0,valid,Pre-monsoon_WL_1994-2025.pdf,NULL,NULL,local_pdf,official_web_fallback,official_web_fallback,pdf_text,NULL,NULL,7270,NULL,NULL,https://cgwb.gov.in
goa,north goa,satari,satari,Morlem,Morlem Station,15.59397,74.04632,2004,5,Pre-monsoon,4.05,NULL,Safe,NULL,NULL,NULL,NULL,NULL,NULL,unmatched,0.0,valid,Pre-monsoon_WL_1994-2025.pdf,NULL,NULL,local_pdf,official_web_fallback,official_web_fallback,pdf_text,NULL,NULL,7270,NULL,NULL,https://cgwb.gov.in
goa,north goa,satari,satari,Valpoi,Valpoi Station,15.53301,74.13723,2004,5,Pre-monsoon,5.93,NULL,Safe,NULL,NULL,NULL,NULL,NULL,NULL,unmatched,0.0,valid,Pre-monsoon_WL_1994-2025.pdf,NULL,NULL,local_pdf,official_web_fallback,official_web_fallback,pdf_text,NULL,NULL,7270,NULL,NULL,https://cgwb.gov.in
goa,north goa,tiswadi,tiswadi,Goa-Velha,Goa-Velha Station,15.44139,73.87972,2004,5,Pre-monsoon,1.42,NULL,Safe,NULL,NULL,NULL,NULL,NULL,NULL,unmatched,0.0,valid,Pre-monsoon_WL_1994-2025.pdf,NULL,NULL,local_pdf,official_web_fallback,official_web_fallback,pdf_text,NULL,NULL,7270,NULL,NULL,https://cgwb.gov.in
goa,north goa,tiswadi,tiswadi,Karanjhalen,Karanjhalen Station,15.459,73.80281,2004,5,Pre-monsoon,2.93,NULL,Safe,NULL,NULL,NULL,NULL,NULL,NULL,unmatched,0.0,valid,Pre-monsoon_WL_1994-2025.pdf,NULL,NULL,local_pdf,official_web_fallback,official_web_fallback,pdf_text,NULL,NULL,7270,NULL,NULL,https://cgwb.gov.in
goa,south goa,canacona,canacona,Agonda,Agonda Station,15.04152,73.99121,2004,5,Pre-monsoon,2.93,NULL,Safe,NULL,NULL,NULL,NULL,NULL,NULL,unmatched,0.0,valid,Pre-monsoon_WL_1994-2025.pdf,NULL,NULL,local_pdf,official_web_fallback,official_web_fallback,pdf_text,NULL,NULL,7270,NULL,NULL,https://cgwb.gov.in
goa,south goa,canacona,canacona,Canacona,Canacona Station,15.00716,74.05233,2004,5,Pre-monsoon,4.25,NULL,Safe,NULL,NULL,NULL,NULL,NULL,NULL,unmatched,0.0,valid,Pre-monsoon_WL_1994-2025.pdf,NULL,NULL,local_pdf,official_web_fallback,official_web_fallback,pdf_text,NULL,NULL,7270,NULL,NULL,https://cgwb.gov.in
goa,south goa,canacona,canacona,Carmona,Carmona Station,15.20278,73.9525,2004,5,Pre-monsoon,8.01,NULL,Safe,NULL,NULL,NULL,NULL,NULL,NULL,unmatched,0.0,valid,Pre-monsoon_WL_1994-2025.pdf,NULL,NULL,local_pdf,official_web_fallback,official_web_fallback,pdf_text,NULL,NULL,7270,NULL,NULL,https://cgwb.gov.in
goa,south goa,canacona,canacona,Daptamol Lolien,Daptamol Lolien Station,14.94986,74.05528,2004,5,Pre-monsoon,14.75,NULL,Safe,NULL,NULL,NULL,NULL,NULL,NULL,unmatched,0.0,valid,Pre-monsoon_WL_1994-2025.pdf,NULL,NULL,local_pdf,official_web_fallback,official_web_fallback,pdf_text,NULL,NULL,7270,NULL,NULL,https://cgwb.gov.in
goa,south goa,canacona,canacona,Gulem Velipwada,Gulem Velipwada Station,15.03918,74.02939,2004,5,Pre-monsoon,0.72,NULL,Safe,NULL,NULL,NULL,NULL,NULL,NULL,unmatched,0.0,valid,Pre-monsoon_WL_1994-2025.pdf,NULL,NULL,local_pdf,official_web_fallback,official_web_fallback,pdf_text,NULL,NULL,7270,NULL,NULL,https://cgwb.gov.in
goa,south goa,canacona,canacona,Hattipal Poinguinem,Hattipal Poinguinem Station,14.98407,74.10869,2004,5,Pre-monsoon,6.89,NULL,Safe,NULL,NULL,NULL,NULL,NULL,NULL,unmatched,0.0,valid,Pre-monsoon_WL_1994-2025.pdf,NULL,NULL,local_pdf,official_web_fallback,official_web_fallback,pdf_text,NULL,NULL,7270,NULL,NULL,https://cgwb.gov.in
goa,south goa,canacona,canacona,Polem,Polem Station,14.91289,74.08455,2004,5,Pre-monsoon,4.72,NULL,Safe,NULL,NULL,NULL,NULL,NULL,NULL,unmatched,0.0,valid,Pre-monsoon_WL_1994-2025.pdf,NULL,NULL,local_pdf,official_web_fallback,official_web_fallback,pdf_text,NULL,NULL,7270,NULL,NULL,https://cgwb.gov.in
goa,south goa,canacona,canacona,Shrishtal Gaondongar,Shrishtal Gaondongar Station,15.03725,74.11851,2004,5,Pre-monsoon,4.07,NULL,Safe,NULL,NULL,NULL,NULL,NULL,NULL,unmatched,0.0,valid,Pre-monsoon_WL_1994-2025.pdf,NULL,NULL,local_pdf,official_web_fallback,official_web_fallback,pdf_text,NULL,NULL,7270,NULL,NULL,https://cgwb.gov.in
goa,south goa,dharbandora,dharbandora,Bolkharnem,Bolkharnem Station,15.42964,74.19235,2004,5,Pre-monsoon,6.68,NULL,Safe,NULL,NULL,NULL,NULL,NULL,NULL,unmatched,0.0,valid,Pre-monsoon_WL_1994-2025.pdf,NULL,NULL,local_pdf,official_web_fallback,official_web_fallback,pdf_text,NULL,NULL,7270,NULL,NULL,https://cgwb.gov.in
goa,south goa,dharbandora,dharbandora,Colem,Colem Station,15.33497,74.24375,2004,5,Pre-monsoon,8.59,NULL,Safe,NULL,NULL,NULL,NULL,NULL,NULL,unmatched,0.0,valid,Pre-monsoon_WL_1994-2025.pdf,NULL,NULL,local_pdf,official_web_fallback,official_web_fallback,pdf_text,NULL,NULL,7270,NULL,NULL,https://cgwb.gov.in
goa,south goa,dharbandora,dharbandora,Molem,Molem Station,15.37701,74.22971,2004,5,Pre-monsoon,13.49,NULL,Safe,NULL,NULL,NULL,NULL,NULL,NULL,unmatched,0.0,valid,Pre-monsoon_WL_1994-2025.pdf,NULL,NULL,local_pdf,official_web_fallback,official_web_fallback,pdf_text,NULL,NULL,7270,NULL,NULL,https://cgwb.gov.in
goa,south goa,ponda,ponda,Shiroda,Shiroda Station,15.32068,74.03502,2004,5,Pre-monsoon,4.59,NULL,Safe,NULL,NULL,NULL,NULL,NULL,NULL,unmatched,0.0,valid,Pre-monsoon_WL_1994-2025.pdf,NULL,NULL,local_pdf,official_web_fallback,official_web_fallback,pdf_text,NULL,NULL,7270,NULL,NULL,https://cgwb.gov.in
goa,south goa,quepem,quepem,Ghadiawada,Ghadiawada Station,15.23894,74.11303,2004,5,Pre-monsoon,2.34,NULL,Safe,NULL,NULL,NULL,NULL,NULL,NULL,unmatched,0.0,valid,Pre-monsoon_WL_1994-2025.pdf,NULL,NULL,local_pdf,official_web_fallback,official_web_fallback,pdf_text,NULL,NULL,7270,NULL,NULL,https://cgwb.gov.in
goa,south goa,quepem,quepem,Quepem,Quepem Station,15.21751,74.08075,2004,5,Pre-monsoon,5.01,NULL,Safe,NULL,NULL,NULL,NULL,NULL,NULL,unmatched,0.0,valid,Pre-monsoon_WL_1994-2025.pdf,NULL,NULL,local_pdf,official_web_fallback,official_web_fallback,pdf_text,NULL,NULL,7270,NULL,NULL,https://cgwb.gov.in
goa,south goa,salcete,salcete,Akamol Ambavalli,Akamol Ambavalli Station,15.19028,74.00016,2004,5,Pre-monsoon,4.78,NULL,Safe,NULL,NULL,NULL,NULL,NULL,NULL,unmatched,0.0,valid,Pre-monsoon_WL_1994-2025.pdf,NULL,NULL,local_pdf,official_web_fallback,official_web_fallback,pdf_text,NULL,NULL,7270,NULL,NULL,https://cgwb.gov.in
goa,south goa,salcete,salcete,Ballynuvhen,Ballynuvhen Station,15.31651,73.94542,2004,5,Pre-monsoon,6.69,NULL,Safe,NULL,NULL,NULL,NULL,NULL,NULL,unmatched,0.0,valid,Pre-monsoon_WL_1994-2025.pdf,NULL,NULL,local_pdf,official_web_fallback,official_web_fallback,pdf_text,NULL,NULL,7270,NULL,NULL,https://cgwb.gov.in
goa,south goa,salcete,salcete,Majorda Bpada Curilo,Majorda Bpada Curilo Station,15.32117,73.91711,2004,5,Pre-monsoon,5.0,NULL,Safe,NULL,NULL,NULL,NULL,NULL,NULL,unmatched,0.0,valid,Pre-monsoon_WL_1994-2025.pdf,NULL,NULL,local_pdf,official_web_fallback,official_web_fallback,pdf_text,NULL,NULL,7270,NULL,NULL,https://cgwb.gov.in
goa,south goa,sanguem,sanguem,Deulwada Kolamba,Deulwada Kolamba Station,15.15021,74.13099,2004,5,Pre-monsoon,2.29,NULL,Safe,NULL,NULL,NULL,NULL,NULL,NULL,unmatched,0.0,valid,Pre-monsoon_WL_1994-2025.pdf,NULL,NULL,local_pdf,official_web_fallback,official_web_fallback,pdf_text,NULL,NULL,7270,NULL,NULL,https://cgwb.gov.in
goa,south goa,sanguem,sanguem,Neturlim,Neturlim Station,15.09065,74.21671,2004,5,Pre-monsoon,10.21,NULL,Safe,NULL,NULL,NULL,NULL,NULL,NULL,unmatched,0.0,valid,Pre-monsoon_WL_1994-2025.pdf,NULL,NULL,local_pdf,official_web_fallback,official_web_fallback,pdf_text,NULL,NULL,7270,NULL,NULL,https://cgwb.gov.in
goa,north goa,bardez,bardez,Calangute (Ct),Calangute (Ct) Station,15.54612,73.75861,2003,5,Pre-monsoon,8.88,NULL,Safe,NULL,NULL,NULL,NULL,NULL,NULL,unmatched,0.0,valid,Pre-monsoon_WL_1994-2025.pdf,NULL,NULL,local_pdf,official_web_fallback,official_web_fallback,pdf_text,NULL,NULL,7539,NULL,NULL,https://cgwb.gov.in
goa,north goa,bardez,bardez,Mapuca,Mapuca Station,15.61013,73.82434,2003,5,Pre-monsoon,4.86,NULL,Safe,NULL,NULL,NULL,NULL,NULL,NULL,unmatched,0.0,valid,Pre-monsoon_WL_1994-2025.pdf,NULL,NULL,local_pdf,official_web_fallback,official_web_fallback,pdf_text,NULL,NULL,7539,NULL,NULL,https://cgwb.gov.in
goa,north goa,bardez,bardez,Sircaim,Sircaim Station,15.62689,73.87588,2003,5,Pre-monsoon,4.41,NULL,Safe,NULL,NULL,NULL,NULL,NULL,NULL,unmatched,0.0,valid,Pre-monsoon_WL_1994-2025.pdf,NULL,NULL,local_pdf,official_web_fallback,official_web_fallback,pdf_text,NULL,NULL,7539,NULL,NULL,https://cgwb.gov.in
goa,north goa,bicholim,bicholim,Mulgao,Mulgao Station,15.61711,73.92075,2003,5,Pre-monsoon,4.61,NULL,Safe,NULL,NULL,NULL,NULL,NULL,NULL,unmatched,0.0,valid,Pre-monsoon_WL_1994-2025.pdf,NULL,NULL,local_pdf,official_web_fallback,official_web_fallback,pdf_text,NULL,NULL,7539,NULL,NULL,https://cgwb.gov.in
goa,north goa,bicholim,bicholim,Salem,Salem Station,15.68771,73.92681,2003,5,Pre-monsoon,3.34,NULL,Safe,NULL,NULL,NULL,NULL,NULL,NULL,unmatched,0.0,valid,Pre-monsoon_WL_1994-2025.pdf,NULL,NULL,local_pdf,official_web_fallback,official_web_fallback,pdf_text,NULL,NULL,7539,NULL,NULL,https://cgwb.gov.in
goa,north goa,pernem,pernem,Corgao,Corgao Station,15.70939,73.75176,2003,5,Pre-monsoon,5.19,NULL,Safe,NULL,NULL,NULL,NULL,NULL,NULL,unmatched,0.0,valid,Pre-monsoon_WL_1994-2025.pdf,NULL,NULL,local_pdf,official_web_fallback,official_web_fallback,pdf_text,NULL,NULL,7539,NULL,NULL,https://cgwb.gov.in
goa,north goa,pernem,pernem,Morji,Morji Station,15.63598,73.73963,2003,5,Pre-monsoon,2.34,NULL,Safe,NULL,NULL,NULL,NULL,NULL,NULL,unmatched,0.0,valid,Pre-monsoon_WL_1994-2025.pdf,NULL,NULL,local_pdf,official_web_fallback,official_web_fallback,pdf_text,NULL,NULL,7539,NULL,NULL,https://cgwb.gov.in
goa,north goa,pernem,pernem,Nagjhar,Nagjhar Station,15.70843,73.85289,2003,5,Pre-monsoon,10.56,NULL,Safe,NULL,NULL,NULL,NULL,NULL,NULL,unmatched,0.0,valid,Pre-monsoon_WL_1994-2025.pdf,NULL,NULL,local_pdf,official_web_fallback,official_web_fallback,pdf_text,NULL,NULL,7539,NULL,NULL,https://cgwb.gov.in
goa,north goa,pernem,pernem,Pernem,Pernem Station,15.7176,73.79806,2003,5,Pre-monsoon,2.75,NULL,Safe,NULL,NULL,NULL,NULL,NULL,NULL,unmatched,0.0,valid,Pre-monsoon_WL_1994-2025.pdf,NULL,NULL,local_pdf,official_web_fallback,official_web_fallback,pdf_text,NULL,NULL,7539,NULL,NULL,https://cgwb.gov.in
goa,north goa,pernem,pernem,Varconda,Varconda Station,15.75465,73.83533,2003,5,Pre-monsoon,4.43,NULL,Safe,NULL,NULL,NULL,NULL,NULL,NULL,unmatched,0.0,valid,Pre-monsoon_WL_1994-2025.pdf,NULL,NULL,local_pdf,official_web_fallback,official_web_fallback,pdf_text,NULL,NULL,7539,NULL,NULL,https://cgwb.gov.in
goa,north goa,satari,satari,Bayalwadikeri,Bayalwadikeri Station,15.61128,74.067,2003,5,Pre-monsoon,2.52,NULL,Safe,NULL,NULL,NULL,NULL,NULL,NULL,unmatched,0.0,valid,Pre-monsoon_WL_1994-2025.pdf,NULL,NULL,local_pdf,official_web_fallback,official_web_fallback,pdf_text,NULL,NULL,7539,NULL,NULL,https://cgwb.gov.in
goa,north goa,satari,satari,Honda,Honda Station,15.54722,74.05079,2003,5,Pre-monsoon,5.17,NULL,Safe,NULL,NULL,NULL,NULL,NULL,NULL,unmatched,0.0,valid,Pre-monsoon_WL_1994-2025.pdf,NULL,NULL,local_pdf,official_web_fallback,official_web_fallback,pdf_text,NULL,NULL,7539,NULL,NULL,https://cgwb.gov.in
goa,north goa,satari,satari,Khadki(Harijanwada),Khadki(Harijanwada) Station,15.50253,74.13964,2003,5,Pre-monsoon,11.42,NULL,Safe,NULL,NULL,NULL,NULL,NULL,NULL,unmatched,0.0,valid,Pre-monsoon_WL_1994-2025.pdf,NULL,NULL,local_pdf,official_web_fallback,official_web_fallback,pdf_text,NULL,NULL,7539,NULL,NULL,https://cgwb.gov.in
goa,north goa,satari,satari,Morlem,Morlem Station,15.59397,74.04632,2003,5,Pre-monsoon,3.9,NULL,Safe,NULL,NULL,NULL,NULL,NULL,NULL,unmatched,0.0,valid,Pre-monsoon_WL_1994-2025.pdf,NULL,NULL,local_pdf,official_web_fallback,official_web_fallback,pdf_text,NULL,NULL,7539,NULL,NULL,https://cgwb.gov.in
goa,north goa,satari,satari,Valpoi,Valpoi Station,15.53301,74.13723,2003,5,Pre-monsoon,6.24,NULL,Safe,NULL,NULL,NULL,NULL,NULL,NULL,unmatched,0.0,valid,Pre-monsoon_WL_1994-2025.pdf,NULL,NULL,local_pdf,official_web_fallback,official_web_fallback,pdf_text,NULL,NULL,7539,NULL,NULL,https://cgwb.gov.in
goa,north goa,tiswadi,tiswadi,Goa-Velha,Goa-Velha Station,15.44139,73.87972,2003,5,Pre-monsoon,1.77,NULL,Safe,NULL,NULL,NULL,NULL,NULL,NULL,unmatched,0.0,valid,Pre-monsoon_WL_1994-2025.pdf,NULL,NULL,local_pdf,official_web_fallback,official_web_fallback,pdf_text,NULL,NULL,7539,NULL,NULL,https://cgwb.gov.in
goa,north goa,tiswadi,tiswadi,Karanjhalen,Karanjhalen Station,15.459,73.80281,2003,5,Pre-monsoon,3.33,NULL,Safe,NULL,NULL,NULL,NULL,NULL,NULL,unmatched,0.0,valid,Pre-monsoon_WL_1994-2025.pdf,NULL,NULL,local_pdf,official_web_fallback,official_web_fallback,pdf_text,NULL,NULL,7539,NULL,NULL,https://cgwb.gov.in
goa,south goa,canacona,canacona,Agonda,Agonda Station,15.04152,73.99121,2003,5,Pre-monsoon,5.53,NULL,Safe,NULL,NULL,NULL,NULL,NULL,NULL,unmatched,0.0,valid,Pre-monsoon_WL_1994-2025.pdf,NULL,NULL,local_pdf,official_web_fallback,official_web_fallback,pdf_text,NULL,NULL,7539,NULL,NULL,https://cgwb.gov.in
goa,south goa,canacona,canacona,Canacona,Canacona Station,15.00716,74.05233,2003,5,Pre-monsoon,5.16,NULL,Safe,NULL,NULL,NULL,NULL,NULL,NULL,unmatched,0.0,valid,Pre-monsoon_WL_1994-2025.pdf,NULL,NULL,local_pdf,official_web_fallback,official_web_fallback,pdf_text,NULL,NULL,7539,NULL,NULL,https://cgwb.gov.in
goa,south goa,canacona,canacona,Carmona,Carmona Station,15.20278,73.9525,2003,5,Pre-monsoon,8.3,NULL,Safe,NULL,NULL,NULL,NULL,NULL,NULL,unmatched,0.0,valid,Pre-monsoon_WL_1994-2025.pdf,NULL,NULL,local_pdf,official_web_fallback,official_web_fallback,pdf_text,NULL,NULL,7539,NULL,NULL,https://cgwb.gov.in
goa,south goa,canacona,canacona,Daptamol Lolien,Daptamol Lolien Station,14.94986,74.05528,2003,5,Pre-monsoon,14.83,NULL,Safe,NULL,NULL,NULL,NULL,NULL,NULL,unmatched,0.0,valid,Pre-monsoon_WL_1994-2025.pdf,NULL,NULL,local_pdf,official_web_fallback,official_web_fallback,pdf_text,NULL,NULL,7539,NULL,NULL,https://cgwb.gov.in
goa,south goa,canacona,canacona,Hattipal Poinguinem,Hattipal Poinguinem Station,14.98407,74.10869,2003,5,Pre-monsoon,8.78,NULL,Safe,NULL,NULL,NULL,NULL,NULL,NULL,unmatched,0.0,valid,Pre-monsoon_WL_1994-2025.pdf,NULL,NULL,local_pdf,official_web_fallback,official_web_fallback,pdf_text,NULL,NULL,7539,NULL,NULL,https://cgwb.gov.in
goa,south goa,canacona,canacona,Polem,Polem Station,14.91289,74.08455,2003,5,Pre-monsoon,5.64,NULL,Safe,NULL,NULL,NULL,NULL,NULL,NULL,unmatched,0.0,valid,Pre-monsoon_WL_1994-2025.pdf,NULL,NULL,local_pdf,official_web_fallback,official_web_fallback,pdf_text,NULL,NULL,7539,NULL,NULL,https://cgwb.gov.in
goa,south goa,canacona,canacona,Shrishtal Gaondongar,Shrishtal Gaondongar Station,15.03725,74.11851,2003,5,Pre-monsoon,7.54,NULL,Safe,NULL,NULL,NULL,NULL,NULL,NULL,unmatched,0.0,valid,Pre-monsoon_WL_1994-2025.pdf,NULL,NULL,local_pdf,official_web_fallback,official_web_fallback,pdf_text,NULL,NULL,7539,NULL,NULL,https://cgwb.gov.in
goa,south goa,dharbandora,dharbandora,Bolkharnem,Bolkharnem Station,15.42964,74.19235,2003,5,Pre-monsoon,7.38,NULL,Safe,NULL,NULL,NULL,NULL,NULL,NULL,unmatched,0.0,valid,Pre-monsoon_WL_1994-2025.pdf,NULL,NULL,local_pdf,official_web_fallback,official_web_fallback,pdf_text,NULL,NULL,7539,NULL,NULL,https://cgwb.gov.in
goa,south goa,dharbandora,dharbandora,Colem,Colem Station,15.33497,74.24375,2003,5,Pre-monsoon,9.45,NULL,Safe,NULL,NULL,NULL,NULL,NULL,NULL,unmatched,0.0,valid,Pre-monsoon_WL_1994-2025.pdf,NULL,NULL,local_pdf,official_web_fallback,official_web_fallback,pdf_text,NULL,NULL,7539,NULL,NULL,https://cgwb.gov.in
goa,south goa,dharbandora,dharbandora,Molem,Molem Station,15.37701,74.22971,2003,5,Pre-monsoon,14.06,NULL,Safe,NULL,NULL,NULL,NULL,NULL,NULL,unmatched,0.0,valid,Pre-monsoon_WL_1994-2025.pdf,NULL,NULL,local_pdf,official_web_fallback,official_web_fallback,pdf_text,NULL,NULL,7539,NULL,NULL,https://cgwb.gov.in
goa,south goa,ponda,ponda,Shiroda,Shiroda Station,15.32068,74.03502,2003,5,Pre-monsoon,7.65,NULL,Safe,NULL,NULL,NULL,NULL,NULL,NULL,unmatched,0.0,valid,Pre-monsoon_WL_1994-2025.pdf,NULL,NULL,local_pdf,official_web_fallback,official_web_fallback,pdf_text,NULL,NULL,7539,NULL,NULL,https://cgwb.gov.in
goa,south goa,quepem,quepem,Ghadiawada,Ghadiawada Station,15.23894,74.11303,2003,5,Pre-monsoon,3.4,NULL,Safe,NULL,NULL,NULL,NULL,NULL,NULL,unmatched,0.0,valid,Pre-monsoon_WL_1994-2025.pdf,NULL,NULL,local_pdf,official_web_fallback,official_web_fallback,pdf_text,NULL,NULL,7539,NULL,NULL,https://cgwb.gov.in
goa,south goa,quepem,quepem,Quepem,Quepem Station,15.21751,74.08075,2003,5,Pre-monsoon,5.17,NULL,Safe,NULL,NULL,NULL,NULL,NULL,NULL,unmatched,0.0,valid,Pre-monsoon_WL_1994-2025.pdf,NULL,NULL,local_pdf,official_web_fallback,official_web_fallback,pdf_text,NULL,NULL,7540,NULL,NULL,https://cgwb.gov.in
goa,south goa,salcete,salcete,Akamol Ambavalli,Akamol Ambavalli Station,15.19028,74.00016,2003,5,Pre-monsoon,3.75,NULL,Safe,NULL,NULL,NULL,NULL,NULL,NULL,unmatched,0.0,valid,Pre-monsoon_WL_1994-2025.pdf,NULL,NULL,local_pdf,official_web_fallback,official_web_fallback,pdf_text,NULL,NULL,7540,NULL,NULL,https://cgwb.gov.in
goa,south goa,salcete,salcete,Ballynuvhen,Ballynuvhen Station,15.31651,73.94542,2003,5,Pre-monsoon,7.19,NULL,Safe,NULL,NULL,NULL,NULL,NULL,NULL,unmatched,0.0,valid,Pre-monsoon_WL_1994-2025.pdf,NULL,NULL,local_pdf,official_web_fallback,official_web_fallback,pdf_text,NULL,NULL,7540,NULL,NULL,https://cgwb.gov.in
goa,south goa,salcete,salcete,Majorda Bpada Curilo,Majorda Bpada Curilo Station,15.32117,73.91711,2003,5,Pre-monsoon,5.03,NULL,Safe,NULL,NULL,NULL,NULL,NULL,NULL,unmatched,0.0,valid,Pre-monsoon_WL_1994-2025.pdf,NULL,NULL,local_pdf,official_web_fallback,official_web_fallback,pdf_text,NULL,NULL,7540,NULL,NULL,https://cgwb.gov.in
goa,south goa,sanguem,sanguem,Deulwada Kolamba,Deulwada Kolamba Station,15.15021,74.13099,2003,5,Pre-monsoon,3.12,NULL,Safe,NULL,NULL,NULL,NULL,NULL,NULL,unmatched,0.0,valid,Pre-monsoon_WL_1994-2025.pdf,NULL,NULL,local_pdf,official_web_fallback,official_web_fallback,pdf_text,NULL,NULL,7540,NULL,NULL,https://cgwb.gov.in
goa,south goa,sanguem,sanguem,Neturlim,Neturlim Station,15.09065,74.21671,2003,5,Pre-monsoon,10.48,NULL,Safe,NULL,NULL,NULL,NULL,NULL,NULL,unmatched,0.0,valid,Pre-monsoon_WL_1994-2025.pdf,NULL,NULL,local_pdf,official_web_fallback,official_web_fallback,pdf_text,NULL,NULL,7540,NULL,NULL,https://cgwb.gov.in
goa,north goa,bardez,bardez,Alto Betim Porvorim,Alto Betim Porvorim Station,15.52605,73.82982,2002,5,Pre-monsoon,5.38,NULL,Safe,NULL,NULL,NULL,NULL,NULL,NULL,unmatched,0.0,valid,Pre-monsoon_WL_1994-2025.pdf,NULL,NULL,local_pdf,official_web_fallback,official_web_fallback,pdf_text,NULL,NULL,7802,NULL,NULL,https://cgwb.gov.in
goa,north goa,bardez,bardez,Calangute (Ct),Calangute (Ct) Station,15.54612,73.75861,2002,5,Pre-monsoon,8.66,NULL,Safe,NULL,NULL,NULL,NULL,NULL,NULL,unmatched,0.0,valid,Pre-monsoon_WL_1994-2025.pdf,NULL,NULL,local_pdf,official_web_fallback,official_web_fallback,pdf_text,NULL,NULL,7802,NULL,NULL,https://cgwb.gov.in
goa,north goa,bardez,bardez,Mapuca,Mapuca Station,15.61013,73.82434,2002,5,Pre-monsoon,3.95,NULL,Safe,NULL,NULL,NULL,NULL,NULL,NULL,unmatched,0.0,valid,Pre-monsoon_WL_1994-2025.pdf,NULL,NULL,local_pdf,official_web_fallback,official_web_fallback,pdf_text,NULL,NULL,7802,NULL,NULL,https://cgwb.gov.in
goa,north goa,bardez,bardez,Sircaim,Sircaim Station,15.62689,73.87588,2002,5,Pre-monsoon,4.46,NULL,Safe,NULL,NULL,NULL,NULL,NULL,NULL,unmatched,0.0,valid,Pre-monsoon_WL_1994-2025.pdf,NULL,NULL,local_pdf,official_web_fallback,official_web_fallback,pdf_text,NULL,NULL,7802,NULL,NULL,https://cgwb.gov.in
goa,north goa,bicholim,bicholim,Bordem,Bordem Station,15.58472,73.9575,2002,5,Pre-monsoon,5.12,NULL,Safe,NULL,NULL,NULL,NULL,NULL,NULL,unmatched,0.0,valid,Pre-monsoon_WL_1994-2025.pdf,NULL,NULL,local_pdf,official_web_fallback,official_web_fallback,pdf_text,NULL,NULL,7802,NULL,NULL,https://cgwb.gov.in
goa,north goa,bicholim,bicholim,Mulgao,Mulgao Station,15.61711,73.92075,2002,5,Pre-monsoon,4.03,NULL,Safe,NULL,NULL,NULL,NULL,NULL,NULL,unmatched,0.0,valid,Pre-monsoon_WL_1994-2025.pdf,NULL,NULL,local_pdf,official_web_fallback,official_web_fallback,pdf_text,NULL,NULL,7802,NULL,NULL,https://cgwb.gov.in
goa,north goa,bicholim,bicholim,Salem,Salem Station,15.68771,73.92681,2002,5,Pre-monsoon,3.06,NULL,Safe,NULL,NULL,NULL,NULL,NULL,NULL,unmatched,0.0,valid,Pre-monsoon_WL_1994-2025.pdf,NULL,NULL,local_pdf,official_web_fallback,official_web_fallback,pdf_text,NULL,NULL,7802,NULL,NULL,https://cgwb.gov.in
goa,north goa,pernem,pernem,Corgao,Corgao Station,15.70939,73.75176,2002,5,Pre-monsoon,4.97,NULL,Safe,NULL,NULL,NULL,NULL,NULL,NULL,unmatched,0.0,valid,Pre-monsoon_WL_1994-2025.pdf,NULL,NULL,local_pdf,official_web_fallback,official_web_fallback,pdf_text,NULL,NULL,7802,NULL,NULL,https://cgwb.gov.in
goa,north goa,pernem,pernem,Morji,Morji Station,15.63598,73.73963,2002,5,Pre-monsoon,2.1,NULL,Safe,NULL,NULL,NULL,NULL,NULL,NULL,unmatched,0.0,valid,Pre-monsoon_WL_1994-2025.pdf,NULL,NULL,local_pdf,official_web_fallback,official_web_fallback,pdf_text,NULL,NULL,7802,NULL,NULL,https://cgwb.gov.in
goa,north goa,pernem,pernem,Nagjhar,Nagjhar Station,15.70843,73.85289,2002,5,Pre-monsoon,10.35,NULL,Safe,NULL,NULL,NULL,NULL,NULL,NULL,unmatched,0.0,valid,Pre-monsoon_WL_1994-2025.pdf,NULL,NULL,local_pdf,official_web_fallback,official_web_fallback,pdf_text,NULL,NULL,7802,NULL,NULL,https://cgwb.gov.in
goa,north goa,pernem,pernem,Pernem,Pernem Station,15.7176,73.79806,2002,5,Pre-monsoon,2.56,NULL,Safe,NULL,NULL,NULL,NULL,NULL,NULL,unmatched,0.0,valid,Pre-monsoon_WL_1994-2025.pdf,NULL,NULL,local_pdf,official_web_fallback,official_web_fallback,pdf_text,NULL,NULL,7802,NULL,NULL,https://cgwb.gov.in
goa,north goa,satari,satari,Bayalwadikeri,Bayalwadikeri Station,15.61128,74.067,2002,5,Pre-monsoon,3.01,NULL,Safe,NULL,NULL,NULL,NULL,NULL,NULL,unmatched,0.0,valid,Pre-monsoon_WL_1994-2025.pdf,NULL,NULL,local_pdf,official_web_fallback,official_web_fallback,pdf_text,NULL,NULL,7802,NULL,NULL,https://cgwb.gov.in
goa,north goa,satari,satari,Honda,Honda Station,15.54722,74.05079,2002,5,Pre-monsoon,4.97,NULL,Safe,NULL,NULL,NULL,NULL,NULL,NULL,unmatched,0.0,valid,Pre-monsoon_WL_1994-2025.pdf,NULL,NULL,local_pdf,official_web_fallback,official_web_fallback,pdf_text,NULL,NULL,7802,NULL,NULL,https://cgwb.gov.in
goa,north goa,satari,satari,Khadki(Harijanwada),Khadki(Harijanwada) Station,15.50253,74.13964,2002,5,Pre-monsoon,11.66,NULL,Safe,NULL,NULL,NULL,NULL,NULL,NULL,unmatched,0.0,valid,Pre-monsoon_WL_1994-2025.pdf,NULL,NULL,local_pdf,official_web_fallback,official_web_fallback,pdf_text,NULL,NULL,7802,NULL,NULL,https://cgwb.gov.in
goa,north goa,satari,satari,Morlem,Morlem Station,15.59397,74.04632,2002,5,Pre-monsoon,4.13,NULL,Safe,NULL,NULL,NULL,NULL,NULL,NULL,unmatched,0.0,valid,Pre-monsoon_WL_1994-2025.pdf,NULL,NULL,local_pdf,official_web_fallback,official_web_fallback,pdf_text,NULL,NULL,7802,NULL,NULL,https://cgwb.gov.in
goa,north goa,satari,satari,Valpoi,Valpoi Station,15.53301,74.13723,2002,5,Pre-monsoon,5.88,NULL,Safe,NULL,NULL,NULL,NULL,NULL,NULL,unmatched,0.0,valid,Pre-monsoon_WL_1994-2025.pdf,NULL,NULL,local_pdf,official_web_fallback,official_web_fallback,pdf_text,NULL,NULL,7802,NULL,NULL,https://cgwb.gov.in
goa,north goa,tiswadi,tiswadi,Goa-Velha,Goa-Velha Station,15.44139,73.87972,2002,5,Pre-monsoon,1.37,NULL,Safe,NULL,NULL,NULL,NULL,NULL,NULL,unmatched,0.0,valid,Pre-monsoon_WL_1994-2025.pdf,NULL,NULL,local_pdf,official_web_fallback,official_web_fallback,pdf_text,NULL,NULL,7802,NULL,NULL,https://cgwb.gov.in
goa,north goa,tiswadi,tiswadi,Karanjhalen,Karanjhalen Station,15.459,73.80281,2002,5,Pre-monsoon,2.77,NULL,Safe,NULL,NULL,NULL,NULL,NULL,NULL,unmatched,0.0,valid,Pre-monsoon_WL_1994-2025.pdf,NULL,NULL,local_pdf,official_web_fallback,official_web_fallback,pdf_text,NULL,NULL,7802,NULL,NULL,https://cgwb.gov.in
goa,south goa,canacona,canacona,Agonda,Agonda Station,15.04152,73.99121,2002,5,Pre-monsoon,3.25,NULL,Safe,NULL,NULL,NULL,NULL,NULL,NULL,unmatched,0.0,valid,Pre-monsoon_WL_1994-2025.pdf,NULL,NULL,local_pdf,official_web_fallback,official_web_fallback,pdf_text,NULL,NULL,7802,NULL,NULL,https://cgwb.gov.in
goa,south goa,canacona,canacona,Canacona,Canacona Station,15.00716,74.05233,2002,5,Pre-monsoon,4.66,NULL,Safe,NULL,NULL,NULL,NULL,NULL,NULL,unmatched,0.0,valid,Pre-monsoon_WL_1994-2025.pdf,NULL,NULL,local_pdf,official_web_fallback,official_web_fallback,pdf_text,NULL,NULL,7802,NULL,NULL,https://cgwb.gov.in
goa,south goa,canacona,canacona,Carmona,Carmona Station,15.20278,73.9525,2002,5,Pre-monsoon,8.55,NULL,Safe,NULL,NULL,NULL,NULL,NULL,NULL,unmatched,0.0,valid,Pre-monsoon_WL_1994-2025.pdf,NULL,NULL,local_pdf,official_web_fallback,official_web_fallback,pdf_text,NULL,NULL,7802,NULL,NULL,https://cgwb.gov.in
goa,south goa,canacona,canacona,Daptamol Lolien,Daptamol Lolien Station,14.94986,74.05528,2002,5,Pre-monsoon,14.72,NULL,Safe,NULL,NULL,NULL,NULL,NULL,NULL,unmatched,0.0,valid,Pre-monsoon_WL_1994-2025.pdf,NULL,NULL,local_pdf,official_web_fallback,official_web_fallback,pdf_text,NULL,NULL,7802,NULL,NULL,https://cgwb.gov.in
goa,south goa,canacona,canacona,Gulem Velipwada,Gulem Velipwada Station,15.03918,74.02939,2002,5,Pre-monsoon,2.45,NULL,Safe,NULL,NULL,NULL,NULL,NULL,NULL,unmatched,0.0,valid,Pre-monsoon_WL_1994-2025.pdf,NULL,NULL,local_pdf,official_web_fallback,official_web_fallback,pdf_text,NULL,NULL,7803,NULL,NULL,https://cgwb.gov.in
goa,south goa,canacona,canacona,Hattipal Poinguinem,Hattipal Poinguinem Station,14.98407,74.10869,2002,5,Pre-monsoon,7.48,NULL,Safe,NULL,NULL,NULL,NULL,NULL,NULL,unmatched,0.0,valid,Pre-monsoon_WL_1994-2025.pdf,NULL,NULL,local_pdf,official_web_fallback,official_web_fallback,pdf_text,NULL,NULL,7803,NULL,NULL,https://cgwb.gov.in
goa,south goa,canacona,canacona,Polem,Polem Station,14.91289,74.08455,2002,5,Pre-monsoon,4.72,NULL,Safe,NULL,NULL,NULL,NULL,NULL,NULL,unmatched,0.0,valid,Pre-monsoon_WL_1994-2025.pdf,NULL,NULL,local_pdf,official_web_fallback,official_web_fallback,pdf_text,NULL,NULL,7803,NULL,NULL,https://cgwb.gov.in
goa,south goa,canacona,canacona,Shrishtal Gaondongar,Shrishtal Gaondongar Station,15.03725,74.11851,2002,5,Pre-monsoon,4.87,NULL,Safe,NULL,NULL,NULL,NULL,NULL,NULL,unmatched,0.0,valid,Pre-monsoon_WL_1994-2025.pdf,NULL,NULL,local_pdf,official_web_fallback,official_web_fallback,pdf_text,NULL,NULL,7803,NULL,NULL,https://cgwb.gov.in
goa,south goa,dharbandora,dharbandora,Bolkharnem,Bolkharnem Station,15.42964,74.19235,2002,5,Pre-monsoon,6.86,NULL,Safe,NULL,NULL,NULL,NULL,NULL,NULL,unmatched,0.0,valid,Pre-monsoon_WL_1994-2025.pdf,NULL,NULL,local_pdf,official_web_fallback,official_web_fallback,pdf_text,NULL,NULL,7803,NULL,NULL,https://cgwb.gov.in
goa,south goa,dharbandora,dharbandora,Colem,Colem Station,15.33497,74.24375,2002,5,Pre-monsoon,9.16,NULL,Safe,NULL,NULL,NULL,NULL,NULL,NULL,unmatched,0.0,valid,Pre-monsoon_WL_1994-2025.pdf,NULL,NULL,local_pdf,official_web_fallback,official_web_fallback,pdf_text,NULL,NULL,7803,NULL,NULL,https://cgwb.gov.in
goa,south goa,dharbandora,dharbandora,Molem,Molem Station,15.37701,74.22971,2002,5,Pre-monsoon,13.63,NULL,Safe,NULL,NULL,NULL,NULL,NULL,NULL,unmatched,0.0,valid,Pre-monsoon_WL_1994-2025.pdf,NULL,NULL,local_pdf,official_web_fallback,official_web_fallback,pdf_text,NULL,NULL,7803,NULL,NULL,https://cgwb.gov.in
goa,south goa,ponda,ponda,Shiroda,Shiroda Station,15.32068,74.03502,2002,5,Pre-monsoon,6.74,NULL,Safe,NULL,NULL,NULL,NULL,NULL,NULL,unmatched,0.0,valid,Pre-monsoon_WL_1994-2025.pdf,NULL,NULL,local_pdf,official_web_fallback,official_web_fallback,pdf_text,NULL,NULL,7803,NULL,NULL,https://cgwb.gov.in
goa,south goa,quepem,quepem,Ghadiawada,Ghadiawada Station,15.23894,74.11303,2002,5,Pre-monsoon,1.49,NULL,Safe,NULL,NULL,NULL,NULL,NULL,NULL,unmatched,0.0,valid,Pre-monsoon_WL_1994-2025.pdf,NULL,NULL,local_pdf,official_web_fallback,official_web_fallback,pdf_text,NULL,NULL,7803,NULL,NULL,https://cgwb.gov.in
goa,south goa,quepem,quepem,Quepem,Quepem Station,15.21751,74.08075,2002,5,Pre-monsoon,3.1,NULL,Safe,NULL,NULL,NULL,NULL,NULL,NULL,unmatched,0.0,valid,Pre-monsoon_WL_1994-2025.pdf,NULL,NULL,local_pdf,official_web_fallback,official_web_fallback,pdf_text,NULL,NULL,7803,NULL,NULL,https://cgwb.gov.in
goa,south goa,salcete,salcete,Akamol Ambavalli,Akamol Ambavalli Station,15.19028,74.00016,2002,5,Pre-monsoon,3.17,NULL,Safe,NULL,NULL,NULL,NULL,NULL,NULL,unmatched,0.0,valid,Pre-monsoon_WL_1994-2025.pdf,NULL,NULL,local_pdf,official_web_fallback,official_web_fallback,pdf_text,NULL,NULL,7803,NULL,NULL,https://cgwb.gov.in
goa,south goa,salcete,salcete,Ballynuvhen,Ballynuvhen Station,15.31651,73.94542,2002,5,Pre-monsoon,6.55,NULL,Safe,NULL,NULL,NULL,NULL,NULL,NULL,unmatched,0.0,valid,Pre-monsoon_WL_1994-2025.pdf,NULL,NULL,local_pdf,official_web_fallback,official_web_fallback,pdf_text,NULL,NULL,7803,NULL,NULL,https://cgwb.gov.in
goa,south goa,salcete,salcete,Majorda Bpada Curilo,Majorda Bpada Curilo Station,15.32117,73.91711,2002,5,Pre-monsoon,4.51,NULL,Safe,NULL,NULL,NULL,NULL,NULL,NULL,unmatched,0.0,valid,Pre-monsoon_WL_1994-2025.pdf,NULL,NULL,local_pdf,official_web_fallback,official_web_fallback,pdf_text,NULL,NULL,7803,NULL,NULL,https://cgwb.gov.in
goa,south goa,sanguem,sanguem,Deulwada Kolamba,Deulwada Kolamba Station,15.15021,74.13099,2002,5,Pre-monsoon,2.1,NULL,Safe,NULL,NULL,NULL,NULL,NULL,NULL,unmatched,0.0,valid,Pre-monsoon_WL_1994-2025.pdf,NULL,NULL,local_pdf,official_web_fallback,official_web_fallback,pdf_text,NULL,NULL,7803,NULL,NULL,https://cgwb.gov.in
goa,south goa,sanguem,sanguem,Neturlim,Neturlim Station,15.09065,74.21671,2002,5,Pre-monsoon,10.24,NULL,Safe,NULL,NULL,NULL,NULL,NULL,NULL,unmatched,0.0,valid,Pre-monsoon_WL_1994-2025.pdf,NULL,NULL,local_pdf,official_web_fallback,official_web_fallback,pdf_text,NULL,NULL,7803,NULL,NULL,https://cgwb.gov.in
goa,north goa,bardez,bardez,Alto Betim Porvorim,Alto Betim Porvorim Station,15.526048,73.829823,2001,5,Pre-monsoon,12.73,NULL,Safe,NULL,NULL,NULL,NULL,NULL,NULL,unmatched,0.0,valid,Pre-monsoon_WL_1994-2025.pdf,NULL,NULL,local_pdf,official_web_fallback,official_web_fallback,pdf_text,NULL,NULL,8071,NULL,NULL,https://cgwb.gov.in
goa,north goa,bardez,bardez,Calangute (Ct),Calangute (Ct) Station,15.546118,73.758614,2001,5,Pre-monsoon,9.09,NULL,Safe,NULL,NULL,NULL,NULL,NULL,NULL,unmatched,0.0,valid,Pre-monsoon_WL_1994-2025.pdf,NULL,NULL,local_pdf,official_web_fallback,official_web_fallback,pdf_text,NULL,NULL,8071,NULL,NULL,https://cgwb.gov.in
goa,north goa,bardez,bardez,Mapuca,Mapuca Station,15.610131,73.824339,2001,5,Pre-monsoon,4.39,NULL,Safe,NULL,NULL,NULL,NULL,NULL,NULL,unmatched,0.0,valid,Pre-monsoon_WL_1994-2025.pdf,NULL,NULL,local_pdf,official_web_fallback,official_web_fallback,pdf_text,NULL,NULL,8071,NULL,NULL,https://cgwb.gov.in
goa,north goa,bardez,bardez,Sircaim,Sircaim Station,15.626885,73.875879,2001,5,Pre-monsoon,4.21,NULL,Safe,NULL,NULL,NULL,NULL,NULL,NULL,unmatched,0.0,valid,Pre-monsoon_WL_1994-2025.pdf,NULL,NULL,local_pdf,official_web_fallback,official_web_fallback,pdf_text,NULL,NULL,8071,NULL,NULL,https://cgwb.gov.in
goa,north goa,bicholim,bicholim,Bordem,Bordem Station,15.584722,73.9575,2001,5,Pre-monsoon,5.43,NULL,Safe,NULL,NULL,NULL,NULL,NULL,NULL,unmatched,0.0,valid,Pre-monsoon_WL_1994-2025.pdf,NULL,NULL,local_pdf,official_web_fallback,official_web_fallback,pdf_text,NULL,NULL,8071,NULL,NULL,https://cgwb.gov.in
goa,north goa,bicholim,bicholim,Mulgao,Mulgao Station,15.617109,73.920746,2001,5,Pre-monsoon,3.9,NULL,Safe,NULL,NULL,NULL,NULL,NULL,NULL,unmatched,0.0,valid,Pre-monsoon_WL_1994-2025.pdf,NULL,NULL,local_pdf,official_web_fallback,official_web_fallback,pdf_text,NULL,NULL,8071,NULL,NULL,https://cgwb.gov.in
goa,north goa,bicholim,bicholim,Salem,Salem Station,15.687709,73.926811,2001,5,Pre-monsoon,3.33,NULL,Safe,NULL,NULL,NULL,NULL,NULL,NULL,unmatched,0.0,valid,Pre-monsoon_WL_1994-2025.pdf,NULL,NULL,local_pdf,official_web_fallback,official_web_fallback,pdf_text,NULL,NULL,8071,NULL,NULL,https://cgwb.gov.in
goa,north goa,pernem,pernem,Corgao,Corgao Station,15.709394,73.751757,2001,5,Pre-monsoon,5.07,NULL,Safe,NULL,NULL,NULL,NULL,NULL,NULL,unmatched,0.0,valid,Pre-monsoon_WL_1994-2025.pdf,NULL,NULL,local_pdf,official_web_fallback,official_web_fallback,pdf_text,NULL,NULL,8071,NULL,NULL,https://cgwb.gov.in
goa,north goa,pernem,pernem,Morji,Morji Station,15.635979,73.739628,2001,5,Pre-monsoon,2.3,NULL,Safe,NULL,NULL,NULL,NULL,NULL,NULL,unmatched,0.0,valid,Pre-monsoon_WL_1994-2025.pdf,NULL,NULL,local_pdf,official_web_fallback,official_web_fallback,pdf_text,NULL,NULL,8071,NULL,NULL,https://cgwb.gov.in
goa,north goa,pernem,pernem,Nagjhar,Nagjhar Station,15.708432,73.852888,2001,5,Pre-monsoon,10.33,NULL,Safe,NULL,NULL,NULL,NULL,NULL,NULL,unmatched,0.0,valid,Pre-monsoon_WL_1994-2025.pdf,NULL,NULL,local_pdf,official_web_fallback,official_web_fallback,pdf_text,NULL,NULL,8071,NULL,NULL,https://cgwb.gov.in
goa,north goa,pernem,pernem,Pernem,Pernem Station,15.717596,73.798064,2001,5,Pre-monsoon,2.75,NULL,Safe,NULL,NULL,NULL,NULL,NULL,NULL,unmatched,0.0,valid,Pre-monsoon_WL_1994-2025.pdf,NULL,NULL,local_pdf,official_web_fallback,official_web_fallback,pdf_text,NULL,NULL,8071,NULL,NULL,https://cgwb.gov.in
goa,north goa,pernem,pernem,Varconda,Varconda Station,15.754647,73.835327,2001,5,Pre-monsoon,4.03,NULL,Safe,NULL,NULL,NULL,NULL,NULL,NULL,unmatched,0.0,valid,Pre-monsoon_WL_1994-2025.pdf,NULL,NULL,local_pdf,official_web_fallback,official_web_fallback,pdf_text,NULL,NULL,8071,NULL,NULL,https://cgwb.gov.in
goa,north goa,satari,satari,Bayalwadikeri,Bayalwadikeri Station,15.611276,74.067004,2001,5,Pre-monsoon,2.56,NULL,Safe,NULL,NULL,NULL,NULL,NULL,NULL,unmatched,0.0,valid,Pre-monsoon_WL_1994-2025.pdf,NULL,NULL,local_pdf,official_web_fallback,official_web_fallback,pdf_text,NULL,NULL,8071,NULL,NULL,https://cgwb.gov.in
goa,north goa,satari,satari,Hivre Budruk,Hivre Budruk Station,15.6319444,74.00174074,2001,5,Pre-monsoon,7.89,NULL,Safe,NULL,NULL,NULL,NULL,NULL,NULL,unmatched,0.0,valid,Pre-monsoon_WL_1994-2025.pdf,NULL,NULL,local_pdf,official_web_fallback,official_web_fallback,pdf_text,NULL,NULL,8071,NULL,NULL,https://cgwb.gov.in
goa,north goa,satari,satari,Honda,Honda Station,15.547216,74.050791,2001,5,Pre-monsoon,4.89,NULL,Safe,NULL,NULL,NULL,NULL,NULL,NULL,unmatched,0.0,valid,Pre-monsoon_WL_1994-2025.pdf,NULL,NULL,local_pdf,official_web_fallback,official_web_fallback,pdf_text,NULL,NULL,8071,NULL,NULL,https://cgwb.gov.in
goa,north goa,satari,satari,Khadki(Harijanwada),Khadki(Harijanwada) Station,15.502534,74.139637,2001,5,Pre-monsoon,11.6,NULL,Safe,NULL,NULL,NULL,NULL,NULL,NULL,unmatched,0.0,valid,Pre-monsoon_WL_1994-2025.pdf,NULL,NULL,local_pdf,official_web_fallback,official_web_fallback,pdf_text,NULL,NULL,8071,NULL,NULL,https://cgwb.gov.in
goa,north goa,satari,satari,Morlem,Morlem Station,15.593972,74.046324,2001,5,Pre-monsoon,3.92,NULL,Safe,NULL,NULL,NULL,NULL,NULL,NULL,unmatched,0.0,valid,Pre-monsoon_WL_1994-2025.pdf,NULL,NULL,local_pdf,official_web_fallback,official_web_fallback,pdf_text,NULL,NULL,8071,NULL,NULL,https://cgwb.gov.in
goa,north goa,satari,satari,Valpoi,Valpoi Station,15.533006,74.137227,2001,5,Pre-monsoon,5.92,NULL,Safe,NULL,NULL,NULL,NULL,NULL,NULL,unmatched,0.0,valid,Pre-monsoon_WL_1994-2025.pdf,NULL,NULL,local_pdf,official_web_fallback,official_web_fallback,pdf_text,NULL,NULL,8071,NULL,NULL,https://cgwb.gov.in
goa,north goa,tiswadi,tiswadi,Goa-Velha,Goa-Velha Station,15.441389,73.879722,2001,5,Pre-monsoon,1.49,NULL,Safe,NULL,NULL,NULL,NULL,NULL,NULL,unmatched,0.0,valid,Pre-monsoon_WL_1994-2025.pdf,NULL,NULL,local_pdf,official_web_fallback,official_web_fallback,pdf_text,NULL,NULL,8071,NULL,NULL,https://cgwb.gov.in
goa,north goa,tiswadi,tiswadi,Karanjhalen,Karanjhalen Station,15.458997,73.802807,2001,5,Pre-monsoon,3.05,NULL,Safe,NULL,NULL,NULL,NULL,NULL,NULL,unmatched,0.0,valid,Pre-monsoon_WL_1994-2025.pdf,NULL,NULL,local_pdf,official_web_fallback,official_web_fallback,pdf_text,NULL,NULL,8071,NULL,NULL,https://cgwb.gov.in
goa,south goa,canacona,canacona,Agonda,Agonda Station,15.041519,73.991213,2001,5,Pre-monsoon,4.26,NULL,Safe,NULL,NULL,NULL,NULL,NULL,NULL,unmatched,0.0,valid,Pre-monsoon_WL_1994-2025.pdf,NULL,NULL,local_pdf,official_web_fallback,official_web_fallback,pdf_text,NULL,NULL,8071,NULL,NULL,https://cgwb.gov.in
goa,south goa,canacona,canacona,Canacona,Canacona Station,15.00716,74.052334,2001,5,Pre-monsoon,3.58,NULL,Safe,NULL,NULL,NULL,NULL,NULL,NULL,unmatched,0.0,valid,Pre-monsoon_WL_1994-2025.pdf,NULL,NULL,local_pdf,official_web_fallback,official_web_fallback,pdf_text,NULL,NULL,8071,NULL,NULL,https://cgwb.gov.in
goa,south goa,canacona,canacona,Carmona,Carmona Station,15.202778,73.9525,2001,5,Pre-monsoon,8.15,NULL,Safe,NULL,NULL,NULL,NULL,NULL,NULL,unmatched,0.0,valid,Pre-monsoon_WL_1994-2025.pdf,NULL,NULL,local_pdf,official_web_fallback,official_web_fallback,pdf_text,NULL,NULL,8071,NULL,NULL,https://cgwb.gov.in
goa,south goa,canacona,canacona,Daptamol Lolien,Daptamol Lolien Station,14.949857,74.05528,2001,5,Pre-monsoon,14.77,NULL,Safe,NULL,NULL,NULL,NULL,NULL,NULL,unmatched,0.0,valid,Pre-monsoon_WL_1994-2025.pdf,NULL,NULL,local_pdf,official_web_fallback,official_web_fallback,pdf_text,NULL,NULL,8071,NULL,NULL,https://cgwb.gov.in
goa,south goa,canacona,canacona,Gulem Velipwada,Gulem Velipwada Station,15.039181,74.029388,2001,5,Pre-monsoon,1.24,NULL,Safe,NULL,NULL,NULL,NULL,NULL,NULL,unmatched,0.0,valid,Pre-monsoon_WL_1994-2025.pdf,NULL,NULL,local_pdf,official_web_fallback,official_web_fallback,pdf_text,NULL,NULL,8071,NULL,NULL,https://cgwb.gov.in
goa,south goa,canacona,canacona,Hattipal Poinguinem,Hattipal Poinguinem Station,14.984068,74.108687,2001,5,Pre-monsoon,7.67,NULL,Safe,NULL,NULL,NULL,NULL,NULL,NULL,unmatched,0.0,valid,Pre-monsoon_WL_1994-2025.pdf,NULL,NULL,local_pdf,official_web_fallback,official_web_fallback,pdf_text,NULL,NULL,8071,NULL,NULL,https://cgwb.gov.in
goa,south goa,canacona,canacona,Polem,Polem Station,14.912892,74.084546,2001,5,Pre-monsoon,4.18,NULL,Safe,NULL,NULL,NULL,NULL,NULL,NULL,unmatched,0.0,valid,Pre-monsoon_WL_1994-2025.pdf,NULL,NULL,local_pdf,official_web_fallback,official_web_fallback,pdf_text,NULL,NULL,8071,NULL,NULL,https://cgwb.gov.in
goa,south goa,canacona,canacona,Shrishtal Gaondongar,Shrishtal Gaondongar Station,15.037246,74.118511,2001,5,Pre-monsoon,4.93,NULL,Safe,NULL,NULL,NULL,NULL,NULL,NULL,unmatched,0.0,valid,Pre-monsoon_WL_1994-2025.pdf,NULL,NULL,local_pdf,official_web_fallback,official_web_fallback,pdf_text,NULL,NULL,8071,NULL,NULL,https://cgwb.gov.in
goa,south goa,dharbandora,dharbandora,Bolkharnem,Bolkharnem Station,15.42964,74.192351,2001,5,Pre-monsoon,6.86,NULL,Safe,NULL,NULL,NULL,NULL,NULL,NULL,unmatched,0.0,valid,Pre-monsoon_WL_1994-2025.pdf,NULL,NULL,local_pdf,official_web_fallback,official_web_fallback,pdf_text,NULL,NULL,8071,NULL,NULL,https://cgwb.gov.in
goa,south goa,dharbandora,dharbandora,Colem,Colem Station,15.334968,74.243751,2001,5,Pre-monsoon,9.33,NULL,Safe,NULL,NULL,NULL,NULL,NULL,NULL,unmatched,0.0,valid,Pre-monsoon_WL_1994-2025.pdf,NULL,NULL,local_pdf,official_web_fallback,official_web_fallback,pdf_text,NULL,NULL,8071,NULL,NULL,https://cgwb.gov.in
goa,south goa,dharbandora,dharbandora,Molem,Molem Station,15.377007,74.229711,2001,5,Pre-monsoon,13.33,NULL,Safe,NULL,NULL,NULL,NULL,NULL,NULL,unmatched,0.0,valid,Pre-monsoon_WL_1994-2025.pdf,NULL,NULL,local_pdf,official_web_fallback,official_web_fallback,pdf_text,NULL,NULL,8071,NULL,NULL,https://cgwb.gov.in
goa,south goa,ponda,ponda,Shiroda,Shiroda Station,15.320676,74.035024,2001,5,Pre-monsoon,7.1,NULL,Safe,NULL,NULL,NULL,NULL,NULL,NULL,unmatched,0.0,valid,Pre-monsoon_WL_1994-2025.pdf,NULL,NULL,local_pdf,official_web_fallback,official_web_fallback,pdf_text,NULL,NULL,8071,NULL,NULL,https://cgwb.gov.in
goa,south goa,quepem,quepem,Ghadiawada,Ghadiawada Station,15.238944,74.113026,2001,5,Pre-monsoon,2.43,NULL,Safe,NULL,NULL,NULL,NULL,NULL,NULL,unmatched,0.0,valid,Pre-monsoon_WL_1994-2025.pdf,NULL,NULL,local_pdf,official_web_fallback,official_web_fallback,pdf_text,NULL,NULL,8071,NULL,NULL,https://cgwb.gov.in
goa,south goa,quepem,quepem,Quepem,Quepem Station,15.217509,74.08075,2001,5,Pre-monsoon,4.13,NULL,Safe,NULL,NULL,NULL,NULL,NULL,NULL,unmatched,0.0,valid,Pre-monsoon_WL_1994-2025.pdf,NULL,NULL,local_pdf,official_web_fallback,official_web_fallback,pdf_text,NULL,NULL,8071,NULL,NULL,https://cgwb.gov.in
goa,south goa,salcete,salcete,Akamol Ambavalli,Akamol Ambavalli Station,15.1902778,74.00015741,2001,5,Pre-monsoon,3.59,NULL,Safe,NULL,NULL,NULL,NULL,NULL,NULL,unmatched,0.0,valid,Pre-monsoon_WL_1994-2025.pdf,NULL,NULL,local_pdf,official_web_fallback,official_web_fallback,pdf_text,NULL,NULL,8071,NULL,NULL,https://cgwb.gov.in
goa,south goa,salcete,salcete,Ballynuvhen,Ballynuvhen Station,15.31651,73.945415,2001,5,Pre-monsoon,7.17,NULL,Safe,NULL,NULL,NULL,NULL,NULL,NULL,unmatched,0.0,valid,Pre-monsoon_WL_1994-2025.pdf,NULL,NULL,local_pdf,official_web_fallback,official_web_fallback,pdf_text,NULL,NULL,8071,NULL,NULL,https://cgwb.gov.in
goa,south goa,salcete,salcete,Majorda Bpada Curilo,Majorda Bpada Curilo Station,15.321171,73.91711,2001,5,Pre-monsoon,5.02,NULL,Safe,NULL,NULL,NULL,NULL,NULL,NULL,unmatched,0.0,valid,Pre-monsoon_WL_1994-2025.pdf,NULL,NULL,local_pdf,official_web_fallback,official_web_fallback,pdf_text,NULL,NULL,8071,NULL,NULL,https://cgwb.gov.in
goa,south goa,sanguem,sanguem,Deulwada Kolamba,Deulwada Kolamba Station,15.150208,74.130991,2001,5,Pre-monsoon,2.35,NULL,Safe,NULL,NULL,NULL,NULL,NULL,NULL,unmatched,0.0,valid,Pre-monsoon_WL_1994-2025.pdf,NULL,NULL,local_pdf,official_web_fallback,official_web_fallback,pdf_text,NULL,NULL,8071,NULL,NULL,https://cgwb.gov.in
goa,south goa,sanguem,sanguem,Neturlim,Neturlim Station,15.09065,74.216706,2001,5,Pre-monsoon,10.28,NULL,Safe,NULL,NULL,NULL,NULL,NULL,NULL,unmatched,0.0,valid,Pre-monsoon_WL_1994-2025.pdf,NULL,NULL,local_pdf,official_web_fallback,official_web_fallback,pdf_text,NULL,NULL,8072,NULL,NULL,https://cgwb.gov.in
goa,north goa,bardez,bardez,Alto Betim Porvorim,Alto Betim Porvorim Station,15.52605,73.82982,2000,5,Pre-monsoon,0.95,NULL,Safe,NULL,NULL,NULL,NULL,NULL,NULL,unmatched,0.0,valid,Pre-monsoon_WL_1994-2025.pdf,NULL,NULL,local_pdf,official_web_fallback,official_web_fallback,pdf_text,NULL,NULL,8342,NULL,NULL,https://cgwb.gov.in
goa,north goa,bardez,bardez,Calangute (Ct),Calangute (Ct) Station,15.54612,73.75861,2000,5,Pre-monsoon,7.2,NULL,Safe,NULL,NULL,NULL,NULL,NULL,NULL,unmatched,0.0,valid,Pre-monsoon_WL_1994-2025.pdf,NULL,NULL,local_pdf,official_web_fallback,official_web_fallback,pdf_text,NULL,NULL,8342,NULL,NULL,https://cgwb.gov.in
goa,north goa,bardez,bardez,Mapuca,Mapuca Station,15.61013,73.82434,2000,5,Pre-monsoon,1.15,NULL,Safe,NULL,NULL,NULL,NULL,NULL,NULL,unmatched,0.0,valid,Pre-monsoon_WL_1994-2025.pdf,NULL,NULL,local_pdf,official_web_fallback,official_web_fallback,pdf_text,NULL,NULL,8342,NULL,NULL,https://cgwb.gov.in
goa,north goa,bardez,bardez,Sircaim,Sircaim Station,15.62689,73.87588,2000,5,Pre-monsoon,0.15,NULL,Safe,NULL,NULL,NULL,NULL,NULL,NULL,unmatched,0.0,valid,Pre-monsoon_WL_1994-2025.pdf,NULL,NULL,local_pdf,official_web_fallback,official_web_fallback,pdf_text,NULL,NULL,8342,NULL,NULL,https://cgwb.gov.in
goa,north goa,bicholim,bicholim,Bordem,Bordem Station,15.58472,73.9575,2000,5,Pre-monsoon,0.15,NULL,Safe,NULL,NULL,NULL,NULL,NULL,NULL,unmatched,0.0,valid,Pre-monsoon_WL_1994-2025.pdf,NULL,NULL,local_pdf,official_web_fallback,official_web_fallback,pdf_text,NULL,NULL,8342,NULL,NULL,https://cgwb.gov.in
goa,north goa,bicholim,bicholim,Mulgao,Mulgao Station,15.61711,73.92075,2000,5,Pre-monsoon,1.39,NULL,Safe,NULL,NULL,NULL,NULL,NULL,NULL,unmatched,0.0,valid,Pre-monsoon_WL_1994-2025.pdf,NULL,NULL,local_pdf,official_web_fallback,official_web_fallback,pdf_text,NULL,NULL,8342,NULL,NULL,https://cgwb.gov.in
goa,north goa,bicholim,bicholim,Salem,Salem Station,15.68771,73.92681,2000,5,Pre-monsoon,1.39,NULL,Safe,NULL,NULL,NULL,NULL,NULL,NULL,unmatched,0.0,valid,Pre-monsoon_WL_1994-2025.pdf,NULL,NULL,local_pdf,official_web_fallback,official_web_fallback,pdf_text,NULL,NULL,8342,NULL,NULL,https://cgwb.gov.in
goa,north goa,pernem,pernem,Corgao,Corgao Station,15.70939,73.75176,2000,5,Pre-monsoon,3.15,NULL,Safe,NULL,NULL,NULL,NULL,NULL,NULL,unmatched,0.0,valid,Pre-monsoon_WL_1994-2025.pdf,NULL,NULL,local_pdf,official_web_fallback,official_web_fallback,pdf_text,NULL,NULL,8342,NULL,NULL,https://cgwb.gov.in
goa,north goa,pernem,pernem,Morji,Morji Station,15.63598,73.73963,2000,5,Pre-monsoon,0.28,NULL,Safe,NULL,NULL,NULL,NULL,NULL,NULL,unmatched,0.0,valid,Pre-monsoon_WL_1994-2025.pdf,NULL,NULL,local_pdf,official_web_fallback,official_web_fallback,pdf_text,NULL,NULL,8342,NULL,NULL,https://cgwb.gov.in
goa,north goa,pernem,pernem,Nagjhar,Nagjhar Station,15.70843,73.85289,2000,5,Pre-monsoon,0.6,NULL,Safe,NULL,NULL,NULL,NULL,NULL,NULL,unmatched,0.0,valid,Pre-monsoon_WL_1994-2025.pdf,NULL,NULL,local_pdf,official_web_fallback,official_web_fallback,pdf_text,NULL,NULL,8342,NULL,NULL,https://cgwb.gov.in
goa,north goa,pernem,pernem,Pernem,Pernem Station,15.7176,73.79806,2000,5,Pre-monsoon,0.64,NULL,Safe,NULL,NULL,NULL,NULL,NULL,NULL,unmatched,0.0,valid,Pre-monsoon_WL_1994-2025.pdf,NULL,NULL,local_pdf,official_web_fallback,official_web_fallback,pdf_text,NULL,NULL,8342,NULL,NULL,https://cgwb.gov.in
goa,north goa,pernem,pernem,Varconda,Varconda Station,15.75465,73.83533,2000,5,Pre-monsoon,2.11,NULL,Safe,NULL,NULL,NULL,NULL,NULL,NULL,unmatched,0.0,valid,Pre-monsoon_WL_1994-2025.pdf,NULL,NULL,local_pdf,official_web_fallback,official_web_fallback,pdf_text,NULL,NULL,8342,NULL,NULL,https://cgwb.gov.in
goa,north goa,satari,satari,Bayalwadikeri,Bayalwadikeri Station,15.61128,74.067,2000,5,Pre-monsoon,1.04,NULL,Safe,NULL,NULL,NULL,NULL,NULL,NULL,unmatched,0.0,valid,Pre-monsoon_WL_1994-2025.pdf,NULL,NULL,local_pdf,official_web_fallback,official_web_fallback,pdf_text,NULL,NULL,8342,NULL,NULL,https://cgwb.gov.in
goa,north goa,satari,satari,Hivre Budruk,Hivre Budruk Station,15.63194,74.00174,2000,5,Pre-monsoon,0.99,NULL,Safe,NULL,NULL,NULL,NULL,NULL,NULL,unmatched,0.0,valid,Pre-monsoon_WL_1994-2025.pdf,NULL,NULL,local_pdf,official_web_fallback,official_web_fallback,pdf_text,NULL,NULL,8342,NULL,NULL,https://cgwb.gov.in
goa,north goa,satari,satari,Honda,Honda Station,15.54722,74.05079,2000,5,Pre-monsoon,1.13,NULL,Safe,NULL,NULL,NULL,NULL,NULL,NULL,unmatched,0.0,valid,Pre-monsoon_WL_1994-2025.pdf,NULL,NULL,local_pdf,official_web_fallback,official_web_fallback,pdf_text,NULL,NULL,8342,NULL,NULL,https://cgwb.gov.in
goa,north goa,satari,satari,Khadki(Harijanwada),Khadki(Harijanwada) Station,15.50253,74.13964,2000,5,Pre-monsoon,4.04,NULL,Safe,NULL,NULL,NULL,NULL,NULL,NULL,unmatched,0.0,valid,Pre-monsoon_WL_1994-2025.pdf,NULL,NULL,local_pdf,official_web_fallback,official_web_fallback,pdf_text,NULL,NULL,8343,NULL,NULL,https://cgwb.gov.in
goa,north goa,satari,satari,Morlem,Morlem Station,15.59397,74.04632,2000,5,Pre-monsoon,2.11,NULL,Safe,NULL,NULL,NULL,NULL,NULL,NULL,unmatched,0.0,valid,Pre-monsoon_WL_1994-2025.pdf,NULL,NULL,local_pdf,official_web_fallback,official_web_fallback,pdf_text,NULL,NULL,8343,NULL,NULL,https://cgwb.gov.in
goa,north goa,satari,satari,Valpoi,Valpoi Station,15.53301,74.13723,2000,5,Pre-monsoon,1.3,NULL,Safe,NULL,NULL,NULL,NULL,NULL,NULL,unmatched,0.0,valid,Pre-monsoon_WL_1994-2025.pdf,NULL,NULL,local_pdf,official_web_fallback,official_web_fallback,pdf_text,NULL,NULL,8343,NULL,NULL,https://cgwb.gov.in
goa,north goa,tiswadi,tiswadi,Goa-Velha,Goa-Velha Station,15.44139,73.87972,2000,5,Pre-monsoon,0.19,NULL,Safe,NULL,NULL,NULL,NULL,NULL,NULL,unmatched,0.0,valid,Pre-monsoon_WL_1994-2025.pdf,NULL,NULL,local_pdf,official_web_fallback,official_web_fallback,pdf_text,NULL,NULL,8343,NULL,NULL,https://cgwb.gov.in
goa,north goa,tiswadi,tiswadi,Karanjhalen,Karanjhalen Station,15.459,73.80281,2000,5,Pre-monsoon,0.84,NULL,Safe,NULL,NULL,NULL,NULL,NULL,NULL,unmatched,0.0,valid,Pre-monsoon_WL_1994-2025.pdf,NULL,NULL,local_pdf,official_web_fallback,official_web_fallback,pdf_text,NULL,NULL,8343,NULL,NULL,https://cgwb.gov.in
goa,south goa,canacona,canacona,Agonda,Agonda Station,15.04152,73.99121,2000,5,Pre-monsoon,0.88,NULL,Safe,NULL,NULL,NULL,NULL,NULL,NULL,unmatched,0.0,valid,Pre-monsoon_WL_1994-2025.pdf,NULL,NULL,local_pdf,official_web_fallback,official_web_fallback,pdf_text,NULL,NULL,8343,NULL,NULL,https://cgwb.gov.in
goa,south goa,canacona,canacona,Canacona,Canacona Station,15.00716,74.05233,2000,5,Pre-monsoon,1.23,NULL,Safe,NULL,NULL,NULL,NULL,NULL,NULL,unmatched,0.0,valid,Pre-monsoon_WL_1994-2025.pdf,NULL,NULL,local_pdf,official_web_fallback,official_web_fallback,pdf_text,NULL,NULL,8343,NULL,NULL,https://cgwb.gov.in
goa,south goa,canacona,canacona,Carmona,Carmona Station,15.20278,73.9525,2000,5,Pre-monsoon,7.04,NULL,Safe,NULL,NULL,NULL,NULL,NULL,NULL,unmatched,0.0,valid,Pre-monsoon_WL_1994-2025.pdf,NULL,NULL,local_pdf,official_web_fallback,official_web_fallback,pdf_text,NULL,NULL,8343,NULL,NULL,https://cgwb.gov.in
goa,south goa,canacona,canacona,Daptamol Lolien,Daptamol Lolien Station,14.94986,74.05528,2000,5,Pre-monsoon,10.75,NULL,Safe,NULL,NULL,NULL,NULL,NULL,NULL,unmatched,0.0,valid,Pre-monsoon_WL_1994-2025.pdf,NULL,NULL,local_pdf,official_web_fallback,official_web_fallback,pdf_text,NULL,NULL,8343,NULL,NULL,https://cgwb.gov.in
goa,south goa,canacona,canacona,Gulem Velipwada,Gulem Velipwada Station,15.03918,74.02939,2000,5,Pre-monsoon,0.49,NULL,Safe,NULL,NULL,NULL,NULL,NULL,NULL,unmatched,0.0,valid,Pre-monsoon_WL_1994-2025.pdf,NULL,NULL,local_pdf,official_web_fallback,official_web_fallback,pdf_text,NULL,NULL,8343,NULL,NULL,https://cgwb.gov.in
goa,south goa,canacona,canacona,Hattipal Poinguinem,Hattipal Poinguinem Station,14.98407,74.10869,2000,5,Pre-monsoon,3.4,NULL,Safe,NULL,NULL,NULL,NULL,NULL,NULL,unmatched,0.0,valid,Pre-monsoon_WL_1994-2025.pdf,NULL,NULL,local_pdf,official_web_fallback,official_web_fallback,pdf_text,NULL,NULL,8343,NULL,NULL,https://cgwb.gov.in
goa,south goa,canacona,canacona,Polem,Polem Station,14.91289,74.08455,2000,5,Pre-monsoon,0.8,NULL,Safe,NULL,NULL,NULL,NULL,NULL,NULL,unmatched,0.0,valid,Pre-monsoon_WL_1994-2025.pdf,NULL,NULL,local_pdf,official_web_fallback,official_web_fallback,pdf_text,NULL,NULL,8343,NULL,NULL,https://cgwb.gov.in
goa,south goa,canacona,canacona,Shrishtal Gaondongar,Shrishtal Gaondongar Station,15.03725,74.11851,2000,5,Pre-monsoon,2.44,NULL,Safe,NULL,NULL,NULL,NULL,NULL,NULL,unmatched,0.0,valid,Pre-monsoon_WL_1994-2025.pdf,NULL,NULL,local_pdf,official_web_fallback,official_web_fallback,pdf_text,NULL,NULL,8343,NULL,NULL,https://cgwb.gov.in
goa,south goa,dharbandora,dharbandora,Bolkharnem,Bolkharnem Station,15.42964,74.19235,2000,5,Pre-monsoon,4.46,NULL,Safe,NULL,NULL,NULL,NULL,NULL,NULL,unmatched,0.0,valid,Pre-monsoon_WL_1994-2025.pdf,NULL,NULL,local_pdf,official_web_fallback,official_web_fallback,pdf_text,NULL,NULL,8343,NULL,NULL,https://cgwb.gov.in
goa,south goa,dharbandora,dharbandora,Colem,Colem Station,15.33497,74.24375,2000,5,Pre-monsoon,4.73,NULL,Safe,NULL,NULL,NULL,NULL,NULL,NULL,unmatched,0.0,valid,Pre-monsoon_WL_1994-2025.pdf,NULL,NULL,local_pdf,official_web_fallback,official_web_fallback,pdf_text,NULL,NULL,8343,NULL,NULL,https://cgwb.gov.in
goa,south goa,dharbandora,dharbandora,Molem,Molem Station,15.37701,74.22971,2000,5,Pre-monsoon,5.54,NULL,Safe,NULL,NULL,NULL,NULL,NULL,NULL,unmatched,0.0,valid,Pre-monsoon_WL_1994-2025.pdf,NULL,NULL,local_pdf,official_web_fallback,official_web_fallback,pdf_text,NULL,NULL,8343,NULL,NULL,https://cgwb.gov.in
goa,south goa,ponda,ponda,Shiroda,Shiroda Station,15.32068,74.03502,2000,5,Pre-monsoon,4.02,NULL,Safe,NULL,NULL,NULL,NULL,NULL,NULL,unmatched,0.0,valid,Pre-monsoon_WL_1994-2025.pdf,NULL,NULL,local_pdf,official_web_fallback,official_web_fallback,pdf_text,NULL,NULL,8343,NULL,NULL,https://cgwb.gov.in
goa,south goa,quepem,quepem,Ghadiawada,Ghadiawada Station,15.23894,74.11303,2000,5,Pre-monsoon,0.6,NULL,Safe,NULL,NULL,NULL,NULL,NULL,NULL,unmatched,0.0,valid,Pre-monsoon_WL_1994-2025.pdf,NULL,NULL,local_pdf,official_web_fallback,official_web_fallback,pdf_text,NULL,NULL,8343,NULL,NULL,https://cgwb.gov.in
goa,south goa,quepem,quepem,Quepem,Quepem Station,15.21751,74.08075,2000,5,Pre-monsoon,0.03,NULL,Safe,NULL,NULL,NULL,NULL,NULL,NULL,unmatched,0.0,valid,Pre-monsoon_WL_1994-2025.pdf,NULL,NULL,local_pdf,official_web_fallback,official_web_fallback,pdf_text,NULL,NULL,8343,NULL,NULL,https://cgwb.gov.in
goa,south goa,salcete,salcete,Akamol Ambavalli,Akamol Ambavalli Station,15.19028,74.00016,2000,5,Pre-monsoon,0.48,NULL,Safe,NULL,NULL,NULL,NULL,NULL,NULL,unmatched,0.0,valid,Pre-monsoon_WL_1994-2025.pdf,NULL,NULL,local_pdf,official_web_fallback,official_web_fallback,pdf_text,NULL,NULL,8343,NULL,NULL,https://cgwb.gov.in
goa,south goa,salcete,salcete,Ballynuvhen,Ballynuvhen Station,15.31651,73.94542,2000,5,Pre-monsoon,3.03,NULL,Safe,NULL,NULL,NULL,NULL,NULL,NULL,unmatched,0.0,valid,Pre-monsoon_WL_1994-2025.pdf,NULL,NULL,local_pdf,official_web_fallback,official_web_fallback,pdf_text,NULL,NULL,8343,NULL,NULL,https://cgwb.gov.in
goa,south goa,salcete,salcete,Majorda Bpada Curilo,Majorda Bpada Curilo Station,15.32117,73.91711,2000,5,Pre-monsoon,0.22,NULL,Safe,NULL,NULL,NULL,NULL,NULL,NULL,unmatched,0.0,valid,Pre-monsoon_WL_1994-2025.pdf,NULL,NULL,local_pdf,official_web_fallback,official_web_fallback,pdf_text,NULL,NULL,8343,NULL,NULL,https://cgwb.gov.in
goa,north goa,bardez,bardez,Alto Betim Porvorim,Alto Betim Porvorim Station,15.52605,73.82982,1999,5,Pre-monsoon,6.65,NULL,Safe,NULL,NULL,NULL,NULL,NULL,NULL,unmatched,0.0,valid,Pre-monsoon_WL_1994-2025.pdf,NULL,NULL,local_pdf,official_web_fallback,official_web_fallback,pdf_text,NULL,NULL,8617,NULL,NULL,https://cgwb.gov.in
goa,north goa,bardez,bardez,Calangute (Ct),Calangute (Ct) Station,15.54612,73.75861,1999,5,Pre-monsoon,8.48,NULL,Safe,NULL,NULL,NULL,NULL,NULL,NULL,unmatched,0.0,valid,Pre-monsoon_WL_1994-2025.pdf,NULL,NULL,local_pdf,official_web_fallback,official_web_fallback,pdf_text,NULL,NULL,8617,NULL,NULL,https://cgwb.gov.in
goa,north goa,bardez,bardez,Mapuca,Mapuca Station,15.61013,73.82434,1999,5,Pre-monsoon,3.09,NULL,Safe,NULL,NULL,NULL,NULL,NULL,NULL,unmatched,0.0,valid,Pre-monsoon_WL_1994-2025.pdf,NULL,NULL,local_pdf,official_web_fallback,official_web_fallback,pdf_text,NULL,NULL,8617,NULL,NULL,https://cgwb.gov.in
goa,north goa,bardez,bardez,Sircaim,Sircaim Station,15.62689,73.87588,1999,5,Pre-monsoon,1.9,NULL,Safe,NULL,NULL,NULL,NULL,NULL,NULL,unmatched,0.0,valid,Pre-monsoon_WL_1994-2025.pdf,NULL,NULL,local_pdf,official_web_fallback,official_web_fallback,pdf_text,NULL,NULL,8617,NULL,NULL,https://cgwb.gov.in
goa,north goa,bicholim,bicholim,Bordem,Bordem Station,15.58472,73.9575,1999,5,Pre-monsoon,4.31,NULL,Safe,NULL,NULL,NULL,NULL,NULL,NULL,unmatched,0.0,valid,Pre-monsoon_WL_1994-2025.pdf,NULL,NULL,local_pdf,official_web_fallback,official_web_fallback,pdf_text,NULL,NULL,8617,NULL,NULL,https://cgwb.gov.in
goa,north goa,bicholim,bicholim,Mulgao,Mulgao Station,15.61711,73.92075,1999,5,Pre-monsoon,3.5,NULL,Safe,NULL,NULL,NULL,NULL,NULL,NULL,unmatched,0.0,valid,Pre-monsoon_WL_1994-2025.pdf,NULL,NULL,local_pdf,official_web_fallback,official_web_fallback,pdf_text,NULL,NULL,8617,NULL,NULL,https://cgwb.gov.in
goa,north goa,bicholim,bicholim,Salem,Salem Station,15.68771,73.92681,1999,5,Pre-monsoon,2.8,NULL,Safe,NULL,NULL,NULL,NULL,NULL,NULL,unmatched,0.0,valid,Pre-monsoon_WL_1994-2025.pdf,NULL,NULL,local_pdf,official_web_fallback,official_web_fallback,pdf_text,NULL,NULL,8617,NULL,NULL,https://cgwb.gov.in
goa,north goa,pernem,pernem,Corgao,Corgao Station,15.70939,73.75176,1999,5,Pre-monsoon,4.4,NULL,Safe,NULL,NULL,NULL,NULL,NULL,NULL,unmatched,0.0,valid,Pre-monsoon_WL_1994-2025.pdf,NULL,NULL,local_pdf,official_web_fallback,official_web_fallback,pdf_text,NULL,NULL,8617,NULL,NULL,https://cgwb.gov.in
goa,north goa,pernem,pernem,Morji,Morji Station,15.63598,73.73963,1999,5,Pre-monsoon,1.0,NULL,Safe,NULL,NULL,NULL,NULL,NULL,NULL,unmatched,0.0,valid,Pre-monsoon_WL_1994-2025.pdf,NULL,NULL,local_pdf,official_web_fallback,official_web_fallback,pdf_text,NULL,NULL,8617,NULL,NULL,https://cgwb.gov.in
goa,north goa,pernem,pernem,Nagjhar,Nagjhar Station,15.70843,73.85289,1999,5,Pre-monsoon,7.25,NULL,Safe,NULL,NULL,NULL,NULL,NULL,NULL,unmatched,0.0,valid,Pre-monsoon_WL_1994-2025.pdf,NULL,NULL,local_pdf,official_web_fallback,official_web_fallback,pdf_text,NULL,NULL,8617,NULL,NULL,https://cgwb.gov.in
goa,north goa,pernem,pernem,Pernem,Pernem Station,15.7176,73.79806,1999,5,Pre-monsoon,3.75,NULL,Safe,NULL,NULL,NULL,NULL,NULL,NULL,unmatched,0.0,valid,Pre-monsoon_WL_1994-2025.pdf,NULL,NULL,local_pdf,official_web_fallback,official_web_fallback,pdf_text,NULL,NULL,8617,NULL,NULL,https://cgwb.gov.in
goa,north goa,pernem,pernem,Varconda,Varconda Station,15.75465,73.83533,1999,5,Pre-monsoon,4.11,NULL,Safe,NULL,NULL,NULL,NULL,NULL,NULL,unmatched,0.0,valid,Pre-monsoon_WL_1994-2025.pdf,NULL,NULL,local_pdf,official_web_fallback,official_web_fallback,pdf_text,NULL,NULL,8617,NULL,NULL,https://cgwb.gov.in
goa,north goa,satari,satari,Bayalwadikeri,Bayalwadikeri Station,15.61128,74.067,1999,5,Pre-monsoon,6.3,NULL,Safe,NULL,NULL,NULL,NULL,NULL,NULL,unmatched,0.0,valid,Pre-monsoon_WL_1994-2025.pdf,NULL,NULL,local_pdf,official_web_fallback,official_web_fallback,pdf_text,NULL,NULL,8617,NULL,NULL,https://cgwb.gov.in
goa,north goa,satari,satari,Hivre Budruk,Hivre Budruk Station,15.63194,74.00174,1999,5,Pre-monsoon,2.35,NULL,Safe,NULL,NULL,NULL,NULL,NULL,NULL,unmatched,0.0,valid,Pre-monsoon_WL_1994-2025.pdf,NULL,NULL,local_pdf,official_web_fallback,official_web_fallback,pdf_text,NULL,NULL,8617,NULL,NULL,https://cgwb.gov.in
goa,north goa,satari,satari,Honda,Honda Station,15.54722,74.05079,1999,5,Pre-monsoon,2.85,NULL,Safe,NULL,NULL,NULL,NULL,NULL,NULL,unmatched,0.0,valid,Pre-monsoon_WL_1994-2025.pdf,NULL,NULL,local_pdf,official_web_fallback,official_web_fallback,pdf_text,NULL,NULL,8617,NULL,NULL,https://cgwb.gov.in
goa,north goa,satari,satari,Khadki(Harijanwada),Khadki(Harijanwada) Station,15.50253,74.13964,1999,5,Pre-monsoon,8.95,NULL,Safe,NULL,NULL,NULL,NULL,NULL,NULL,unmatched,0.0,valid,Pre-monsoon_WL_1994-2025.pdf,NULL,NULL,local_pdf,official_web_fallback,official_web_fallback,pdf_text,NULL,NULL,8617,NULL,NULL,https://cgwb.gov.in
goa,north goa,satari,satari,Valpoi,Valpoi Station,15.53301,74.13723,1999,5,Pre-monsoon,6.0,NULL,Safe,NULL,NULL,NULL,NULL,NULL,NULL,unmatched,0.0,valid,Pre-monsoon_WL_1994-2025.pdf,NULL,NULL,local_pdf,official_web_fallback,official_web_fallback,pdf_text,NULL,NULL,8617,NULL,NULL,https://cgwb.gov.in
goa,north goa,tiswadi,tiswadi,Goa-Velha,Goa-Velha Station,15.44139,73.87972,1999,5,Pre-monsoon,1.25,NULL,Safe,NULL,NULL,NULL,NULL,NULL,NULL,unmatched,0.0,valid,Pre-monsoon_WL_1994-2025.pdf,NULL,NULL,local_pdf,official_web_fallback,official_web_fallback,pdf_text,NULL,NULL,8617,NULL,NULL,https://cgwb.gov.in
goa,north goa,tiswadi,tiswadi,Karanjhalen,Karanjhalen Station,15.459,73.80281,1999,5,Pre-monsoon,2.5,NULL,Safe,NULL,NULL,NULL,NULL,NULL,NULL,unmatched,0.0,valid,Pre-monsoon_WL_1994-2025.pdf,NULL,NULL,local_pdf,official_web_fallback,official_web_fallback,pdf_text,NULL,NULL,8617,NULL,NULL,https://cgwb.gov.in
goa,south goa,canacona,canacona,Agonda,Agonda Station,15.04152,73.99121,1999,5,Pre-monsoon,2.95,NULL,Safe,NULL,NULL,NULL,NULL,NULL,NULL,unmatched,0.0,valid,Pre-monsoon_WL_1994-2025.pdf,NULL,NULL,local_pdf,official_web_fallback,official_web_fallback,pdf_text,NULL,NULL,8617,NULL,NULL,https://cgwb.gov.in
goa,south goa,canacona,canacona,Canacona,Canacona Station,15.00716,74.05233,1999,5,Pre-monsoon,2.75,NULL,Safe,NULL,NULL,NULL,NULL,NULL,NULL,unmatched,0.0,valid,Pre-monsoon_WL_1994-2025.pdf,NULL,NULL,local_pdf,official_web_fallback,official_web_fallback,pdf_text,NULL,NULL,8617,NULL,NULL,https://cgwb.gov.in
goa,south goa,canacona,canacona,Carmona,Carmona Station,15.20278,73.9525,1999,5,Pre-monsoon,2.5,NULL,Safe,NULL,NULL,NULL,NULL,NULL,NULL,unmatched,0.0,valid,Pre-monsoon_WL_1994-2025.pdf,NULL,NULL,local_pdf,official_web_fallback,official_web_fallback,pdf_text,NULL,NULL,8617,NULL,NULL,https://cgwb.gov.in
goa,south goa,canacona,canacona,Daptamol Lolien,Daptamol Lolien Station,14.94986,74.05528,1999,5,Pre-monsoon,15.85,NULL,Safe,NULL,NULL,NULL,NULL,NULL,NULL,unmatched,0.0,valid,Pre-monsoon_WL_1994-2025.pdf,NULL,NULL,local_pdf,official_web_fallback,official_web_fallback,pdf_text,NULL,NULL,8617,NULL,NULL,https://cgwb.gov.in
goa,south goa,canacona,canacona,Gulem Velipwada,Gulem Velipwada Station,15.03918,74.02939,1999,5,Pre-monsoon,1.3,NULL,Safe,NULL,NULL,NULL,NULL,NULL,NULL,unmatched,0.0,valid,Pre-monsoon_WL_1994-2025.pdf,NULL,NULL,local_pdf,official_web_fallback,official_web_fallback,pdf_text,NULL,NULL,8617,NULL,NULL,https://cgwb.gov.in
goa,south goa,canacona,canacona,Hattipal Poinguinem,Hattipal Poinguinem Station,14.98407,74.10869,1999,5,Pre-monsoon,6.6,NULL,Safe,NULL,NULL,NULL,NULL,NULL,NULL,unmatched,0.0,valid,Pre-monsoon_WL_1994-2025.pdf,NULL,NULL,local_pdf,official_web_fallback,official_web_fallback,pdf_text,NULL,NULL,8618,NULL,NULL,https://cgwb.gov.in
goa,south goa,canacona,canacona,Polem,Polem Station,14.91289,74.08455,1999,5,Pre-monsoon,3.2,NULL,Safe,NULL,NULL,NULL,NULL,NULL,NULL,unmatched,0.0,valid,Pre-monsoon_WL_1994-2025.pdf,NULL,NULL,local_pdf,official_web_fallback,official_web_fallback,pdf_text,NULL,NULL,8618,NULL,NULL,https://cgwb.gov.in
goa,south goa,canacona,canacona,Shrishtal Gaondongar,Shrishtal Gaondongar Station,15.03725,74.11851,1999,5,Pre-monsoon,4.1,NULL,Safe,NULL,NULL,NULL,NULL,NULL,NULL,unmatched,0.0,valid,Pre-monsoon_WL_1994-2025.pdf,NULL,NULL,local_pdf,official_web_fallback,official_web_fallback,pdf_text,NULL,NULL,8618,NULL,NULL,https://cgwb.gov.in
goa,south goa,dharbandora,dharbandora,Bolkharnem,Bolkharnem Station,15.42964,74.19235,1999,5,Pre-monsoon,7.5,NULL,Safe,NULL,NULL,NULL,NULL,NULL,NULL,unmatched,0.0,valid,Pre-monsoon_WL_1994-2025.pdf,NULL,NULL,local_pdf,official_web_fallback,official_web_fallback,pdf_text,NULL,NULL,8618,NULL,NULL,https://cgwb.gov.in
goa,south goa,dharbandora,dharbandora,Colem,Colem Station,15.33497,74.24375,1999,5,Pre-monsoon,8.95,NULL,Safe,NULL,NULL,NULL,NULL,NULL,NULL,unmatched,0.0,valid,Pre-monsoon_WL_1994-2025.pdf,NULL,NULL,local_pdf,official_web_fallback,official_web_fallback,pdf_text,NULL,NULL,8618,NULL,NULL,https://cgwb.gov.in
goa,south goa,dharbandora,dharbandora,Molem,Molem Station,15.37701,74.22971,1999,5,Pre-monsoon,14.05,NULL,Safe,NULL,NULL,NULL,NULL,NULL,NULL,unmatched,0.0,valid,Pre-monsoon_WL_1994-2025.pdf,NULL,NULL,local_pdf,official_web_fallback,official_web_fallback,pdf_text,NULL,NULL,8618,NULL,NULL,https://cgwb.gov.in
goa,south goa,ponda,ponda,Shiroda,Shiroda Station,15.32068,74.03502,1999,5,Pre-monsoon,7.25,NULL,Safe,NULL,NULL,NULL,NULL,NULL,NULL,unmatched,0.0,valid,Pre-monsoon_WL_1994-2025.pdf,NULL,NULL,local_pdf,official_web_fallback,official_web_fallback,pdf_text,NULL,NULL,8618,NULL,NULL,https://cgwb.gov.in
goa,south goa,quepem,quepem,Ghadiawada,Ghadiawada Station,15.23894,74.11303,1999,5,Pre-monsoon,2.5,NULL,Safe,NULL,NULL,NULL,NULL,NULL,NULL,unmatched,0.0,valid,Pre-monsoon_WL_1994-2025.pdf,NULL,NULL,local_pdf,official_web_fallback,official_web_fallback,pdf_text,NULL,NULL,8618,NULL,NULL,https://cgwb.gov.in
goa,south goa,quepem,quepem,Quepem,Quepem Station,15.21751,74.08075,1999,5,Pre-monsoon,2.65,NULL,Safe,NULL,NULL,NULL,NULL,NULL,NULL,unmatched,0.0,valid,Pre-monsoon_WL_1994-2025.pdf,NULL,NULL,local_pdf,official_web_fallback,official_web_fallback,pdf_text,NULL,NULL,8618,NULL,NULL,https://cgwb.gov.in
goa,south goa,salcete,salcete,Akamol Ambavalli,Akamol Ambavalli Station,15.19028,74.00016,1999,5,Pre-monsoon,5.04,NULL,Safe,NULL,NULL,NULL,NULL,NULL,NULL,unmatched,0.0,valid,Pre-monsoon_WL_1994-2025.pdf,NULL,NULL,local_pdf,official_web_fallback,official_web_fallback,pdf_text,NULL,NULL,8618,NULL,NULL,https://cgwb.gov.in
goa,south goa,salcete,salcete,Ballynuvhen,Ballynuvhen Station,15.31651,73.94542,1999,5,Pre-monsoon,4.45,NULL,Safe,NULL,NULL,NULL,NULL,NULL,NULL,unmatched,0.0,valid,Pre-monsoon_WL_1994-2025.pdf,NULL,NULL,local_pdf,official_web_fallback,official_web_fallback,pdf_text,NULL,NULL,8618,NULL,NULL,https://cgwb.gov.in
goa,south goa,salcete,salcete,Majorda Bpada Curilo,Majorda Bpada Curilo Station,15.32117,73.91711,1999,5,Pre-monsoon,6.5,NULL,Safe,NULL,NULL,NULL,NULL,NULL,NULL,unmatched,0.0,valid,Pre-monsoon_WL_1994-2025.pdf,NULL,NULL,local_pdf,official_web_fallback,official_web_fallback,pdf_text,NULL,NULL,8618,NULL,NULL,https://cgwb.gov.in
goa,south goa,sanguem,sanguem,Deulwada Kolamba,Deulwada Kolamba Station,15.15021,74.13099,1999,5,Pre-monsoon,3.05,NULL,Safe,NULL,NULL,NULL,NULL,NULL,NULL,unmatched,0.0,valid,Pre-monsoon_WL_1994-2025.pdf,NULL,NULL,local_pdf,official_web_fallback,official_web_fallback,pdf_text,NULL,NULL,8618,NULL,NULL,https://cgwb.gov.in
goa,south goa,sanguem,sanguem,Neturlim,Neturlim Station,15.09065,74.21671,1999,5,Pre-monsoon,11.0,NULL,Safe,NULL,NULL,NULL,NULL,NULL,NULL,unmatched,0.0,valid,Pre-monsoon_WL_1994-2025.pdf,NULL,NULL,local_pdf,official_web_fallback,official_web_fallback,pdf_text,NULL,NULL,8618,NULL,NULL,https://cgwb.gov.in
goa,north goa,bardez,bardez,Alto Betim Porvorim,Alto Betim Porvorim Station,15.52605,73.82982,1998,5,Pre-monsoon,7.25,NULL,Safe,NULL,NULL,NULL,NULL,NULL,NULL,unmatched,0.0,valid,Pre-monsoon_WL_1994-2025.pdf,NULL,NULL,local_pdf,official_web_fallback,official_web_fallback,pdf_text,NULL,NULL,8904,NULL,NULL,https://cgwb.gov.in
goa,north goa,bardez,bardez,Calangute (Ct),Calangute (Ct) Station,15.54612,73.75861,1998,5,Pre-monsoon,7.1,NULL,Safe,NULL,NULL,NULL,NULL,NULL,NULL,unmatched,0.0,valid,Pre-monsoon_WL_1994-2025.pdf,NULL,NULL,local_pdf,official_web_fallback,official_web_fallback,pdf_text,NULL,NULL,8904,NULL,NULL,https://cgwb.gov.in
goa,north goa,bardez,bardez,Mapuca,Mapuca Station,15.61013,73.82434,1998,5,Pre-monsoon,4.76,NULL,Safe,NULL,NULL,NULL,NULL,NULL,NULL,unmatched,0.0,valid,Pre-monsoon_WL_1994-2025.pdf,NULL,NULL,local_pdf,official_web_fallback,official_web_fallback,pdf_text,NULL,NULL,8904,NULL,NULL,https://cgwb.gov.in
goa,north goa,bardez,bardez,Sircaim,Sircaim Station,15.62689,73.87588,1998,5,Pre-monsoon,4.0,NULL,Safe,NULL,NULL,NULL,NULL,NULL,NULL,unmatched,0.0,valid,Pre-monsoon_WL_1994-2025.pdf,NULL,NULL,local_pdf,official_web_fallback,official_web_fallback,pdf_text,NULL,NULL,8904,NULL,NULL,https://cgwb.gov.in
goa,north goa,bicholim,bicholim,Bordem,Bordem Station,15.58472,73.9575,1998,5,Pre-monsoon,5.11,NULL,Safe,NULL,NULL,NULL,NULL,NULL,NULL,unmatched,0.0,valid,Pre-monsoon_WL_1994-2025.pdf,NULL,NULL,local_pdf,official_web_fallback,official_web_fallback,pdf_text,NULL,NULL,8904,NULL,NULL,https://cgwb.gov.in
goa,north goa,bicholim,bicholim,Mulgao,Mulgao Station,15.61711,73.92075,1998,5,Pre-monsoon,4.25,NULL,Safe,NULL,NULL,NULL,NULL,NULL,NULL,unmatched,0.0,valid,Pre-monsoon_WL_1994-2025.pdf,NULL,NULL,local_pdf,official_web_fallback,official_web_fallback,pdf_text,NULL,NULL,8904,NULL,NULL,https://cgwb.gov.in
goa,north goa,bicholim,bicholim,Salem,Salem Station,15.68771,73.92681,1998,5,Pre-monsoon,4.6,NULL,Safe,NULL,NULL,NULL,NULL,NULL,NULL,unmatched,0.0,valid,Pre-monsoon_WL_1994-2025.pdf,NULL,NULL,local_pdf,official_web_fallback,official_web_fallback,pdf_text,NULL,NULL,8904,NULL,NULL,https://cgwb.gov.in
goa,north goa,pernem,pernem,Corgao,Corgao Station,15.70939,73.75176,1998,5,Pre-monsoon,5.24,NULL,Safe,NULL,NULL,NULL,NULL,NULL,NULL,unmatched,0.0,valid,Pre-monsoon_WL_1994-2025.pdf,NULL,NULL,local_pdf,official_web_fallback,official_web_fallback,pdf_text,NULL,NULL,8904,NULL,NULL,https://cgwb.gov.in
goa,north goa,pernem,pernem,Morji,Morji Station,15.63598,73.73963,1998,5,Pre-monsoon,2.11,NULL,Safe,NULL,NULL,NULL,NULL,NULL,NULL,unmatched,0.0,valid,Pre-monsoon_WL_1994-2025.pdf,NULL,NULL,local_pdf,official_web_fallback,official_web_fallback,pdf_text,NULL,NULL,8904,NULL,NULL,https://cgwb.gov.in
goa,north goa,pernem,pernem,Nagjhar,Nagjhar Station,15.70843,73.85289,1998,5,Pre-monsoon,7.53,NULL,Safe,NULL,NULL,NULL,NULL,NULL,NULL,unmatched,0.0,valid,Pre-monsoon_WL_1994-2025.pdf,NULL,NULL,local_pdf,official_web_fallback,official_web_fallback,pdf_text,NULL,NULL,8904,NULL,NULL,https://cgwb.gov.in
goa,north goa,pernem,pernem,Pernem,Pernem Station,15.7176,73.79806,1998,5,Pre-monsoon,3.25,NULL,Safe,NULL,NULL,NULL,NULL,NULL,NULL,unmatched,0.0,valid,Pre-monsoon_WL_1994-2025.pdf,NULL,NULL,local_pdf,official_web_fallback,official_web_fallback,pdf_text,NULL,NULL,8904,NULL,NULL,https://cgwb.gov.in
goa,north goa,pernem,pernem,Varconda,Varconda Station,15.75465,73.83533,1998,5,Pre-monsoon,4.51,NULL,Safe,NULL,NULL,NULL,NULL,NULL,NULL,unmatched,0.0,valid,Pre-monsoon_WL_1994-2025.pdf,NULL,NULL,local_pdf,official_web_fallback,official_web_fallback,pdf_text,NULL,NULL,8904,NULL,NULL,https://cgwb.gov.in
goa,north goa,satari,satari,Bayalwadikeri,Bayalwadikeri Station,15.61128,74.067,1998,5,Pre-monsoon,3.71,NULL,Safe,NULL,NULL,NULL,NULL,NULL,NULL,unmatched,0.0,valid,Pre-monsoon_WL_1994-2025.pdf,NULL,NULL,local_pdf,official_web_fallback,official_web_fallback,pdf_text,NULL,NULL,8904,NULL,NULL,https://cgwb.gov.in
goa,north goa,satari,satari,Hivre Budruk,Hivre Budruk Station,15.63194,74.00174,1998,5,Pre-monsoon,8.32,NULL,Safe,NULL,NULL,NULL,NULL,NULL,NULL,unmatched,0.0,valid,Pre-monsoon_WL_1994-2025.pdf,NULL,NULL,local_pdf,official_web_fallback,official_web_fallback,pdf_text,NULL,NULL,8905,NULL,NULL,https://cgwb.gov.in
goa,north goa,satari,satari,Honda,Honda Station,15.54722,74.05079,1998,5,Pre-monsoon,3.56,NULL,Safe,NULL,NULL,NULL,NULL,NULL,NULL,unmatched,0.0,valid,Pre-monsoon_WL_1994-2025.pdf,NULL,NULL,local_pdf,official_web_fallback,official_web_fallback,pdf_text,NULL,NULL,8905,NULL,NULL,https://cgwb.gov.in
goa,north goa,satari,satari,Khadki(Harijanwada),Khadki(Harijanwada) Station,15.50253,74.13964,1998,5,Pre-monsoon,11.44,NULL,Safe,NULL,NULL,NULL,NULL,NULL,NULL,unmatched,0.0,valid,Pre-monsoon_WL_1994-2025.pdf,NULL,NULL,local_pdf,official_web_fallback,official_web_fallback,pdf_text,NULL,NULL,8905,NULL,NULL,https://cgwb.gov.in
goa,north goa,satari,satari,Morlem,Morlem Station,15.59397,74.04632,1998,5,Pre-monsoon,4.08,NULL,Safe,NULL,NULL,NULL,NULL,NULL,NULL,unmatched,0.0,valid,Pre-monsoon_WL_1994-2025.pdf,NULL,NULL,local_pdf,official_web_fallback,official_web_fallback,pdf_text,NULL,NULL,8905,NULL,NULL,https://cgwb.gov.in
goa,north goa,satari,satari,Valpoi,Valpoi Station,15.53301,74.13723,1998,5,Pre-monsoon,6.08,NULL,Safe,NULL,NULL,NULL,NULL,NULL,NULL,unmatched,0.0,valid,Pre-monsoon_WL_1994-2025.pdf,NULL,NULL,local_pdf,official_web_fallback,official_web_fallback,pdf_text,NULL,NULL,8905,NULL,NULL,https://cgwb.gov.in
goa,north goa,tiswadi,tiswadi,Goa-Velha,Goa-Velha Station,15.44139,73.87972,1998,5,Pre-monsoon,1.65,NULL,Safe,NULL,NULL,NULL,NULL,NULL,NULL,unmatched,0.0,valid,Pre-monsoon_WL_1994-2025.pdf,NULL,NULL,local_pdf,official_web_fallback,official_web_fallback,pdf_text,NULL,NULL,8905,NULL,NULL,https://cgwb.gov.in
goa,north goa,tiswadi,tiswadi,Karanjhalen,Karanjhalen Station,15.459,73.80281,1998,5,Pre-monsoon,3.13,NULL,Safe,NULL,NULL,NULL,NULL,NULL,NULL,unmatched,0.0,valid,Pre-monsoon_WL_1994-2025.pdf,NULL,NULL,local_pdf,official_web_fallback,official_web_fallback,pdf_text,NULL,NULL,8905,NULL,NULL,https://cgwb.gov.in
goa,south goa,canacona,canacona,Agonda,Agonda Station,15.04152,73.99121,1998,5,Pre-monsoon,4.19,NULL,Safe,NULL,NULL,NULL,NULL,NULL,NULL,unmatched,0.0,valid,Pre-monsoon_WL_1994-2025.pdf,NULL,NULL,local_pdf,official_web_fallback,official_web_fallback,pdf_text,NULL,NULL,8905,NULL,NULL,https://cgwb.gov.in
goa,south goa,canacona,canacona,Canacona,Canacona Station,15.00716,74.05233,1998,5,Pre-monsoon,5.13,NULL,Safe,NULL,NULL,NULL,NULL,NULL,NULL,unmatched,0.0,valid,Pre-monsoon_WL_1994-2025.pdf,NULL,NULL,local_pdf,official_web_fallback,official_web_fallback,pdf_text,NULL,NULL,8905,NULL,NULL,https://cgwb.gov.in
goa,south goa,canacona,canacona,Carmona,Carmona Station,15.20278,73.9525,1998,5,Pre-monsoon,8.36,NULL,Safe,NULL,NULL,NULL,NULL,NULL,NULL,unmatched,0.0,valid,Pre-monsoon_WL_1994-2025.pdf,NULL,NULL,local_pdf,official_web_fallback,official_web_fallback,pdf_text,NULL,NULL,8905,NULL,NULL,https://cgwb.gov.in
goa,south goa,canacona,canacona,Daptamol Lolien,Daptamol Lolien Station,14.94986,74.05528,1998,5,Pre-monsoon,14.84,NULL,Safe,NULL,NULL,NULL,NULL,NULL,NULL,unmatched,0.0,valid,Pre-monsoon_WL_1994-2025.pdf,NULL,NULL,local_pdf,official_web_fallback,official_web_fallback,pdf_text,NULL,NULL,8905,NULL,NULL,https://cgwb.gov.in
goa,south goa,canacona,canacona,Hattipal Poinguinem,Hattipal Poinguinem Station,14.98407,74.10869,1998,5,Pre-monsoon,6.37,NULL,Safe,NULL,NULL,NULL,NULL,NULL,NULL,unmatched,0.0,valid,Pre-monsoon_WL_1994-2025.pdf,NULL,NULL,local_pdf,official_web_fallback,official_web_fallback,pdf_text,NULL,NULL,8905,NULL,NULL,https://cgwb.gov.in
goa,south goa,canacona,canacona,Polem,Polem Station,14.91289,74.08455,1998,5,Pre-monsoon,2.79,NULL,Safe,NULL,NULL,NULL,NULL,NULL,NULL,unmatched,0.0,valid,Pre-monsoon_WL_1994-2025.pdf,NULL,NULL,local_pdf,official_web_fallback,official_web_fallback,pdf_text,NULL,NULL,8905,NULL,NULL,https://cgwb.gov.in
goa,south goa,canacona,canacona,Shrishtal Gaondongar,Shrishtal Gaondongar Station,15.03725,74.11851,1998,5,Pre-monsoon,6.01,NULL,Safe,NULL,NULL,NULL,NULL,NULL,NULL,unmatched,0.0,valid,Pre-monsoon_WL_1994-2025.pdf,NULL,NULL,local_pdf,official_web_fallback,official_web_fallback,pdf_text,NULL,NULL,8905,NULL,NULL,https://cgwb.gov.in
goa,south goa,dharbandora,dharbandora,Bolkharnem,Bolkharnem Station,15.42964,74.19235,1998,5,Pre-monsoon,6.91,NULL,Safe,NULL,NULL,NULL,NULL,NULL,NULL,unmatched,0.0,valid,Pre-monsoon_WL_1994-2025.pdf,NULL,NULL,local_pdf,official_web_fallback,official_web_fallback,pdf_text,NULL,NULL,8905,NULL,NULL,https://cgwb.gov.in
goa,south goa,dharbandora,dharbandora,Colem,Colem Station,15.33497,74.24375,1998,5,Pre-monsoon,9.33,NULL,Safe,NULL,NULL,NULL,NULL,NULL,NULL,unmatched,0.0,valid,Pre-monsoon_WL_1994-2025.pdf,NULL,NULL,local_pdf,official_web_fallback,official_web_fallback,pdf_text,NULL,NULL,8905,NULL,NULL,https://cgwb.gov.in
goa,south goa,ponda,ponda,Shiroda,Shiroda Station,15.32068,74.03502,1998,5,Pre-monsoon,7.21,NULL,Safe,NULL,NULL,NULL,NULL,NULL,NULL,unmatched,0.0,valid,Pre-monsoon_WL_1994-2025.pdf,NULL,NULL,local_pdf,official_web_fallback,official_web_fallback,pdf_text,NULL,NULL,8905,NULL,NULL,https://cgwb.gov.in
goa,south goa,quepem,quepem,Ghadiawada,Ghadiawada Station,15.23894,74.11303,1998,5,Pre-monsoon,2.0,NULL,Safe,NULL,NULL,NULL,NULL,NULL,NULL,unmatched,0.0,valid,Pre-monsoon_WL_1994-2025.pdf,NULL,NULL,local_pdf,official_web_fallback,official_web_fallback,pdf_text,NULL,NULL,8905,NULL,NULL,https://cgwb.gov.in
goa,south goa,quepem,quepem,Quepem,Quepem Station,15.21751,74.08075,1998,5,Pre-monsoon,2.9,NULL,Safe,NULL,NULL,NULL,NULL,NULL,NULL,unmatched,0.0,valid,Pre-monsoon_WL_1994-2025.pdf,NULL,NULL,local_pdf,official_web_fallback,official_web_fallback,pdf_text,NULL,NULL,8905,NULL,NULL,https://cgwb.gov.in
goa,south goa,salcete,salcete,Akamol Ambavalli,Akamol Ambavalli Station,15.19028,74.00016,1998,5,Pre-monsoon,4.5,NULL,Safe,NULL,NULL,NULL,NULL,NULL,NULL,unmatched,0.0,valid,Pre-monsoon_WL_1994-2025.pdf,NULL,NULL,local_pdf,official_web_fallback,official_web_fallback,pdf_text,NULL,NULL,8905,NULL,NULL,https://cgwb.gov.in
goa,south goa,salcete,salcete,Ballynuvhen,Ballynuvhen Station,15.31651,73.94542,1998,5,Pre-monsoon,7.26,NULL,Safe,NULL,NULL,NULL,NULL,NULL,NULL,unmatched,0.0,valid,Pre-monsoon_WL_1994-2025.pdf,NULL,NULL,local_pdf,official_web_fallback,official_web_fallback,pdf_text,NULL,NULL,8905,NULL,NULL,https://cgwb.gov.in
goa,south goa,salcete,salcete,Majorda Bpada Curilo,Majorda Bpada Curilo Station,15.32117,73.91711,1998,5,Pre-monsoon,4.96,NULL,Safe,NULL,NULL,NULL,NULL,NULL,NULL,unmatched,0.0,valid,Pre-monsoon_WL_1994-2025.pdf,NULL,NULL,local_pdf,official_web_fallback,official_web_fallback,pdf_text,NULL,NULL,8905,NULL,NULL,https://cgwb.gov.in
goa,south goa,sanguem,sanguem,Deulwada Kolamba,Deulwada Kolamba Station,15.15021,74.13099,1998,5,Pre-monsoon,2.84,NULL,Safe,NULL,NULL,NULL,NULL,NULL,NULL,unmatched,0.0,valid,Pre-monsoon_WL_1994-2025.pdf,NULL,NULL,local_pdf,official_web_fallback,official_web_fallback,pdf_text,NULL,NULL,8905,NULL,NULL,https://cgwb.gov.in
goa,north goa,bardez,bardez,Alto Betim Porvorim,Alto Betim Porvorim Station,15.52605,73.82982,1997,5,Pre-monsoon,10.34,NULL,Safe,NULL,NULL,NULL,NULL,NULL,NULL,unmatched,0.0,valid,Pre-monsoon_WL_1994-2025.pdf,NULL,NULL,local_pdf,official_web_fallback,official_web_fallback,pdf_text,NULL,NULL,9185,NULL,NULL,https://cgwb.gov.in
goa,north goa,bardez,bardez,Calangute (Ct),Calangute (Ct) Station,15.54612,73.75861,1997,5,Pre-monsoon,9.29,NULL,Safe,NULL,NULL,NULL,NULL,NULL,NULL,unmatched,0.0,valid,Pre-monsoon_WL_1994-2025.pdf,NULL,NULL,local_pdf,official_web_fallback,official_web_fallback,pdf_text,NULL,NULL,9185,NULL,NULL,https://cgwb.gov.in
goa,north goa,bardez,bardez,Mapuca,Mapuca Station,15.61013,73.82434,1997,5,Pre-monsoon,5.65,NULL,Safe,NULL,NULL,NULL,NULL,NULL,NULL,unmatched,0.0,valid,Pre-monsoon_WL_1994-2025.pdf,NULL,NULL,local_pdf,official_web_fallback,official_web_fallback,pdf_text,NULL,NULL,9185,NULL,NULL,https://cgwb.gov.in
goa,north goa,bardez,bardez,Sircaim,Sircaim Station,15.62689,73.87588,1997,5,Pre-monsoon,5.04,NULL,Safe,NULL,NULL,NULL,NULL,NULL,NULL,unmatched,0.0,valid,Pre-monsoon_WL_1994-2025.pdf,NULL,NULL,local_pdf,official_web_fallback,official_web_fallback,pdf_text,NULL,NULL,9185,NULL,NULL,https://cgwb.gov.in
goa,north goa,bicholim,bicholim,Bordem,Bordem Station,15.58472,73.9575,1997,5,Pre-monsoon,6.29,NULL,Safe,NULL,NULL,NULL,NULL,NULL,NULL,unmatched,0.0,valid,Pre-monsoon_WL_1994-2025.pdf,NULL,NULL,local_pdf,official_web_fallback,official_web_fallback,pdf_text,NULL,NULL,9185,NULL,NULL,https://cgwb.gov.in
goa,north goa,bicholim,bicholim,Mulgao,Mulgao Station,15.61711,73.92075,1997,5,Pre-monsoon,4.94,NULL,Safe,NULL,NULL,NULL,NULL,NULL,NULL,unmatched,0.0,valid,Pre-monsoon_WL_1994-2025.pdf,NULL,NULL,local_pdf,official_web_fallback,official_web_fallback,pdf_text,NULL,NULL,9185,NULL,NULL,https://cgwb.gov.in
goa,north goa,bicholim,bicholim,Salem,Salem Station,15.68771,73.92681,1997,5,Pre-monsoon,5.1,NULL,Safe,NULL,NULL,NULL,NULL,NULL,NULL,unmatched,0.0,valid,Pre-monsoon_WL_1994-2025.pdf,NULL,NULL,local_pdf,official_web_fallback,official_web_fallback,pdf_text,NULL,NULL,9185,NULL,NULL,https://cgwb.gov.in
goa,north goa,pernem,pernem,Corgao,Corgao Station,15.70939,73.75176,1997,5,Pre-monsoon,6.05,NULL,Safe,NULL,NULL,NULL,NULL,NULL,NULL,unmatched,0.0,valid,Pre-monsoon_WL_1994-2025.pdf,NULL,NULL,local_pdf,official_web_fallback,official_web_fallback,pdf_text,NULL,NULL,9186,NULL,NULL,https://cgwb.gov.in
goa,north goa,pernem,pernem,Morji,Morji Station,15.63598,73.73963,1997,5,Pre-monsoon,3.05,NULL,Safe,NULL,NULL,NULL,NULL,NULL,NULL,unmatched,0.0,valid,Pre-monsoon_WL_1994-2025.pdf,NULL,NULL,local_pdf,official_web_fallback,official_web_fallback,pdf_text,NULL,NULL,9186,NULL,NULL,https://cgwb.gov.in
goa,north goa,pernem,pernem,Nagjhar,Nagjhar Station,15.70843,73.85289,1997,5,Pre-monsoon,7.95,NULL,Safe,NULL,NULL,NULL,NULL,NULL,NULL,unmatched,0.0,valid,Pre-monsoon_WL_1994-2025.pdf,NULL,NULL,local_pdf,official_web_fallback,official_web_fallback,pdf_text,NULL,NULL,9186,NULL,NULL,https://cgwb.gov.in
goa,north goa,pernem,pernem,Pernem,Pernem Station,15.7176,73.79806,1997,5,Pre-monsoon,4.05,NULL,Safe,NULL,NULL,NULL,NULL,NULL,NULL,unmatched,0.0,valid,Pre-monsoon_WL_1994-2025.pdf,NULL,NULL,local_pdf,official_web_fallback,official_web_fallback,pdf_text,NULL,NULL,9186,NULL,NULL,https://cgwb.gov.in
goa,north goa,pernem,pernem,Varconda,Varconda Station,15.75465,73.83533,1997,5,Pre-monsoon,4.92,NULL,Safe,NULL,NULL,NULL,NULL,NULL,NULL,unmatched,0.0,valid,Pre-monsoon_WL_1994-2025.pdf,NULL,NULL,local_pdf,official_web_fallback,official_web_fallback,pdf_text,NULL,NULL,9186,NULL,NULL,https://cgwb.gov.in
goa,north goa,satari,satari,Bayalwadikeri,Bayalwadikeri Station,15.61128,74.067,1997,5,Pre-monsoon,4.08,NULL,Safe,NULL,NULL,NULL,NULL,NULL,NULL,unmatched,0.0,valid,Pre-monsoon_WL_1994-2025.pdf,NULL,NULL,local_pdf,official_web_fallback,official_web_fallback,pdf_text,NULL,NULL,9186,NULL,NULL,https://cgwb.gov.in
goa,north goa,satari,satari,Hivre Budruk,Hivre Budruk Station,15.63194,74.00174,1997,5,Pre-monsoon,9.58,NULL,Safe,NULL,NULL,NULL,NULL,NULL,NULL,unmatched,0.0,valid,Pre-monsoon_WL_1994-2025.pdf,NULL,NULL,local_pdf,official_web_fallback,official_web_fallback,pdf_text,NULL,NULL,9186,NULL,NULL,https://cgwb.gov.in
goa,north goa,satari,satari,Honda,Honda Station,15.54722,74.05079,1997,5,Pre-monsoon,4.37,NULL,Safe,NULL,NULL,NULL,NULL,NULL,NULL,unmatched,0.0,valid,Pre-monsoon_WL_1994-2025.pdf,NULL,NULL,local_pdf,official_web_fallback,official_web_fallback,pdf_text,NULL,NULL,9186,NULL,NULL,https://cgwb.gov.in
goa,north goa,satari,satari,Khadki(Harijanwada),Khadki(Harijanwada) Station,15.50253,74.13964,1997,5,Pre-monsoon,11.33,NULL,Safe,NULL,NULL,NULL,NULL,NULL,NULL,unmatched,0.0,valid,Pre-monsoon_WL_1994-2025.pdf,NULL,NULL,local_pdf,official_web_fallback,official_web_fallback,pdf_text,NULL,NULL,9186,NULL,NULL,https://cgwb.gov.in
goa,north goa,satari,satari,Valpoi,Valpoi Station,15.53301,74.13723,1997,5,Pre-monsoon,6.98,NULL,Safe,NULL,NULL,NULL,NULL,NULL,NULL,unmatched,0.0,valid,Pre-monsoon_WL_1994-2025.pdf,NULL,NULL,local_pdf,official_web_fallback,official_web_fallback,pdf_text,NULL,NULL,9186,NULL,NULL,https://cgwb.gov.in
goa,north goa,tiswadi,tiswadi,Goa-Velha,Goa-Velha Station,15.44139,73.87972,1997,5,Pre-monsoon,2.12,NULL,Safe,NULL,NULL,NULL,NULL,NULL,NULL,unmatched,0.0,valid,Pre-monsoon_WL_1994-2025.pdf,NULL,NULL,local_pdf,official_web_fallback,official_web_fallback,pdf_text,NULL,NULL,9186,NULL,NULL,https://cgwb.gov.in
goa,north goa,tiswadi,tiswadi,Karanjhalen,Karanjhalen Station,15.459,73.80281,1997,5,Pre-monsoon,4.05,NULL,Safe,NULL,NULL,NULL,NULL,NULL,NULL,unmatched,0.0,valid,Pre-monsoon_WL_1994-2025.pdf,NULL,NULL,local_pdf,official_web_fallback,official_web_fallback,pdf_text,NULL,NULL,9186,NULL,NULL,https://cgwb.gov.in
goa,south goa,canacona,canacona,Agonda,Agonda Station,15.04152,73.99121,1997,5,Pre-monsoon,4.88,NULL,Safe,NULL,NULL,NULL,NULL,NULL,NULL,unmatched,0.0,valid,Pre-monsoon_WL_1994-2025.pdf,NULL,NULL,local_pdf,official_web_fallback,official_web_fallback,pdf_text,NULL,NULL,9186,NULL,NULL,https://cgwb.gov.in
goa,south goa,canacona,canacona,Canacona,Canacona Station,15.00716,74.05233,1997,5,Pre-monsoon,6.21,NULL,Safe,NULL,NULL,NULL,NULL,NULL,NULL,unmatched,0.0,valid,Pre-monsoon_WL_1994-2025.pdf,NULL,NULL,local_pdf,official_web_fallback,official_web_fallback,pdf_text,NULL,NULL,9186,NULL,NULL,https://cgwb.gov.in
goa,south goa,canacona,canacona,Carmona,Carmona Station,15.20278,73.9525,1997,5,Pre-monsoon,8.65,NULL,Safe,NULL,NULL,NULL,NULL,NULL,NULL,unmatched,0.0,valid,Pre-monsoon_WL_1994-2025.pdf,NULL,NULL,local_pdf,official_web_fallback,official_web_fallback,pdf_text,NULL,NULL,9186,NULL,NULL,https://cgwb.gov.in
goa,south goa,canacona,canacona,Daptamol Lolien,Daptamol Lolien Station,14.94986,74.05528,1997,5,Pre-monsoon,15.98,NULL,Safe,NULL,NULL,NULL,NULL,NULL,NULL,unmatched,0.0,valid,Pre-monsoon_WL_1994-2025.pdf,NULL,NULL,local_pdf,official_web_fallback,official_web_fallback,pdf_text,NULL,NULL,9186,NULL,NULL,https://cgwb.gov.in
goa,south goa,canacona,canacona,Gulem Velipwada,Gulem Velipwada Station,15.03918,74.02939,1997,5,Pre-monsoon,5.41,NULL,Safe,NULL,NULL,NULL,NULL,NULL,NULL,unmatched,0.0,valid,Pre-monsoon_WL_1994-2025.pdf,NULL,NULL,local_pdf,official_web_fallback,official_web_fallback,pdf_text,NULL,NULL,9186,NULL,NULL,https://cgwb.gov.in
goa,south goa,canacona,canacona,Hattipal Poinguinem,Hattipal Poinguinem Station,14.98407,74.10869,1997,5,Pre-monsoon,8.84,NULL,Safe,NULL,NULL,NULL,NULL,NULL,NULL,unmatched,0.0,valid,Pre-monsoon_WL_1994-2025.pdf,NULL,NULL,local_pdf,official_web_fallback,official_web_fallback,pdf_text,NULL,NULL,9186,NULL,NULL,https://cgwb.gov.in
goa,south goa,canacona,canacona,Polem,Polem Station,14.91289,74.08455,1997,5,Pre-monsoon,3.75,NULL,Safe,NULL,NULL,NULL,NULL,NULL,NULL,unmatched,0.0,valid,Pre-monsoon_WL_1994-2025.pdf,NULL,NULL,local_pdf,official_web_fallback,official_web_fallback,pdf_text,NULL,NULL,9186,NULL,NULL,https://cgwb.gov.in
goa,south goa,canacona,canacona,Shrishtal Gaondongar,Shrishtal Gaondongar Station,15.03725,74.11851,1997,5,Pre-monsoon,7.62,NULL,Safe,NULL,NULL,NULL,NULL,NULL,NULL,unmatched,0.0,valid,Pre-monsoon_WL_1994-2025.pdf,NULL,NULL,local_pdf,official_web_fallback,official_web_fallback,pdf_text,NULL,NULL,9186,NULL,NULL,https://cgwb.gov.in
goa,south goa,dharbandora,dharbandora,Bolkharnem,Bolkharnem Station,15.42964,74.19235,1997,5,Pre-monsoon,8.21,NULL,Safe,NULL,NULL,NULL,NULL,NULL,NULL,unmatched,0.0,valid,Pre-monsoon_WL_1994-2025.pdf,NULL,NULL,local_pdf,official_web_fallback,official_web_fallback,pdf_text,NULL,NULL,9186,NULL,NULL,https://cgwb.gov.in
goa,south goa,dharbandora,dharbandora,Colem,Colem Station,15.33497,74.24375,1997,5,Pre-monsoon,10.32,NULL,Safe,NULL,NULL,NULL,NULL,NULL,NULL,unmatched,0.0,valid,Pre-monsoon_WL_1994-2025.pdf,NULL,NULL,local_pdf,official_web_fallback,official_web_fallback,pdf_text,NULL,NULL,9186,NULL,NULL,https://cgwb.gov.in
goa,south goa,dharbandora,dharbandora,Molem,Molem Station,15.37701,74.22971,1997,5,Pre-monsoon,14.59,NULL,Safe,NULL,NULL,NULL,NULL,NULL,NULL,unmatched,0.0,valid,Pre-monsoon_WL_1994-2025.pdf,NULL,NULL,local_pdf,official_web_fallback,official_web_fallback,pdf_text,NULL,NULL,9186,NULL,NULL,https://cgwb.gov.in
goa,south goa,ponda,ponda,Shiroda,Shiroda Station,15.32068,74.03502,1997,5,Pre-monsoon,9.14,NULL,Safe,NULL,NULL,NULL,NULL,NULL,NULL,unmatched,0.0,valid,Pre-monsoon_WL_1994-2025.pdf,NULL,NULL,local_pdf,official_web_fallback,official_web_fallback,pdf_text,NULL,NULL,9186,NULL,NULL,https://cgwb.gov.in
goa,south goa,quepem,quepem,Quepem,Quepem Station,15.21751,74.08075,1997,5,Pre-monsoon,4.95,NULL,Safe,NULL,NULL,NULL,NULL,NULL,NULL,unmatched,0.0,valid,Pre-monsoon_WL_1994-2025.pdf,NULL,NULL,local_pdf,official_web_fallback,official_web_fallback,pdf_text,NULL,NULL,9186,NULL,NULL,https://cgwb.gov.in
goa,south goa,salcete,salcete,Akamol Ambavalli,Akamol Ambavalli Station,15.19028,74.00016,1997,5,Pre-monsoon,4.58,NULL,Safe,NULL,NULL,NULL,NULL,NULL,NULL,unmatched,0.0,valid,Pre-monsoon_WL_1994-2025.pdf,NULL,NULL,local_pdf,official_web_fallback,official_web_fallback,pdf_text,NULL,NULL,9186,NULL,NULL,https://cgwb.gov.in
goa,south goa,salcete,salcete,Ballynuvhen,Ballynuvhen Station,15.31651,73.94542,1997,5,Pre-monsoon,8.64,NULL,Safe,NULL,NULL,NULL,NULL,NULL,NULL,unmatched,0.0,valid,Pre-monsoon_WL_1994-2025.pdf,NULL,NULL,local_pdf,official_web_fallback,official_web_fallback,pdf_text,NULL,NULL,9186,NULL,NULL,https://cgwb.gov.in
goa,south goa,salcete,salcete,Majorda Bpada Curilo,Majorda Bpada Curilo Station,15.32117,73.91711,1997,5,Pre-monsoon,5.77,NULL,Safe,NULL,NULL,NULL,NULL,NULL,NULL,unmatched,0.0,valid,Pre-monsoon_WL_1994-2025.pdf,NULL,NULL,local_pdf,official_web_fallback,official_web_fallback,pdf_text,NULL,NULL,9186,NULL,NULL,https://cgwb.gov.in
goa,south goa,sanguem,sanguem,Deulwada Kolamba,Deulwada Kolamba Station,15.15021,74.13099,1997,5,Pre-monsoon,3.91,NULL,Safe,NULL,NULL,NULL,NULL,NULL,NULL,unmatched,0.0,valid,Pre-monsoon_WL_1994-2025.pdf,NULL,NULL,local_pdf,official_web_fallback,official_web_fallback,pdf_text,NULL,NULL,9186,NULL,NULL,https://cgwb.gov.in
goa,south goa,sanguem,sanguem,Neturlim,Neturlim Station,15.09065,74.21671,1997,5,Pre-monsoon,11.22,NULL,Safe,NULL,NULL,NULL,NULL,NULL,NULL,unmatched,0.0,valid,Pre-monsoon_WL_1994-2025.pdf,NULL,NULL,local_pdf,official_web_fallback,official_web_fallback,pdf_text,NULL,NULL,9186,NULL,NULL,https://cgwb.gov.in
goa,north goa,bardez,bardez,Alto Betim Porvorim,Alto Betim Porvorim Station,15.52605,73.82982,1996,5,Pre-monsoon,12.22,NULL,Safe,NULL,NULL,NULL,NULL,NULL,NULL,unmatched,0.0,valid,Pre-monsoon_WL_1994-2025.pdf,NULL,NULL,local_pdf,official_web_fallback,official_web_fallback,pdf_text,NULL,NULL,9470,NULL,NULL,https://cgwb.gov.in
goa,north goa,bardez,bardez,Calangute (Ct),Calangute (Ct) Station,15.54612,73.75861,1996,5,Pre-monsoon,9.3,NULL,Safe,NULL,NULL,NULL,NULL,NULL,NULL,unmatched,0.0,valid,Pre-monsoon_WL_1994-2025.pdf,NULL,NULL,local_pdf,official_web_fallback,official_web_fallback,pdf_text,NULL,NULL,9470,NULL,NULL,https://cgwb.gov.in
goa,north goa,bardez,bardez,Mapuca,Mapuca Station,15.61013,73.82434,1996,5,Pre-monsoon,5.45,NULL,Safe,NULL,NULL,NULL,NULL,NULL,NULL,unmatched,0.0,valid,Pre-monsoon_WL_1994-2025.pdf,NULL,NULL,local_pdf,official_web_fallback,official_web_fallback,pdf_text,NULL,NULL,9470,NULL,NULL,https://cgwb.gov.in
goa,north goa,bardez,bardez,Sircaim,Sircaim Station,15.62689,73.87588,1996,5,Pre-monsoon,5.01,NULL,Safe,NULL,NULL,NULL,NULL,NULL,NULL,unmatched,0.0,valid,Pre-monsoon_WL_1994-2025.pdf,NULL,NULL,local_pdf,official_web_fallback,official_web_fallback,pdf_text,NULL,NULL,9470,NULL,NULL,https://cgwb.gov.in
goa,north goa,bicholim,bicholim,Bordem,Bordem Station,15.58472,73.9575,1996,5,Pre-monsoon,6.32,NULL,Safe,NULL,NULL,NULL,NULL,NULL,NULL,unmatched,0.0,valid,Pre-monsoon_WL_1994-2025.pdf,NULL,NULL,local_pdf,official_web_fallback,official_web_fallback,pdf_text,NULL,NULL,9470,NULL,NULL,https://cgwb.gov.in
goa,north goa,bicholim,bicholim,Mulgao,Mulgao Station,15.61711,73.92075,1996,5,Pre-monsoon,5.07,NULL,Safe,NULL,NULL,NULL,NULL,NULL,NULL,unmatched,0.0,valid,Pre-monsoon_WL_1994-2025.pdf,NULL,NULL,local_pdf,official_web_fallback,official_web_fallback,pdf_text,NULL,NULL,9470,NULL,NULL,https://cgwb.gov.in
goa,north goa,bicholim,bicholim,Salem,Salem Station,15.68771,73.92681,1996,5,Pre-monsoon,4.37,NULL,Safe,NULL,NULL,NULL,NULL,NULL,NULL,unmatched,0.0,valid,Pre-monsoon_WL_1994-2025.pdf,NULL,NULL,local_pdf,official_web_fallback,official_web_fallback,pdf_text,NULL,NULL,9470,NULL,NULL,https://cgwb.gov.in
goa,north goa,pernem,pernem,Corgao,Corgao Station,15.70939,73.75176,1996,5,Pre-monsoon,5.96,NULL,Safe,NULL,NULL,NULL,NULL,NULL,NULL,unmatched,0.0,valid,Pre-monsoon_WL_1994-2025.pdf,NULL,NULL,local_pdf,official_web_fallback,official_web_fallback,pdf_text,NULL,NULL,9470,NULL,NULL,https://cgwb.gov.in
goa,north goa,pernem,pernem,Nagjhar,Nagjhar Station,15.70843,73.85289,1996,5,Pre-monsoon,8.02,NULL,Safe,NULL,NULL,NULL,NULL,NULL,NULL,unmatched,0.0,valid,Pre-monsoon_WL_1994-2025.pdf,NULL,NULL,local_pdf,official_web_fallback,official_web_fallback,pdf_text,NULL,NULL,9470,NULL,NULL,https://cgwb.gov.in
goa,north goa,pernem,pernem,Pernem,Pernem Station,15.7176,73.79806,1996,5,Pre-monsoon,3.62,NULL,Safe,NULL,NULL,NULL,NULL,NULL,NULL,unmatched,0.0,valid,Pre-monsoon_WL_1994-2025.pdf,NULL,NULL,local_pdf,official_web_fallback,official_web_fallback,pdf_text,NULL,NULL,9470,NULL,NULL,https://cgwb.gov.in
goa,north goa,pernem,pernem,Varconda,Varconda Station,15.75465,73.83533,1996,5,Pre-monsoon,4.9,NULL,Safe,NULL,NULL,NULL,NULL,NULL,NULL,unmatched,0.0,valid,Pre-monsoon_WL_1994-2025.pdf,NULL,NULL,local_pdf,official_web_fallback,official_web_fallback,pdf_text,NULL,NULL,9470,NULL,NULL,https://cgwb.gov.in
goa,north goa,satari,satari,Bayalwadikeri,Bayalwadikeri Station,15.61128,74.067,1996,5,Pre-monsoon,2.82,NULL,Safe,NULL,NULL,NULL,NULL,NULL,NULL,unmatched,0.0,valid,Pre-monsoon_WL_1994-2025.pdf,NULL,NULL,local_pdf,official_web_fallback,official_web_fallback,pdf_text,NULL,NULL,9470,NULL,NULL,https://cgwb.gov.in
goa,north goa,satari,satari,Hivre Budruk,Hivre Budruk Station,15.63194,74.00174,1996,5,Pre-monsoon,9.6,NULL,Safe,NULL,NULL,NULL,NULL,NULL,NULL,unmatched,0.0,valid,Pre-monsoon_WL_1994-2025.pdf,NULL,NULL,local_pdf,official_web_fallback,official_web_fallback,pdf_text,NULL,NULL,9470,NULL,NULL,https://cgwb.gov.in
goa,north goa,satari,satari,Honda,Honda Station,15.54722,74.05079,1996,5,Pre-monsoon,5.93,NULL,Safe,NULL,NULL,NULL,NULL,NULL,NULL,unmatched,0.0,valid,Pre-monsoon_WL_1994-2025.pdf,NULL,NULL,local_pdf,official_web_fallback,official_web_fallback,pdf_text,NULL,NULL,9471,NULL,NULL,https://cgwb.gov.in
goa,north goa,satari,satari,Morlem,Morlem Station,15.59397,74.04632,1996,5,Pre-monsoon,4.71,NULL,Safe,NULL,NULL,NULL,NULL,NULL,NULL,unmatched,0.0,valid,Pre-monsoon_WL_1994-2025.pdf,NULL,NULL,local_pdf,official_web_fallback,official_web_fallback,pdf_text,NULL,NULL,9471,NULL,NULL,https://cgwb.gov.in
goa,north goa,satari,satari,Valpoi,Valpoi Station,15.53301,74.13723,1996,5,Pre-monsoon,6.99,NULL,Safe,NULL,NULL,NULL,NULL,NULL,NULL,unmatched,0.0,valid,Pre-monsoon_WL_1994-2025.pdf,NULL,NULL,local_pdf,official_web_fallback,official_web_fallback,pdf_text,NULL,NULL,9471,NULL,NULL,https://cgwb.gov.in
goa,north goa,tiswadi,tiswadi,Goa-Velha,Goa-Velha Station,15.44139,73.87972,1996,5,Pre-monsoon,2.16,NULL,Safe,NULL,NULL,NULL,NULL,NULL,NULL,unmatched,0.0,valid,Pre-monsoon_WL_1994-2025.pdf,NULL,NULL,local_pdf,official_web_fallback,official_web_fallback,pdf_text,NULL,NULL,9471,NULL,NULL,https://cgwb.gov.in
goa,north goa,tiswadi,tiswadi,Karanjhalen,Karanjhalen Station,15.459,73.80281,1996,5,Pre-monsoon,4.1,NULL,Safe,NULL,NULL,NULL,NULL,NULL,NULL,unmatched,0.0,valid,Pre-monsoon_WL_1994-2025.pdf,NULL,NULL,local_pdf,official_web_fallback,official_web_fallback,pdf_text,NULL,NULL,9471,NULL,NULL,https://cgwb.gov.in
goa,south goa,canacona,canacona,Agonda,Agonda Station,15.04152,73.99121,1996,5,Pre-monsoon,5.0,NULL,Safe,NULL,NULL,NULL,NULL,NULL,NULL,unmatched,0.0,valid,Pre-monsoon_WL_1994-2025.pdf,NULL,NULL,local_pdf,official_web_fallback,official_web_fallback,pdf_text,NULL,NULL,9471,NULL,NULL,https://cgwb.gov.in
goa,south goa,canacona,canacona,Carmona,Carmona Station,15.20278,73.9525,1996,5,Pre-monsoon,8.69,NULL,Safe,NULL,NULL,NULL,NULL,NULL,NULL,unmatched,0.0,valid,Pre-monsoon_WL_1994-2025.pdf,NULL,NULL,local_pdf,official_web_fallback,official_web_fallback,pdf_text,NULL,NULL,9471,NULL,NULL,https://cgwb.gov.in
goa,south goa,canacona,canacona,Gulem Velipwada,Gulem Velipwada Station,15.03918,74.02939,1996,5,Pre-monsoon,5.52,NULL,Safe,NULL,NULL,NULL,NULL,NULL,NULL,unmatched,0.0,valid,Pre-monsoon_WL_1994-2025.pdf,NULL,NULL,local_pdf,official_web_fallback,official_web_fallback,pdf_text,NULL,NULL,9471,NULL,NULL,https://cgwb.gov.in
goa,south goa,canacona,canacona,Hattipal Poinguinem,Hattipal Poinguinem Station,14.98407,74.10869,1996,5,Pre-monsoon,9.08,NULL,Safe,NULL,NULL,NULL,NULL,NULL,NULL,unmatched,0.0,valid,Pre-monsoon_WL_1994-2025.pdf,NULL,NULL,local_pdf,official_web_fallback,official_web_fallback,pdf_text,NULL,NULL,9471,NULL,NULL,https://cgwb.gov.in
goa,south goa,canacona,canacona,Shrishtal Gaondongar,Shrishtal Gaondongar Station,15.03725,74.11851,1996,5,Pre-monsoon,6.88,NULL,Safe,NULL,NULL,NULL,NULL,NULL,NULL,unmatched,0.0,valid,Pre-monsoon_WL_1994-2025.pdf,NULL,NULL,local_pdf,official_web_fallback,official_web_fallback,pdf_text,NULL,NULL,9471,NULL,NULL,https://cgwb.gov.in
goa,south goa,dharbandora,dharbandora,Molem,Molem Station,15.37701,74.22971,1996,5,Pre-monsoon,14.44,NULL,Safe,NULL,NULL,NULL,NULL,NULL,NULL,unmatched,0.0,valid,Pre-monsoon_WL_1994-2025.pdf,NULL,NULL,local_pdf,official_web_fallback,official_web_fallback,pdf_text,NULL,NULL,9471,NULL,NULL,https://cgwb.gov.in
goa,south goa,ponda,ponda,Shiroda,Shiroda Station,15.32068,74.03502,1996,5,Pre-monsoon,8.3,NULL,Safe,NULL,NULL,NULL,NULL,NULL,NULL,unmatched,0.0,valid,Pre-monsoon_WL_1994-2025.pdf,NULL,NULL,local_pdf,official_web_fallback,official_web_fallback,pdf_text,NULL,NULL,9471,NULL,NULL,https://cgwb.gov.in
goa,south goa,quepem,quepem,Ghadiawada,Ghadiawada Station,15.23894,74.11303,1996,5,Pre-monsoon,3.38,NULL,Safe,NULL,NULL,NULL,NULL,NULL,NULL,unmatched,0.0,valid,Pre-monsoon_WL_1994-2025.pdf,NULL,NULL,local_pdf,official_web_fallback,official_web_fallback,pdf_text,NULL,NULL,9471,NULL,NULL,https://cgwb.gov.in
goa,south goa,quepem,quepem,Quepem,Quepem Station,15.21751,74.08075,1996,5,Pre-monsoon,5.2,NULL,Safe,NULL,NULL,NULL,NULL,NULL,NULL,unmatched,0.0,valid,Pre-monsoon_WL_1994-2025.pdf,NULL,NULL,local_pdf,official_web_fallback,official_web_fallback,pdf_text,NULL,NULL,9471,NULL,NULL,https://cgwb.gov.in
goa,south goa,salcete,salcete,Akamol Ambavalli,Akamol Ambavalli Station,15.19028,74.00016,1996,5,Pre-monsoon,4.95,NULL,Safe,NULL,NULL,NULL,NULL,NULL,NULL,unmatched,0.0,valid,Pre-monsoon_WL_1994-2025.pdf,NULL,NULL,local_pdf,official_web_fallback,official_web_fallback,pdf_text,NULL,NULL,9471,NULL,NULL,https://cgwb.gov.in
goa,south goa,salcete,salcete,Ballynuvhen,Ballynuvhen Station,15.31651,73.94542,1996,5,Pre-monsoon,8.98,NULL,Safe,NULL,NULL,NULL,NULL,NULL,NULL,unmatched,0.0,valid,Pre-monsoon_WL_1994-2025.pdf,NULL,NULL,local_pdf,official_web_fallback,official_web_fallback,pdf_text,NULL,NULL,9471,NULL,NULL,https://cgwb.gov.in
goa,south goa,salcete,salcete,Majorda Bpada Curilo,Majorda Bpada Curilo Station,15.32117,73.91711,1996,5,Pre-monsoon,5.38,NULL,Safe,NULL,NULL,NULL,NULL,NULL,NULL,unmatched,0.0,valid,Pre-monsoon_WL_1994-2025.pdf,NULL,NULL,local_pdf,official_web_fallback,official_web_fallback,pdf_text,NULL,NULL,9471,NULL,NULL,https://cgwb.gov.in
goa,south goa,sanguem,sanguem,Deulwada Kolamba,Deulwada Kolamba Station,15.15021,74.13099,1996,5,Pre-monsoon,3.48,NULL,Safe,NULL,NULL,NULL,NULL,NULL,NULL,unmatched,0.0,valid,Pre-monsoon_WL_1994-2025.pdf,NULL,NULL,local_pdf,official_web_fallback,official_web_fallback,pdf_text,NULL,NULL,9471,NULL,NULL,https://cgwb.gov.in
goa,south goa,sanguem,sanguem,Neturlim,Neturlim Station,15.09065,74.21671,1996,5,Pre-monsoon,11.39,NULL,Safe,NULL,NULL,NULL,NULL,NULL,NULL,unmatched,0.0,valid,Pre-monsoon_WL_1994-2025.pdf,NULL,NULL,local_pdf,official_web_fallback,official_web_fallback,pdf_text,NULL,NULL,9471,NULL,NULL,https://cgwb.gov.in
goa,north goa,bardez,bardez,Alto Betim Porvorim,Alto Betim Porvorim Station,15.52605,73.82982,1995,5,Pre-monsoon,12.3,NULL,Safe,NULL,NULL,NULL,NULL,NULL,NULL,unmatched,0.0,valid,Pre-monsoon_WL_1994-2025.pdf,NULL,NULL,local_pdf,official_web_fallback,official_web_fallback,pdf_text,NULL,NULL,9754,NULL,NULL,https://cgwb.gov.in
goa,north goa,bardez,bardez,Calangute (Ct),Calangute (Ct) Station,15.54612,73.75861,1995,5,Pre-monsoon,9.27,NULL,Safe,NULL,NULL,NULL,NULL,NULL,NULL,unmatched,0.0,valid,Pre-monsoon_WL_1994-2025.pdf,NULL,NULL,local_pdf,official_web_fallback,official_web_fallback,pdf_text,NULL,NULL,9754,NULL,NULL,https://cgwb.gov.in
goa,north goa,bardez,bardez,Mapuca,Mapuca Station,15.61013,73.82434,1995,5,Pre-monsoon,5.5,NULL,Safe,NULL,NULL,NULL,NULL,NULL,NULL,unmatched,0.0,valid,Pre-monsoon_WL_1994-2025.pdf,NULL,NULL,local_pdf,official_web_fallback,official_web_fallback,pdf_text,NULL,NULL,9754,NULL,NULL,https://cgwb.gov.in
goa,north goa,bicholim,bicholim,Bordem,Bordem Station,15.58472,73.9575,1995,5,Pre-monsoon,6.17,NULL,Safe,NULL,NULL,NULL,NULL,NULL,NULL,unmatched,0.0,valid,Pre-monsoon_WL_1994-2025.pdf,NULL,NULL,local_pdf,official_web_fallback,official_web_fallback,pdf_text,NULL,NULL,9754,NULL,NULL,https://cgwb.gov.in
goa,north goa,bicholim,bicholim,Mulgao,Mulgao Station,15.61711,73.92075,1995,5,Pre-monsoon,5.17,NULL,Safe,NULL,NULL,NULL,NULL,NULL,NULL,unmatched,0.0,valid,Pre-monsoon_WL_1994-2025.pdf,NULL,NULL,local_pdf,official_web_fallback,official_web_fallback,pdf_text,NULL,NULL,9754,NULL,NULL,https://cgwb.gov.in
goa,north goa,bicholim,bicholim,Salem,Salem Station,15.68771,73.92681,1995,5,Pre-monsoon,13.4,NULL,Safe,NULL,NULL,NULL,NULL,NULL,NULL,unmatched,0.0,valid,Pre-monsoon_WL_1994-2025.pdf,NULL,NULL,local_pdf,official_web_fallback,official_web_fallback,pdf_text,NULL,NULL,9754,NULL,NULL,https://cgwb.gov.in
goa,north goa,pernem,pernem,Corgao,Corgao Station,15.70939,73.75176,1995,5,Pre-monsoon,5.92,NULL,Safe,NULL,NULL,NULL,NULL,NULL,NULL,unmatched,0.0,valid,Pre-monsoon_WL_1994-2025.pdf,NULL,NULL,local_pdf,official_web_fallback,official_web_fallback,pdf_text,NULL,NULL,9754,NULL,NULL,https://cgwb.gov.in
goa,north goa,pernem,pernem,Morji,Morji Station,15.63598,73.73963,1995,5,Pre-monsoon,3.88,NULL,Safe,NULL,NULL,NULL,NULL,NULL,NULL,unmatched,0.0,valid,Pre-monsoon_WL_1994-2025.pdf,NULL,NULL,local_pdf,official_web_fallback,official_web_fallback,pdf_text,NULL,NULL,9754,NULL,NULL,https://cgwb.gov.in
goa,north goa,pernem,pernem,Nagjhar,Nagjhar Station,15.70843,73.85289,1995,5,Pre-monsoon,11.38,NULL,Safe,NULL,NULL,NULL,NULL,NULL,NULL,unmatched,0.0,valid,Pre-monsoon_WL_1994-2025.pdf,NULL,NULL,local_pdf,official_web_fallback,official_web_fallback,pdf_text,NULL,NULL,9754,NULL,NULL,https://cgwb.gov.in
goa,north goa,pernem,pernem,Pernem,Pernem Station,15.7176,73.79806,1995,5,Pre-monsoon,5.28,NULL,Safe,NULL,NULL,NULL,NULL,NULL,NULL,unmatched,0.0,valid,Pre-monsoon_WL_1994-2025.pdf,NULL,NULL,local_pdf,official_web_fallback,official_web_fallback,pdf_text,NULL,NULL,9754,NULL,NULL,https://cgwb.gov.in
goa,north goa,pernem,pernem,Varconda,Varconda Station,15.75465,73.83533,1995,5,Pre-monsoon,5.16,NULL,Safe,NULL,NULL,NULL,NULL,NULL,NULL,unmatched,0.0,valid,Pre-monsoon_WL_1994-2025.pdf,NULL,NULL,local_pdf,official_web_fallback,official_web_fallback,pdf_text,NULL,NULL,9754,NULL,NULL,https://cgwb.gov.in
goa,north goa,satari,satari,Bayalwadikeri,Bayalwadikeri Station,15.61128,74.067,1995,5,Pre-monsoon,5.17,NULL,Safe,NULL,NULL,NULL,NULL,NULL,NULL,unmatched,0.0,valid,Pre-monsoon_WL_1994-2025.pdf,NULL,NULL,local_pdf,official_web_fallback,official_web_fallback,pdf_text,NULL,NULL,9754,NULL,NULL,https://cgwb.gov.in
goa,north goa,satari,satari,Honda,Honda Station,15.54722,74.05079,1995,5,Pre-monsoon,5.1,NULL,Safe,NULL,NULL,NULL,NULL,NULL,NULL,unmatched,0.0,valid,Pre-monsoon_WL_1994-2025.pdf,NULL,NULL,local_pdf,official_web_fallback,official_web_fallback,pdf_text,NULL,NULL,9755,NULL,NULL,https://cgwb.gov.in
goa,north goa,satari,satari,Khadki(Harijanwada),Khadki(Harijanwada) Station,15.50253,74.13964,1995,5,Pre-monsoon,12.26,NULL,Safe,NULL,NULL,NULL,NULL,NULL,NULL,unmatched,0.0,valid,Pre-monsoon_WL_1994-2025.pdf,NULL,NULL,local_pdf,official_web_fallback,official_web_fallback,pdf_text,NULL,NULL,9755,NULL,NULL,https://cgwb.gov.in
goa,north goa,satari,satari,Morlem,Morlem Station,15.59397,74.04632,1995,5,Pre-monsoon,4.79,NULL,Safe,NULL,NULL,NULL,NULL,NULL,NULL,unmatched,0.0,valid,Pre-monsoon_WL_1994-2025.pdf,NULL,NULL,local_pdf,official_web_fallback,official_web_fallback,pdf_text,NULL,NULL,9755,NULL,NULL,https://cgwb.gov.in
goa,north goa,tiswadi,tiswadi,Goa-Velha,Goa-Velha Station,15.44139,73.87972,1995,5,Pre-monsoon,2.4,NULL,Safe,NULL,NULL,NULL,NULL,NULL,NULL,unmatched,0.0,valid,Pre-monsoon_WL_1994-2025.pdf,NULL,NULL,local_pdf,official_web_fallback,official_web_fallback,pdf_text,NULL,NULL,9755,NULL,NULL,https://cgwb.gov.in
goa,south goa,canacona,canacona,Agonda,Agonda Station,15.04152,73.99121,1995,5,Pre-monsoon,4.61,NULL,Safe,NULL,NULL,NULL,NULL,NULL,NULL,unmatched,0.0,valid,Pre-monsoon_WL_1994-2025.pdf,NULL,NULL,local_pdf,official_web_fallback,official_web_fallback,pdf_text,NULL,NULL,9755,NULL,NULL,https://cgwb.gov.in
goa,south goa,canacona,canacona,Canacona,Canacona Station,15.00716,74.05233,1995,5,Pre-monsoon,8.76,NULL,Safe,NULL,NULL,NULL,NULL,NULL,NULL,unmatched,0.0,valid,Pre-monsoon_WL_1994-2025.pdf,NULL,NULL,local_pdf,official_web_fallback,official_web_fallback,pdf_text,NULL,NULL,9755,NULL,NULL,https://cgwb.gov.in
goa,south goa,canacona,canacona,Carmona,Carmona Station,15.20278,73.9525,1995,5,Pre-monsoon,9.05,NULL,Safe,NULL,NULL,NULL,NULL,NULL,NULL,unmatched,0.0,valid,Pre-monsoon_WL_1994-2025.pdf,NULL,NULL,local_pdf,official_web_fallback,official_web_fallback,pdf_text,NULL,NULL,9755,NULL,NULL,https://cgwb.gov.in
goa,south goa,canacona,canacona,Daptamol Lolien,Daptamol Lolien Station,14.94986,74.05528,1995,5,Pre-monsoon,16.03,NULL,Safe,NULL,NULL,NULL,NULL,NULL,NULL,unmatched,0.0,valid,Pre-monsoon_WL_1994-2025.pdf,NULL,NULL,local_pdf,official_web_fallback,official_web_fallback,pdf_text,NULL,NULL,9755,NULL,NULL,https://cgwb.gov.in
goa,south goa,canacona,canacona,Hattipal Poinguinem,Hattipal Poinguinem Station,14.98407,74.10869,1995,5,Pre-monsoon,9.34,NULL,Safe,NULL,NULL,NULL,NULL,NULL,NULL,unmatched,0.0,valid,Pre-monsoon_WL_1994-2025.pdf,NULL,NULL,local_pdf,official_web_fallback,official_web_fallback,pdf_text,NULL,NULL,9755,NULL,NULL,https://cgwb.gov.in
goa,south goa,canacona,canacona,Polem,Polem Station,14.91289,74.08455,1995,5,Pre-monsoon,4.29,NULL,Safe,NULL,NULL,NULL,NULL,NULL,NULL,unmatched,0.0,valid,Pre-monsoon_WL_1994-2025.pdf,NULL,NULL,local_pdf,official_web_fallback,official_web_fallback,pdf_text,NULL,NULL,9755,NULL,NULL,https://cgwb.gov.in
goa,south goa,dharbandora,dharbandora,Bolkharnem,Bolkharnem Station,15.42964,74.19235,1995,5,Pre-monsoon,7.8,NULL,Safe,NULL,NULL,NULL,NULL,NULL,NULL,unmatched,0.0,valid,Pre-monsoon_WL_1994-2025.pdf,NULL,NULL,local_pdf,official_web_fallback,official_web_fallback,pdf_text,NULL,NULL,9755,NULL,NULL,https://cgwb.gov.in
goa,south goa,dharbandora,dharbandora,Colem,Colem Station,15.33497,74.24375,1995,5,Pre-monsoon,10.05,NULL,Safe,NULL,NULL,NULL,NULL,NULL,NULL,unmatched,0.0,valid,Pre-monsoon_WL_1994-2025.pdf,NULL,NULL,local_pdf,official_web_fallback,official_web_fallback,pdf_text,NULL,NULL,9755,NULL,NULL,https://cgwb.gov.in
goa,south goa,dharbandora,dharbandora,Molem,Molem Station,15.37701,74.22971,1995,5,Pre-monsoon,14.24,NULL,Safe,NULL,NULL,NULL,NULL,NULL,NULL,unmatched,0.0,valid,Pre-monsoon_WL_1994-2025.pdf,NULL,NULL,local_pdf,official_web_fallback,official_web_fallback,pdf_text,NULL,NULL,9755,NULL,NULL,https://cgwb.gov.in
goa,south goa,quepem,quepem,Ghadiawada,Ghadiawada Station,15.23894,74.11303,1995,5,Pre-monsoon,3.57,NULL,Safe,NULL,NULL,NULL,NULL,NULL,NULL,unmatched,0.0,valid,Pre-monsoon_WL_1994-2025.pdf,NULL,NULL,local_pdf,official_web_fallback,official_web_fallback,pdf_text,NULL,NULL,9755,NULL,NULL,https://cgwb.gov.in
goa,south goa,quepem,quepem,Quepem,Quepem Station,15.21751,74.08075,1995,5,Pre-monsoon,3.64,NULL,Safe,NULL,NULL,NULL,NULL,NULL,NULL,unmatched,0.0,valid,Pre-monsoon_WL_1994-2025.pdf,NULL,NULL,local_pdf,official_web_fallback,official_web_fallback,pdf_text,NULL,NULL,9755,NULL,NULL,https://cgwb.gov.in
goa,south goa,salcete,salcete,Ballynuvhen,Ballynuvhen Station,15.31651,73.94542,1995,5,Pre-monsoon,6.28,NULL,Safe,NULL,NULL,NULL,NULL,NULL,NULL,unmatched,0.0,valid,Pre-monsoon_WL_1994-2025.pdf,NULL,NULL,local_pdf,official_web_fallback,official_web_fallback,pdf_text,NULL,NULL,9755,NULL,NULL,https://cgwb.gov.in
goa,south goa,salcete,salcete,Majorda Bpada Curilo,Majorda Bpada Curilo Station,15.32117,73.91711,1995,5,Pre-monsoon,6.01,NULL,Safe,NULL,NULL,NULL,NULL,NULL,NULL,unmatched,0.0,valid,Pre-monsoon_WL_1994-2025.pdf,NULL,NULL,local_pdf,official_web_fallback,official_web_fallback,pdf_text,NULL,NULL,9755,NULL,NULL,https://cgwb.gov.in
goa,south goa,sanguem,sanguem,Deulwada Kolamba,Deulwada Kolamba Station,15.15021,74.13099,1995,5,Pre-monsoon,3.85,NULL,Safe,NULL,NULL,NULL,NULL,NULL,NULL,unmatched,0.0,valid,Pre-monsoon_WL_1994-2025.pdf,NULL,NULL,local_pdf,official_web_fallback,official_web_fallback,pdf_text,NULL,NULL,9755,NULL,NULL,https://cgwb.gov.in
goa,south goa,sanguem,sanguem,Neturlim,Neturlim Station,15.09065,74.21671,1995,5,Pre-monsoon,11.68,NULL,Safe,NULL,NULL,NULL,NULL,NULL,NULL,unmatched,0.0,valid,Pre-monsoon_WL_1994-2025.pdf,NULL,NULL,local_pdf,official_web_fallback,official_web_fallback,pdf_text,NULL,NULL,9755,NULL,NULL,https://cgwb.gov.in
goa,north goa,bardez,bardez,Alto Betim Porvorim,Alto Betim Porvorim Station,15.52605,73.82982,1994,5,Pre-monsoon,17.97,NULL,Safe,NULL,NULL,NULL,NULL,NULL,NULL,unmatched,0.0,valid,Pre-monsoon_WL_1994-2025.pdf,NULL,NULL,local_pdf,official_web_fallback,official_web_fallback,pdf_text,NULL,NULL,10032,NULL,NULL,https://cgwb.gov.in
goa,north goa,bardez,bardez,Calangute (Ct),Calangute (Ct) Station,15.54612,73.75861,1994,5,Pre-monsoon,8.87,NULL,Safe,NULL,NULL,NULL,NULL,NULL,NULL,unmatched,0.0,valid,Pre-monsoon_WL_1994-2025.pdf,NULL,NULL,local_pdf,official_web_fallback,official_web_fallback,pdf_text,NULL,NULL,10032,NULL,NULL,https://cgwb.gov.in
goa,north goa,bardez,bardez,Mapuca,Mapuca Station,15.61013,73.82434,1994,5,Pre-monsoon,5.93,NULL,Safe,NULL,NULL,NULL,NULL,NULL,NULL,unmatched,0.0,valid,Pre-monsoon_WL_1994-2025.pdf,NULL,NULL,local_pdf,official_web_fallback,official_web_fallback,pdf_text,NULL,NULL,10032,NULL,NULL,https://cgwb.gov.in
goa,north goa,bardez,bardez,Sircaim,Sircaim Station,15.62689,73.87588,1994,5,Pre-monsoon,5.11,NULL,Safe,NULL,NULL,NULL,NULL,NULL,NULL,unmatched,0.0,valid,Pre-monsoon_WL_1994-2025.pdf,NULL,NULL,local_pdf,official_web_fallback,official_web_fallback,pdf_text,NULL,NULL,10033,NULL,NULL,https://cgwb.gov.in
goa,north goa,bicholim,bicholim,Bordem,Bordem Station,15.58472,73.9575,1994,5,Pre-monsoon,5.8,NULL,Safe,NULL,NULL,NULL,NULL,NULL,NULL,unmatched,0.0,valid,Pre-monsoon_WL_1994-2025.pdf,NULL,NULL,local_pdf,official_web_fallback,official_web_fallback,pdf_text,NULL,NULL,10033,NULL,NULL,https://cgwb.gov.in
goa,north goa,bicholim,bicholim,Mulgao,Mulgao Station,15.61711,73.92075,1994,5,Pre-monsoon,3.05,NULL,Safe,NULL,NULL,NULL,NULL,NULL,NULL,unmatched,0.0,valid,Pre-monsoon_WL_1994-2025.pdf,NULL,NULL,local_pdf,official_web_fallback,official_web_fallback,pdf_text,NULL,NULL,10033,NULL,NULL,https://cgwb.gov.in
goa,north goa,bicholim,bicholim,Salem,Salem Station,15.68771,73.92681,1994,5,Pre-monsoon,4.98,NULL,Safe,NULL,NULL,NULL,NULL,NULL,NULL,unmatched,0.0,valid,Pre-monsoon_WL_1994-2025.pdf,NULL,NULL,local_pdf,official_web_fallback,official_web_fallback,pdf_text,NULL,NULL,10033,NULL,NULL,https://cgwb.gov.in
goa,north goa,pernem,pernem,Corgao,Corgao Station,15.70939,73.75176,1994,5,Pre-monsoon,5.39,NULL,Safe,NULL,NULL,NULL,NULL,NULL,NULL,unmatched,0.0,valid,Pre-monsoon_WL_1994-2025.pdf,NULL,NULL,local_pdf,official_web_fallback,official_web_fallback,pdf_text,NULL,NULL,10033,NULL,NULL,https://cgwb.gov.in
goa,north goa,pernem,pernem,Morji,Morji Station,15.63598,73.73963,1994,5,Pre-monsoon,2.84,NULL,Safe,NULL,NULL,NULL,NULL,NULL,NULL,unmatched,0.0,valid,Pre-monsoon_WL_1994-2025.pdf,NULL,NULL,local_pdf,official_web_fallback,official_web_fallback,pdf_text,NULL,NULL,10033,NULL,NULL,https://cgwb.gov.in
goa,north goa,pernem,pernem,Nagjhar,Nagjhar Station,15.70843,73.85289,1994,5,Pre-monsoon,11.31,NULL,Safe,NULL,NULL,NULL,NULL,NULL,NULL,unmatched,0.0,valid,Pre-monsoon_WL_1994-2025.pdf,NULL,NULL,local_pdf,official_web_fallback,official_web_fallback,pdf_text,NULL,NULL,10033,NULL,NULL,https://cgwb.gov.in
goa,north goa,pernem,pernem,Pernem,Pernem Station,15.7176,73.79806,1994,5,Pre-monsoon,5.97,NULL,Safe,NULL,NULL,NULL,NULL,NULL,NULL,unmatched,0.0,valid,Pre-monsoon_WL_1994-2025.pdf,NULL,NULL,local_pdf,official_web_fallback,official_web_fallback,pdf_text,NULL,NULL,10033,NULL,NULL,https://cgwb.gov.in
goa,north goa,pernem,pernem,Varconda,Varconda Station,15.75465,73.83533,1994,5,Pre-monsoon,5.1,NULL,Safe,NULL,NULL,NULL,NULL,NULL,NULL,unmatched,0.0,valid,Pre-monsoon_WL_1994-2025.pdf,NULL,NULL,local_pdf,official_web_fallback,official_web_fallback,pdf_text,NULL,NULL,10033,NULL,NULL,https://cgwb.gov.in
goa,north goa,satari,satari,Hivre Budruk,Hivre Budruk Station,15.63194,74.00174,1994,5,Pre-monsoon,9.55,NULL,Safe,NULL,NULL,NULL,NULL,NULL,NULL,unmatched,0.0,valid,Pre-monsoon_WL_1994-2025.pdf,NULL,NULL,local_pdf,official_web_fallback,official_web_fallback,pdf_text,NULL,NULL,10033,NULL,NULL,https://cgwb.gov.in
goa,north goa,satari,satari,Honda,Honda Station,15.54722,74.05079,1994,5,Pre-monsoon,3.63,NULL,Safe,NULL,NULL,NULL,NULL,NULL,NULL,unmatched,0.0,valid,Pre-monsoon_WL_1994-2025.pdf,NULL,NULL,local_pdf,official_web_fallback,official_web_fallback,pdf_text,NULL,NULL,10033,NULL,NULL,https://cgwb.gov.in
goa,north goa,satari,satari,Khadki(Harijanwada),Khadki(Harijanwada) Station,15.50253,74.13964,1994,5,Pre-monsoon,12.37,NULL,Safe,NULL,NULL,NULL,NULL,NULL,NULL,unmatched,0.0,valid,Pre-monsoon_WL_1994-2025.pdf,NULL,NULL,local_pdf,official_web_fallback,official_web_fallback,pdf_text,NULL,NULL,10033,NULL,NULL,https://cgwb.gov.in
goa,north goa,satari,satari,Morlem,Morlem Station,15.59397,74.04632,1994,5,Pre-monsoon,4.64,NULL,Safe,NULL,NULL,NULL,NULL,NULL,NULL,unmatched,0.0,valid,Pre-monsoon_WL_1994-2025.pdf,NULL,NULL,local_pdf,official_web_fallback,official_web_fallback,pdf_text,NULL,NULL,10033,NULL,NULL,https://cgwb.gov.in
goa,north goa,satari,satari,Valpoi,Valpoi Station,15.53301,74.13723,1994,5,Pre-monsoon,7.41,NULL,Safe,NULL,NULL,NULL,NULL,NULL,NULL,unmatched,0.0,valid,Pre-monsoon_WL_1994-2025.pdf,NULL,NULL,local_pdf,official_web_fallback,official_web_fallback,pdf_text,NULL,NULL,10033,NULL,NULL,https://cgwb.gov.in
goa,north goa,tiswadi,tiswadi,Goa-Velha,Goa-Velha Station,15.44139,73.87972,1994,5,Pre-monsoon,2.2,NULL,Safe,NULL,NULL,NULL,NULL,NULL,NULL,unmatched,0.0,valid,Pre-monsoon_WL_1994-2025.pdf,NULL,NULL,local_pdf,official_web_fallback,official_web_fallback,pdf_text,NULL,NULL,10033,NULL,NULL,https://cgwb.gov.in
goa,north goa,tiswadi,tiswadi,Karanjhalen,Karanjhalen Station,15.459,73.80281,1994,5,Pre-monsoon,4.4,NULL,Safe,NULL,NULL,NULL,NULL,NULL,NULL,unmatched,0.0,valid,Pre-monsoon_WL_1994-2025.pdf,NULL,NULL,local_pdf,official_web_fallback,official_web_fallback,pdf_text,NULL,NULL,10033,NULL,NULL,https://cgwb.gov.in
goa,south goa,canacona,canacona,Agonda,Agonda Station,15.04152,73.99121,1994,5,Pre-monsoon,4.3,NULL,Safe,NULL,NULL,NULL,NULL,NULL,NULL,unmatched,0.0,valid,Pre-monsoon_WL_1994-2025.pdf,NULL,NULL,local_pdf,official_web_fallback,official_web_fallback,pdf_text,NULL,NULL,10033,NULL,NULL,https://cgwb.gov.in
goa,south goa,canacona,canacona,Canacona,Canacona Station,15.00716,74.05233,1994,5,Pre-monsoon,8.1,NULL,Safe,NULL,NULL,NULL,NULL,NULL,NULL,unmatched,0.0,valid,Pre-monsoon_WL_1994-2025.pdf,NULL,NULL,local_pdf,official_web_fallback,official_web_fallback,pdf_text,NULL,NULL,10033,NULL,NULL,https://cgwb.gov.in
goa,south goa,canacona,canacona,Carmona,Carmona Station,15.20278,73.9525,1994,5,Pre-monsoon,9.17,NULL,Safe,NULL,NULL,NULL,NULL,NULL,NULL,unmatched,0.0,valid,Pre-monsoon_WL_1994-2025.pdf,NULL,NULL,local_pdf,official_web_fallback,official_web_fallback,pdf_text,NULL,NULL,10033,NULL,NULL,https://cgwb.gov.in
goa,south goa,canacona,canacona,Daptamol Lolien,Daptamol Lolien Station,14.94986,74.05528,1994,5,Pre-monsoon,15.99,NULL,Safe,NULL,NULL,NULL,NULL,NULL,NULL,unmatched,0.0,valid,Pre-monsoon_WL_1994-2025.pdf,NULL,NULL,local_pdf,official_web_fallback,official_web_fallback,pdf_text,NULL,NULL,10033,NULL,NULL,https://cgwb.gov.in
goa,south goa,canacona,canacona,Gulem Velipwada,Gulem Velipwada Station,15.03918,74.02939,1994,5,Pre-monsoon,5.45,NULL,Safe,NULL,NULL,NULL,NULL,NULL,NULL,unmatched,0.0,valid,Pre-monsoon_WL_1994-2025.pdf,NULL,NULL,local_pdf,official_web_fallback,official_web_fallback,pdf_text,NULL,NULL,10033,NULL,NULL,https://cgwb.gov.in
goa,south goa,canacona,canacona,Hattipal Poinguinem,Hattipal Poinguinem Station,14.98407,74.10869,1994,5,Pre-monsoon,9.05,NULL,Safe,NULL,NULL,NULL,NULL,NULL,NULL,unmatched,0.0,valid,Pre-monsoon_WL_1994-2025.pdf,NULL,NULL,local_pdf,official_web_fallback,official_web_fallback,pdf_text,NULL,NULL,10033,NULL,NULL,https://cgwb.gov.in
goa,south goa,canacona,canacona,Polem,Polem Station,14.91289,74.08455,1994,5,Pre-monsoon,3.83,NULL,Safe,NULL,NULL,NULL,NULL,NULL,NULL,unmatched,0.0,valid,Pre-monsoon_WL_1994-2025.pdf,NULL,NULL,local_pdf,official_web_fallback,official_web_fallback,pdf_text,NULL,NULL,10033,NULL,NULL,https://cgwb.gov.in
goa,south goa,dharbandora,dharbandora,Bolkharnem,Bolkharnem Station,15.42964,74.19235,1994,5,Pre-monsoon,7.95,NULL,Safe,NULL,NULL,NULL,NULL,NULL,NULL,unmatched,0.0,valid,Pre-monsoon_WL_1994-2025.pdf,NULL,NULL,local_pdf,official_web_fallback,official_web_fallback,pdf_text,NULL,NULL,10033,NULL,NULL,https://cgwb.gov.in
goa,south goa,dharbandora,dharbandora,Colem,Colem Station,15.33497,74.24375,1994,5,Pre-monsoon,10.38,NULL,Safe,NULL,NULL,NULL,NULL,NULL,NULL,unmatched,0.0,valid,Pre-monsoon_WL_1994-2025.pdf,NULL,NULL,local_pdf,official_web_fallback,official_web_fallback,pdf_text,NULL,NULL,10033,NULL,NULL,https://cgwb.gov.in
goa,south goa,dharbandora,dharbandora,Molem,Molem Station,15.37701,74.22971,1994,5,Pre-monsoon,14.61,NULL,Safe,NULL,NULL,NULL,NULL,NULL,NULL,unmatched,0.0,valid,Pre-monsoon_WL_1994-2025.pdf,NULL,NULL,local_pdf,official_web_fallback,official_web_fallback,pdf_text,NULL,NULL,10033,NULL,NULL,https://cgwb.gov.in
goa,south goa,ponda,ponda,Shiroda,Shiroda Station,15.32068,74.03502,1994,5,Pre-monsoon,5.63,NULL,Safe,NULL,NULL,NULL,NULL,NULL,NULL,unmatched,0.0,valid,Pre-monsoon_WL_1994-2025.pdf,NULL,NULL,local_pdf,official_web_fallback,official_web_fallback,pdf_text,NULL,NULL,10033,NULL,NULL,https://cgwb.gov.in
goa,south goa,quepem,quepem,Ghadiawada,Ghadiawada Station,15.23894,74.11303,1994,5,Pre-monsoon,2.93,NULL,Safe,NULL,NULL,NULL,NULL,NULL,NULL,unmatched,0.0,valid,Pre-monsoon_WL_1994-2025.pdf,NULL,NULL,local_pdf,official_web_fallback,official_web_fallback,pdf_text,NULL,NULL,10033,NULL,NULL,https://cgwb.gov.in
goa,south goa,quepem,quepem,Quepem,Quepem Station,15.21751,74.08075,1994,5,Pre-monsoon,4.53,NULL,Safe,NULL,NULL,NULL,NULL,NULL,NULL,unmatched,0.0,valid,Pre-monsoon_WL_1994-2025.pdf,NULL,NULL,local_pdf,official_web_fallback,official_web_fallback,pdf_text,NULL,NULL,10033,NULL,NULL,https://cgwb.gov.in
goa,south goa,salcete,salcete,Ballynuvhen,Ballynuvhen Station,15.31651,73.94542,1994,5,Pre-monsoon,7.95,NULL,Safe,NULL,NULL,NULL,NULL,NULL,NULL,unmatched,0.0,valid,Pre-monsoon_WL_1994-2025.pdf,NULL,NULL,local_pdf,official_web_fallback,official_web_fallback,pdf_text,NULL,NULL,10033,NULL,NULL,https://cgwb.gov.in
goa,south goa,salcete,salcete,Majorda Bpada Curilo,Majorda Bpada Curilo Station,15.32117,73.91711,1994,5,Pre-monsoon,5.35,NULL,Safe,NULL,NULL,NULL,NULL,NULL,NULL,unmatched,0.0,valid,Pre-monsoon_WL_1994-2025.pdf,NULL,NULL,local_pdf,official_web_fallback,official_web_fallback,pdf_text,NULL,NULL,10033,NULL,NULL,https://cgwb.gov.in
goa,south goa,sanguem,sanguem,Deulwada Kolamba,Deulwada Kolamba Station,15.15021,74.13099,1994,5,Pre-monsoon,3.61,NULL,Safe,NULL,NULL,NULL,NULL,NULL,NULL,unmatched,0.0,valid,Pre-monsoon_WL_1994-2025.pdf,NULL,NULL,local_pdf,official_web_fallback,official_web_fallback,pdf_text,NULL,NULL,10033,NULL,NULL,https://cgwb.gov.in
goa,south goa,sanguem,sanguem,Neturlim,Neturlim Station,15.09065,74.21671,1994,5,Pre-monsoon,11.23,NULL,Safe,NULL,NULL,NULL,NULL,NULL,NULL,unmatched,0.0,valid,Pre-monsoon_WL_1994-2025.pdf,NULL,NULL,local_pdf,official_web_fallback,official_web_fallback,pdf_text,NULL,NULL,10033,NULL,NULL,https://cgwb.gov.in
goa,north goa,bardez,bardez,Alto Betim Porvorim,Alto Betim Porvorim Station,15.52605,73.82983,2026,1,January,8.73,NULL,Safe,NULL,NULL,NULL,NULL,NULL,NULL,unmatched,0.0,valid,January 2026.xlsx.pdf,NULL,NULL,local_pdf,official_web_fallback,official_web_fallback,pdf_text,NULL,NULL,67,NULL,NULL,https://cgwb.gov.in
goa,north goa,bardez,bardez,Amberem,Amberem Station,15.739,73.82449,2026,1,January,7.43,NULL,Safe,NULL,NULL,NULL,NULL,NULL,NULL,unmatched,0.0,valid,January 2026.xlsx.pdf,NULL,NULL,local_pdf,official_web_fallback,official_web_fallback,pdf_text,NULL,NULL,67,NULL,NULL,https://cgwb.gov.in
goa,north goa,bardez,bardez,Anjuna (Ct),Anjuna (Ct) Station,15.5842,73.73828,2026,1,January,11.48,NULL,Safe,NULL,NULL,NULL,NULL,NULL,NULL,unmatched,0.0,valid,January 2026.xlsx.pdf,NULL,NULL,local_pdf,official_web_fallback,official_web_fallback,pdf_text,NULL,NULL,67,NULL,NULL,https://cgwb.gov.in
goa,north goa,bardez,bardez,Britona,Britona Station,15.524,73.84194,2026,1,January,1.98,NULL,Safe,NULL,NULL,NULL,NULL,NULL,NULL,unmatched,0.0,valid,January 2026.xlsx.pdf,NULL,NULL,local_pdf,official_web_fallback,official_web_fallback,pdf_text,NULL,NULL,67,NULL,NULL,https://cgwb.gov.in
goa,north goa,bardez,bardez,Calangute (Ct),Calangute (Ct) Station,15.54612,73.75861,2026,1,January,5.92,NULL,Safe,NULL,NULL,NULL,NULL,NULL,NULL,unmatched,0.0,valid,January 2026.xlsx.pdf,NULL,NULL,local_pdf,official_web_fallback,official_web_fallback,pdf_text,NULL,NULL,67,NULL,NULL,https://cgwb.gov.in
goa,north goa,bardez,bardez,Mapuca,Mapuca Station,15.61013,73.82434,2026,1,January,3.51,NULL,Safe,NULL,NULL,NULL,NULL,NULL,NULL,unmatched,0.0,valid,January 2026.xlsx.pdf,NULL,NULL,local_pdf,official_web_fallback,official_web_fallback,pdf_text,NULL,NULL,67,NULL,NULL,https://cgwb.gov.in
goa,north goa,bardez,bardez,Olaulim,Olaulim Station,15.56958,73.86346,2026,1,January,6.19,NULL,Safe,NULL,NULL,NULL,NULL,NULL,NULL,unmatched,0.0,valid,January 2026.xlsx.pdf,NULL,NULL,local_pdf,official_web_fallback,official_web_fallback,pdf_text,NULL,NULL,67,NULL,NULL,https://cgwb.gov.in
goa,north goa,bardez,bardez,Parra,Parra Station,15.57282,73.79279,2026,1,January,1.46,NULL,Safe,NULL,NULL,NULL,NULL,NULL,NULL,unmatched,0.0,valid,January 2026.xlsx.pdf,NULL,NULL,local_pdf,official_web_fallback,official_web_fallback,pdf_text,NULL,NULL,67,NULL,NULL,https://cgwb.gov.in
goa,north goa,bardez,bardez,Pirna,Pirna Station,15.66884,73.8818,2026,1,January,3.05,NULL,Safe,NULL,NULL,NULL,NULL,NULL,NULL,unmatched,0.0,valid,January 2026.xlsx.pdf,NULL,NULL,local_pdf,official_web_fallback,official_web_fallback,pdf_text,NULL,NULL,67,NULL,NULL,https://cgwb.gov.in
goa,north goa,bardez,bardez,Pomburpa,Pomburpa Station,15.55926,73.86761,2026,1,January,3.26,NULL,Safe,NULL,NULL,NULL,NULL,NULL,NULL,unmatched,0.0,valid,January 2026.xlsx.pdf,NULL,NULL,local_pdf,official_web_fallback,official_web_fallback,pdf_text,NULL,NULL,67,NULL,NULL,https://cgwb.gov.in
goa,north goa,bardez,bardez,Salvador-Do-Mundo (Ct),Salvador-Do-Mundo (Ct) Station,15.5376,73.86869,2026,1,January,2.88,NULL,Safe,NULL,NULL,NULL,NULL,NULL,NULL,unmatched,0.0,valid,January 2026.xlsx.pdf,NULL,NULL,local_pdf,official_web_fallback,official_web_fallback,pdf_text,NULL,NULL,67,NULL,NULL,https://cgwb.gov.in
goa,north goa,bardez,bardez,Shivoli Brahmanwada,Shivoli Brahmanwada Station,15.62358,73.76681,2026,1,January,1.84,NULL,Safe,NULL,NULL,NULL,NULL,NULL,NULL,unmatched,0.0,valid,January 2026.xlsx.pdf,NULL,NULL,local_pdf,official_web_fallback,official_web_fallback,pdf_text,NULL,NULL,67,NULL,NULL,https://cgwb.gov.in
goa,north goa,bardez,bardez,Sircaim,Sircaim Station,15.62689,73.87588,2026,1,January,3.25,NULL,Safe,NULL,NULL,NULL,NULL,NULL,NULL,unmatched,0.0,valid,January 2026.xlsx.pdf,NULL,NULL,local_pdf,official_web_fallback,official_web_fallback,pdf_text,NULL,NULL,67,NULL,NULL,https://cgwb.gov.in
goa,north goa,bicholim,bicholim,Jambhul Batt,Jambhul Batt Station,15.58041,73.92604,2026,1,January,2.19,NULL,Safe,NULL,NULL,NULL,NULL,NULL,NULL,unmatched,0.0,valid,January 2026.xlsx.pdf,NULL,NULL,local_pdf,official_web_fallback,official_web_fallback,pdf_text,NULL,NULL,67,NULL,NULL,https://cgwb.gov.in
goa,north goa,bicholim,bicholim,Mulgao,Mulgao Station,15.61711,73.92075,2026,1,January,2.94,NULL,Safe,NULL,NULL,NULL,NULL,NULL,NULL,unmatched,0.0,valid,January 2026.xlsx.pdf,NULL,NULL,local_pdf,official_web_fallback,official_web_fallback,pdf_text,NULL,NULL,67,NULL,NULL,https://cgwb.gov.in
goa,north goa,bicholim,bicholim,Salem,Salem Station,15.68771,73.92681,2026,1,January,3.52,NULL,Safe,NULL,NULL,NULL,NULL,NULL,NULL,unmatched,0.0,valid,January 2026.xlsx.pdf,NULL,NULL,local_pdf,official_web_fallback,official_web_fallback,pdf_text,NULL,NULL,68,NULL,NULL,https://cgwb.gov.in
goa,north goa,pernem,pernem,Corgao,Corgao Station,15.70939,73.75175,2026,1,January,4.3,NULL,Safe,NULL,NULL,NULL,NULL,NULL,NULL,unmatched,0.0,valid,January 2026.xlsx.pdf,NULL,NULL,local_pdf,official_web_fallback,official_web_fallback,pdf_text,NULL,NULL,68,NULL,NULL,https://cgwb.gov.in
goa,north goa,pernem,pernem,Hasaravanni Vaipal,Hasaravanni Vaipal Station,15.73251,73.89959,2026,1,January,1.87,NULL,Safe,NULL,NULL,NULL,NULL,NULL,NULL,unmatched,0.0,valid,January 2026.xlsx.pdf,NULL,NULL,local_pdf,official_web_fallback,official_web_fallback,pdf_text,NULL,NULL,68,NULL,NULL,https://cgwb.gov.in
goa,north goa,pernem,pernem,Haspur,Haspur Station,15.73698,73.90359,2026,1,January,4.66,NULL,Safe,NULL,NULL,NULL,NULL,NULL,NULL,unmatched,0.0,valid,January 2026.xlsx.pdf,NULL,NULL,local_pdf,official_web_fallback,official_web_fallback,pdf_text,NULL,NULL,68,NULL,NULL,https://cgwb.gov.in
goa,north goa,pernem,pernem,Morji,Morji Station,15.63598,73.73963,2026,1,January,0.82,NULL,Safe,NULL,NULL,NULL,NULL,NULL,NULL,unmatched,0.0,valid,January 2026.xlsx.pdf,NULL,NULL,local_pdf,official_web_fallback,official_web_fallback,pdf_text,NULL,NULL,68,NULL,NULL,https://cgwb.gov.in
goa,north goa,pernem,pernem,Nagjhar,Nagjhar Station,15.70843,73.85289,2026,1,January,7.73,NULL,Safe,NULL,NULL,NULL,NULL,NULL,NULL,unmatched,0.0,valid,January 2026.xlsx.pdf,NULL,NULL,local_pdf,official_web_fallback,official_web_fallback,pdf_text,NULL,NULL,68,NULL,NULL,https://cgwb.gov.in
goa,north goa,pernem,pernem,Pernem,Pernem Station,15.7176,73.79807,2026,1,January,3.7,NULL,Safe,NULL,NULL,NULL,NULL,NULL,NULL,unmatched,0.0,valid,January 2026.xlsx.pdf,NULL,NULL,local_pdf,official_web_fallback,official_web_fallback,pdf_text,NULL,NULL,68,NULL,NULL,https://cgwb.gov.in
goa,north goa,pernem,pernem,Sawanthawada,Sawanthawada Station,15.68082,73.75108,2026,1,January,2.8,NULL,Safe,NULL,NULL,NULL,NULL,NULL,NULL,unmatched,0.0,valid,January 2026.xlsx.pdf,NULL,NULL,local_pdf,official_web_fallback,official_web_fallback,pdf_text,NULL,NULL,68,NULL,NULL,https://cgwb.gov.in
goa,north goa,pernem,pernem,Uguem (Ugawe),Uguem (Ugawe) Station,15.75464,73.83533,2026,1,January,3.26,NULL,Safe,NULL,NULL,NULL,NULL,NULL,NULL,unmatched,0.0,valid,January 2026.xlsx.pdf,NULL,NULL,local_pdf,official_web_fallback,official_web_fallback,pdf_text,NULL,NULL,68,NULL,NULL,https://cgwb.gov.in
goa,north goa,satari,satari,Buimpal,Buimpal Station,15.53936,74.08822,2026,1,January,8.13,NULL,Safe,NULL,NULL,NULL,NULL,NULL,NULL,unmatched,0.0,valid,January 2026.xlsx.pdf,NULL,NULL,local_pdf,official_web_fallback,official_web_fallback,pdf_text,NULL,NULL,68,NULL,NULL,https://cgwb.gov.in
goa,north goa,satari,satari,Charayode,Charayode Station,15.62783,74.13084,2026,1,January,2.67,NULL,Safe,NULL,NULL,NULL,NULL,NULL,NULL,unmatched,0.0,valid,January 2026.xlsx.pdf,NULL,NULL,local_pdf,official_web_fallback,official_web_fallback,pdf_text,NULL,NULL,68,NULL,NULL,https://cgwb.gov.in
goa,north goa,satari,satari,Dhatwado Vante,Dhatwado Vante Station,15.49613,74.09753,2026,1,January,5.35,NULL,Safe,NULL,NULL,NULL,NULL,NULL,NULL,unmatched,0.0,valid,January 2026.xlsx.pdf,NULL,NULL,local_pdf,official_web_fallback,official_web_fallback,pdf_text,NULL,NULL,68,NULL,NULL,https://cgwb.gov.in
goa,north goa,satari,satari,Honda,Honda Station,15.54722,74.05079,2026,1,January,3.05,NULL,Safe,NULL,NULL,NULL,NULL,NULL,NULL,unmatched,0.0,valid,January 2026.xlsx.pdf,NULL,NULL,local_pdf,official_web_fallback,official_web_fallback,pdf_text,NULL,NULL,68,NULL,NULL,https://cgwb.gov.in
goa,north goa,satari,satari,Khadki(Harijanwada),Khadki(Harijanwada) Station,15.50253,74.13964,2026,1,January,7.7,NULL,Safe,NULL,NULL,NULL,NULL,NULL,NULL,unmatched,0.0,valid,January 2026.xlsx.pdf,NULL,NULL,local_pdf,official_web_fallback,official_web_fallback,pdf_text,NULL,NULL,68,NULL,NULL,https://cgwb.gov.in
goa,north goa,satari,satari,Khotodem,Khotodem Station,15.48277,74.13696,2026,1,January,5.97,NULL,Safe,NULL,NULL,NULL,NULL,NULL,NULL,unmatched,0.0,valid,January 2026.xlsx.pdf,NULL,NULL,local_pdf,official_web_fallback,official_web_fallback,pdf_text,NULL,NULL,68,NULL,NULL,https://cgwb.gov.in
goa,north goa,satari,satari,Nagargao,Nagargao Station,15.56158,74.1632,2026,1,January,4.33,NULL,Safe,NULL,NULL,NULL,NULL,NULL,NULL,unmatched,0.0,valid,January 2026.xlsx.pdf,NULL,NULL,local_pdf,official_web_fallback,official_web_fallback,pdf_text,NULL,NULL,68,NULL,NULL,https://cgwb.gov.in
goa,north goa,satari,satari,Valpoi,Valpoi Station,15.53301,74.13723,2026,1,January,5.15,NULL,Safe,NULL,NULL,NULL,NULL,NULL,NULL,unmatched,0.0,valid,January 2026.xlsx.pdf,NULL,NULL,local_pdf,official_web_fallback,official_web_fallback,pdf_text,NULL,NULL,68,NULL,NULL,https://cgwb.gov.in
goa,north goa,tiswadi,tiswadi,Gavalebhat Chimbel,Gavalebhat Chimbel Station,15.48944,73.8742,2026,1,January,4.86,NULL,Safe,NULL,NULL,NULL,NULL,NULL,NULL,unmatched,0.0,valid,January 2026.xlsx.pdf,NULL,NULL,local_pdf,official_web_fallback,official_web_fallback,pdf_text,NULL,NULL,68,NULL,NULL,https://cgwb.gov.in
goa,north goa,tiswadi,tiswadi,Karanjhalen,Karanjhalen Station,15.459,73.80281,2026,1,January,2.34,NULL,Safe,NULL,NULL,NULL,NULL,NULL,NULL,unmatched,0.0,valid,January 2026.xlsx.pdf,NULL,NULL,local_pdf,official_web_fallback,official_web_fallback,pdf_text,NULL,NULL,68,NULL,NULL,https://cgwb.gov.in
goa,south goa,canacona,canacona,Agonda,Agonda Station,15.04152,73.99121,2026,1,January,3.52,NULL,Safe,NULL,NULL,NULL,NULL,NULL,NULL,unmatched,0.0,valid,January 2026.xlsx.pdf,NULL,NULL,local_pdf,official_web_fallback,official_web_fallback,pdf_text,NULL,NULL,68,NULL,NULL,https://cgwb.gov.in
goa,south goa,canacona,canacona,Hattipal Poinguinem,Hattipal Poinguinem Station,14.98407,74.10869,2026,1,January,6.64,NULL,Safe,NULL,NULL,NULL,NULL,NULL,NULL,unmatched,0.0,valid,January 2026.xlsx.pdf,NULL,NULL,local_pdf,official_web_fallback,official_web_fallback,pdf_text,NULL,NULL,68,NULL,NULL,https://cgwb.gov.in
goa,south goa,canacona,canacona,Mashe,Mashe Station,14.96289,74.05465,2026,1,January,3.66,NULL,Safe,NULL,NULL,NULL,NULL,NULL,NULL,unmatched,0.0,valid,January 2026.xlsx.pdf,NULL,NULL,local_pdf,official_web_fallback,official_web_fallback,pdf_text,NULL,NULL,68,NULL,NULL,https://cgwb.gov.in
goa,south goa,canacona,canacona,Shrishtal Gaondongar,Shrishtal Gaondongar Station,15.03725,74.11851,2026,1,January,4.15,NULL,Safe,NULL,NULL,NULL,NULL,NULL,NULL,unmatched,0.0,valid,January 2026.xlsx.pdf,NULL,NULL,local_pdf,official_web_fallback,official_web_fallback,pdf_text,NULL,NULL,68,NULL,NULL,https://cgwb.gov.in
goa,south goa,dharbandora,dharbandora,Bolkharnem,Bolkharnem Station,15.42964,74.19235,2026,1,January,5.76,NULL,Safe,NULL,NULL,NULL,NULL,NULL,NULL,unmatched,0.0,valid,January 2026.xlsx.pdf,NULL,NULL,local_pdf,official_web_fallback,official_web_fallback,pdf_text,NULL,NULL,68,NULL,NULL,https://cgwb.gov.in
goa,south goa,dharbandora,dharbandora,Colem,Colem Station,15.33497,74.24375,2026,1,January,2.8,NULL,Safe,NULL,NULL,NULL,NULL,NULL,NULL,unmatched,0.0,valid,January 2026.xlsx.pdf,NULL,NULL,local_pdf,official_web_fallback,official_web_fallback,pdf_text,NULL,NULL,68,NULL,NULL,https://cgwb.gov.in
goa,south goa,dharbandora,dharbandora,Darbandora,Darbandora Station,15.39284,74.12097,2026,1,January,10.3,NULL,Safe,NULL,NULL,NULL,NULL,NULL,NULL,unmatched,0.0,valid,January 2026.xlsx.pdf,NULL,NULL,local_pdf,official_web_fallback,official_web_fallback,pdf_text,NULL,NULL,68,NULL,NULL,https://cgwb.gov.in
goa,south goa,dharbandora,dharbandora,Molem,Molem Station,15.37701,74.22971,2026,1,January,9.55,NULL,Safe,NULL,NULL,NULL,NULL,NULL,NULL,unmatched,0.0,valid,January 2026.xlsx.pdf,NULL,NULL,local_pdf,official_web_fallback,official_web_fallback,pdf_text,NULL,NULL,68,NULL,NULL,https://cgwb.gov.in
goa,south goa,mormugao,mormugao,Chicalim (Ct),Chicalim (Ct) Station,15.39818,73.83678,2026,1,January,0.64,NULL,Safe,NULL,NULL,NULL,NULL,NULL,NULL,unmatched,0.0,valid,January 2026.xlsx.pdf,NULL,NULL,local_pdf,official_web_fallback,official_web_fallback,pdf_text,NULL,NULL,68,NULL,NULL,https://cgwb.gov.in
goa,south goa,ponda,ponda,Borim (Ct),Borim (Ct) Station,15.35417,74.0016,2026,1,January,1.2,NULL,Safe,NULL,NULL,NULL,NULL,NULL,NULL,unmatched,0.0,valid,January 2026.xlsx.pdf,NULL,NULL,local_pdf,official_web_fallback,official_web_fallback,pdf_text,NULL,NULL,68,NULL,NULL,https://cgwb.gov.in
goa,south goa,ponda,ponda,Kapsa,Kapsa Station,15.27344,74.1006,2026,1,January,4.23,NULL,Safe,NULL,NULL,NULL,NULL,NULL,NULL,unmatched,0.0,valid,January 2026.xlsx.pdf,NULL,NULL,local_pdf,official_web_fallback,official_web_fallback,pdf_text,NULL,NULL,68,NULL,NULL,https://cgwb.gov.in
goa,south goa,ponda,ponda,Shiroda,Shiroda Station,15.32068,74.03503,2026,1,January,6.62,NULL,Safe,NULL,NULL,NULL,NULL,NULL,NULL,unmatched,0.0,valid,January 2026.xlsx.pdf,NULL,NULL,local_pdf,official_web_fallback,official_web_fallback,pdf_text,NULL,NULL,68,NULL,NULL,https://cgwb.gov.in
goa,south goa,quepem,quepem,Ghadiawada,Ghadiawada Station,15.23894,74.11303,2026,1,January,1.92,NULL,Safe,NULL,NULL,NULL,NULL,NULL,NULL,unmatched,0.0,valid,January 2026.xlsx.pdf,NULL,NULL,local_pdf,official_web_fallback,official_web_fallback,pdf_text,NULL,NULL,68,NULL,NULL,https://cgwb.gov.in
goa,south goa,quepem,quepem,Padi,Padi Station,15.09291,74.03059,2026,1,January,6.34,NULL,Safe,NULL,NULL,NULL,NULL,NULL,NULL,unmatched,0.0,valid,January 2026.xlsx.pdf,NULL,NULL,local_pdf,official_web_fallback,official_web_fallback,pdf_text,NULL,NULL,68,NULL,NULL,https://cgwb.gov.in
goa,south goa,salcete,salcete,Ballynuvhen,Ballynuvhen Station,15.31651,73.94541,2026,1,January,6.4,NULL,Safe,NULL,NULL,NULL,NULL,NULL,NULL,unmatched,0.0,valid,January 2026.xlsx.pdf,NULL,NULL,local_pdf,official_web_fallback,official_web_fallback,pdf_text,NULL,NULL,68,NULL,NULL,https://cgwb.gov.in
goa,south goa,salcete,salcete,Betalbhatti,Betalbhatti Station,15.30071,73.92006,2026,1,January,4.23,NULL,Safe,NULL,NULL,NULL,NULL,NULL,NULL,unmatched,0.0,valid,January 2026.xlsx.pdf,NULL,NULL,local_pdf,official_web_fallback,official_web_fallback,pdf_text,NULL,NULL,68,NULL,NULL,https://cgwb.gov.in
goa,south goa,salcete,salcete,Majorda Bpada Curilo,Majorda Bpada Curilo Station,15.32117,73.91711,2026,1,January,2.63,NULL,Safe,NULL,NULL,NULL,NULL,NULL,NULL,unmatched,0.0,valid,January 2026.xlsx.pdf,NULL,NULL,local_pdf,official_web_fallback,official_web_fallback,pdf_text,NULL,NULL,68,NULL,NULL,https://cgwb.gov.in
goa,south goa,sanguem,sanguem,Guddemal,Guddemal Station,15.28545,74.12968,2026,1,January,8.56,NULL,Safe,NULL,NULL,NULL,NULL,NULL,NULL,unmatched,0.0,valid,January 2026.xlsx.pdf,NULL,NULL,local_pdf,official_web_fallback,official_web_fallback,pdf_text,NULL,NULL,68,NULL,NULL,https://cgwb.gov.in
goa,south goa,sanguem,sanguem,Jambavli,Jambavli Station,15.18658,74.09529,2026,1,January,8.76,NULL,Safe,NULL,NULL,NULL,NULL,NULL,NULL,unmatched,0.0,valid,January 2026.xlsx.pdf,NULL,NULL,local_pdf,official_web_fallback,official_web_fallback,pdf_text,NULL,NULL,68,NULL,NULL,https://cgwb.gov.in
goa,south goa,sanguem,sanguem,Kalay,Kalay Station,15.2885,74.18007,2026,1,January,11.28,NULL,Safe,NULL,NULL,NULL,NULL,NULL,NULL,unmatched,0.0,valid,January 2026.xlsx.pdf,NULL,NULL,local_pdf,official_web_fallback,official_web_fallback,pdf_text,NULL,NULL,69,NULL,NULL,https://cgwb.gov.in
goa,south goa,sanguem,sanguem,Neturlim,Neturlim Station,15.09065,74.21671,2026,1,January,10.65,NULL,Safe,NULL,NULL,NULL,NULL,NULL,NULL,unmatched,0.0,valid,January 2026.xlsx.pdf,NULL,NULL,local_pdf,official_web_fallback,official_web_fallback,pdf_text,NULL,NULL,69,NULL,NULL,https://cgwb.gov.in
goa,south goa,sanguem,sanguem,Rivona,Rivona Station,15.16415,74.1067,2026,1,January,7.47,NULL,Safe,NULL,NULL,NULL,NULL,NULL,NULL,unmatched,0.0,valid,January 2026.xlsx.pdf,NULL,NULL,local_pdf,official_web_fallback,official_web_fallback,pdf_text,NULL,NULL,69,NULL,NULL,https://cgwb.gov.in
