state_name,district_name,block_name,mandal_name,village_name,location_name,latitude,longitude,observation_year,observation_month,observation_period,groundwater_depth_m,gwra_year,gwra_category,annual_groundwater_recharge_bcm,annual_extractable_groundwater_resource_bcm,annual_groundwater_extraction_bcm,stage_of_groundwater_extraction_percent,rainfall_mm,rainfall_period,geography_match_type,confidence_score,data_quality_status,data_source_groundwater,data_source_gwra,data_source_rainfall,groundwater_source_type,gwra_source_type,rainfall_source_type,groundwater_extraction_method,gwra_extraction_method,rainfall_extraction_method,groundwater_source_page,gwra_source_page,rainfall_source_page,source_url
meghalaya,east garo hills,dambo rongjeng,dambo rongjeng,Darugiri New,Darugiri New Station,25.6147,90.76002,2025,8,August,2.3,2025.0,Safe,0.0849275,0.0764346,0.003461,4.53,693.102294921875,monthly,normalized_exact,0.7,valid,August_WL_1994-2025.pdf,GWRA_2025.pdf,IMD Gridded Rainfall (0.25x0.25 deg),local_pdf,local_pdf,official_web_fallback,pdf_text,pdf_table,netcdf_spatial_lookup,230,NULL,NULL,https://cgwb.gov.in
meghalaya,east garo hills,dambo rongjeng,dambo rongjeng,Narringirri,Narringirri Station,25.61028,90.73972,2025,8,August,0.98,2025.0,Safe,0.0849275,0.0764346,0.003461,4.53,693.102294921875,monthly,normalized_exact,0.7,valid,August_WL_1994-2025.pdf,GWRA_2025.pdf,IMD Gridded Rainfall (0.25x0.25 deg),local_pdf,local_pdf,official_web_fallback,pdf_text,pdf_table,netcdf_spatial_lookup,230,NULL,NULL,https://cgwb.gov.in
meghalaya,east garo hills,dambo rongjeng,dambo rongjeng,Rongjeng,Rongjeng Station,25.66667,90.80417,2025,8,August,0.77,2025.0,Safe,0.0849275,0.0764346,0.003461,4.53,555.3109130859375,monthly,normalized_exact,0.7,valid,August_WL_1994-2025.pdf,GWRA_2025.pdf,IMD Gridded Rainfall (0.25x0.25 deg),local_pdf,local_pdf,official_web_fallback,pdf_text,pdf_table,netcdf_spatial_lookup,230,NULL,NULL,https://cgwb.gov.in
meghalaya,east garo hills,dambo rongjeng,dambo rongjeng,Rongmil,Rongmil Station,25.73611,90.82445,2025,8,August,1.15,2025.0,Safe,0.0849275,0.0764346,0.003461,4.53,555.3109130859375,monthly,normalized_exact,0.7,valid,August_WL_1994-2025.pdf,GWRA_2025.pdf,IMD Gridded Rainfall (0.25x0.25 deg),local_pdf,local_pdf,official_web_fallback,pdf_text,pdf_table,netcdf_spatial_lookup,230,NULL,NULL,https://cgwb.gov.in
meghalaya,east garo hills,samanda,samanda,Baiza Rongreng,Baiza Rongreng Station,25.5425,90.585,2025,8,August,0.68,2025.0,Safe,0.0849275,0.0764346,0.003461,4.53,587.4005737304688,monthly,normalized_exact,0.7,valid,August_WL_1994-2025.pdf,GWRA_2025.pdf,IMD Gridded Rainfall (0.25x0.25 deg),local_pdf,local_pdf,official_web_fallback,pdf_text,pdf_table,netcdf_spatial_lookup,230,NULL,NULL,https://cgwb.gov.in
meghalaya,east garo hills,samanda,samanda,Dawa Gittinggre,Dawa Gittinggre Station,25.51076,90.63908,2025,8,August,1.72,2025.0,Safe,0.0849275,0.0764346,0.003461,4.53,693.102294921875,monthly,normalized_exact,0.7,valid,August_WL_1994-2025.pdf,GWRA_2025.pdf,IMD Gridded Rainfall (0.25x0.25 deg),local_pdf,local_pdf,official_web_fallback,pdf_text,pdf_table,netcdf_spatial_lookup,230,NULL,NULL,https://cgwb.gov.in
meghalaya,east garo hills,samanda,samanda,Dobetkolgiri,Dobetkolgiri Station,25.50917,90.61166,2025,8,August,1.47,2025.0,Safe,0.0849275,0.0764346,0.003461,4.53,587.4005737304688,monthly,normalized_exact,0.7,valid,August_WL_1994-2025.pdf,GWRA_2025.pdf,IMD Gridded Rainfall (0.25x0.25 deg),local_pdf,local_pdf,official_web_fallback,pdf_text,pdf_table,netcdf_spatial_lookup,230,NULL,NULL,https://cgwb.gov.in
meghalaya,east garo hills,samanda,samanda,Samanda Megapagre,Samanda Megapagre Station,25.58004,90.52681,2025,8,August,2.6,2025.0,Safe,0.0849275,0.0764346,0.003461,4.53,587.4005737304688,monthly,normalized_exact,0.7,valid,August_WL_1994-2025.pdf,GWRA_2025.pdf,IMD Gridded Rainfall (0.25x0.25 deg),local_pdf,local_pdf,official_web_fallback,pdf_text,pdf_table,netcdf_spatial_lookup,230,NULL,NULL,https://cgwb.gov.in
meghalaya,east garo hills,samanda,samanda,Williamnagar,Williamnagar Station,25.51,90.51945,2025,8,August,0.38,2025.0,Safe,0.0849275,0.0764346,0.003461,4.53,587.4005737304688,monthly,normalized_exact,0.7,valid,August_WL_1994-2025.pdf,GWRA_2025.pdf,IMD Gridded Rainfall (0.25x0.25 deg),local_pdf,local_pdf,official_web_fallback,pdf_text,pdf_table,netcdf_spatial_lookup,230,NULL,NULL,https://cgwb.gov.in
meghalaya,east garo hills,songsak,songsak,Dobu,Dobu Station,25.55612,90.71481,2025,8,August,1.58,2025.0,Safe,0.0849275,0.0764346,0.003461,4.53,693.102294921875,monthly,normalized_exact,0.7,valid,August_WL_1994-2025.pdf,GWRA_2025.pdf,IMD Gridded Rainfall (0.25x0.25 deg),local_pdf,local_pdf,official_web_fallback,pdf_text,pdf_table,netcdf_spatial_lookup,230,NULL,NULL,https://cgwb.gov.in
meghalaya,east garo hills,songsak,songsak,Songsak New,Songsak New Station,25.65135,90.61052,2025,8,August,2.33,2025.0,Safe,0.0849275,0.0764346,0.003461,4.53,536.60595703125,monthly,normalized_exact,0.7,valid,August_WL_1994-2025.pdf,GWRA_2025.pdf,IMD Gridded Rainfall (0.25x0.25 deg),local_pdf,local_pdf,official_web_fallback,pdf_text,pdf_table,netcdf_spatial_lookup,230,NULL,NULL,https://cgwb.gov.in
meghalaya,east khasi hills,mawsynram,mawsynram,Dangar,Dangar Station,25.18889,91.38139,2025,8,August,1.3,2025.0,Safe,0.2181741,0.1963567,0.006982,3.56,1541.98828125,monthly,normalized_exact,0.7,valid,August_WL_1994-2025.pdf,GWRA_2025.pdf,IMD Gridded Rainfall (0.25x0.25 deg),local_pdf,local_pdf,official_web_fallback,pdf_text,pdf_table,netcdf_spatial_lookup,231,NULL,NULL,https://cgwb.gov.in
meghalaya,east khasi hills,mylliem,mylliem,Lachuamiere,Lachuamiere Station,25.57056,91.89028,2025,8,August,1.42,2025.0,Safe,0.2181741,0.1963567,0.006982,3.56,249.11764526367188,monthly,normalized_exact,0.7,valid,August_WL_1994-2025.pdf,GWRA_2025.pdf,IMD Gridded Rainfall (0.25x0.25 deg),local_pdf,local_pdf,official_web_fallback,pdf_text,pdf_table,netcdf_spatial_lookup,231,NULL,NULL,https://cgwb.gov.in
meghalaya,east khasi hills,mylliem,mylliem,Shillong Golf Link,Shillong Golf Link Station,25.58194,91.89445,2025,8,August,3.27,2025.0,Safe,0.2181741,0.1963567,0.006982,3.56,249.11764526367188,monthly,normalized_exact,0.7,valid,August_WL_1994-2025.pdf,GWRA_2025.pdf,IMD Gridded Rainfall (0.25x0.25 deg),local_pdf,local_pdf,official_web_fallback,pdf_text,pdf_table,netcdf_spatial_lookup,231,NULL,NULL,https://cgwb.gov.in
meghalaya,east khasi hills,mylliem,mylliem,Water Resources Dept,Water Resources Dept Station,25.56556,91.89611,2025,8,August,2.13,2025.0,Safe,0.2181741,0.1963567,0.006982,3.56,249.11764526367188,monthly,normalized_exact,0.7,valid,August_WL_1994-2025.pdf,GWRA_2025.pdf,IMD Gridded Rainfall (0.25x0.25 deg),local_pdf,local_pdf,official_web_fallback,pdf_text,pdf_table,netcdf_spatial_lookup,231,NULL,NULL,https://cgwb.gov.in
meghalaya,east khasi hills,shella bholaganj,shella bholaganj,Cherrapunji,Cherrapunji Station,25.28333,91.71667,2025,8,August,0.21,2025.0,Safe,0.2181741,0.1963567,0.006982,3.56,574.7720947265625,monthly,normalized_exact,0.7,valid,August_WL_1994-2025.pdf,GWRA_2025.pdf,IMD Gridded Rainfall (0.25x0.25 deg),local_pdf,local_pdf,official_web_fallback,pdf_text,pdf_table,netcdf_spatial_lookup,231,NULL,NULL,https://cgwb.gov.in
meghalaya,east khasi hills,shella bholaganj,shella bholaganj,Ichamati,Ichamati Station,25.165,91.68684,2025,8,August,0.97,2025.0,Safe,0.2181741,0.1963567,0.006982,3.56,574.7720947265625,monthly,normalized_exact,0.7,valid,August_WL_1994-2025.pdf,GWRA_2025.pdf,IMD Gridded Rainfall (0.25x0.25 deg),local_pdf,local_pdf,official_web_fallback,pdf_text,pdf_table,netcdf_spatial_lookup,231,NULL,NULL,https://cgwb.gov.in
meghalaya,east khasi hills,shella bholaganj,shella bholaganj,Nit Cherrapunji,Nit Cherrapunji Station,25.25028,91.74416,2025,8,August,4.85,2025.0,Safe,0.2181741,0.1963567,0.006982,3.56,574.7720947265625,monthly,normalized_exact,0.7,valid,August_WL_1994-2025.pdf,GWRA_2025.pdf,IMD Gridded Rainfall (0.25x0.25 deg),local_pdf,local_pdf,official_web_fallback,pdf_text,pdf_table,netcdf_spatial_lookup,231,NULL,NULL,https://cgwb.gov.in
meghalaya,west khasi hills,Mairang,Mairang,Mairang N,Mairang N Station,25.56222,91.63917,2025,8,August,0.98,2025.0,NULL,0.339654,0.3056885,0.0046341,1.52,361.63128662109375,monthly,historical_mapping,0.5,valid,August_WL_1994-2025.pdf,GWRA_2025.pdf,IMD Gridded Rainfall (0.25x0.25 deg),local_pdf,local_pdf,official_web_fallback,pdf_text,pdf_table,netcdf_spatial_lookup,231,NULL,NULL,https://cgwb.gov.in
meghalaya,north garo hills,bajengdoba,bajengdoba,Bajengdoba,Bajengdoba Station,25.88611,90.5125,2025,8,August,0.66,2025.0,Safe,0.0986029,0.0774368,0.0049870999999999,6.44,276.93194580078125,monthly,normalized_exact,0.7,valid,August_WL_1994-2025.pdf,GWRA_2025.pdf,IMD Gridded Rainfall (0.25x0.25 deg),local_pdf,local_pdf,official_web_fallback,pdf_text,pdf_table,netcdf_spatial_lookup,231,NULL,NULL,https://cgwb.gov.in
meghalaya,north garo hills,bajengdoba,bajengdoba,Snalgre,Snalgre Station,25.74882,90.40422,2025,8,August,0.41,2025.0,Safe,0.0986029,0.0774368,0.0049870999999999,6.44,536.60595703125,monthly,normalized_exact,0.7,valid,August_WL_1994-2025.pdf,GWRA_2025.pdf,IMD Gridded Rainfall (0.25x0.25 deg),local_pdf,local_pdf,official_web_fallback,pdf_text,pdf_table,netcdf_spatial_lookup,231,NULL,NULL,https://cgwb.gov.in
meghalaya,north garo hills,kharkutta,kharkutta,Kharkutta,Kharkutta Station,25.90556,90.89445,2025,8,August,2.48,2025.0,Safe,0.0986029,0.0774368,0.0049870999999999,6.44,379.3428649902344,monthly,normalized_exact,0.7,valid,August_WL_1994-2025.pdf,GWRA_2025.pdf,IMD Gridded Rainfall (0.25x0.25 deg),local_pdf,local_pdf,official_web_fallback,pdf_text,pdf_table,netcdf_spatial_lookup,231,NULL,NULL,https://cgwb.gov.in
meghalaya,north garo hills,kharkutta,kharkutta,Wageasi,Wageasi Station,25.82235,90.78751,2025,8,August,1.47,2025.0,Safe,0.0986029,0.0774368,0.0049870999999999,6.44,555.3109130859375,monthly,normalized_exact,0.7,valid,August_WL_1994-2025.pdf,GWRA_2025.pdf,IMD Gridded Rainfall (0.25x0.25 deg),local_pdf,local_pdf,official_web_fallback,pdf_text,pdf_table,netcdf_spatial_lookup,231,NULL,NULL,https://cgwb.gov.in
meghalaya,north garo hills,resubelpara,resubelpara,Dainadubi,Dainadubi Station,25.89889,90.7775,2025,8,August,2.13,2025.0,Safe,0.0986029,0.0774368,0.0049870999999999,6.44,403.090576171875,monthly,normalized_exact,0.7,valid,August_WL_1994-2025.pdf,GWRA_2025.pdf,IMD Gridded Rainfall (0.25x0.25 deg),local_pdf,local_pdf,official_web_fallback,pdf_text,pdf_table,netcdf_spatial_lookup,231,NULL,NULL,https://cgwb.gov.in
meghalaya,north garo hills,resubelpara,resubelpara,Mendal,Mendal Station,25.82472,90.46584,2025,8,August,1.13,2025.0,Safe,0.0986029,0.0774368,0.0049870999999999,6.44,536.60595703125,monthly,normalized_exact,0.7,valid,August_WL_1994-2025.pdf,GWRA_2025.pdf,IMD Gridded Rainfall (0.25x0.25 deg),local_pdf,local_pdf,official_web_fallback,pdf_text,pdf_table,netcdf_spatial_lookup,231,NULL,NULL,https://cgwb.gov.in
meghalaya,north garo hills,resubelpara,resubelpara,Mendipathar Soksan,Mendipathar Soksan Station,25.89722,90.64435,2025,8,August,0.55,2025.0,Safe,0.0986029,0.0774368,0.0049870999999999,6.44,403.090576171875,monthly,normalized_exact,0.7,valid,August_WL_1994-2025.pdf,GWRA_2025.pdf,IMD Gridded Rainfall (0.25x0.25 deg),local_pdf,local_pdf,official_web_fallback,pdf_text,pdf_table,netcdf_spatial_lookup,231,NULL,NULL,https://cgwb.gov.in
meghalaya,ri bhoi,jirang,jirang,Patharkhamma Barigaon,Patharkhamma Barigaon Station,25.87139,91.59472,2025,8,August,3.85,2025.0,Safe,0.0648369999999999,0.0583534,0.0035481,6.08,415.3642272949219,monthly,normalized_exact,0.7,valid,August_WL_1994-2025.pdf,GWRA_2025.pdf,IMD Gridded Rainfall (0.25x0.25 deg),local_pdf,local_pdf,official_web_fallback,pdf_text,pdf_table,netcdf_spatial_lookup,231,NULL,NULL,https://cgwb.gov.in
meghalaya,ri bhoi,nongpoh,nongpoh,Nongpoh,Nongpoh Station,25.9,91.88333,2025,8,August,3.3,2025.0,Safe,0.0648369999999999,0.0583534,0.0035481,6.08,248.31900024414065,monthly,normalized_exact,0.7,valid,August_WL_1994-2025.pdf,GWRA_2025.pdf,IMD Gridded Rainfall (0.25x0.25 deg),local_pdf,local_pdf,official_web_fallback,pdf_text,pdf_table,netcdf_spatial_lookup,231,NULL,NULL,https://cgwb.gov.in
meghalaya,ri bhoi,umling,umling,Byrnihat,Byrnihat Station,26.04889,91.86889,2025,8,August,2.31,2025.0,Safe,0.0648369999999999,0.0583534,0.0035481,6.08,291.0363464355469,monthly,normalized_exact,0.7,valid,August_WL_1994-2025.pdf,GWRA_2025.pdf,IMD Gridded Rainfall (0.25x0.25 deg),local_pdf,local_pdf,official_web_fallback,pdf_text,pdf_table,netcdf_spatial_lookup,231,NULL,NULL,https://cgwb.gov.in
meghalaya,ri bhoi,umling,umling,Lower Balian,Lower Balian Station,26.028,91.846,2025,8,August,3.52,2025.0,Safe,0.0648369999999999,0.0583534,0.0035481,6.08,291.0363464355469,monthly,normalized_exact,0.7,valid,August_WL_1994-2025.pdf,GWRA_2025.pdf,IMD Gridded Rainfall (0.25x0.25 deg),local_pdf,local_pdf,official_web_fallback,pdf_text,pdf_table,netcdf_spatial_lookup,231,NULL,NULL,https://cgwb.gov.in
meghalaya,ri bhoi,umling,umling,Pahanmawlien,Pahanmawlien Station,25.99472,91.86166,2025,8,August,1.1,2025.0,Safe,0.0648369999999999,0.0583534,0.0035481,6.08,291.0363464355469,monthly,normalized_exact,0.7,valid,August_WL_1994-2025.pdf,GWRA_2025.pdf,IMD Gridded Rainfall (0.25x0.25 deg),local_pdf,local_pdf,official_web_fallback,pdf_text,pdf_table,netcdf_spatial_lookup,231,NULL,NULL,https://cgwb.gov.in
meghalaya,ri bhoi,umling,umling,Tamenpoanglong,Tamenpoanglong Station,25.92583,91.94473,2025,8,August,1.35,2025.0,Safe,0.0648369999999999,0.0583534,0.0035481,6.08,248.31900024414065,monthly,normalized_exact,0.7,valid,August_WL_1994-2025.pdf,GWRA_2025.pdf,IMD Gridded Rainfall (0.25x0.25 deg),local_pdf,local_pdf,official_web_fallback,pdf_text,pdf_table,netcdf_spatial_lookup,231,NULL,NULL,https://cgwb.gov.in
meghalaya,ri bhoi,umsning,umsning,Nayabunglow,Nayabunglow Station,25.74667,91.88667,2025,8,August,4.2,2025.0,Safe,0.0648369999999999,0.0583534,0.0035481,6.08,259.1361083984375,monthly,normalized_exact,0.7,valid,August_WL_1994-2025.pdf,GWRA_2025.pdf,IMD Gridded Rainfall (0.25x0.25 deg),local_pdf,local_pdf,official_web_fallback,pdf_text,pdf_table,netcdf_spatial_lookup,231,NULL,NULL,https://cgwb.gov.in
meghalaya,south garo hills,baghmara,baghmara,Baghmara,Baghmara Station,25.20417,90.63194,2025,8,August,0.91,2025.0,Safe,0.2347366,0.2112628,0.0025698,1.22,1205.635009765625,monthly,normalized_exact,0.7,valid,August_WL_1994-2025.pdf,GWRA_2025.pdf,IMD Gridded Rainfall (0.25x0.25 deg),local_pdf,local_pdf,official_web_fallback,pdf_text,pdf_table,netcdf_spatial_lookup,231,NULL,NULL,https://cgwb.gov.in
meghalaya,south garo hills,baghmara,baghmara,Bamongre,Bamongre Station,25.21498,90.48371,2025,8,August,0.59,2025.0,Safe,0.2347366,0.2112628,0.0025698,1.22,825.76220703125,monthly,normalized_exact,0.7,valid,August_WL_1994-2025.pdf,GWRA_2025.pdf,IMD Gridded Rainfall (0.25x0.25 deg),local_pdf,local_pdf,official_web_fallback,pdf_text,pdf_table,netcdf_spatial_lookup,231,NULL,NULL,https://cgwb.gov.in
meghalaya,south garo hills,baghmara,baghmara,Dopha-Adan,Dopha-Adan Station,25.20194,90.61611,2025,8,August,0.37,2025.0,Safe,0.2347366,0.2112628,0.0025698,1.22,825.76220703125,monthly,normalized_exact,0.7,valid,August_WL_1994-2025.pdf,GWRA_2025.pdf,IMD Gridded Rainfall (0.25x0.25 deg),local_pdf,local_pdf,official_web_fallback,pdf_text,pdf_table,netcdf_spatial_lookup,231,NULL,NULL,https://cgwb.gov.in
meghalaya,south garo hills,chokpot,chokpot,Betagre,Betagre Station,25.25028,90.48695,2025,8,August,0.48,2025.0,Safe,0.2347366,0.2112628,0.0025698,1.22,825.76220703125,monthly,normalized_exact,0.7,valid,August_WL_1994-2025.pdf,GWRA_2025.pdf,IMD Gridded Rainfall (0.25x0.25 deg),local_pdf,local_pdf,official_web_fallback,pdf_text,pdf_table,netcdf_spatial_lookup,231,NULL,NULL,https://cgwb.gov.in
meghalaya,south garo hills,chokpot,chokpot,Glmatkolgre,Glmatkolgre Station,25.28694,90.43444,2025,8,August,0.18,2025.0,Safe,0.2347366,0.2112628,0.0025698,1.22,825.76220703125,monthly,normalized_exact,0.7,valid,August_WL_1994-2025.pdf,GWRA_2025.pdf,IMD Gridded Rainfall (0.25x0.25 deg),local_pdf,local_pdf,official_web_fallback,pdf_text,pdf_table,netcdf_spatial_lookup,231,NULL,NULL,https://cgwb.gov.in
meghalaya,south garo hills,gasuapara,gasuapara,Chirenpara,Chirenpara Station,25.20722,90.27139,2025,8,August,1.07,2025.0,Safe,0.2347366,0.2112628,0.0025698,1.22,648.495849609375,monthly,normalized_exact,0.7,valid,August_WL_1994-2025.pdf,GWRA_2025.pdf,IMD Gridded Rainfall (0.25x0.25 deg),local_pdf,local_pdf,official_web_fallback,pdf_text,pdf_table,netcdf_spatial_lookup,231,NULL,NULL,https://cgwb.gov.in
meghalaya,south garo hills,gasuapara,gasuapara,Dumnikura,Dumnikura Station,25.185,90.38917,2025,8,August,1.66,2025.0,Safe,0.2347366,0.2112628,0.0025698,1.22,825.76220703125,monthly,normalized_exact,0.7,valid,August_WL_1994-2025.pdf,GWRA_2025.pdf,IMD Gridded Rainfall (0.25x0.25 deg),local_pdf,local_pdf,official_web_fallback,pdf_text,pdf_table,netcdf_spatial_lookup,231,NULL,NULL,https://cgwb.gov.in
meghalaya,south garo hills,gasuapara,gasuapara,Gasuapara,Gasuapara Station,25.19417,90.34889,2025,8,August,0.11,2025.0,Safe,0.2347366,0.2112628,0.0025698,1.22,648.495849609375,monthly,normalized_exact,0.7,valid,August_WL_1994-2025.pdf,GWRA_2025.pdf,IMD Gridded Rainfall (0.25x0.25 deg),local_pdf,local_pdf,official_web_fallback,pdf_text,pdf_table,netcdf_spatial_lookup,231,NULL,NULL,https://cgwb.gov.in
meghalaya,south garo hills,gasuapara,gasuapara,Konduk,Konduk Station,25.19333,90.35694,2025,8,August,0.28,2025.0,Safe,0.2347366,0.2112628,0.0025698,1.22,648.495849609375,monthly,normalized_exact,0.7,valid,August_WL_1994-2025.pdf,GWRA_2025.pdf,IMD Gridded Rainfall (0.25x0.25 deg),local_pdf,local_pdf,official_web_fallback,pdf_text,pdf_table,netcdf_spatial_lookup,231,NULL,NULL,https://cgwb.gov.in
meghalaya,south garo hills,gasuapara,gasuapara,Mandangre,Mandangre Station,25.16833,90.47833,2025,8,August,0.22,2025.0,Safe,0.2347366,0.2112628,0.0025698,1.22,825.76220703125,monthly,normalized_exact,0.7,valid,August_WL_1994-2025.pdf,GWRA_2025.pdf,IMD Gridded Rainfall (0.25x0.25 deg),local_pdf,local_pdf,official_web_fallback,pdf_text,pdf_table,netcdf_spatial_lookup,231,NULL,NULL,https://cgwb.gov.in
meghalaya,south west garo hills,betasing,betasing,Ampati New,Ampati New Station,25.47504,89.93387,2025,8,August,0.26,2025.0,Safe,0.079896,0.0387598,0.0076644,19.77,703.5238647460938,monthly,normalized_exact,0.7,valid,August_WL_1994-2025.pdf,GWRA_2025.pdf,IMD Gridded Rainfall (0.25x0.25 deg),local_pdf,local_pdf,official_web_fallback,pdf_text,pdf_table,netcdf_spatial_lookup,231,NULL,NULL,https://cgwb.gov.in
meghalaya,south west garo hills,betasing,betasing,Betasing,Betasing Station,25.51339,89.95672,2025,8,August,1.71,2025.0,Safe,0.079896,0.0387598,0.0076644,19.77,703.5238647460938,monthly,normalized_exact,0.7,valid,August_WL_1994-2025.pdf,GWRA_2025.pdf,IMD Gridded Rainfall (0.25x0.25 deg),local_pdf,local_pdf,official_web_fallback,pdf_text,pdf_table,netcdf_spatial_lookup,231,NULL,NULL,https://cgwb.gov.in
meghalaya,south west garo hills,rerapara,rerapara,Chimesengre,Chimesengre Station,25.53369,90.10868,2025,8,August,0.54,2025.0,Safe,0.079896,0.0387598,0.0076644,19.77,703.5238647460938,monthly,normalized_exact,0.7,valid,August_WL_1994-2025.pdf,GWRA_2025.pdf,IMD Gridded Rainfall (0.25x0.25 deg),local_pdf,local_pdf,official_web_fallback,pdf_text,pdf_table,netcdf_spatial_lookup,231,NULL,NULL,https://cgwb.gov.in
meghalaya,south west garo hills,rerapara,rerapara,Garobandha,Garobandha Station,25.58028,90.02222,2025,8,August,1.89,2025.0,Safe,0.079896,0.0387598,0.0076644,19.77,703.5238647460938,monthly,normalized_exact,0.7,valid,August_WL_1994-2025.pdf,GWRA_2025.pdf,IMD Gridded Rainfall (0.25x0.25 deg),local_pdf,local_pdf,official_web_fallback,pdf_text,pdf_table,netcdf_spatial_lookup,231,NULL,NULL,https://cgwb.gov.in
meghalaya,south west garo hills,zikzak,zikzak,Mahendraganj,Mahendraganj Station,25.3,89.85972,2025,8,August,1.21,2025.0,Safe,0.079896,0.0387598,0.0076644,19.77,NULL,NULL,normalized_exact,0.7,valid,August_WL_1994-2025.pdf,GWRA_2025.pdf,NULL,local_pdf,local_pdf,official_web_fallback,pdf_text,pdf_table,NULL,231,NULL,NULL,https://cgwb.gov.in
meghalaya,south west garo hills,zikzak,zikzak,Zikzak,Zikzak Station,25.39111,89.89889,2025,8,August,2.72,2025.0,Safe,0.079896,0.0387598,0.0076644,19.77,703.5238647460938,monthly,normalized_exact,0.7,valid,August_WL_1994-2025.pdf,GWRA_2025.pdf,IMD Gridded Rainfall (0.25x0.25 deg),local_pdf,local_pdf,official_web_fallback,pdf_text,pdf_table,netcdf_spatial_lookup,231,NULL,NULL,https://cgwb.gov.in
meghalaya,west garo hills,batabari,batabari,Rajabala,Rajabala Station,25.75556,89.98083,2025,8,August,2.89,2025.0,Safe,0.2912522,0.1904695,0.036739,19.29,577.6132202148438,monthly,normalized_exact,0.7,valid,August_WL_1994-2025.pdf,GWRA_2025.pdf,IMD Gridded Rainfall (0.25x0.25 deg),local_pdf,local_pdf,official_web_fallback,pdf_text,pdf_table,netcdf_spatial_lookup,231,NULL,NULL,https://cgwb.gov.in
meghalaya,west garo hills,dalu,dalu,Dalu,Dalu Station,25.22778,90.2125,2025,8,August,2.63,2025.0,Safe,0.2912522,0.1904695,0.036739,19.29,648.495849609375,monthly,normalized_exact,0.7,valid,August_WL_1994-2025.pdf,GWRA_2025.pdf,IMD Gridded Rainfall (0.25x0.25 deg),local_pdf,local_pdf,official_web_fallback,pdf_text,pdf_table,netcdf_spatial_lookup,231,NULL,NULL,https://cgwb.gov.in
meghalaya,west garo hills,dalu,dalu,Kherapara Bazar,Kherapara Bazar Station,25.34467,90.21564,2025,8,August,0.59,2025.0,Safe,0.2912522,0.1904695,0.036739,19.29,648.495849609375,monthly,normalized_exact,0.7,valid,August_WL_1994-2025.pdf,GWRA_2025.pdf,IMD Gridded Rainfall (0.25x0.25 deg),local_pdf,local_pdf,official_web_fallback,pdf_text,pdf_table,netcdf_spatial_lookup,231,NULL,NULL,https://cgwb.gov.in
meghalaya,west garo hills,dalu,dalu,Porakhasia,Porakhasia Station,25.3,90.01667,2025,8,August,1.53,2025.0,Safe,0.2912522,0.1904695,0.036739,19.29,NULL,NULL,normalized_exact,0.7,valid,August_WL_1994-2025.pdf,GWRA_2025.pdf,NULL,local_pdf,local_pdf,official_web_fallback,pdf_text,pdf_table,NULL,231,NULL,NULL,https://cgwb.gov.in
meghalaya,west garo hills,demdema,demdema,Nidanpur,Nidanpur Station,25.9125,90.12778,2025,8,August,0.5,2025.0,Safe,0.2912522,0.1904695,0.036739,19.29,257.23883056640625,monthly,normalized_exact,0.7,valid,August_WL_1994-2025.pdf,GWRA_2025.pdf,IMD Gridded Rainfall (0.25x0.25 deg),local_pdf,local_pdf,official_web_fallback,pdf_text,pdf_table,netcdf_spatial_lookup,231,NULL,NULL,https://cgwb.gov.in
meghalaya,west garo hills,rongram,rongram,Asanang,Asanang Station,25.59944,90.27556,2025,8,August,3.5,2025.0,Safe,0.2912522,0.1904695,0.036739,19.29,660.1455688476562,monthly,normalized_exact,0.7,valid,August_WL_1994-2025.pdf,GWRA_2025.pdf,IMD Gridded Rainfall (0.25x0.25 deg),local_pdf,local_pdf,official_web_fallback,pdf_text,pdf_table,netcdf_spatial_lookup,231,NULL,NULL,https://cgwb.gov.in
meghalaya,west garo hills,rongram,rongram,Baljek,Baljek Station,25.66439,90.34159,2025,8,August,0.7,2025.0,Safe,0.2912522,0.1904695,0.036739,19.29,539.8563232421875,monthly,normalized_exact,0.7,valid,August_WL_1994-2025.pdf,GWRA_2025.pdf,IMD Gridded Rainfall (0.25x0.25 deg),local_pdf,local_pdf,official_web_fallback,pdf_text,pdf_table,netcdf_spatial_lookup,231,NULL,NULL,https://cgwb.gov.in
meghalaya,west garo hills,rongram,rongram,Baljek New,Baljek New Station,25.66057,90.33997,2025,8,August,0.45,2025.0,Safe,0.2912522,0.1904695,0.036739,19.29,539.8563232421875,monthly,normalized_exact,0.7,valid,August_WL_1994-2025.pdf,GWRA_2025.pdf,IMD Gridded Rainfall (0.25x0.25 deg),local_pdf,local_pdf,official_web_fallback,pdf_text,pdf_table,netcdf_spatial_lookup,231,NULL,NULL,https://cgwb.gov.in
meghalaya,west garo hills,rongram,rongram,Rongram,Rongram Station,25.59408,90.24997,2025,8,August,1.71,2025.0,Safe,0.2912522,0.1904695,0.036739,19.29,660.1455688476562,monthly,normalized_exact,0.7,valid,August_WL_1994-2025.pdf,GWRA_2025.pdf,IMD Gridded Rainfall (0.25x0.25 deg),local_pdf,local_pdf,official_web_fallback,pdf_text,pdf_table,netcdf_spatial_lookup,231,NULL,NULL,https://cgwb.gov.in
meghalaya,west garo hills,salsella,salsella,Balachanda,Balachanda Station,25.75114,89.99931,2025,8,August,0.71,2025.0,Safe,0.2912522,0.1904695,0.036739,19.29,577.6132202148438,monthly,normalized_exact,0.7,valid,August_WL_1994-2025.pdf,GWRA_2025.pdf,IMD Gridded Rainfall (0.25x0.25 deg),local_pdf,local_pdf,official_web_fallback,pdf_text,pdf_table,netcdf_spatial_lookup,231,NULL,NULL,https://cgwb.gov.in
meghalaya,west garo hills,salsella,salsella,Damjongre,Damjongre Station,25.61354,90.0359,2025,8,August,1.59,2025.0,Safe,0.2912522,0.1904695,0.036739,19.29,703.5238647460938,monthly,normalized_exact,0.7,valid,August_WL_1994-2025.pdf,GWRA_2025.pdf,IMD Gridded Rainfall (0.25x0.25 deg),local_pdf,local_pdf,official_web_fallback,pdf_text,pdf_table,netcdf_spatial_lookup,231,NULL,NULL,https://cgwb.gov.in
meghalaya,west garo hills,salsella,salsella,Phulbari,Phulbari Station,25.88333,90.05,2025,8,August,0.36,2025.0,Safe,0.2912522,0.1904695,0.036739,19.29,189.75474548339844,monthly,normalized_exact,0.7,valid,August_WL_1994-2025.pdf,GWRA_2025.pdf,IMD Gridded Rainfall (0.25x0.25 deg),local_pdf,local_pdf,official_web_fallback,pdf_text,pdf_table,netcdf_spatial_lookup,231,NULL,NULL,https://cgwb.gov.in
meghalaya,west garo hills,salsella,salsella,Salsella,Salsella Station,25.69472,90.01389,2025,8,August,0.85,2025.0,Safe,0.2912522,0.1904695,0.036739,19.29,577.6132202148438,monthly,normalized_exact,0.7,valid,August_WL_1994-2025.pdf,GWRA_2025.pdf,IMD Gridded Rainfall (0.25x0.25 deg),local_pdf,local_pdf,official_web_fallback,pdf_text,pdf_table,netcdf_spatial_lookup,231,NULL,NULL,https://cgwb.gov.in
meghalaya,west garo hills,tikrikilla,tikrikilla,Belguri,Belguri Station,25.96389,90.34278,2025,8,August,7.1,2025.0,Safe,0.2912522,0.1904695,0.036739,19.29,257.23883056640625,monthly,normalized_exact,0.7,valid,August_WL_1994-2025.pdf,GWRA_2025.pdf,IMD Gridded Rainfall (0.25x0.25 deg),local_pdf,local_pdf,official_web_fallback,pdf_text,pdf_table,netcdf_spatial_lookup,231,NULL,NULL,https://cgwb.gov.in
meghalaya,west garo hills,tikrikilla,tikrikilla,Phutamamri,Phutamamri Station,25.75472,89.98278,2025,8,August,1.47,2025.0,Safe,0.2912522,0.1904695,0.036739,19.29,577.6132202148438,monthly,normalized_exact,0.7,valid,August_WL_1994-2025.pdf,GWRA_2025.pdf,IMD Gridded Rainfall (0.25x0.25 deg),local_pdf,local_pdf,official_web_fallback,pdf_text,pdf_table,netcdf_spatial_lookup,232,NULL,NULL,https://cgwb.gov.in
meghalaya,west garo hills,tikrikilla,tikrikilla,Tikrikilla,Tikrikilla Station,25.94583,90.24444,2025,8,August,0.32,2025.0,Safe,0.2912522,0.1904695,0.036739,19.29,257.23883056640625,monthly,normalized_exact,0.7,valid,August_WL_1994-2025.pdf,GWRA_2025.pdf,IMD Gridded Rainfall (0.25x0.25 deg),local_pdf,local_pdf,official_web_fallback,pdf_text,pdf_table,netcdf_spatial_lookup,232,NULL,NULL,https://cgwb.gov.in
meghalaya,west jaintia hills,amlarem,amlarem,Dauki,Dauki Station,25.2,92.03333,2025,8,August,1.12,2025.0,Safe,0.1116346999999999,0.1004712,0.0061129999999999,6.08,336.93524169921875,monthly,normalized_exact,0.7,valid,August_WL_1994-2025.pdf,GWRA_2025.pdf,IMD Gridded Rainfall (0.25x0.25 deg),local_pdf,local_pdf,official_web_fallback,pdf_text,pdf_table,netcdf_spatial_lookup,232,NULL,NULL,https://cgwb.gov.in
meghalaya,west khasi hills,mawshynrut,mawshynrut,Nongshram Bolking,Nongshram Bolking Station,25.5771,90.80751,2025,8,August,0.85,2025.0,Safe,0.339654,0.3056885,0.0046341,1.52,693.102294921875,monthly,normalized_exact,0.7,valid,August_WL_1994-2025.pdf,GWRA_2025.pdf,IMD Gridded Rainfall (0.25x0.25 deg),local_pdf,local_pdf,official_web_fallback,pdf_text,pdf_table,netcdf_spatial_lookup,232,NULL,NULL,https://cgwb.gov.in
meghalaya,west khasi hills,shallang,shallang,Nongdaju,Nongdaju Station,25.55056,90.91861,2025,8,August,1.84,2025.0,Safe,0.339654,0.3056885,0.0046341,1.52,866.3931274414062,monthly,normalized_exact,0.7,valid,August_WL_1994-2025.pdf,GWRA_2025.pdf,IMD Gridded Rainfall (0.25x0.25 deg),local_pdf,local_pdf,official_web_fallback,pdf_text,pdf_table,netcdf_spatial_lookup,232,NULL,NULL,https://cgwb.gov.in
meghalaya,east garo hills,dambo rongjeng,dambo rongjeng,Darugiri New,Darugiri New Station,25.6147,90.76002,2024,8,August,3.6,2025.0,Safe,0.0849275,0.0764346,0.003461,4.53,NULL,NULL,normalized_exact,0.7,valid,August_WL_1994-2025.pdf,GWRA_2025.pdf,NULL,local_pdf,local_pdf,official_web_fallback,pdf_text,pdf_table,NULL,582,NULL,NULL,https://cgwb.gov.in
meghalaya,east garo hills,dambo rongjeng,dambo rongjeng,Narringirri,Narringirri Station,25.61028,90.73972,2024,8,August,1.8,2025.0,Safe,0.0849275,0.0764346,0.003461,4.53,NULL,NULL,normalized_exact,0.7,valid,August_WL_1994-2025.pdf,GWRA_2025.pdf,NULL,local_pdf,local_pdf,official_web_fallback,pdf_text,pdf_table,NULL,582,NULL,NULL,https://cgwb.gov.in
meghalaya,east garo hills,dambo rongjeng,dambo rongjeng,Rongjeng,Rongjeng Station,25.66667,90.80417,2024,8,August,1.6,2025.0,Safe,0.0849275,0.0764346,0.003461,4.53,NULL,NULL,normalized_exact,0.7,valid,August_WL_1994-2025.pdf,GWRA_2025.pdf,NULL,local_pdf,local_pdf,official_web_fallback,pdf_text,pdf_table,NULL,582,NULL,NULL,https://cgwb.gov.in
meghalaya,east garo hills,dambo rongjeng,dambo rongjeng,Rongmil,Rongmil Station,25.73611,90.82444,2024,8,August,1.9,2025.0,Safe,0.0849275,0.0764346,0.003461,4.53,NULL,NULL,normalized_exact,0.7,valid,August_WL_1994-2025.pdf,GWRA_2025.pdf,NULL,local_pdf,local_pdf,official_web_fallback,pdf_text,pdf_table,NULL,582,NULL,NULL,https://cgwb.gov.in
meghalaya,east garo hills,samanda,samanda,Baiza Rongreng,Baiza Rongreng Station,25.5425,90.585,2024,8,August,1.4,2025.0,Safe,0.0849275,0.0764346,0.003461,4.53,NULL,NULL,normalized_exact,0.7,valid,August_WL_1994-2025.pdf,GWRA_2025.pdf,NULL,local_pdf,local_pdf,official_web_fallback,pdf_text,pdf_table,NULL,582,NULL,NULL,https://cgwb.gov.in
meghalaya,east garo hills,samanda,samanda,Dawa Gittinggre,Dawa Gittinggre Station,25.51076,90.63908,2024,8,August,2.7,2025.0,Safe,0.0849275,0.0764346,0.003461,4.53,NULL,NULL,normalized_exact,0.7,valid,August_WL_1994-2025.pdf,GWRA_2025.pdf,NULL,local_pdf,local_pdf,official_web_fallback,pdf_text,pdf_table,NULL,582,NULL,NULL,https://cgwb.gov.in
meghalaya,east garo hills,samanda,samanda,Dobetkolgiri,Dobetkolgiri Station,25.50917,90.61167,2024,8,August,2.0,2025.0,Safe,0.0849275,0.0764346,0.003461,4.53,NULL,NULL,normalized_exact,0.7,valid,August_WL_1994-2025.pdf,GWRA_2025.pdf,NULL,local_pdf,local_pdf,official_web_fallback,pdf_text,pdf_table,NULL,582,NULL,NULL,https://cgwb.gov.in
meghalaya,east garo hills,samanda,samanda,Samanda Megapagre,Samanda Megapagre Station,25.58004,90.52681,2024,8,August,1.1,2025.0,Safe,0.0849275,0.0764346,0.003461,4.53,NULL,NULL,normalized_exact,0.7,valid,August_WL_1994-2025.pdf,GWRA_2025.pdf,NULL,local_pdf,local_pdf,official_web_fallback,pdf_text,pdf_table,NULL,582,NULL,NULL,https://cgwb.gov.in
meghalaya,east garo hills,songsak,songsak,Dobu,Dobu Station,25.55612,90.71481,2024,8,August,1.9,2025.0,Safe,0.0849275,0.0764346,0.003461,4.53,NULL,NULL,normalized_exact,0.7,valid,August_WL_1994-2025.pdf,GWRA_2025.pdf,NULL,local_pdf,local_pdf,official_web_fallback,pdf_text,pdf_table,NULL,582,NULL,NULL,https://cgwb.gov.in
meghalaya,east garo hills,songsak,songsak,Songsak New,Songsak New Station,25.65135,90.61052,2024,8,August,2.4,2025.0,Safe,0.0849275,0.0764346,0.003461,4.53,NULL,NULL,normalized_exact,0.7,valid,August_WL_1994-2025.pdf,GWRA_2025.pdf,NULL,local_pdf,local_pdf,official_web_fallback,pdf_text,pdf_table,NULL,582,NULL,NULL,https://cgwb.gov.in
meghalaya,east khasi hills,mawsynram,mawsynram,Dangar,Dangar Station,25.18889,91.38139,2024,8,August,1.3,2025.0,Safe,0.2181741,0.1963567,0.006982,3.56,NULL,NULL,normalized_exact,0.7,valid,August_WL_1994-2025.pdf,GWRA_2025.pdf,NULL,local_pdf,local_pdf,official_web_fallback,pdf_text,pdf_table,NULL,582,NULL,NULL,https://cgwb.gov.in
meghalaya,east khasi hills,mylliem,mylliem,Lachuamiere,Lachuamiere Station,25.57056,91.89028,2024,8,August,0.3,2025.0,Safe,0.2181741,0.1963567,0.006982,3.56,NULL,NULL,normalized_exact,0.7,valid,August_WL_1994-2025.pdf,GWRA_2025.pdf,NULL,local_pdf,local_pdf,official_web_fallback,pdf_text,pdf_table,NULL,582,NULL,NULL,https://cgwb.gov.in
meghalaya,east khasi hills,mylliem,mylliem,Nongmynsong,Nongmynsong Station,25.57972,91.90694,2024,8,August,1.6,2025.0,Safe,0.2181741,0.1963567,0.006982,3.56,NULL,NULL,normalized_exact,0.7,valid,August_WL_1994-2025.pdf,GWRA_2025.pdf,NULL,local_pdf,local_pdf,official_web_fallback,pdf_text,pdf_table,NULL,582,NULL,NULL,https://cgwb.gov.in
meghalaya,east khasi hills,mylliem,mylliem,Shillong Golf Link,Shillong Golf Link Station,25.58194,91.89444,2024,8,August,2.1,2025.0,Safe,0.2181741,0.1963567,0.006982,3.56,NULL,NULL,normalized_exact,0.7,valid,August_WL_1994-2025.pdf,GWRA_2025.pdf,NULL,local_pdf,local_pdf,official_web_fallback,pdf_text,pdf_table,NULL,582,NULL,NULL,https://cgwb.gov.in
meghalaya,east khasi hills,mylliem,mylliem,Water Resources Dept,Water Resources Dept Station,25.56556,91.89611,2024,8,August,1.6,2025.0,Safe,0.2181741,0.1963567,0.006982,3.56,NULL,NULL,normalized_exact,0.7,valid,August_WL_1994-2025.pdf,GWRA_2025.pdf,NULL,local_pdf,local_pdf,official_web_fallback,pdf_text,pdf_table,NULL,582,NULL,NULL,https://cgwb.gov.in
meghalaya,east khasi hills,shella bholaganj,shella bholaganj,Cherrapunji,Cherrapunji Station,25.28333,91.71667,2024,8,August,0.0,2025.0,Safe,0.2181741,0.1963567,0.006982,3.56,NULL,NULL,normalized_exact,0.7,valid,August_WL_1994-2025.pdf,GWRA_2025.pdf,NULL,local_pdf,local_pdf,official_web_fallback,pdf_text,pdf_table,NULL,582,NULL,NULL,https://cgwb.gov.in
meghalaya,east khasi hills,shella bholaganj,shella bholaganj,Ichamati,Ichamati Station,25.165,91.68683,2024,8,August,0.1,2025.0,Safe,0.2181741,0.1963567,0.006982,3.56,NULL,NULL,normalized_exact,0.7,valid,August_WL_1994-2025.pdf,GWRA_2025.pdf,NULL,local_pdf,local_pdf,official_web_fallback,pdf_text,pdf_table,NULL,582,NULL,NULL,https://cgwb.gov.in
meghalaya,east khasi hills,shella bholaganj,shella bholaganj,Nit Cherrapunji1,Nit Cherrapunji1 Station,25.25028,91.74417,2024,8,August,5.4,2025.0,Safe,0.2181741,0.1963567,0.006982,3.56,NULL,NULL,normalized_exact,0.7,valid,August_WL_1994-2025.pdf,GWRA_2025.pdf,NULL,local_pdf,local_pdf,official_web_fallback,pdf_text,pdf_table,NULL,582,NULL,NULL,https://cgwb.gov.in
meghalaya,west khasi hills,Mairang,Mairang,Mairang N,Mairang N Station,25.56222,91.63917,2024,8,August,0.6,2025.0,NULL,0.339654,0.3056885,0.0046341,1.52,NULL,NULL,historical_mapping,0.5,valid,August_WL_1994-2025.pdf,GWRA_2025.pdf,NULL,local_pdf,local_pdf,official_web_fallback,pdf_text,pdf_table,NULL,582,NULL,NULL,https://cgwb.gov.in
meghalaya,north garo hills,bajengdoba,bajengdoba,Bajengdoba,Bajengdoba Station,25.88611,90.5125,2024,8,August,1.5,2025.0,Safe,0.0986029,0.0774368,0.0049870999999999,6.44,NULL,NULL,normalized_exact,0.7,valid,August_WL_1994-2025.pdf,GWRA_2025.pdf,NULL,local_pdf,local_pdf,official_web_fallback,pdf_text,pdf_table,NULL,582,NULL,NULL,https://cgwb.gov.in
meghalaya,north garo hills,bajengdoba,bajengdoba,Snalgre,Snalgre Station,25.74882,90.40422,2024,8,August,1.1,2025.0,Safe,0.0986029,0.0774368,0.0049870999999999,6.44,NULL,NULL,normalized_exact,0.7,valid,August_WL_1994-2025.pdf,GWRA_2025.pdf,NULL,local_pdf,local_pdf,official_web_fallback,pdf_text,pdf_table,NULL,582,NULL,NULL,https://cgwb.gov.in
meghalaya,north garo hills,kharkutta,kharkutta,Kharkutta,Kharkutta Station,25.90556,90.89444,2024,8,August,6.1,2025.0,Safe,0.0986029,0.0774368,0.0049870999999999,6.44,NULL,NULL,normalized_exact,0.7,valid,August_WL_1994-2025.pdf,GWRA_2025.pdf,NULL,local_pdf,local_pdf,official_web_fallback,pdf_text,pdf_table,NULL,582,NULL,NULL,https://cgwb.gov.in
meghalaya,north garo hills,kharkutta,kharkutta,Wageasi,Wageasi Station,25.82235,90.78752,2024,8,August,1.7,2025.0,Safe,0.0986029,0.0774368,0.0049870999999999,6.44,NULL,NULL,normalized_exact,0.7,valid,August_WL_1994-2025.pdf,GWRA_2025.pdf,NULL,local_pdf,local_pdf,official_web_fallback,pdf_text,pdf_table,NULL,582,NULL,NULL,https://cgwb.gov.in
meghalaya,north garo hills,resubelpara,resubelpara,Dainadubi,Dainadubi Station,25.89889,90.7775,2024,8,August,1.1,2025.0,Safe,0.0986029,0.0774368,0.0049870999999999,6.44,NULL,NULL,normalized_exact,0.7,valid,August_WL_1994-2025.pdf,GWRA_2025.pdf,NULL,local_pdf,local_pdf,official_web_fallback,pdf_text,pdf_table,NULL,582,NULL,NULL,https://cgwb.gov.in
meghalaya,north garo hills,resubelpara,resubelpara,Mendal,Mendal Station,25.82472,90.46583,2024,8,August,2.1,2025.0,Safe,0.0986029,0.0774368,0.0049870999999999,6.44,NULL,NULL,normalized_exact,0.7,valid,August_WL_1994-2025.pdf,GWRA_2025.pdf,NULL,local_pdf,local_pdf,official_web_fallback,pdf_text,pdf_table,NULL,582,NULL,NULL,https://cgwb.gov.in
meghalaya,north garo hills,resubelpara,resubelpara,Mendipathar Soksan,Mendipathar Soksan Station,25.89722,90.64435,2024,8,August,1.2,2025.0,Safe,0.0986029,0.0774368,0.0049870999999999,6.44,NULL,NULL,normalized_exact,0.7,valid,August_WL_1994-2025.pdf,GWRA_2025.pdf,NULL,local_pdf,local_pdf,official_web_fallback,pdf_text,pdf_table,NULL,582,NULL,NULL,https://cgwb.gov.in
meghalaya,ri bhoi,jirang,jirang,Patharkhamma Barigaon,Patharkhamma Barigaon Station,25.87139,91.59472,2024,8,August,2.1,2025.0,Safe,0.0648369999999999,0.0583534,0.0035481,6.08,NULL,NULL,normalized_exact,0.7,valid,August_WL_1994-2025.pdf,GWRA_2025.pdf,NULL,local_pdf,local_pdf,official_web_fallback,pdf_text,pdf_table,NULL,582,NULL,NULL,https://cgwb.gov.in
meghalaya,ri bhoi,nongpoh,nongpoh,Nongpoh,Nongpoh Station,25.9,91.88333,2024,8,August,2.7,2025.0,Safe,0.0648369999999999,0.0583534,0.0035481,6.08,NULL,NULL,normalized_exact,0.7,valid,August_WL_1994-2025.pdf,GWRA_2025.pdf,NULL,local_pdf,local_pdf,official_web_fallback,pdf_text,pdf_table,NULL,582,NULL,NULL,https://cgwb.gov.in
meghalaya,ri bhoi,umling,umling,Byrnihat,Byrnihat Station,26.04889,91.86889,2024,8,August,0.9,2025.0,Safe,0.0648369999999999,0.0583534,0.0035481,6.08,NULL,NULL,normalized_exact,0.7,valid,August_WL_1994-2025.pdf,GWRA_2025.pdf,NULL,local_pdf,local_pdf,official_web_fallback,pdf_text,pdf_table,NULL,582,NULL,NULL,https://cgwb.gov.in
meghalaya,ri bhoi,umling,umling,Lower Balian,Lower Balian Station,26.028,91.846,2024,8,August,2.6,2025.0,Safe,0.0648369999999999,0.0583534,0.0035481,6.08,NULL,NULL,normalized_exact,0.7,valid,August_WL_1994-2025.pdf,GWRA_2025.pdf,NULL,local_pdf,local_pdf,official_web_fallback,pdf_text,pdf_table,NULL,582,NULL,NULL,https://cgwb.gov.in
meghalaya,ri bhoi,umling,umling,Pahanmawlien,Pahanmawlien Station,25.99472,91.86167,2024,8,August,0.4,2025.0,Safe,0.0648369999999999,0.0583534,0.0035481,6.08,NULL,NULL,normalized_exact,0.7,valid,August_WL_1994-2025.pdf,GWRA_2025.pdf,NULL,local_pdf,local_pdf,official_web_fallback,pdf_text,pdf_table,NULL,582,NULL,NULL,https://cgwb.gov.in
meghalaya,ri bhoi,umling,umling,Tamenpoanglong,Tamenpoanglong Station,25.92583,91.94472,2024,8,August,1.6,2025.0,Safe,0.0648369999999999,0.0583534,0.0035481,6.08,NULL,NULL,normalized_exact,0.7,valid,August_WL_1994-2025.pdf,GWRA_2025.pdf,NULL,local_pdf,local_pdf,official_web_fallback,pdf_text,pdf_table,NULL,582,NULL,NULL,https://cgwb.gov.in
meghalaya,ri bhoi,umsning,umsning,Nayabunglow,Nayabunglow Station,25.74667,91.88667,2024,8,August,2.7,2025.0,Safe,0.0648369999999999,0.0583534,0.0035481,6.08,NULL,NULL,normalized_exact,0.7,valid,August_WL_1994-2025.pdf,GWRA_2025.pdf,NULL,local_pdf,local_pdf,official_web_fallback,pdf_text,pdf_table,NULL,582,NULL,NULL,https://cgwb.gov.in
meghalaya,south garo hills,baghmara,baghmara,Baghmara,Baghmara Station,25.20417,90.63194,2024,8,August,1.1,2025.0,Safe,0.2347366,0.2112628,0.0025698,1.22,NULL,NULL,normalized_exact,0.7,valid,August_WL_1994-2025.pdf,GWRA_2025.pdf,NULL,local_pdf,local_pdf,official_web_fallback,pdf_text,pdf_table,NULL,582,NULL,NULL,https://cgwb.gov.in
meghalaya,south garo hills,baghmara,baghmara,Bamongre,Bamongre Station,25.21498,90.48371,2024,8,August,1.3,2025.0,Safe,0.2347366,0.2112628,0.0025698,1.22,NULL,NULL,normalized_exact,0.7,valid,August_WL_1994-2025.pdf,GWRA_2025.pdf,NULL,local_pdf,local_pdf,official_web_fallback,pdf_text,pdf_table,NULL,583,NULL,NULL,https://cgwb.gov.in
meghalaya,south garo hills,baghmara,baghmara,Dopha-Adan,Dopha-Adan Station,25.20194,90.61611,2024,8,August,1.2,2025.0,Safe,0.2347366,0.2112628,0.0025698,1.22,NULL,NULL,normalized_exact,0.7,valid,August_WL_1994-2025.pdf,GWRA_2025.pdf,NULL,local_pdf,local_pdf,official_web_fallback,pdf_text,pdf_table,NULL,583,NULL,NULL,https://cgwb.gov.in
meghalaya,south garo hills,chokpot,chokpot,Betagre,Betagre Station,25.25028,90.48694,2024,8,August,1.3,2025.0,Safe,0.2347366,0.2112628,0.0025698,1.22,NULL,NULL,normalized_exact,0.7,valid,August_WL_1994-2025.pdf,GWRA_2025.pdf,NULL,local_pdf,local_pdf,official_web_fallback,pdf_text,pdf_table,NULL,583,NULL,NULL,https://cgwb.gov.in
meghalaya,south garo hills,chokpot,chokpot,Glmatkolgre,Glmatkolgre Station,25.28694,90.43444,2024,8,August,0.9,2025.0,Safe,0.2347366,0.2112628,0.0025698,1.22,NULL,NULL,normalized_exact,0.7,valid,August_WL_1994-2025.pdf,GWRA_2025.pdf,NULL,local_pdf,local_pdf,official_web_fallback,pdf_text,pdf_table,NULL,583,NULL,NULL,https://cgwb.gov.in
meghalaya,south garo hills,gasuapara,gasuapara,Chirenpara,Chirenpara Station,25.20722,90.27139,2024,8,August,1.8,2025.0,Safe,0.2347366,0.2112628,0.0025698,1.22,NULL,NULL,normalized_exact,0.7,valid,August_WL_1994-2025.pdf,GWRA_2025.pdf,NULL,local_pdf,local_pdf,official_web_fallback,pdf_text,pdf_table,NULL,583,NULL,NULL,https://cgwb.gov.in
meghalaya,south garo hills,gasuapara,gasuapara,Dumnikura,Dumnikura Station,25.185,90.38917,2024,8,August,1.0,2025.0,Safe,0.2347366,0.2112628,0.0025698,1.22,NULL,NULL,normalized_exact,0.7,valid,August_WL_1994-2025.pdf,GWRA_2025.pdf,NULL,local_pdf,local_pdf,official_web_fallback,pdf_text,pdf_table,NULL,583,NULL,NULL,https://cgwb.gov.in
meghalaya,south garo hills,gasuapara,gasuapara,Gasuapara,Gasuapara Station,25.19417,90.34889,2024,8,August,0.9,2025.0,Safe,0.2347366,0.2112628,0.0025698,1.22,NULL,NULL,normalized_exact,0.7,valid,August_WL_1994-2025.pdf,GWRA_2025.pdf,NULL,local_pdf,local_pdf,official_web_fallback,pdf_text,pdf_table,NULL,583,NULL,NULL,https://cgwb.gov.in
meghalaya,south garo hills,gasuapara,gasuapara,Konduk,Konduk Station,25.19333,90.35694,2024,8,August,1.5,2025.0,Safe,0.2347366,0.2112628,0.0025698,1.22,NULL,NULL,normalized_exact,0.7,valid,August_WL_1994-2025.pdf,GWRA_2025.pdf,NULL,local_pdf,local_pdf,official_web_fallback,pdf_text,pdf_table,NULL,583,NULL,NULL,https://cgwb.gov.in
meghalaya,south garo hills,gasuapara,gasuapara,Mandangre,Mandangre Station,25.16833,90.47833,2024,8,August,0.8,2025.0,Safe,0.2347366,0.2112628,0.0025698,1.22,NULL,NULL,normalized_exact,0.7,valid,August_WL_1994-2025.pdf,GWRA_2025.pdf,NULL,local_pdf,local_pdf,official_web_fallback,pdf_text,pdf_table,NULL,583,NULL,NULL,https://cgwb.gov.in
meghalaya,south west garo hills,betasing,betasing,Ampati,Ampati Station,25.5,89.95833,2024,8,August,1.4,2025.0,Safe,0.079896,0.0387598,0.0076644,19.77,NULL,NULL,normalized_exact,0.7,valid,August_WL_1994-2025.pdf,GWRA_2025.pdf,NULL,local_pdf,local_pdf,official_web_fallback,pdf_text,pdf_table,NULL,583,NULL,NULL,https://cgwb.gov.in
meghalaya,south west garo hills,betasing,betasing,Ampati New,Ampati New Station,25.47504,89.93387,2024,8,August,1.2,2025.0,Safe,0.079896,0.0387598,0.0076644,19.77,NULL,NULL,normalized_exact,0.7,valid,August_WL_1994-2025.pdf,GWRA_2025.pdf,NULL,local_pdf,local_pdf,official_web_fallback,pdf_text,pdf_table,NULL,583,NULL,NULL,https://cgwb.gov.in
meghalaya,south west garo hills,betasing,betasing,Betasing,Betasing Station,25.51339,89.95672,2024,8,August,1.5,2025.0,Safe,0.079896,0.0387598,0.0076644,19.77,NULL,NULL,normalized_exact,0.7,valid,August_WL_1994-2025.pdf,GWRA_2025.pdf,NULL,local_pdf,local_pdf,official_web_fallback,pdf_text,pdf_table,NULL,583,NULL,NULL,https://cgwb.gov.in
meghalaya,south west garo hills,rerapara,rerapara,Chimesengre,Chimesengre Station,25.53369,90.10868,2024,8,August,1.4,2025.0,Safe,0.079896,0.0387598,0.0076644,19.77,NULL,NULL,normalized_exact,0.7,valid,August_WL_1994-2025.pdf,GWRA_2025.pdf,NULL,local_pdf,local_pdf,official_web_fallback,pdf_text,pdf_table,NULL,583,NULL,NULL,https://cgwb.gov.in
meghalaya,south west garo hills,rerapara,rerapara,Garobandha,Garobandha Station,25.58028,90.02222,2024,8,August,2.9,2025.0,Safe,0.079896,0.0387598,0.0076644,19.77,NULL,NULL,normalized_exact,0.7,valid,August_WL_1994-2025.pdf,GWRA_2025.pdf,NULL,local_pdf,local_pdf,official_web_fallback,pdf_text,pdf_table,NULL,583,NULL,NULL,https://cgwb.gov.in
meghalaya,south west garo hills,zikzak,zikzak,Mahendraganj,Mahendraganj Station,25.3,89.85972,2024,8,August,2.2,2025.0,Safe,0.079896,0.0387598,0.0076644,19.77,NULL,NULL,normalized_exact,0.7,valid,August_WL_1994-2025.pdf,GWRA_2025.pdf,NULL,local_pdf,local_pdf,official_web_fallback,pdf_text,pdf_table,NULL,583,NULL,NULL,https://cgwb.gov.in
meghalaya,west garo hills,batabari,batabari,Rajabala,Rajabala Station,25.75556,89.98083,2024,8,August,3.6,2025.0,Safe,0.2912522,0.1904695,0.036739,19.29,NULL,NULL,normalized_exact,0.7,valid,August_WL_1994-2025.pdf,GWRA_2025.pdf,NULL,local_pdf,local_pdf,official_web_fallback,pdf_text,pdf_table,NULL,583,NULL,NULL,https://cgwb.gov.in
meghalaya,west garo hills,dalu,dalu,Dalu,Dalu Station,25.22778,90.2125,2024,8,August,1.8,2025.0,Safe,0.2912522,0.1904695,0.036739,19.29,NULL,NULL,normalized_exact,0.7,valid,August_WL_1994-2025.pdf,GWRA_2025.pdf,NULL,local_pdf,local_pdf,official_web_fallback,pdf_text,pdf_table,NULL,583,NULL,NULL,https://cgwb.gov.in
meghalaya,west garo hills,dalu,dalu,Kherapara Bazar,Kherapara Bazar Station,25.34467,90.21565,2024,8,August,1.6,2025.0,Safe,0.2912522,0.1904695,0.036739,19.29,NULL,NULL,normalized_exact,0.7,valid,August_WL_1994-2025.pdf,GWRA_2025.pdf,NULL,local_pdf,local_pdf,official_web_fallback,pdf_text,pdf_table,NULL,583,NULL,NULL,https://cgwb.gov.in
meghalaya,west garo hills,dalu,dalu,Porakhasia,Porakhasia Station,25.3,90.01667,2024,8,August,1.9,2025.0,Safe,0.2912522,0.1904695,0.036739,19.29,NULL,NULL,normalized_exact,0.7,valid,August_WL_1994-2025.pdf,GWRA_2025.pdf,NULL,local_pdf,local_pdf,official_web_fallback,pdf_text,pdf_table,NULL,583,NULL,NULL,https://cgwb.gov.in
meghalaya,west garo hills,demdema,demdema,Nidanpur,Nidanpur Station,25.9125,90.12778,2024,8,August,1.4,2025.0,Safe,0.2912522,0.1904695,0.036739,19.29,NULL,NULL,normalized_exact,0.7,valid,August_WL_1994-2025.pdf,GWRA_2025.pdf,NULL,local_pdf,local_pdf,official_web_fallback,pdf_text,pdf_table,NULL,583,NULL,NULL,https://cgwb.gov.in
meghalaya,west garo hills,rongram,rongram,Asanang,Asanang Station,25.59944,90.27556,2024,8,August,2.7,2025.0,Safe,0.2912522,0.1904695,0.036739,19.29,NULL,NULL,normalized_exact,0.7,valid,August_WL_1994-2025.pdf,GWRA_2025.pdf,NULL,local_pdf,local_pdf,official_web_fallback,pdf_text,pdf_table,NULL,583,NULL,NULL,https://cgwb.gov.in
meghalaya,west garo hills,rongram,rongram,Baljek,Baljek Station,25.66439,90.34159,2024,8,August,2.0,2025.0,Safe,0.2912522,0.1904695,0.036739,19.29,NULL,NULL,normalized_exact,0.7,valid,August_WL_1994-2025.pdf,GWRA_2025.pdf,NULL,local_pdf,local_pdf,official_web_fallback,pdf_text,pdf_table,NULL,583,NULL,NULL,https://cgwb.gov.in
meghalaya,west garo hills,rongram,rongram,Baljek New,Baljek New Station,25.66057,90.33997,2024,8,August,1.1,2025.0,Safe,0.2912522,0.1904695,0.036739,19.29,NULL,NULL,normalized_exact,0.7,valid,August_WL_1994-2025.pdf,GWRA_2025.pdf,NULL,local_pdf,local_pdf,official_web_fallback,pdf_text,pdf_table,NULL,583,NULL,NULL,https://cgwb.gov.in
meghalaya,west garo hills,salsella,salsella,Balachanda,Balachanda Station,25.75114,89.9993,2024,8,August,1.9,2025.0,Safe,0.2912522,0.1904695,0.036739,19.29,NULL,NULL,normalized_exact,0.7,valid,August_WL_1994-2025.pdf,GWRA_2025.pdf,NULL,local_pdf,local_pdf,official_web_fallback,pdf_text,pdf_table,NULL,583,NULL,NULL,https://cgwb.gov.in
meghalaya,west garo hills,salsella,salsella,Damjongre,Damjongre Station,25.61354,90.0359,2024,8,August,2.4,2025.0,Safe,0.2912522,0.1904695,0.036739,19.29,NULL,NULL,normalized_exact,0.7,valid,August_WL_1994-2025.pdf,GWRA_2025.pdf,NULL,local_pdf,local_pdf,official_web_fallback,pdf_text,pdf_table,NULL,583,NULL,NULL,https://cgwb.gov.in
meghalaya,west garo hills,salsella,salsella,Phulbari,Phulbari Station,25.88333,90.05,2024,8,August,1.5,2025.0,Safe,0.2912522,0.1904695,0.036739,19.29,NULL,NULL,normalized_exact,0.7,valid,August_WL_1994-2025.pdf,GWRA_2025.pdf,NULL,local_pdf,local_pdf,official_web_fallback,pdf_text,pdf_table,NULL,583,NULL,NULL,https://cgwb.gov.in
meghalaya,west garo hills,salsella,salsella,Salsella,Salsella Station,25.69472,90.01389,2024,8,August,1.1,2025.0,Safe,0.2912522,0.1904695,0.036739,19.29,NULL,NULL,normalized_exact,0.7,valid,August_WL_1994-2025.pdf,GWRA_2025.pdf,NULL,local_pdf,local_pdf,official_web_fallback,pdf_text,pdf_table,NULL,583,NULL,NULL,https://cgwb.gov.in
meghalaya,west garo hills,tikrikilla,tikrikilla,Belguri,Belguri Station,25.96389,90.34278,2024,8,August,6.1,2025.0,Safe,0.2912522,0.1904695,0.036739,19.29,NULL,NULL,normalized_exact,0.7,valid,August_WL_1994-2025.pdf,GWRA_2025.pdf,NULL,local_pdf,local_pdf,official_web_fallback,pdf_text,pdf_table,NULL,583,NULL,NULL,https://cgwb.gov.in
meghalaya,west garo hills,tikrikilla,tikrikilla,Phutamamri,Phutamamri Station,25.94333,90.22,2024,8,August,1.7,2025.0,Safe,0.2912522,0.1904695,0.036739,19.29,NULL,NULL,normalized_exact,0.7,valid,August_WL_1994-2025.pdf,GWRA_2025.pdf,NULL,local_pdf,local_pdf,official_web_fallback,pdf_text,pdf_table,NULL,583,NULL,NULL,https://cgwb.gov.in
meghalaya,west garo hills,tikrikilla,tikrikilla,Tikrikilla,Tikrikilla Station,25.94583,90.24444,2024,8,August,1.1,2025.0,Safe,0.2912522,0.1904695,0.036739,19.29,NULL,NULL,normalized_exact,0.7,valid,August_WL_1994-2025.pdf,GWRA_2025.pdf,NULL,local_pdf,local_pdf,official_web_fallback,pdf_text,pdf_table,NULL,583,NULL,NULL,https://cgwb.gov.in
meghalaya,west jaintia hills,amlarem,amlarem,Dauki,Dauki Station,25.2,92.03333,2024,8,August,0.5,2025.0,Safe,0.1116346999999999,0.1004712,0.0061129999999999,6.08,NULL,NULL,normalized_exact,0.7,valid,August_WL_1994-2025.pdf,GWRA_2025.pdf,NULL,local_pdf,local_pdf,official_web_fallback,pdf_text,pdf_table,NULL,583,NULL,NULL,https://cgwb.gov.in
meghalaya,west jaintia hills,thadlaskein,thadlaskein,Jowai,Jowai Station,25.44167,92.175,2024,8,August,0.5,2025.0,Safe,0.1116346999999999,0.1004712,0.0061129999999999,6.08,NULL,NULL,normalized_exact,0.7,valid,August_WL_1994-2025.pdf,GWRA_2025.pdf,NULL,local_pdf,local_pdf,official_web_fallback,pdf_text,pdf_table,NULL,583,NULL,NULL,https://cgwb.gov.in
meghalaya,west khasi hills,mawshynrut,mawshynrut,Nongshram Bolking,Nongshram Bolking Station,25.5771,90.80751,2024,8,August,1.8,2025.0,Safe,0.339654,0.3056885,0.0046341,1.52,NULL,NULL,normalized_exact,0.7,valid,August_WL_1994-2025.pdf,GWRA_2025.pdf,NULL,local_pdf,local_pdf,official_web_fallback,pdf_text,pdf_table,NULL,583,NULL,NULL,https://cgwb.gov.in
meghalaya,east garo hills,dambo rongjeng,dambo rongjeng,Darugiri New,Darugiri New Station,25.6147,90.76002,2023,8,August,1.0,2025.0,Safe,0.0849275,0.0764346,0.003461,4.53,NULL,NULL,normalized_exact,0.7,valid,August_WL_1994-2025.pdf,GWRA_2025.pdf,NULL,local_pdf,local_pdf,official_web_fallback,pdf_text,pdf_table,NULL,966,NULL,NULL,https://cgwb.gov.in
meghalaya,east garo hills,dambo rongjeng,dambo rongjeng,Narringirri,Narringirri Station,25.61028,90.73972,2023,8,August,2.5,2025.0,Safe,0.0849275,0.0764346,0.003461,4.53,NULL,NULL,normalized_exact,0.7,valid,August_WL_1994-2025.pdf,GWRA_2025.pdf,NULL,local_pdf,local_pdf,official_web_fallback,pdf_text,pdf_table,NULL,966,NULL,NULL,https://cgwb.gov.in
meghalaya,east garo hills,dambo rongjeng,dambo rongjeng,Rongjeng,Rongjeng Station,25.66667,90.80417,2023,8,August,4.1,2025.0,Safe,0.0849275,0.0764346,0.003461,4.53,NULL,NULL,normalized_exact,0.7,valid,August_WL_1994-2025.pdf,GWRA_2025.pdf,NULL,local_pdf,local_pdf,official_web_fallback,pdf_text,pdf_table,NULL,966,NULL,NULL,https://cgwb.gov.in
meghalaya,east garo hills,dambo rongjeng,dambo rongjeng,Rongmil,Rongmil Station,25.73611,90.82444,2023,8,August,2.9,2025.0,Safe,0.0849275,0.0764346,0.003461,4.53,NULL,NULL,normalized_exact,0.7,valid,August_WL_1994-2025.pdf,GWRA_2025.pdf,NULL,local_pdf,local_pdf,official_web_fallback,pdf_text,pdf_table,NULL,966,NULL,NULL,https://cgwb.gov.in
meghalaya,east garo hills,samanda,samanda,Baiza Rongreng,Baiza Rongreng Station,25.5425,90.585,2023,8,August,0.5,2025.0,Safe,0.0849275,0.0764346,0.003461,4.53,NULL,NULL,normalized_exact,0.7,valid,August_WL_1994-2025.pdf,GWRA_2025.pdf,NULL,local_pdf,local_pdf,official_web_fallback,pdf_text,pdf_table,NULL,966,NULL,NULL,https://cgwb.gov.in
meghalaya,east garo hills,samanda,samanda,Samanda Megapagre,Samanda Megapagre Station,25.58004,90.52681,2023,8,August,2.1,2025.0,Safe,0.0849275,0.0764346,0.003461,4.53,NULL,NULL,normalized_exact,0.7,valid,August_WL_1994-2025.pdf,GWRA_2025.pdf,NULL,local_pdf,local_pdf,official_web_fallback,pdf_text,pdf_table,NULL,966,NULL,NULL,https://cgwb.gov.in
meghalaya,east garo hills,samanda,samanda,Williamnagar,Williamnagar Station,25.51,90.51944,2023,8,August,1.2,2025.0,Safe,0.0849275,0.0764346,0.003461,4.53,NULL,NULL,normalized_exact,0.7,valid,August_WL_1994-2025.pdf,GWRA_2025.pdf,NULL,local_pdf,local_pdf,official_web_fallback,pdf_text,pdf_table,NULL,966,NULL,NULL,https://cgwb.gov.in
meghalaya,east garo hills,songsak,songsak,Dobu,Dobu Station,25.55612,90.71481,2023,8,August,2.3,2025.0,Safe,0.0849275,0.0764346,0.003461,4.53,NULL,NULL,normalized_exact,0.7,valid,August_WL_1994-2025.pdf,GWRA_2025.pdf,NULL,local_pdf,local_pdf,official_web_fallback,pdf_text,pdf_table,NULL,966,NULL,NULL,https://cgwb.gov.in
meghalaya,east khasi hills,mawsynram,mawsynram,Dangar,Dangar Station,25.18889,91.38139,2023,8,August,1.1,2025.0,Safe,0.2181741,0.1963567,0.006982,3.56,NULL,NULL,normalized_exact,0.7,valid,August_WL_1994-2025.pdf,GWRA_2025.pdf,NULL,local_pdf,local_pdf,official_web_fallback,pdf_text,pdf_table,NULL,966,NULL,NULL,https://cgwb.gov.in
meghalaya,east khasi hills,mylliem,mylliem,Lachuamiere,Lachuamiere Station,25.57056,91.89028,2023,8,August,0.3,2025.0,Safe,0.2181741,0.1963567,0.006982,3.56,NULL,NULL,normalized_exact,0.7,valid,August_WL_1994-2025.pdf,GWRA_2025.pdf,NULL,local_pdf,local_pdf,official_web_fallback,pdf_text,pdf_table,NULL,966,NULL,NULL,https://cgwb.gov.in
meghalaya,east khasi hills,mylliem,mylliem,Nongmynsong,Nongmynsong Station,25.57972,91.90694,2023,8,August,2.0,2025.0,Safe,0.2181741,0.1963567,0.006982,3.56,NULL,NULL,normalized_exact,0.7,valid,August_WL_1994-2025.pdf,GWRA_2025.pdf,NULL,local_pdf,local_pdf,official_web_fallback,pdf_text,pdf_table,NULL,966,NULL,NULL,https://cgwb.gov.in
meghalaya,east khasi hills,mylliem,mylliem,Shillong Golf Link,Shillong Golf Link Station,25.58194,91.89444,2023,8,August,2.1,2025.0,Safe,0.2181741,0.1963567,0.006982,3.56,NULL,NULL,normalized_exact,0.7,valid,August_WL_1994-2025.pdf,GWRA_2025.pdf,NULL,local_pdf,local_pdf,official_web_fallback,pdf_text,pdf_table,NULL,966,NULL,NULL,https://cgwb.gov.in
meghalaya,east khasi hills,mylliem,mylliem,Water Resources Dept,Water Resources Dept Station,25.56556,91.89611,2023,8,August,1.8,2025.0,Safe,0.2181741,0.1963567,0.006982,3.56,NULL,NULL,normalized_exact,0.7,valid,August_WL_1994-2025.pdf,GWRA_2025.pdf,NULL,local_pdf,local_pdf,official_web_fallback,pdf_text,pdf_table,NULL,966,NULL,NULL,https://cgwb.gov.in
meghalaya,east khasi hills,shella bholaganj,shella bholaganj,Cherrapunji,Cherrapunji Station,25.28333,91.71667,2023,8,August,0.0,2025.0,Safe,0.2181741,0.1963567,0.006982,3.56,NULL,NULL,normalized_exact,0.7,valid,August_WL_1994-2025.pdf,GWRA_2025.pdf,NULL,local_pdf,local_pdf,official_web_fallback,pdf_text,pdf_table,NULL,966,NULL,NULL,https://cgwb.gov.in
meghalaya,east khasi hills,shella bholaganj,shella bholaganj,Ichamati,Ichamati Station,25.165,91.68683,2023,8,August,0.3,2025.0,Safe,0.2181741,0.1963567,0.006982,3.56,NULL,NULL,normalized_exact,0.7,valid,August_WL_1994-2025.pdf,GWRA_2025.pdf,NULL,local_pdf,local_pdf,official_web_fallback,pdf_text,pdf_table,NULL,966,NULL,NULL,https://cgwb.gov.in
meghalaya,east khasi hills,shella bholaganj,shella bholaganj,Nit Cherrapunji1,Nit Cherrapunji1 Station,25.25028,91.74417,2023,8,August,5.5,2025.0,Safe,0.2181741,0.1963567,0.006982,3.56,NULL,NULL,normalized_exact,0.7,valid,August_WL_1994-2025.pdf,GWRA_2025.pdf,NULL,local_pdf,local_pdf,official_web_fallback,pdf_text,pdf_table,NULL,966,NULL,NULL,https://cgwb.gov.in
meghalaya,west khasi hills,Mairang,Mairang,Mairang N,Mairang N Station,25.56222,91.63917,2023,8,August,0.4,2025.0,NULL,0.339654,0.3056885,0.0046341,1.52,NULL,NULL,historical_mapping,0.5,valid,August_WL_1994-2025.pdf,GWRA_2025.pdf,NULL,local_pdf,local_pdf,official_web_fallback,pdf_text,pdf_table,NULL,966,NULL,NULL,https://cgwb.gov.in
meghalaya,north garo hills,bajengdoba,bajengdoba,Bajengdoba,Bajengdoba Station,25.88611,90.5125,2023,8,August,2.3,2025.0,Safe,0.0986029,0.0774368,0.0049870999999999,6.44,NULL,NULL,normalized_exact,0.7,valid,August_WL_1994-2025.pdf,GWRA_2025.pdf,NULL,local_pdf,local_pdf,official_web_fallback,pdf_text,pdf_table,NULL,966,NULL,NULL,https://cgwb.gov.in
meghalaya,north garo hills,bajengdoba,bajengdoba,Snalgre,Snalgre Station,25.74882,90.40422,2023,8,August,1.2,2025.0,Safe,0.0986029,0.0774368,0.0049870999999999,6.44,NULL,NULL,normalized_exact,0.7,valid,August_WL_1994-2025.pdf,GWRA_2025.pdf,NULL,local_pdf,local_pdf,official_web_fallback,pdf_text,pdf_table,NULL,966,NULL,NULL,https://cgwb.gov.in
meghalaya,north garo hills,kharkutta,kharkutta,Kharkutta,Kharkutta Station,25.90556,90.89444,2023,8,August,1.7,2025.0,Safe,0.0986029,0.0774368,0.0049870999999999,6.44,NULL,NULL,normalized_exact,0.7,valid,August_WL_1994-2025.pdf,GWRA_2025.pdf,NULL,local_pdf,local_pdf,official_web_fallback,pdf_text,pdf_table,NULL,966,NULL,NULL,https://cgwb.gov.in
meghalaya,north garo hills,kharkutta,kharkutta,Wageasi,Wageasi Station,25.82235,90.78752,2023,8,August,2.0,2025.0,Safe,0.0986029,0.0774368,0.0049870999999999,6.44,NULL,NULL,normalized_exact,0.7,valid,August_WL_1994-2025.pdf,GWRA_2025.pdf,NULL,local_pdf,local_pdf,official_web_fallback,pdf_text,pdf_table,NULL,966,NULL,NULL,https://cgwb.gov.in
meghalaya,north garo hills,resubelpara,resubelpara,Dainadubi,Dainadubi Station,25.89889,90.7775,2023,8,August,2.1,2025.0,Safe,0.0986029,0.0774368,0.0049870999999999,6.44,NULL,NULL,normalized_exact,0.7,valid,August_WL_1994-2025.pdf,GWRA_2025.pdf,NULL,local_pdf,local_pdf,official_web_fallback,pdf_text,pdf_table,NULL,966,NULL,NULL,https://cgwb.gov.in
meghalaya,north garo hills,resubelpara,resubelpara,Mendal,Mendal Station,25.82472,90.46583,2023,8,August,1.4,2025.0,Safe,0.0986029,0.0774368,0.0049870999999999,6.44,NULL,NULL,normalized_exact,0.7,valid,August_WL_1994-2025.pdf,GWRA_2025.pdf,NULL,local_pdf,local_pdf,official_web_fallback,pdf_text,pdf_table,NULL,966,NULL,NULL,https://cgwb.gov.in
meghalaya,north garo hills,resubelpara,resubelpara,Mendipathar Soksan,Mendipathar Soksan Station,25.89722,90.64435,2023,8,August,2.5,2025.0,Safe,0.0986029,0.0774368,0.0049870999999999,6.44,NULL,NULL,normalized_exact,0.7,valid,August_WL_1994-2025.pdf,GWRA_2025.pdf,NULL,local_pdf,local_pdf,official_web_fallback,pdf_text,pdf_table,NULL,966,NULL,NULL,https://cgwb.gov.in
meghalaya,ri bhoi,jirang,jirang,Patharkhamma Barigaon,Patharkhamma Barigaon Station,25.87139,91.59472,2023,8,August,3.3,2025.0,Safe,0.0648369999999999,0.0583534,0.0035481,6.08,NULL,NULL,normalized_exact,0.7,valid,August_WL_1994-2025.pdf,GWRA_2025.pdf,NULL,local_pdf,local_pdf,official_web_fallback,pdf_text,pdf_table,NULL,966,NULL,NULL,https://cgwb.gov.in
meghalaya,ri bhoi,nongpoh,nongpoh,Nongpoh,Nongpoh Station,25.9,91.88333,2023,8,August,1.6,2025.0,Safe,0.0648369999999999,0.0583534,0.0035481,6.08,NULL,NULL,normalized_exact,0.7,valid,August_WL_1994-2025.pdf,GWRA_2025.pdf,NULL,local_pdf,local_pdf,official_web_fallback,pdf_text,pdf_table,NULL,966,NULL,NULL,https://cgwb.gov.in
meghalaya,ri bhoi,umling,umling,Byrnihat,Byrnihat Station,26.04889,91.86889,2023,8,August,1.3,2025.0,Safe,0.0648369999999999,0.0583534,0.0035481,6.08,NULL,NULL,normalized_exact,0.7,valid,August_WL_1994-2025.pdf,GWRA_2025.pdf,NULL,local_pdf,local_pdf,official_web_fallback,pdf_text,pdf_table,NULL,966,NULL,NULL,https://cgwb.gov.in
meghalaya,ri bhoi,umling,umling,Pahanmawlien,Pahanmawlien Station,25.99472,91.86167,2023,8,August,1.0,2025.0,Safe,0.0648369999999999,0.0583534,0.0035481,6.08,NULL,NULL,normalized_exact,0.7,valid,August_WL_1994-2025.pdf,GWRA_2025.pdf,NULL,local_pdf,local_pdf,official_web_fallback,pdf_text,pdf_table,NULL,966,NULL,NULL,https://cgwb.gov.in
meghalaya,ri bhoi,umling,umling,Tamenpoanglong,Tamenpoanglong Station,25.92583,91.94472,2023,8,August,1.8,2025.0,Safe,0.0648369999999999,0.0583534,0.0035481,6.08,NULL,NULL,normalized_exact,0.7,valid,August_WL_1994-2025.pdf,GWRA_2025.pdf,NULL,local_pdf,local_pdf,official_web_fallback,pdf_text,pdf_table,NULL,966,NULL,NULL,https://cgwb.gov.in
meghalaya,ri bhoi,umsning,umsning,Nayabunglow,Nayabunglow Station,25.74667,91.88667,2023,8,August,2.8,2025.0,Safe,0.0648369999999999,0.0583534,0.0035481,6.08,NULL,NULL,normalized_exact,0.7,valid,August_WL_1994-2025.pdf,GWRA_2025.pdf,NULL,local_pdf,local_pdf,official_web_fallback,pdf_text,pdf_table,NULL,966,NULL,NULL,https://cgwb.gov.in
meghalaya,south garo hills,baghmara,baghmara,Baghmara,Baghmara Station,25.20417,90.63194,2023,8,August,0.6,2025.0,Safe,0.2347366,0.2112628,0.0025698,1.22,NULL,NULL,normalized_exact,0.7,valid,August_WL_1994-2025.pdf,GWRA_2025.pdf,NULL,local_pdf,local_pdf,official_web_fallback,pdf_text,pdf_table,NULL,966,NULL,NULL,https://cgwb.gov.in
meghalaya,south garo hills,baghmara,baghmara,Dopha-Adan,Dopha-Adan Station,25.20194,90.61611,2023,8,August,0.5,2025.0,Safe,0.2347366,0.2112628,0.0025698,1.22,NULL,NULL,normalized_exact,0.7,valid,August_WL_1994-2025.pdf,GWRA_2025.pdf,NULL,local_pdf,local_pdf,official_web_fallback,pdf_text,pdf_table,NULL,966,NULL,NULL,https://cgwb.gov.in
meghalaya,south garo hills,chokpot,chokpot,Betagre,Betagre Station,25.25028,90.48694,2023,8,August,1.3,2025.0,Safe,0.2347366,0.2112628,0.0025698,1.22,NULL,NULL,normalized_exact,0.7,valid,August_WL_1994-2025.pdf,GWRA_2025.pdf,NULL,local_pdf,local_pdf,official_web_fallback,pdf_text,pdf_table,NULL,966,NULL,NULL,https://cgwb.gov.in
meghalaya,south garo hills,chokpot,chokpot,Glmatkolgre,Glmatkolgre Station,25.28694,90.43444,2023,8,August,0.2,2025.0,Safe,0.2347366,0.2112628,0.0025698,1.22,NULL,NULL,normalized_exact,0.7,valid,August_WL_1994-2025.pdf,GWRA_2025.pdf,NULL,local_pdf,local_pdf,official_web_fallback,pdf_text,pdf_table,NULL,966,NULL,NULL,https://cgwb.gov.in
meghalaya,south garo hills,gasuapara,gasuapara,Chirenpara,Chirenpara Station,25.20722,90.27139,2023,8,August,1.3,2025.0,Safe,0.2347366,0.2112628,0.0025698,1.22,NULL,NULL,normalized_exact,0.7,valid,August_WL_1994-2025.pdf,GWRA_2025.pdf,NULL,local_pdf,local_pdf,official_web_fallback,pdf_text,pdf_table,NULL,966,NULL,NULL,https://cgwb.gov.in
meghalaya,south garo hills,gasuapara,gasuapara,Dumnikura,Dumnikura Station,25.185,90.38917,2023,8,August,0.8,2025.0,Safe,0.2347366,0.2112628,0.0025698,1.22,NULL,NULL,normalized_exact,0.7,valid,August_WL_1994-2025.pdf,GWRA_2025.pdf,NULL,local_pdf,local_pdf,official_web_fallback,pdf_text,pdf_table,NULL,966,NULL,NULL,https://cgwb.gov.in
meghalaya,south garo hills,gasuapara,gasuapara,Gasuapara,Gasuapara Station,25.19417,90.34889,2023,8,August,0.1,2025.0,Safe,0.2347366,0.2112628,0.0025698,1.22,NULL,NULL,normalized_exact,0.7,valid,August_WL_1994-2025.pdf,GWRA_2025.pdf,NULL,local_pdf,local_pdf,official_web_fallback,pdf_text,pdf_table,NULL,966,NULL,NULL,https://cgwb.gov.in
meghalaya,south garo hills,gasuapara,gasuapara,Konduk,Konduk Station,25.19333,90.35694,2023,8,August,0.3,2025.0,Safe,0.2347366,0.2112628,0.0025698,1.22,NULL,NULL,normalized_exact,0.7,valid,August_WL_1994-2025.pdf,GWRA_2025.pdf,NULL,local_pdf,local_pdf,official_web_fallback,pdf_text,pdf_table,NULL,967,NULL,NULL,https://cgwb.gov.in
meghalaya,south garo hills,gasuapara,gasuapara,Mandangre,Mandangre Station,25.16833,90.47833,2023,8,August,0.1,2025.0,Safe,0.2347366,0.2112628,0.0025698,1.22,NULL,NULL,normalized_exact,0.7,valid,August_WL_1994-2025.pdf,GWRA_2025.pdf,NULL,local_pdf,local_pdf,official_web_fallback,pdf_text,pdf_table,NULL,967,NULL,NULL,https://cgwb.gov.in
meghalaya,south west garo hills,betasing,betasing,Betasing,Betasing Station,25.51339,89.95672,2023,8,August,1.0,2025.0,Safe,0.079896,0.0387598,0.0076644,19.77,NULL,NULL,normalized_exact,0.7,valid,August_WL_1994-2025.pdf,GWRA_2025.pdf,NULL,local_pdf,local_pdf,official_web_fallback,pdf_text,pdf_table,NULL,967,NULL,NULL,https://cgwb.gov.in
meghalaya,south west garo hills,rerapara,rerapara,Garobandha,Garobandha Station,25.58028,90.02222,2023,8,August,3.4,2025.0,Safe,0.079896,0.0387598,0.0076644,19.77,NULL,NULL,normalized_exact,0.7,valid,August_WL_1994-2025.pdf,GWRA_2025.pdf,NULL,local_pdf,local_pdf,official_web_fallback,pdf_text,pdf_table,NULL,967,NULL,NULL,https://cgwb.gov.in
meghalaya,west garo hills,batabari,batabari,Rajabala,Rajabala Station,25.75556,89.98083,2023,8,August,3.0,2025.0,Safe,0.2912522,0.1904695,0.036739,19.29,NULL,NULL,normalized_exact,0.7,valid,August_WL_1994-2025.pdf,GWRA_2025.pdf,NULL,local_pdf,local_pdf,official_web_fallback,pdf_text,pdf_table,NULL,967,NULL,NULL,https://cgwb.gov.in
meghalaya,west garo hills,dalu,dalu,Dalu,Dalu Station,25.22778,90.2125,2023,8,August,2.5,2025.0,Safe,0.2912522,0.1904695,0.036739,19.29,NULL,NULL,normalized_exact,0.7,valid,August_WL_1994-2025.pdf,GWRA_2025.pdf,NULL,local_pdf,local_pdf,official_web_fallback,pdf_text,pdf_table,NULL,967,NULL,NULL,https://cgwb.gov.in
meghalaya,west garo hills,dalu,dalu,Porakhasia,Porakhasia Station,25.3,90.01667,2023,8,August,2.3,2025.0,Safe,0.2912522,0.1904695,0.036739,19.29,NULL,NULL,normalized_exact,0.7,valid,August_WL_1994-2025.pdf,GWRA_2025.pdf,NULL,local_pdf,local_pdf,official_web_fallback,pdf_text,pdf_table,NULL,967,NULL,NULL,https://cgwb.gov.in
meghalaya,west garo hills,demdema,demdema,Nidanpur,Nidanpur Station,25.9125,90.12778,2023,8,August,0.9,2025.0,Safe,0.2912522,0.1904695,0.036739,19.29,NULL,NULL,normalized_exact,0.7,valid,August_WL_1994-2025.pdf,GWRA_2025.pdf,NULL,local_pdf,local_pdf,official_web_fallback,pdf_text,pdf_table,NULL,967,NULL,NULL,https://cgwb.gov.in
meghalaya,west garo hills,rongram,rongram,Asanang,Asanang Station,25.59944,90.27556,2023,8,August,3.2,2025.0,Safe,0.2912522,0.1904695,0.036739,19.29,NULL,NULL,normalized_exact,0.7,valid,August_WL_1994-2025.pdf,GWRA_2025.pdf,NULL,local_pdf,local_pdf,official_web_fallback,pdf_text,pdf_table,NULL,967,NULL,NULL,https://cgwb.gov.in
meghalaya,west garo hills,rongram,rongram,Rongram,Rongram Station,25.59408,90.24997,2023,8,August,1.0,2025.0,Safe,0.2912522,0.1904695,0.036739,19.29,NULL,NULL,normalized_exact,0.7,valid,August_WL_1994-2025.pdf,GWRA_2025.pdf,NULL,local_pdf,local_pdf,official_web_fallback,pdf_text,pdf_table,NULL,967,NULL,NULL,https://cgwb.gov.in
meghalaya,west garo hills,salsella,salsella,Damjongre,Damjongre Station,25.61354,90.0359,2023,8,August,2.3,2025.0,Safe,0.2912522,0.1904695,0.036739,19.29,NULL,NULL,normalized_exact,0.7,valid,August_WL_1994-2025.pdf,GWRA_2025.pdf,NULL,local_pdf,local_pdf,official_web_fallback,pdf_text,pdf_table,NULL,967,NULL,NULL,https://cgwb.gov.in
meghalaya,west garo hills,salsella,salsella,Phulbari,Phulbari Station,25.88333,90.05,2023,8,August,1.6,2025.0,Safe,0.2912522,0.1904695,0.036739,19.29,NULL,NULL,normalized_exact,0.7,valid,August_WL_1994-2025.pdf,GWRA_2025.pdf,NULL,local_pdf,local_pdf,official_web_fallback,pdf_text,pdf_table,NULL,967,NULL,NULL,https://cgwb.gov.in
meghalaya,west garo hills,salsella,salsella,Salsella,Salsella Station,25.69472,90.01389,2023,8,August,0.3,2025.0,Safe,0.2912522,0.1904695,0.036739,19.29,NULL,NULL,normalized_exact,0.7,valid,August_WL_1994-2025.pdf,GWRA_2025.pdf,NULL,local_pdf,local_pdf,official_web_fallback,pdf_text,pdf_table,NULL,967,NULL,NULL,https://cgwb.gov.in
meghalaya,west garo hills,tikrikilla,tikrikilla,Belguri,Belguri Station,25.96389,90.34278,2023,8,August,5.7,2025.0,Safe,0.2912522,0.1904695,0.036739,19.29,NULL,NULL,normalized_exact,0.7,valid,August_WL_1994-2025.pdf,GWRA_2025.pdf,NULL,local_pdf,local_pdf,official_web_fallback,pdf_text,pdf_table,NULL,967,NULL,NULL,https://cgwb.gov.in
meghalaya,west garo hills,tikrikilla,tikrikilla,Phutamamri,Phutamamri Station,25.94333,90.22,2023,8,August,2.5,2025.0,Safe,0.2912522,0.1904695,0.036739,19.29,NULL,NULL,normalized_exact,0.7,valid,August_WL_1994-2025.pdf,GWRA_2025.pdf,NULL,local_pdf,local_pdf,official_web_fallback,pdf_text,pdf_table,NULL,967,NULL,NULL,https://cgwb.gov.in
meghalaya,west garo hills,tikrikilla,tikrikilla,Tikrikilla,Tikrikilla Station,25.94583,90.24444,2023,8,August,1.2,2025.0,Safe,0.2912522,0.1904695,0.036739,19.29,NULL,NULL,normalized_exact,0.7,valid,August_WL_1994-2025.pdf,GWRA_2025.pdf,NULL,local_pdf,local_pdf,official_web_fallback,pdf_text,pdf_table,NULL,967,NULL,NULL,https://cgwb.gov.in
meghalaya,west jaintia hills,amlarem,amlarem,Dauki,Dauki Station,25.2,92.03333,2023,8,August,0.7,2025.0,Safe,0.1116346999999999,0.1004712,0.0061129999999999,6.08,NULL,NULL,normalized_exact,0.7,valid,August_WL_1994-2025.pdf,GWRA_2025.pdf,NULL,local_pdf,local_pdf,official_web_fallback,pdf_text,pdf_table,NULL,967,NULL,NULL,https://cgwb.gov.in
meghalaya,west jaintia hills,thadlaskein,thadlaskein,Jowai,Jowai Station,25.44167,92.175,2023,8,August,0.6,2025.0,Safe,0.1116346999999999,0.1004712,0.0061129999999999,6.08,NULL,NULL,normalized_exact,0.7,valid,August_WL_1994-2025.pdf,GWRA_2025.pdf,NULL,local_pdf,local_pdf,official_web_fallback,pdf_text,pdf_table,NULL,967,NULL,NULL,https://cgwb.gov.in
meghalaya,west khasi hills,shallang,shallang,Nongdaju,Nongdaju Station,25.55056,90.91861,2023,8,August,1.7,2025.0,Safe,0.339654,0.3056885,0.0046341,1.52,NULL,NULL,normalized_exact,0.7,valid,August_WL_1994-2025.pdf,GWRA_2025.pdf,NULL,local_pdf,local_pdf,official_web_fallback,pdf_text,pdf_table,NULL,967,NULL,NULL,https://cgwb.gov.in
meghalaya,east garo hills,dambo rongjeng,dambo rongjeng,Darugiri,Darugiri Station,25.61917,90.7675,2022,8,August,2.6,2025.0,Safe,0.0849275,0.0764346,0.003461,4.53,NULL,NULL,normalized_exact,0.7,valid,August_WL_1994-2025.pdf,GWRA_2025.pdf,NULL,local_pdf,local_pdf,official_web_fallback,pdf_text,pdf_table,NULL,1347,NULL,NULL,https://cgwb.gov.in
meghalaya,east garo hills,dambo rongjeng,dambo rongjeng,Narringirri,Narringirri Station,25.61028,90.73972,2022,8,August,0.9,2025.0,Safe,0.0849275,0.0764346,0.003461,4.53,NULL,NULL,normalized_exact,0.7,valid,August_WL_1994-2025.pdf,GWRA_2025.pdf,NULL,local_pdf,local_pdf,official_web_fallback,pdf_text,pdf_table,NULL,1347,NULL,NULL,https://cgwb.gov.in
meghalaya,east garo hills,dambo rongjeng,dambo rongjeng,Rongjeng,Rongjeng Station,25.66667,90.80417,2022,8,August,3.9,2025.0,Safe,0.0849275,0.0764346,0.003461,4.53,NULL,NULL,normalized_exact,0.7,valid,August_WL_1994-2025.pdf,GWRA_2025.pdf,NULL,local_pdf,local_pdf,official_web_fallback,pdf_text,pdf_table,NULL,1347,NULL,NULL,https://cgwb.gov.in
meghalaya,east garo hills,dambo rongjeng,dambo rongjeng,Rongmil,Rongmil Station,25.73611,90.82444,2022,8,August,2.7,2025.0,Safe,0.0849275,0.0764346,0.003461,4.53,NULL,NULL,normalized_exact,0.7,valid,August_WL_1994-2025.pdf,GWRA_2025.pdf,NULL,local_pdf,local_pdf,official_web_fallback,pdf_text,pdf_table,NULL,1347,NULL,NULL,https://cgwb.gov.in
meghalaya,east garo hills,samanda,samanda,Baiza Rongreng,Baiza Rongreng Station,25.5425,90.585,2022,8,August,1.8,2025.0,Safe,0.0849275,0.0764346,0.003461,4.53,NULL,NULL,normalized_exact,0.7,valid,August_WL_1994-2025.pdf,GWRA_2025.pdf,NULL,local_pdf,local_pdf,official_web_fallback,pdf_text,pdf_table,NULL,1347,NULL,NULL,https://cgwb.gov.in
meghalaya,east garo hills,samanda,samanda,Dobetkolgiri,Dobetkolgiri Station,25.50917,90.61167,2022,8,August,1.3,2025.0,Safe,0.0849275,0.0764346,0.003461,4.53,NULL,NULL,normalized_exact,0.7,valid,August_WL_1994-2025.pdf,GWRA_2025.pdf,NULL,local_pdf,local_pdf,official_web_fallback,pdf_text,pdf_table,NULL,1347,NULL,NULL,https://cgwb.gov.in
meghalaya,east garo hills,samanda,samanda,Samanda Megapagre,Samanda Megapagre Station,25.58004,90.52681,2022,8,August,2.1,2025.0,Safe,0.0849275,0.0764346,0.003461,4.53,NULL,NULL,normalized_exact,0.7,valid,August_WL_1994-2025.pdf,GWRA_2025.pdf,NULL,local_pdf,local_pdf,official_web_fallback,pdf_text,pdf_table,NULL,1347,NULL,NULL,https://cgwb.gov.in
meghalaya,east garo hills,samanda,samanda,Williamnagar,Williamnagar Station,25.51,90.51944,2022,8,August,1.2,2025.0,Safe,0.0849275,0.0764346,0.003461,4.53,NULL,NULL,normalized_exact,0.7,valid,August_WL_1994-2025.pdf,GWRA_2025.pdf,NULL,local_pdf,local_pdf,official_web_fallback,pdf_text,pdf_table,NULL,1347,NULL,NULL,https://cgwb.gov.in
meghalaya,east garo hills,songsak,songsak,Dobu,Dobu Station,25.55612,90.71481,2022,8,August,2.5,2025.0,Safe,0.0849275,0.0764346,0.003461,4.53,NULL,NULL,normalized_exact,0.7,valid,August_WL_1994-2025.pdf,GWRA_2025.pdf,NULL,local_pdf,local_pdf,official_web_fallback,pdf_text,pdf_table,NULL,1347,NULL,NULL,https://cgwb.gov.in
meghalaya,east garo hills,songsak,songsak,Songsak,Songsak Station,25.66333,90.61028,2022,8,August,1.3,2025.0,Safe,0.0849275,0.0764346,0.003461,4.53,NULL,NULL,normalized_exact,0.7,valid,August_WL_1994-2025.pdf,GWRA_2025.pdf,NULL,local_pdf,local_pdf,official_web_fallback,pdf_text,pdf_table,NULL,1347,NULL,NULL,https://cgwb.gov.in
meghalaya,east khasi hills,mawsynram,mawsynram,Dangar,Dangar Station,25.18889,91.38139,2022,8,August,1.0,2025.0,Safe,0.2181741,0.1963567,0.006982,3.56,NULL,NULL,normalized_exact,0.7,valid,August_WL_1994-2025.pdf,GWRA_2025.pdf,NULL,local_pdf,local_pdf,official_web_fallback,pdf_text,pdf_table,NULL,1347,NULL,NULL,https://cgwb.gov.in
meghalaya,east khasi hills,mylliem,mylliem,Lachuamiere,Lachuamiere Station,25.57056,91.89028,2022,8,August,0.4,2025.0,Safe,0.2181741,0.1963567,0.006982,3.56,NULL,NULL,normalized_exact,0.7,valid,August_WL_1994-2025.pdf,GWRA_2025.pdf,NULL,local_pdf,local_pdf,official_web_fallback,pdf_text,pdf_table,NULL,1347,NULL,NULL,https://cgwb.gov.in
meghalaya,east khasi hills,mylliem,mylliem,Nongmynsong,Nongmynsong Station,25.57972,91.90694,2022,8,August,2.0,2025.0,Safe,0.2181741,0.1963567,0.006982,3.56,NULL,NULL,normalized_exact,0.7,valid,August_WL_1994-2025.pdf,GWRA_2025.pdf,NULL,local_pdf,local_pdf,official_web_fallback,pdf_text,pdf_table,NULL,1348,NULL,NULL,https://cgwb.gov.in
meghalaya,east khasi hills,mylliem,mylliem,Shillong Golf Link,Shillong Golf Link Station,25.58194,91.89444,2022,8,August,2.1,2025.0,Safe,0.2181741,0.1963567,0.006982,3.56,NULL,NULL,normalized_exact,0.7,valid,August_WL_1994-2025.pdf,GWRA_2025.pdf,NULL,local_pdf,local_pdf,official_web_fallback,pdf_text,pdf_table,NULL,1348,NULL,NULL,https://cgwb.gov.in
meghalaya,east khasi hills,mylliem,mylliem,Water Resources Dept,Water Resources Dept Station,25.56556,91.89611,2022,8,August,2.2,2025.0,Safe,0.2181741,0.1963567,0.006982,3.56,NULL,NULL,normalized_exact,0.7,valid,August_WL_1994-2025.pdf,GWRA_2025.pdf,NULL,local_pdf,local_pdf,official_web_fallback,pdf_text,pdf_table,NULL,1348,NULL,NULL,https://cgwb.gov.in
meghalaya,east khasi hills,shella bholaganj,shella bholaganj,Cherrapunji,Cherrapunji Station,25.28333,91.71667,2022,8,August,0.1,2025.0,Safe,0.2181741,0.1963567,0.006982,3.56,NULL,NULL,normalized_exact,0.7,valid,August_WL_1994-2025.pdf,GWRA_2025.pdf,NULL,local_pdf,local_pdf,official_web_fallback,pdf_text,pdf_table,NULL,1348,NULL,NULL,https://cgwb.gov.in
meghalaya,east khasi hills,shella bholaganj,shella bholaganj,Ichamati,Ichamati Station,25.165,91.68683,2022,8,August,0.5,2025.0,Safe,0.2181741,0.1963567,0.006982,3.56,NULL,NULL,normalized_exact,0.7,valid,August_WL_1994-2025.pdf,GWRA_2025.pdf,NULL,local_pdf,local_pdf,official_web_fallback,pdf_text,pdf_table,NULL,1348,NULL,NULL,https://cgwb.gov.in
meghalaya,east khasi hills,shella bholaganj,shella bholaganj,Nit Cherrapunji1,Nit Cherrapunji1 Station,25.25028,91.74417,2022,8,August,4.9,2025.0,Safe,0.2181741,0.1963567,0.006982,3.56,NULL,NULL,normalized_exact,0.7,valid,August_WL_1994-2025.pdf,GWRA_2025.pdf,NULL,local_pdf,local_pdf,official_web_fallback,pdf_text,pdf_table,NULL,1348,NULL,NULL,https://cgwb.gov.in
meghalaya,west khasi hills,Mairang,Mairang,Mairang N,Mairang N Station,25.56222,91.63917,2022,8,August,0.5,2025.0,NULL,0.339654,0.3056885,0.0046341,1.52,NULL,NULL,historical_mapping,0.5,valid,August_WL_1994-2025.pdf,GWRA_2025.pdf,NULL,local_pdf,local_pdf,official_web_fallback,pdf_text,pdf_table,NULL,1348,NULL,NULL,https://cgwb.gov.in
meghalaya,north garo hills,bajengdoba,bajengdoba,Bajengdoba,Bajengdoba Station,25.88611,90.5125,2022,8,August,2.3,2025.0,Safe,0.0986029,0.0774368,0.0049870999999999,6.44,NULL,NULL,normalized_exact,0.7,valid,August_WL_1994-2025.pdf,GWRA_2025.pdf,NULL,local_pdf,local_pdf,official_web_fallback,pdf_text,pdf_table,NULL,1348,NULL,NULL,https://cgwb.gov.in
meghalaya,north garo hills,bajengdoba,bajengdoba,Snalgre,Snalgre Station,25.74882,90.40422,2022,8,August,0.9,2025.0,Safe,0.0986029,0.0774368,0.0049870999999999,6.44,NULL,NULL,normalized_exact,0.7,valid,August_WL_1994-2025.pdf,GWRA_2025.pdf,NULL,local_pdf,local_pdf,official_web_fallback,pdf_text,pdf_table,NULL,1348,NULL,NULL,https://cgwb.gov.in
meghalaya,north garo hills,kharkutta,kharkutta,Kharkutta,Kharkutta Station,25.90556,90.89444,2022,8,August,1.0,2025.0,Safe,0.0986029,0.0774368,0.0049870999999999,6.44,NULL,NULL,normalized_exact,0.7,valid,August_WL_1994-2025.pdf,GWRA_2025.pdf,NULL,local_pdf,local_pdf,official_web_fallback,pdf_text,pdf_table,NULL,1348,NULL,NULL,https://cgwb.gov.in
meghalaya,north garo hills,kharkutta,kharkutta,Wageasi,Wageasi Station,25.82235,90.78752,2022,8,August,2.7,2025.0,Safe,0.0986029,0.0774368,0.0049870999999999,6.44,NULL,NULL,normalized_exact,0.7,valid,August_WL_1994-2025.pdf,GWRA_2025.pdf,NULL,local_pdf,local_pdf,official_web_fallback,pdf_text,pdf_table,NULL,1348,NULL,NULL,https://cgwb.gov.in
meghalaya,north garo hills,resubelpara,resubelpara,Dainadubi,Dainadubi Station,25.89889,90.7775,2022,8,August,2.2,2025.0,Safe,0.0986029,0.0774368,0.0049870999999999,6.44,NULL,NULL,normalized_exact,0.7,valid,August_WL_1994-2025.pdf,GWRA_2025.pdf,NULL,local_pdf,local_pdf,official_web_fallback,pdf_text,pdf_table,NULL,1348,NULL,NULL,https://cgwb.gov.in
meghalaya,north garo hills,resubelpara,resubelpara,Mendal,Mendal Station,25.82472,90.46583,2022,8,August,1.4,2025.0,Safe,0.0986029,0.0774368,0.0049870999999999,6.44,NULL,NULL,normalized_exact,0.7,valid,August_WL_1994-2025.pdf,GWRA_2025.pdf,NULL,local_pdf,local_pdf,official_web_fallback,pdf_text,pdf_table,NULL,1348,NULL,NULL,https://cgwb.gov.in
meghalaya,north garo hills,resubelpara,resubelpara,Mendipathar,Mendipathar Station,25.92083,90.50833,2022,8,August,2.5,2025.0,Safe,0.0986029,0.0774368,0.0049870999999999,6.44,NULL,NULL,normalized_exact,0.7,valid,August_WL_1994-2025.pdf,GWRA_2025.pdf,NULL,local_pdf,local_pdf,official_web_fallback,pdf_text,pdf_table,NULL,1348,NULL,NULL,https://cgwb.gov.in
meghalaya,ri bhoi,jirang,jirang,Patharkhamma Barigaon,Patharkhamma Barigaon Station,25.87139,91.59472,2022,8,August,3.3,2025.0,Safe,0.0648369999999999,0.0583534,0.0035481,6.08,NULL,NULL,normalized_exact,0.7,valid,August_WL_1994-2025.pdf,GWRA_2025.pdf,NULL,local_pdf,local_pdf,official_web_fallback,pdf_text,pdf_table,NULL,1348,NULL,NULL,https://cgwb.gov.in
meghalaya,ri bhoi,nongpoh,nongpoh,Nongpoh,Nongpoh Station,25.9,91.88333,2022,8,August,2.7,2025.0,Safe,0.0648369999999999,0.0583534,0.0035481,6.08,NULL,NULL,normalized_exact,0.7,valid,August_WL_1994-2025.pdf,GWRA_2025.pdf,NULL,local_pdf,local_pdf,official_web_fallback,pdf_text,pdf_table,NULL,1348,NULL,NULL,https://cgwb.gov.in
meghalaya,ri bhoi,umling,umling,Byrnihat,Byrnihat Station,26.04889,91.86889,2022,8,August,1.5,2025.0,Safe,0.0648369999999999,0.0583534,0.0035481,6.08,NULL,NULL,normalized_exact,0.7,valid,August_WL_1994-2025.pdf,GWRA_2025.pdf,NULL,local_pdf,local_pdf,official_web_fallback,pdf_text,pdf_table,NULL,1348,NULL,NULL,https://cgwb.gov.in
meghalaya,ri bhoi,umling,umling,Pahanmawlien,Pahanmawlien Station,25.99472,91.86167,2022,8,August,0.1,2025.0,Safe,0.0648369999999999,0.0583534,0.0035481,6.08,NULL,NULL,normalized_exact,0.7,valid,August_WL_1994-2025.pdf,GWRA_2025.pdf,NULL,local_pdf,local_pdf,official_web_fallback,pdf_text,pdf_table,NULL,1348,NULL,NULL,https://cgwb.gov.in
meghalaya,ri bhoi,umling,umling,Tamenpoanglong,Tamenpoanglong Station,25.92583,91.94472,2022,8,August,1.7,2025.0,Safe,0.0648369999999999,0.0583534,0.0035481,6.08,NULL,NULL,normalized_exact,0.7,valid,August_WL_1994-2025.pdf,GWRA_2025.pdf,NULL,local_pdf,local_pdf,official_web_fallback,pdf_text,pdf_table,NULL,1348,NULL,NULL,https://cgwb.gov.in
meghalaya,ri bhoi,umsning,umsning,Nayabunglow,Nayabunglow Station,25.74667,91.88667,2022,8,August,3.4,2025.0,Safe,0.0648369999999999,0.0583534,0.0035481,6.08,NULL,NULL,normalized_exact,0.7,valid,August_WL_1994-2025.pdf,GWRA_2025.pdf,NULL,local_pdf,local_pdf,official_web_fallback,pdf_text,pdf_table,NULL,1348,NULL,NULL,https://cgwb.gov.in
meghalaya,south garo hills,baghmara,baghmara,Baghmara,Baghmara Station,25.20417,90.63194,2022,8,August,1.1,2025.0,Safe,0.2347366,0.2112628,0.0025698,1.22,NULL,NULL,normalized_exact,0.7,valid,August_WL_1994-2025.pdf,GWRA_2025.pdf,NULL,local_pdf,local_pdf,official_web_fallback,pdf_text,pdf_table,NULL,1348,NULL,NULL,https://cgwb.gov.in
meghalaya,south garo hills,baghmara,baghmara,Dopha-Adan,Dopha-Adan Station,25.20194,90.61611,2022,8,August,1.2,2025.0,Safe,0.2347366,0.2112628,0.0025698,1.22,NULL,NULL,normalized_exact,0.7,valid,August_WL_1994-2025.pdf,GWRA_2025.pdf,NULL,local_pdf,local_pdf,official_web_fallback,pdf_text,pdf_table,NULL,1348,NULL,NULL,https://cgwb.gov.in
meghalaya,south garo hills,chokpot,chokpot,Betagre,Betagre Station,25.25028,90.48694,2022,8,August,1.2,2025.0,Safe,0.2347366,0.2112628,0.0025698,1.22,NULL,NULL,normalized_exact,0.7,valid,August_WL_1994-2025.pdf,GWRA_2025.pdf,NULL,local_pdf,local_pdf,official_web_fallback,pdf_text,pdf_table,NULL,1348,NULL,NULL,https://cgwb.gov.in
meghalaya,south garo hills,chokpot,chokpot,Glmatkolgre,Glmatkolgre Station,25.28694,90.43444,2022,8,August,0.8,2025.0,Safe,0.2347366,0.2112628,0.0025698,1.22,NULL,NULL,normalized_exact,0.7,valid,August_WL_1994-2025.pdf,GWRA_2025.pdf,NULL,local_pdf,local_pdf,official_web_fallback,pdf_text,pdf_table,NULL,1348,NULL,NULL,https://cgwb.gov.in
meghalaya,south garo hills,gasuapara,gasuapara,Chirenpara,Chirenpara Station,25.20722,90.27139,2022,8,August,3.0,2025.0,Safe,0.2347366,0.2112628,0.0025698,1.22,NULL,NULL,normalized_exact,0.7,valid,August_WL_1994-2025.pdf,GWRA_2025.pdf,NULL,local_pdf,local_pdf,official_web_fallback,pdf_text,pdf_table,NULL,1348,NULL,NULL,https://cgwb.gov.in
meghalaya,south garo hills,gasuapara,gasuapara,Dumnikura,Dumnikura Station,25.185,90.38917,2022,8,August,3.1,2025.0,Safe,0.2347366,0.2112628,0.0025698,1.22,NULL,NULL,normalized_exact,0.7,valid,August_WL_1994-2025.pdf,GWRA_2025.pdf,NULL,local_pdf,local_pdf,official_web_fallback,pdf_text,pdf_table,NULL,1348,NULL,NULL,https://cgwb.gov.in
meghalaya,south garo hills,gasuapara,gasuapara,Gasuapara,Gasuapara Station,25.19417,90.34889,2022,8,August,1.8,2025.0,Safe,0.2347366,0.2112628,0.0025698,1.22,NULL,NULL,normalized_exact,0.7,valid,August_WL_1994-2025.pdf,GWRA_2025.pdf,NULL,local_pdf,local_pdf,official_web_fallback,pdf_text,pdf_table,NULL,1348,NULL,NULL,https://cgwb.gov.in
meghalaya,south garo hills,gasuapara,gasuapara,Konduk,Konduk Station,25.19333,90.35694,2022,8,August,1.0,2025.0,Safe,0.2347366,0.2112628,0.0025698,1.22,NULL,NULL,normalized_exact,0.7,valid,August_WL_1994-2025.pdf,GWRA_2025.pdf,NULL,local_pdf,local_pdf,official_web_fallback,pdf_text,pdf_table,NULL,1348,NULL,NULL,https://cgwb.gov.in
meghalaya,south garo hills,gasuapara,gasuapara,Mandangre,Mandangre Station,25.16833,90.47833,2022,8,August,0.5,2025.0,Safe,0.2347366,0.2112628,0.0025698,1.22,NULL,NULL,normalized_exact,0.7,valid,August_WL_1994-2025.pdf,GWRA_2025.pdf,NULL,local_pdf,local_pdf,official_web_fallback,pdf_text,pdf_table,NULL,1348,NULL,NULL,https://cgwb.gov.in
meghalaya,south west garo hills,betasing,betasing,Ampati,Ampati Station,25.5,89.95833,2022,8,August,0.1,2025.0,Safe,0.079896,0.0387598,0.0076644,19.77,NULL,NULL,normalized_exact,0.7,valid,August_WL_1994-2025.pdf,GWRA_2025.pdf,NULL,local_pdf,local_pdf,official_web_fallback,pdf_text,pdf_table,NULL,1348,NULL,NULL,https://cgwb.gov.in
meghalaya,south west garo hills,betasing,betasing,Betasing,Betasing Station,25.51339,89.95672,2022,8,August,1.8,2025.0,Safe,0.079896,0.0387598,0.0076644,19.77,NULL,NULL,normalized_exact,0.7,valid,August_WL_1994-2025.pdf,GWRA_2025.pdf,NULL,local_pdf,local_pdf,official_web_fallback,pdf_text,pdf_table,NULL,1348,NULL,NULL,https://cgwb.gov.in
meghalaya,south west garo hills,rerapara,rerapara,Garobandha,Garobandha Station,25.58028,90.02222,2022,8,August,3.5,2025.0,Safe,0.079896,0.0387598,0.0076644,19.77,NULL,NULL,normalized_exact,0.7,valid,August_WL_1994-2025.pdf,GWRA_2025.pdf,NULL,local_pdf,local_pdf,official_web_fallback,pdf_text,pdf_table,NULL,1348,NULL,NULL,https://cgwb.gov.in
meghalaya,south west garo hills,zikzak,zikzak,Mahendraganj,Mahendraganj Station,25.3,89.85972,2022,8,August,1.8,2025.0,Safe,0.079896,0.0387598,0.0076644,19.77,NULL,NULL,normalized_exact,0.7,valid,August_WL_1994-2025.pdf,GWRA_2025.pdf,NULL,local_pdf,local_pdf,official_web_fallback,pdf_text,pdf_table,NULL,1348,NULL,NULL,https://cgwb.gov.in
meghalaya,west garo hills,batabari,batabari,Rajabala,Rajabala Station,25.75556,89.98083,2022,8,August,4.6,2025.0,Safe,0.2912522,0.1904695,0.036739,19.29,NULL,NULL,normalized_exact,0.7,valid,August_WL_1994-2025.pdf,GWRA_2025.pdf,NULL,local_pdf,local_pdf,official_web_fallback,pdf_text,pdf_table,NULL,1348,NULL,NULL,https://cgwb.gov.in
meghalaya,west garo hills,dalu,dalu,Dalu,Dalu Station,25.22778,90.2125,2022,8,August,3.5,2025.0,Safe,0.2912522,0.1904695,0.036739,19.29,NULL,NULL,normalized_exact,0.7,valid,August_WL_1994-2025.pdf,GWRA_2025.pdf,NULL,local_pdf,local_pdf,official_web_fallback,pdf_text,pdf_table,NULL,1348,NULL,NULL,https://cgwb.gov.in
meghalaya,west garo hills,dalu,dalu,Porakhasia,Porakhasia Station,25.3,90.01667,2022,8,August,3.2,2025.0,Safe,0.2912522,0.1904695,0.036739,19.29,NULL,NULL,normalized_exact,0.7,valid,August_WL_1994-2025.pdf,GWRA_2025.pdf,NULL,local_pdf,local_pdf,official_web_fallback,pdf_text,pdf_table,NULL,1348,NULL,NULL,https://cgwb.gov.in
meghalaya,west garo hills,demdema,demdema,Nidanpur,Nidanpur Station,25.9125,90.12778,2022,8,August,1.4,2025.0,Safe,0.2912522,0.1904695,0.036739,19.29,NULL,NULL,normalized_exact,0.7,valid,August_WL_1994-2025.pdf,GWRA_2025.pdf,NULL,local_pdf,local_pdf,official_web_fallback,pdf_text,pdf_table,NULL,1348,NULL,NULL,https://cgwb.gov.in
meghalaya,west garo hills,rongram,rongram,Asanang,Asanang Station,25.59944,90.27556,2022,8,August,3.4,2025.0,Safe,0.2912522,0.1904695,0.036739,19.29,NULL,NULL,normalized_exact,0.7,valid,August_WL_1994-2025.pdf,GWRA_2025.pdf,NULL,local_pdf,local_pdf,official_web_fallback,pdf_text,pdf_table,NULL,1348,NULL,NULL,https://cgwb.gov.in
meghalaya,west garo hills,rongram,rongram,Baljek,Baljek Station,25.66439,90.34159,2022,8,August,1.0,2025.0,Safe,0.2912522,0.1904695,0.036739,19.29,NULL,NULL,normalized_exact,0.7,valid,August_WL_1994-2025.pdf,GWRA_2025.pdf,NULL,local_pdf,local_pdf,official_web_fallback,pdf_text,pdf_table,NULL,1348,NULL,NULL,https://cgwb.gov.in
meghalaya,west garo hills,rongram,rongram,Rongram,Rongram Station,25.59408,90.24997,2022,8,August,1.9,2025.0,Safe,0.2912522,0.1904695,0.036739,19.29,NULL,NULL,normalized_exact,0.7,valid,August_WL_1994-2025.pdf,GWRA_2025.pdf,NULL,local_pdf,local_pdf,official_web_fallback,pdf_text,pdf_table,NULL,1348,NULL,NULL,https://cgwb.gov.in
meghalaya,west garo hills,salsella,salsella,Damjongre,Damjongre Station,25.61354,90.0359,2022,8,August,2.7,2025.0,Safe,0.2912522,0.1904695,0.036739,19.29,NULL,NULL,normalized_exact,0.7,valid,August_WL_1994-2025.pdf,GWRA_2025.pdf,NULL,local_pdf,local_pdf,official_web_fallback,pdf_text,pdf_table,NULL,1348,NULL,NULL,https://cgwb.gov.in
meghalaya,west garo hills,salsella,salsella,Phulbari,Phulbari Station,25.88333,90.05,2022,8,August,2.2,2025.0,Safe,0.2912522,0.1904695,0.036739,19.29,NULL,NULL,normalized_exact,0.7,valid,August_WL_1994-2025.pdf,GWRA_2025.pdf,NULL,local_pdf,local_pdf,official_web_fallback,pdf_text,pdf_table,NULL,1348,NULL,NULL,https://cgwb.gov.in
meghalaya,west garo hills,salsella,salsella,Salsella,Salsella Station,25.69472,90.01389,2022,8,August,1.0,2025.0,Safe,0.2912522,0.1904695,0.036739,19.29,NULL,NULL,normalized_exact,0.7,valid,August_WL_1994-2025.pdf,GWRA_2025.pdf,NULL,local_pdf,local_pdf,official_web_fallback,pdf_text,pdf_table,NULL,1349,NULL,NULL,https://cgwb.gov.in
meghalaya,west garo hills,tikrikilla,tikrikilla,Belguri,Belguri Station,25.96389,90.34278,2022,8,August,6.6,2025.0,Safe,0.2912522,0.1904695,0.036739,19.29,NULL,NULL,normalized_exact,0.7,valid,August_WL_1994-2025.pdf,GWRA_2025.pdf,NULL,local_pdf,local_pdf,official_web_fallback,pdf_text,pdf_table,NULL,1349,NULL,NULL,https://cgwb.gov.in
meghalaya,west garo hills,tikrikilla,tikrikilla,Phutamamri,Phutamamri Station,25.94333,90.22,2022,8,August,2.5,2025.0,Safe,0.2912522,0.1904695,0.036739,19.29,NULL,NULL,normalized_exact,0.7,valid,August_WL_1994-2025.pdf,GWRA_2025.pdf,NULL,local_pdf,local_pdf,official_web_fallback,pdf_text,pdf_table,NULL,1349,NULL,NULL,https://cgwb.gov.in
meghalaya,west garo hills,tikrikilla,tikrikilla,Tikrikilla,Tikrikilla Station,25.94583,90.24444,2022,8,August,1.9,2025.0,Safe,0.2912522,0.1904695,0.036739,19.29,NULL,NULL,normalized_exact,0.7,valid,August_WL_1994-2025.pdf,GWRA_2025.pdf,NULL,local_pdf,local_pdf,official_web_fallback,pdf_text,pdf_table,NULL,1349,NULL,NULL,https://cgwb.gov.in
meghalaya,west jaintia hills,amlarem,amlarem,Dauki,Dauki Station,25.2,92.03333,2022,8,August,0.7,2025.0,Safe,0.1116346999999999,0.1004712,0.0061129999999999,6.08,NULL,NULL,normalized_exact,0.7,valid,August_WL_1994-2025.pdf,GWRA_2025.pdf,NULL,local_pdf,local_pdf,official_web_fallback,pdf_text,pdf_table,NULL,1349,NULL,NULL,https://cgwb.gov.in
meghalaya,west jaintia hills,thadlaskein,thadlaskein,Jowai,Jowai Station,25.44167,92.175,2022,8,August,0.3,2025.0,Safe,0.1116346999999999,0.1004712,0.0061129999999999,6.08,NULL,NULL,normalized_exact,0.7,valid,August_WL_1994-2025.pdf,GWRA_2025.pdf,NULL,local_pdf,local_pdf,official_web_fallback,pdf_text,pdf_table,NULL,1349,NULL,NULL,https://cgwb.gov.in
meghalaya,west khasi hills,shallang,shallang,Nongdaju,Nongdaju Station,25.55056,90.91861,2022,8,August,1.9,2025.0,Safe,0.339654,0.3056885,0.0046341,1.52,NULL,NULL,normalized_exact,0.7,valid,August_WL_1994-2025.pdf,GWRA_2025.pdf,NULL,local_pdf,local_pdf,official_web_fallback,pdf_text,pdf_table,NULL,1349,NULL,NULL,https://cgwb.gov.in
meghalaya,east garo hills,dambo rongjeng,dambo rongjeng,Darugiri,Darugiri Station,25.61917,90.7675,2021,8,August,2.5,2025.0,Safe,0.0849275,0.0764346,0.003461,4.53,NULL,NULL,normalized_exact,0.7,valid,August_WL_1994-2025.pdf,GWRA_2025.pdf,NULL,local_pdf,local_pdf,official_web_fallback,pdf_text,pdf_table,NULL,1722,NULL,NULL,https://cgwb.gov.in
meghalaya,east garo hills,dambo rongjeng,dambo rongjeng,Narringirri,Narringirri Station,25.61028,90.73972,2021,8,August,0.6,2025.0,Safe,0.0849275,0.0764346,0.003461,4.53,NULL,NULL,normalized_exact,0.7,valid,August_WL_1994-2025.pdf,GWRA_2025.pdf,NULL,local_pdf,local_pdf,official_web_fallback,pdf_text,pdf_table,NULL,1722,NULL,NULL,https://cgwb.gov.in
meghalaya,east garo hills,dambo rongjeng,dambo rongjeng,Rongjeng,Rongjeng Station,25.66667,90.80417,2021,8,August,4.8,2025.0,Safe,0.0849275,0.0764346,0.003461,4.53,NULL,NULL,normalized_exact,0.7,valid,August_WL_1994-2025.pdf,GWRA_2025.pdf,NULL,local_pdf,local_pdf,official_web_fallback,pdf_text,pdf_table,NULL,1722,NULL,NULL,https://cgwb.gov.in
meghalaya,east garo hills,dambo rongjeng,dambo rongjeng,Rongmil,Rongmil Station,25.73611,90.82444,2021,8,August,2.8,2025.0,Safe,0.0849275,0.0764346,0.003461,4.53,NULL,NULL,normalized_exact,0.7,valid,August_WL_1994-2025.pdf,GWRA_2025.pdf,NULL,local_pdf,local_pdf,official_web_fallback,pdf_text,pdf_table,NULL,1722,NULL,NULL,https://cgwb.gov.in
meghalaya,east garo hills,samanda,samanda,Baiza Rongreng,Baiza Rongreng Station,25.5425,90.585,2021,8,August,0.7,2025.0,Safe,0.0849275,0.0764346,0.003461,4.53,NULL,NULL,normalized_exact,0.7,valid,August_WL_1994-2025.pdf,GWRA_2025.pdf,NULL,local_pdf,local_pdf,official_web_fallback,pdf_text,pdf_table,NULL,1722,NULL,NULL,https://cgwb.gov.in
meghalaya,east garo hills,samanda,samanda,Samanda Megapagre,Samanda Megapagre Station,25.58004,90.52681,2021,8,August,2.5,2025.0,Safe,0.0849275,0.0764346,0.003461,4.53,NULL,NULL,normalized_exact,0.7,valid,August_WL_1994-2025.pdf,GWRA_2025.pdf,NULL,local_pdf,local_pdf,official_web_fallback,pdf_text,pdf_table,NULL,1722,NULL,NULL,https://cgwb.gov.in
meghalaya,east garo hills,samanda,samanda,Williamnagar,Williamnagar Station,25.51,90.51944,2021,8,August,1.2,2025.0,Safe,0.0849275,0.0764346,0.003461,4.53,NULL,NULL,normalized_exact,0.7,valid,August_WL_1994-2025.pdf,GWRA_2025.pdf,NULL,local_pdf,local_pdf,official_web_fallback,pdf_text,pdf_table,NULL,1722,NULL,NULL,https://cgwb.gov.in
meghalaya,east garo hills,songsak,songsak,Songsak,Songsak Station,25.66333,90.61028,2021,8,August,0.6,2025.0,Safe,0.0849275,0.0764346,0.003461,4.53,NULL,NULL,normalized_exact,0.7,valid,August_WL_1994-2025.pdf,GWRA_2025.pdf,NULL,local_pdf,local_pdf,official_web_fallback,pdf_text,pdf_table,NULL,1722,NULL,NULL,https://cgwb.gov.in
meghalaya,east khasi hills,mylliem,mylliem,Lachuamiere,Lachuamiere Station,25.57056,91.89028,2021,8,August,0.2,2025.0,Safe,0.2181741,0.1963567,0.006982,3.56,NULL,NULL,normalized_exact,0.7,valid,August_WL_1994-2025.pdf,GWRA_2025.pdf,NULL,local_pdf,local_pdf,official_web_fallback,pdf_text,pdf_table,NULL,1722,NULL,NULL,https://cgwb.gov.in
meghalaya,east khasi hills,mylliem,mylliem,Nongmynsong,Nongmynsong Station,25.57972,91.90694,2021,8,August,2.0,2025.0,Safe,0.2181741,0.1963567,0.006982,3.56,NULL,NULL,normalized_exact,0.7,valid,August_WL_1994-2025.pdf,GWRA_2025.pdf,NULL,local_pdf,local_pdf,official_web_fallback,pdf_text,pdf_table,NULL,1722,NULL,NULL,https://cgwb.gov.in
meghalaya,east khasi hills,mylliem,mylliem,Shillong Golf Link,Shillong Golf Link Station,25.58194,91.89444,2021,8,August,2.2,2025.0,Safe,0.2181741,0.1963567,0.006982,3.56,NULL,NULL,normalized_exact,0.7,valid,August_WL_1994-2025.pdf,GWRA_2025.pdf,NULL,local_pdf,local_pdf,official_web_fallback,pdf_text,pdf_table,NULL,1722,NULL,NULL,https://cgwb.gov.in
meghalaya,east khasi hills,mylliem,mylliem,Water Resources Dept,Water Resources Dept Station,25.56556,91.89611,2021,8,August,2.0,2025.0,Safe,0.2181741,0.1963567,0.006982,3.56,NULL,NULL,normalized_exact,0.7,valid,August_WL_1994-2025.pdf,GWRA_2025.pdf,NULL,local_pdf,local_pdf,official_web_fallback,pdf_text,pdf_table,NULL,1722,NULL,NULL,https://cgwb.gov.in
meghalaya,east khasi hills,shella bholaganj,shella bholaganj,Cherrapunji,Cherrapunji Station,25.28333,91.71667,2021,8,August,0.1,2025.0,Safe,0.2181741,0.1963567,0.006982,3.56,NULL,NULL,normalized_exact,0.7,valid,August_WL_1994-2025.pdf,GWRA_2025.pdf,NULL,local_pdf,local_pdf,official_web_fallback,pdf_text,pdf_table,NULL,1722,NULL,NULL,https://cgwb.gov.in
meghalaya,east khasi hills,shella bholaganj,shella bholaganj,Ichamati,Ichamati Station,25.165,91.68683,2021,8,August,0.1,2025.0,Safe,0.2181741,0.1963567,0.006982,3.56,NULL,NULL,normalized_exact,0.7,valid,August_WL_1994-2025.pdf,GWRA_2025.pdf,NULL,local_pdf,local_pdf,official_web_fallback,pdf_text,pdf_table,NULL,1722,NULL,NULL,https://cgwb.gov.in
meghalaya,east khasi hills,shella bholaganj,shella bholaganj,Nit Cherrapunji1,Nit Cherrapunji1 Station,25.25028,91.74417,2021,8,August,4.1,2025.0,Safe,0.2181741,0.1963567,0.006982,3.56,NULL,NULL,normalized_exact,0.7,valid,August_WL_1994-2025.pdf,GWRA_2025.pdf,NULL,local_pdf,local_pdf,official_web_fallback,pdf_text,pdf_table,NULL,1722,NULL,NULL,https://cgwb.gov.in
meghalaya,west khasi hills,Mairang,Mairang,Mairang N,Mairang N Station,25.56222,91.63917,2021,8,August,0.5,2025.0,NULL,0.339654,0.3056885,0.0046341,1.52,NULL,NULL,historical_mapping,0.5,valid,August_WL_1994-2025.pdf,GWRA_2025.pdf,NULL,local_pdf,local_pdf,official_web_fallback,pdf_text,pdf_table,NULL,1722,NULL,NULL,https://cgwb.gov.in
meghalaya,north garo hills,bajengdoba,bajengdoba,Snalgre,Snalgre Station,25.74882,90.40422,2021,8,August,1.5,2025.0,Safe,0.0986029,0.0774368,0.0049870999999999,6.44,NULL,NULL,normalized_exact,0.7,valid,August_WL_1994-2025.pdf,GWRA_2025.pdf,NULL,local_pdf,local_pdf,official_web_fallback,pdf_text,pdf_table,NULL,1722,NULL,NULL,https://cgwb.gov.in
meghalaya,north garo hills,resubelpara,resubelpara,Dainadubi,Dainadubi Station,25.89889,90.7775,2021,8,August,2.3,2025.0,Safe,0.0986029,0.0774368,0.0049870999999999,6.44,NULL,NULL,normalized_exact,0.7,valid,August_WL_1994-2025.pdf,GWRA_2025.pdf,NULL,local_pdf,local_pdf,official_web_fallback,pdf_text,pdf_table,NULL,1722,NULL,NULL,https://cgwb.gov.in
meghalaya,ri bhoi,umling,umling,Byrnihat,Byrnihat Station,26.04889,91.86889,2021,8,August,1.3,2025.0,Safe,0.0648369999999999,0.0583534,0.0035481,6.08,NULL,NULL,normalized_exact,0.7,valid,August_WL_1994-2025.pdf,GWRA_2025.pdf,NULL,local_pdf,local_pdf,official_web_fallback,pdf_text,pdf_table,NULL,1722,NULL,NULL,https://cgwb.gov.in
meghalaya,ri bhoi,umling,umling,Pahanmawlien,Pahanmawlien Station,25.99472,91.86167,2021,8,August,0.4,2025.0,Safe,0.0648369999999999,0.0583534,0.0035481,6.08,NULL,NULL,normalized_exact,0.7,valid,August_WL_1994-2025.pdf,GWRA_2025.pdf,NULL,local_pdf,local_pdf,official_web_fallback,pdf_text,pdf_table,NULL,1722,NULL,NULL,https://cgwb.gov.in
meghalaya,ri bhoi,umling,umling,Tamenpoanglong,Tamenpoanglong Station,25.92583,91.94472,2021,8,August,1.7,2025.0,Safe,0.0648369999999999,0.0583534,0.0035481,6.08,NULL,NULL,normalized_exact,0.7,valid,August_WL_1994-2025.pdf,GWRA_2025.pdf,NULL,local_pdf,local_pdf,official_web_fallback,pdf_text,pdf_table,NULL,1722,NULL,NULL,https://cgwb.gov.in
meghalaya,ri bhoi,umsning,umsning,Nayabunglow,Nayabunglow Station,25.74667,91.88667,2021,8,August,3.5,2025.0,Safe,0.0648369999999999,0.0583534,0.0035481,6.08,NULL,NULL,normalized_exact,0.7,valid,August_WL_1994-2025.pdf,GWRA_2025.pdf,NULL,local_pdf,local_pdf,official_web_fallback,pdf_text,pdf_table,NULL,1722,NULL,NULL,https://cgwb.gov.in
meghalaya,south west garo hills,rerapara,rerapara,Garobandha,Garobandha Station,25.58028,90.02222,2021,8,August,3.3,2025.0,Safe,0.079896,0.0387598,0.0076644,19.77,NULL,NULL,normalized_exact,0.7,valid,August_WL_1994-2025.pdf,GWRA_2025.pdf,NULL,local_pdf,local_pdf,official_web_fallback,pdf_text,pdf_table,NULL,1722,NULL,NULL,https://cgwb.gov.in
meghalaya,west garo hills,batabari,batabari,Rajabala,Rajabala Station,25.75556,89.98083,2021,8,August,3.5,2025.0,Safe,0.2912522,0.1904695,0.036739,19.29,NULL,NULL,normalized_exact,0.7,valid,August_WL_1994-2025.pdf,GWRA_2025.pdf,NULL,local_pdf,local_pdf,official_web_fallback,pdf_text,pdf_table,NULL,1722,NULL,NULL,https://cgwb.gov.in
meghalaya,west garo hills,dalu,dalu,Porakhasia,Porakhasia Station,25.3,90.01667,2021,8,August,2.3,2025.0,Safe,0.2912522,0.1904695,0.036739,19.29,NULL,NULL,normalized_exact,0.7,valid,August_WL_1994-2025.pdf,GWRA_2025.pdf,NULL,local_pdf,local_pdf,official_web_fallback,pdf_text,pdf_table,NULL,1722,NULL,NULL,https://cgwb.gov.in
meghalaya,west garo hills,demdema,demdema,Nidanpur,Nidanpur Station,25.9125,90.12778,2021,8,August,1.4,2025.0,Safe,0.2912522,0.1904695,0.036739,19.29,NULL,NULL,normalized_exact,0.7,valid,August_WL_1994-2025.pdf,GWRA_2025.pdf,NULL,local_pdf,local_pdf,official_web_fallback,pdf_text,pdf_table,NULL,1722,NULL,NULL,https://cgwb.gov.in
meghalaya,west garo hills,rongram,rongram,Asanang,Asanang Station,25.59944,90.27556,2021,8,August,3.8,2025.0,Safe,0.2912522,0.1904695,0.036739,19.29,NULL,NULL,normalized_exact,0.7,valid,August_WL_1994-2025.pdf,GWRA_2025.pdf,NULL,local_pdf,local_pdf,official_web_fallback,pdf_text,pdf_table,NULL,1722,NULL,NULL,https://cgwb.gov.in
meghalaya,west garo hills,rongram,rongram,Rongram,Rongram Station,25.59408,90.24997,2021,8,August,1.9,2025.0,Safe,0.2912522,0.1904695,0.036739,19.29,NULL,NULL,normalized_exact,0.7,valid,August_WL_1994-2025.pdf,GWRA_2025.pdf,NULL,local_pdf,local_pdf,official_web_fallback,pdf_text,pdf_table,NULL,1722,NULL,NULL,https://cgwb.gov.in
meghalaya,west garo hills,salsella,salsella,Damjongre,Damjongre Station,25.61354,90.0359,2021,8,August,2.4,2025.0,Safe,0.2912522,0.1904695,0.036739,19.29,NULL,NULL,normalized_exact,0.7,valid,August_WL_1994-2025.pdf,GWRA_2025.pdf,NULL,local_pdf,local_pdf,official_web_fallback,pdf_text,pdf_table,NULL,1722,NULL,NULL,https://cgwb.gov.in
meghalaya,west garo hills,salsella,salsella,Phulbari,Phulbari Station,25.88333,90.05,2021,8,August,1.9,2025.0,Safe,0.2912522,0.1904695,0.036739,19.29,NULL,NULL,normalized_exact,0.7,valid,August_WL_1994-2025.pdf,GWRA_2025.pdf,NULL,local_pdf,local_pdf,official_web_fallback,pdf_text,pdf_table,NULL,1722,NULL,NULL,https://cgwb.gov.in
meghalaya,west garo hills,salsella,salsella,Salsella,Salsella Station,25.69472,90.01389,2021,8,August,0.7,2025.0,Safe,0.2912522,0.1904695,0.036739,19.29,NULL,NULL,normalized_exact,0.7,valid,August_WL_1994-2025.pdf,GWRA_2025.pdf,NULL,local_pdf,local_pdf,official_web_fallback,pdf_text,pdf_table,NULL,1722,NULL,NULL,https://cgwb.gov.in
meghalaya,west garo hills,tikrikilla,tikrikilla,Belguri,Belguri Station,25.96389,90.34278,2021,8,August,5.8,2025.0,Safe,0.2912522,0.1904695,0.036739,19.29,NULL,NULL,normalized_exact,0.7,valid,August_WL_1994-2025.pdf,GWRA_2025.pdf,NULL,local_pdf,local_pdf,official_web_fallback,pdf_text,pdf_table,NULL,1722,NULL,NULL,https://cgwb.gov.in
meghalaya,west garo hills,tikrikilla,tikrikilla,Phutamamri,Phutamamri Station,25.94333,90.22,2021,8,August,2.5,2025.0,Safe,0.2912522,0.1904695,0.036739,19.29,NULL,NULL,normalized_exact,0.7,valid,August_WL_1994-2025.pdf,GWRA_2025.pdf,NULL,local_pdf,local_pdf,official_web_fallback,pdf_text,pdf_table,NULL,1722,NULL,NULL,https://cgwb.gov.in
meghalaya,west garo hills,tikrikilla,tikrikilla,Tikrikilla,Tikrikilla Station,25.94583,90.24444,2021,8,August,1.6,2025.0,Safe,0.2912522,0.1904695,0.036739,19.29,NULL,NULL,normalized_exact,0.7,valid,August_WL_1994-2025.pdf,GWRA_2025.pdf,NULL,local_pdf,local_pdf,official_web_fallback,pdf_text,pdf_table,NULL,1723,NULL,NULL,https://cgwb.gov.in
meghalaya,west jaintia hills,amlarem,amlarem,Dauki,Dauki Station,25.2,92.03333,2021,8,August,0.6,2025.0,Safe,0.1116346999999999,0.1004712,0.0061129999999999,6.08,NULL,NULL,normalized_exact,0.7,valid,August_WL_1994-2025.pdf,GWRA_2025.pdf,NULL,local_pdf,local_pdf,official_web_fallback,pdf_text,pdf_table,NULL,1723,NULL,NULL,https://cgwb.gov.in
meghalaya,west jaintia hills,thadlaskein,thadlaskein,Jowai,Jowai Station,25.44167,92.175,2021,8,August,0.2,2025.0,Safe,0.1116346999999999,0.1004712,0.0061129999999999,6.08,NULL,NULL,normalized_exact,0.7,valid,August_WL_1994-2025.pdf,GWRA_2025.pdf,NULL,local_pdf,local_pdf,official_web_fallback,pdf_text,pdf_table,NULL,1723,NULL,NULL,https://cgwb.gov.in
meghalaya,east garo hills,dambo rongjeng,dambo rongjeng,Darugiri,Darugiri Station,25.61917,90.7675,2019,8,August,2.4,2025.0,Safe,0.0849275,0.0764346,0.003461,4.53,NULL,NULL,normalized_exact,0.7,valid,August_WL_1994-2025.pdf,GWRA_2025.pdf,NULL,local_pdf,local_pdf,official_web_fallback,pdf_text,pdf_table,NULL,2304,NULL,NULL,https://cgwb.gov.in
meghalaya,east garo hills,dambo rongjeng,dambo rongjeng,Narringirri,Narringirri Station,25.61028,90.73972,2019,8,August,0.8,2025.0,Safe,0.0849275,0.0764346,0.003461,4.53,NULL,NULL,normalized_exact,0.7,valid,August_WL_1994-2025.pdf,GWRA_2025.pdf,NULL,local_pdf,local_pdf,official_web_fallback,pdf_text,pdf_table,NULL,2304,NULL,NULL,https://cgwb.gov.in
meghalaya,east garo hills,dambo rongjeng,dambo rongjeng,Rongjeng,Rongjeng Station,25.66667,90.80417,2019,8,August,2.8,2025.0,Safe,0.0849275,0.0764346,0.003461,4.53,NULL,NULL,normalized_exact,0.7,valid,August_WL_1994-2025.pdf,GWRA_2025.pdf,NULL,local_pdf,local_pdf,official_web_fallback,pdf_text,pdf_table,NULL,2304,NULL,NULL,https://cgwb.gov.in
meghalaya,east garo hills,dambo rongjeng,dambo rongjeng,Rongmil,Rongmil Station,25.73611,90.82444,2019,8,August,2.8,2025.0,Safe,0.0849275,0.0764346,0.003461,4.53,NULL,NULL,normalized_exact,0.7,valid,August_WL_1994-2025.pdf,GWRA_2025.pdf,NULL,local_pdf,local_pdf,official_web_fallback,pdf_text,pdf_table,NULL,2304,NULL,NULL,https://cgwb.gov.in
meghalaya,east garo hills,samanda,samanda,Baiza Rongreng,Baiza Rongreng Station,25.5425,90.585,2019,8,August,2.6,2025.0,Safe,0.0849275,0.0764346,0.003461,4.53,NULL,NULL,normalized_exact,0.7,valid,August_WL_1994-2025.pdf,GWRA_2025.pdf,NULL,local_pdf,local_pdf,official_web_fallback,pdf_text,pdf_table,NULL,2304,NULL,NULL,https://cgwb.gov.in
meghalaya,east garo hills,samanda,samanda,Dobetkolgiri,Dobetkolgiri Station,25.50917,90.61167,2019,8,August,0.8,2025.0,Safe,0.0849275,0.0764346,0.003461,4.53,NULL,NULL,normalized_exact,0.7,valid,August_WL_1994-2025.pdf,GWRA_2025.pdf,NULL,local_pdf,local_pdf,official_web_fallback,pdf_text,pdf_table,NULL,2304,NULL,NULL,https://cgwb.gov.in
meghalaya,east garo hills,samanda,samanda,Samanda Megapagre,Samanda Megapagre Station,25.58004,90.52681,2019,8,August,2.6,2025.0,Safe,0.0849275,0.0764346,0.003461,4.53,NULL,NULL,normalized_exact,0.7,valid,August_WL_1994-2025.pdf,GWRA_2025.pdf,NULL,local_pdf,local_pdf,official_web_fallback,pdf_text,pdf_table,NULL,2304,NULL,NULL,https://cgwb.gov.in
meghalaya,east garo hills,samanda,samanda,Williamnagar,Williamnagar Station,25.51,90.51944,2019,8,August,1.2,2025.0,Safe,0.0849275,0.0764346,0.003461,4.53,NULL,NULL,normalized_exact,0.7,valid,August_WL_1994-2025.pdf,GWRA_2025.pdf,NULL,local_pdf,local_pdf,official_web_fallback,pdf_text,pdf_table,NULL,2304,NULL,NULL,https://cgwb.gov.in
meghalaya,east garo hills,songsak,songsak,Dobu,Dobu Station,25.55612,90.71481,2019,8,August,2.1,2025.0,Safe,0.0849275,0.0764346,0.003461,4.53,NULL,NULL,normalized_exact,0.7,valid,August_WL_1994-2025.pdf,GWRA_2025.pdf,NULL,local_pdf,local_pdf,official_web_fallback,pdf_text,pdf_table,NULL,2304,NULL,NULL,https://cgwb.gov.in
meghalaya,east garo hills,songsak,songsak,Songsak,Songsak Station,25.66333,90.61028,2019,8,August,1.5,2025.0,Safe,0.0849275,0.0764346,0.003461,4.53,NULL,NULL,normalized_exact,0.7,valid,August_WL_1994-2025.pdf,GWRA_2025.pdf,NULL,local_pdf,local_pdf,official_web_fallback,pdf_text,pdf_table,NULL,2304,NULL,NULL,https://cgwb.gov.in
meghalaya,east khasi hills,mawpat,mawpat,Mawpat,Mawpat Station,25.59278,91.91917,2019,8,August,5.4,2025.0,Safe,0.2181741,0.1963567,0.006982,3.56,NULL,NULL,normalized_exact,0.7,valid,August_WL_1994-2025.pdf,GWRA_2025.pdf,NULL,local_pdf,local_pdf,official_web_fallback,pdf_text,pdf_table,NULL,2304,NULL,NULL,https://cgwb.gov.in
meghalaya,east khasi hills,mawsynram,mawsynram,Dangar,Dangar Station,25.18889,91.38139,2019,8,August,1.0,2025.0,Safe,0.2181741,0.1963567,0.006982,3.56,NULL,NULL,normalized_exact,0.7,valid,August_WL_1994-2025.pdf,GWRA_2025.pdf,NULL,local_pdf,local_pdf,official_web_fallback,pdf_text,pdf_table,NULL,2304,NULL,NULL,https://cgwb.gov.in
meghalaya,east khasi hills,mylliem,mylliem,Lachuamiere,Lachuamiere Station,25.57056,91.89028,2019,8,August,0.1,2025.0,Safe,0.2181741,0.1963567,0.006982,3.56,NULL,NULL,normalized_exact,0.7,valid,August_WL_1994-2025.pdf,GWRA_2025.pdf,NULL,local_pdf,local_pdf,official_web_fallback,pdf_text,pdf_table,NULL,2304,NULL,NULL,https://cgwb.gov.in
meghalaya,east khasi hills,mylliem,mylliem,Nongmynsong,Nongmynsong Station,25.57972,91.90694,2019,8,August,0.9,2025.0,Safe,0.2181741,0.1963567,0.006982,3.56,NULL,NULL,normalized_exact,0.7,valid,August_WL_1994-2025.pdf,GWRA_2025.pdf,NULL,local_pdf,local_pdf,official_web_fallback,pdf_text,pdf_table,NULL,2304,NULL,NULL,https://cgwb.gov.in
meghalaya,east khasi hills,mylliem,mylliem,Shillong Dhankheti,Shillong Dhankheti Station,25.56611,91.89278,2019,8,August,1.4,2025.0,Safe,0.2181741,0.1963567,0.006982,3.56,NULL,NULL,normalized_exact,0.7,valid,August_WL_1994-2025.pdf,GWRA_2025.pdf,NULL,local_pdf,local_pdf,official_web_fallback,pdf_text,pdf_table,NULL,2304,NULL,NULL,https://cgwb.gov.in
meghalaya,east khasi hills,mylliem,mylliem,Shillong Golf Link,Shillong Golf Link Station,25.58194,91.89444,2019,8,August,1.5,2025.0,Safe,0.2181741,0.1963567,0.006982,3.56,NULL,NULL,normalized_exact,0.7,valid,August_WL_1994-2025.pdf,GWRA_2025.pdf,NULL,local_pdf,local_pdf,official_web_fallback,pdf_text,pdf_table,NULL,2305,NULL,NULL,https://cgwb.gov.in
meghalaya,east khasi hills,shella bholaganj,shella bholaganj,Cherrapunji,Cherrapunji Station,25.28333,91.71667,2019,8,August,0.2,2025.0,Safe,0.2181741,0.1963567,0.006982,3.56,NULL,NULL,normalized_exact,0.7,valid,August_WL_1994-2025.pdf,GWRA_2025.pdf,NULL,local_pdf,local_pdf,official_web_fallback,pdf_text,pdf_table,NULL,2305,NULL,NULL,https://cgwb.gov.in
meghalaya,east khasi hills,shella bholaganj,shella bholaganj,Ichamati,Ichamati Station,25.165,91.68683,2019,8,August,0.6,2025.0,Safe,0.2181741,0.1963567,0.006982,3.56,NULL,NULL,normalized_exact,0.7,valid,August_WL_1994-2025.pdf,GWRA_2025.pdf,NULL,local_pdf,local_pdf,official_web_fallback,pdf_text,pdf_table,NULL,2305,NULL,NULL,https://cgwb.gov.in
meghalaya,east khasi hills,shella bholaganj,shella bholaganj,Nit Cherrapunji1,Nit Cherrapunji1 Station,25.25028,91.74417,2019,8,August,5.1,2025.0,Safe,0.2181741,0.1963567,0.006982,3.56,NULL,NULL,normalized_exact,0.7,valid,August_WL_1994-2025.pdf,GWRA_2025.pdf,NULL,local_pdf,local_pdf,official_web_fallback,pdf_text,pdf_table,NULL,2305,NULL,NULL,https://cgwb.gov.in
meghalaya,west khasi hills,Mairang,Mairang,Mairang N,Mairang N Station,25.56222,91.63917,2019,8,August,0.5,2025.0,NULL,0.339654,0.3056885,0.0046341,1.52,NULL,NULL,historical_mapping,0.5,valid,August_WL_1994-2025.pdf,GWRA_2025.pdf,NULL,local_pdf,local_pdf,official_web_fallback,pdf_text,pdf_table,NULL,2305,NULL,NULL,https://cgwb.gov.in
meghalaya,north garo hills,bajengdoba,bajengdoba,Bajengdoba,Bajengdoba Station,25.88611,90.5125,2019,8,August,2.5,2025.0,Safe,0.0986029,0.0774368,0.0049870999999999,6.44,NULL,NULL,normalized_exact,0.7,valid,August_WL_1994-2025.pdf,GWRA_2025.pdf,NULL,local_pdf,local_pdf,official_web_fallback,pdf_text,pdf_table,NULL,2305,NULL,NULL,https://cgwb.gov.in
meghalaya,north garo hills,bajengdoba,bajengdoba,Snalgre,Snalgre Station,25.74882,90.40422,2019,8,August,1.5,2025.0,Safe,0.0986029,0.0774368,0.0049870999999999,6.44,NULL,NULL,normalized_exact,0.7,valid,August_WL_1994-2025.pdf,GWRA_2025.pdf,NULL,local_pdf,local_pdf,official_web_fallback,pdf_text,pdf_table,NULL,2305,NULL,NULL,https://cgwb.gov.in
meghalaya,north garo hills,kharkutta,kharkutta,Kharkutta,Kharkutta Station,25.90556,90.89444,2019,8,August,2.3,2025.0,Safe,0.0986029,0.0774368,0.0049870999999999,6.44,NULL,NULL,normalized_exact,0.7,valid,August_WL_1994-2025.pdf,GWRA_2025.pdf,NULL,local_pdf,local_pdf,official_web_fallback,pdf_text,pdf_table,NULL,2305,NULL,NULL,https://cgwb.gov.in
meghalaya,north garo hills,resubelpara,resubelpara,Dainadubi,Dainadubi Station,25.89889,90.7775,2019,8,August,2.4,2025.0,Safe,0.0986029,0.0774368,0.0049870999999999,6.44,NULL,NULL,normalized_exact,0.7,valid,August_WL_1994-2025.pdf,GWRA_2025.pdf,NULL,local_pdf,local_pdf,official_web_fallback,pdf_text,pdf_table,NULL,2305,NULL,NULL,https://cgwb.gov.in
meghalaya,north garo hills,resubelpara,resubelpara,Mendal,Mendal Station,25.82472,90.46583,2019,8,August,1.5,2025.0,Safe,0.0986029,0.0774368,0.0049870999999999,6.44,NULL,NULL,normalized_exact,0.7,valid,August_WL_1994-2025.pdf,GWRA_2025.pdf,NULL,local_pdf,local_pdf,official_web_fallback,pdf_text,pdf_table,NULL,2305,NULL,NULL,https://cgwb.gov.in
meghalaya,north garo hills,resubelpara,resubelpara,Mendipathar,Mendipathar Station,25.92083,90.50833,2019,8,August,1.6,2025.0,Safe,0.0986029,0.0774368,0.0049870999999999,6.44,NULL,NULL,normalized_exact,0.7,valid,August_WL_1994-2025.pdf,GWRA_2025.pdf,NULL,local_pdf,local_pdf,official_web_fallback,pdf_text,pdf_table,NULL,2305,NULL,NULL,https://cgwb.gov.in
meghalaya,ri bhoi,bhoirymbong,bhoirymbong,Umroi Maidan,Umroi Maidan Station,25.71833,91.97278,2019,8,August,1.8,2025.0,Safe,0.0648369999999999,0.0583534,0.0035481,6.08,NULL,NULL,normalized_exact,0.7,valid,August_WL_1994-2025.pdf,GWRA_2025.pdf,NULL,local_pdf,local_pdf,official_web_fallback,pdf_text,pdf_table,NULL,2305,NULL,NULL,https://cgwb.gov.in
meghalaya,ri bhoi,jirang,jirang,Patharkhamma Barigaon,Patharkhamma Barigaon Station,25.87139,91.59472,2019,8,August,2.6,2025.0,Safe,0.0648369999999999,0.0583534,0.0035481,6.08,NULL,NULL,normalized_exact,0.7,valid,August_WL_1994-2025.pdf,GWRA_2025.pdf,NULL,local_pdf,local_pdf,official_web_fallback,pdf_text,pdf_table,NULL,2305,NULL,NULL,https://cgwb.gov.in
meghalaya,ri bhoi,nongpoh,nongpoh,Nongpoh,Nongpoh Station,25.9,91.88333,2019,8,August,2.8,2025.0,Safe,0.0648369999999999,0.0583534,0.0035481,6.08,NULL,NULL,normalized_exact,0.7,valid,August_WL_1994-2025.pdf,GWRA_2025.pdf,NULL,local_pdf,local_pdf,official_web_fallback,pdf_text,pdf_table,NULL,2305,NULL,NULL,https://cgwb.gov.in
meghalaya,ri bhoi,umling,umling,Byrnihat,Byrnihat Station,26.04889,91.86889,2019,8,August,1.6,2025.0,Safe,0.0648369999999999,0.0583534,0.0035481,6.08,NULL,NULL,normalized_exact,0.7,valid,August_WL_1994-2025.pdf,GWRA_2025.pdf,NULL,local_pdf,local_pdf,official_web_fallback,pdf_text,pdf_table,NULL,2305,NULL,NULL,https://cgwb.gov.in
meghalaya,ri bhoi,umling,umling,Pahanmawlien,Pahanmawlien Station,25.99472,91.86167,2019,8,August,0.6,2025.0,Safe,0.0648369999999999,0.0583534,0.0035481,6.08,NULL,NULL,normalized_exact,0.7,valid,August_WL_1994-2025.pdf,GWRA_2025.pdf,NULL,local_pdf,local_pdf,official_web_fallback,pdf_text,pdf_table,NULL,2305,NULL,NULL,https://cgwb.gov.in
meghalaya,ri bhoi,umling,umling,Tamenpoanglong,Tamenpoanglong Station,25.92583,91.94472,2019,8,August,1.3,2025.0,Safe,0.0648369999999999,0.0583534,0.0035481,6.08,NULL,NULL,normalized_exact,0.7,valid,August_WL_1994-2025.pdf,GWRA_2025.pdf,NULL,local_pdf,local_pdf,official_web_fallback,pdf_text,pdf_table,NULL,2305,NULL,NULL,https://cgwb.gov.in
meghalaya,ri bhoi,umsning,umsning,Nayabunglow,Nayabunglow Station,25.74667,91.88667,2019,8,August,3.7,2025.0,Safe,0.0648369999999999,0.0583534,0.0035481,6.08,NULL,NULL,normalized_exact,0.7,valid,August_WL_1994-2025.pdf,GWRA_2025.pdf,NULL,local_pdf,local_pdf,official_web_fallback,pdf_text,pdf_table,NULL,2305,NULL,NULL,https://cgwb.gov.in
meghalaya,south west garo hills,betasing,betasing,Ampati,Ampati Station,25.5,89.95833,2019,8,August,0.9,2025.0,Safe,0.079896,0.0387598,0.0076644,19.77,NULL,NULL,normalized_exact,0.7,valid,August_WL_1994-2025.pdf,GWRA_2025.pdf,NULL,local_pdf,local_pdf,official_web_fallback,pdf_text,pdf_table,NULL,2305,NULL,NULL,https://cgwb.gov.in
meghalaya,south west garo hills,betasing,betasing,Betasing,Betasing Station,25.51339,89.95672,2019,8,August,1.8,2025.0,Safe,0.079896,0.0387598,0.0076644,19.77,NULL,NULL,normalized_exact,0.7,valid,August_WL_1994-2025.pdf,GWRA_2025.pdf,NULL,local_pdf,local_pdf,official_web_fallback,pdf_text,pdf_table,NULL,2305,NULL,NULL,https://cgwb.gov.in
meghalaya,south west garo hills,rerapara,rerapara,Garobandha,Garobandha Station,25.58028,90.02222,2019,8,August,3.5,2025.0,Safe,0.079896,0.0387598,0.0076644,19.77,NULL,NULL,normalized_exact,0.7,valid,August_WL_1994-2025.pdf,GWRA_2025.pdf,NULL,local_pdf,local_pdf,official_web_fallback,pdf_text,pdf_table,NULL,2305,NULL,NULL,https://cgwb.gov.in
meghalaya,south west garo hills,zikzak,zikzak,Mahendraganj,Mahendraganj Station,25.3,89.85972,2019,8,August,2.5,2025.0,Safe,0.079896,0.0387598,0.0076644,19.77,NULL,NULL,normalized_exact,0.7,valid,August_WL_1994-2025.pdf,GWRA_2025.pdf,NULL,local_pdf,local_pdf,official_web_fallback,pdf_text,pdf_table,NULL,2305,NULL,NULL,https://cgwb.gov.in
meghalaya,west garo hills,batabari,batabari,Rajabala,Rajabala Station,25.75556,89.98083,2019,8,August,4.1,2025.0,Safe,0.2912522,0.1904695,0.036739,19.29,NULL,NULL,normalized_exact,0.7,valid,August_WL_1994-2025.pdf,GWRA_2025.pdf,NULL,local_pdf,local_pdf,official_web_fallback,pdf_text,pdf_table,NULL,2305,NULL,NULL,https://cgwb.gov.in
meghalaya,west garo hills,dalu,dalu,Dalu,Dalu Station,25.22778,90.2125,2019,8,August,3.0,2025.0,Safe,0.2912522,0.1904695,0.036739,19.29,NULL,NULL,normalized_exact,0.7,valid,August_WL_1994-2025.pdf,GWRA_2025.pdf,NULL,local_pdf,local_pdf,official_web_fallback,pdf_text,pdf_table,NULL,2305,NULL,NULL,https://cgwb.gov.in
meghalaya,west garo hills,dalu,dalu,Porakhasia,Porakhasia Station,25.3,90.01667,2019,8,August,2.5,2025.0,Safe,0.2912522,0.1904695,0.036739,19.29,NULL,NULL,normalized_exact,0.7,valid,August_WL_1994-2025.pdf,GWRA_2025.pdf,NULL,local_pdf,local_pdf,official_web_fallback,pdf_text,pdf_table,NULL,2305,NULL,NULL,https://cgwb.gov.in
meghalaya,west garo hills,demdema,demdema,Nidanpur,Nidanpur Station,25.9125,90.12778,2019,8,August,1.4,2025.0,Safe,0.2912522,0.1904695,0.036739,19.29,NULL,NULL,normalized_exact,0.7,valid,August_WL_1994-2025.pdf,GWRA_2025.pdf,NULL,local_pdf,local_pdf,official_web_fallback,pdf_text,pdf_table,NULL,2305,NULL,NULL,https://cgwb.gov.in
meghalaya,west garo hills,rongram,rongram,Asanang,Asanang Station,25.59944,90.27556,2019,8,August,3.8,2025.0,Safe,0.2912522,0.1904695,0.036739,19.29,NULL,NULL,normalized_exact,0.7,valid,August_WL_1994-2025.pdf,GWRA_2025.pdf,NULL,local_pdf,local_pdf,official_web_fallback,pdf_text,pdf_table,NULL,2305,NULL,NULL,https://cgwb.gov.in
meghalaya,west garo hills,rongram,rongram,Baljek,Baljek Station,25.66439,90.34159,2019,8,August,0.9,2025.0,Safe,0.2912522,0.1904695,0.036739,19.29,NULL,NULL,normalized_exact,0.7,valid,August_WL_1994-2025.pdf,GWRA_2025.pdf,NULL,local_pdf,local_pdf,official_web_fallback,pdf_text,pdf_table,NULL,2305,NULL,NULL,https://cgwb.gov.in
meghalaya,west garo hills,rongram,rongram,Rongram,Rongram Station,25.59408,90.24997,2019,8,August,3.2,2025.0,Safe,0.2912522,0.1904695,0.036739,19.29,NULL,NULL,normalized_exact,0.7,valid,August_WL_1994-2025.pdf,GWRA_2025.pdf,NULL,local_pdf,local_pdf,official_web_fallback,pdf_text,pdf_table,NULL,2305,NULL,NULL,https://cgwb.gov.in
meghalaya,west garo hills,salsella,salsella,Damjongre,Damjongre Station,25.61354,90.0359,2019,8,August,2.2,2025.0,Safe,0.2912522,0.1904695,0.036739,19.29,NULL,NULL,normalized_exact,0.7,valid,August_WL_1994-2025.pdf,GWRA_2025.pdf,NULL,local_pdf,local_pdf,official_web_fallback,pdf_text,pdf_table,NULL,2305,NULL,NULL,https://cgwb.gov.in
meghalaya,west garo hills,salsella,salsella,Phulbari,Phulbari Station,25.88333,90.05,2019,8,August,2.1,2025.0,Safe,0.2912522,0.1904695,0.036739,19.29,NULL,NULL,normalized_exact,0.7,valid,August_WL_1994-2025.pdf,GWRA_2025.pdf,NULL,local_pdf,local_pdf,official_web_fallback,pdf_text,pdf_table,NULL,2305,NULL,NULL,https://cgwb.gov.in
meghalaya,west garo hills,salsella,salsella,Salsella,Salsella Station,25.69472,90.01389,2019,8,August,1.3,2025.0,Safe,0.2912522,0.1904695,0.036739,19.29,NULL,NULL,normalized_exact,0.7,valid,August_WL_1994-2025.pdf,GWRA_2025.pdf,NULL,local_pdf,local_pdf,official_web_fallback,pdf_text,pdf_table,NULL,2305,NULL,NULL,https://cgwb.gov.in
meghalaya,west garo hills,tikrikilla,tikrikilla,Belguri,Belguri Station,25.96389,90.34278,2019,8,August,6.4,2025.0,Safe,0.2912522,0.1904695,0.036739,19.29,NULL,NULL,normalized_exact,0.7,valid,August_WL_1994-2025.pdf,GWRA_2025.pdf,NULL,local_pdf,local_pdf,official_web_fallback,pdf_text,pdf_table,NULL,2305,NULL,NULL,https://cgwb.gov.in
meghalaya,west garo hills,tikrikilla,tikrikilla,Phutamamri,Phutamamri Station,25.94333,90.22,2019,8,August,2.5,2025.0,Safe,0.2912522,0.1904695,0.036739,19.29,NULL,NULL,normalized_exact,0.7,valid,August_WL_1994-2025.pdf,GWRA_2025.pdf,NULL,local_pdf,local_pdf,official_web_fallback,pdf_text,pdf_table,NULL,2305,NULL,NULL,https://cgwb.gov.in
meghalaya,west garo hills,tikrikilla,tikrikilla,Tikrikilla,Tikrikilla Station,25.94583,90.24444,2019,8,August,2.3,2025.0,Safe,0.2912522,0.1904695,0.036739,19.29,NULL,NULL,normalized_exact,0.7,valid,August_WL_1994-2025.pdf,GWRA_2025.pdf,NULL,local_pdf,local_pdf,official_web_fallback,pdf_text,pdf_table,NULL,2305,NULL,NULL,https://cgwb.gov.in
meghalaya,west jaintia hills,amlarem,amlarem,Dauki,Dauki Station,25.2,92.03333,2019,8,August,0.4,2025.0,Safe,0.1116346999999999,0.1004712,0.0061129999999999,6.08,NULL,NULL,normalized_exact,0.7,valid,August_WL_1994-2025.pdf,GWRA_2025.pdf,NULL,local_pdf,local_pdf,official_web_fallback,pdf_text,pdf_table,NULL,2305,NULL,NULL,https://cgwb.gov.in
meghalaya,west jaintia hills,thadlaskein,thadlaskein,Jowai,Jowai Station,25.44167,92.175,2019,8,August,0.3,2025.0,Safe,0.1116346999999999,0.1004712,0.0061129999999999,6.08,NULL,NULL,normalized_exact,0.7,valid,August_WL_1994-2025.pdf,GWRA_2025.pdf,NULL,local_pdf,local_pdf,official_web_fallback,pdf_text,pdf_table,NULL,2305,NULL,NULL,https://cgwb.gov.in
meghalaya,east garo hills,dambo rongjeng,dambo rongjeng,Darugiri,Darugiri Station,25.61917,90.7675,2018,8,August,2.4,2025.0,Safe,0.0849275,0.0764346,0.003461,4.53,NULL,NULL,normalized_exact,0.7,valid,August_WL_1994-2025.pdf,GWRA_2025.pdf,NULL,local_pdf,local_pdf,official_web_fallback,pdf_text,pdf_table,NULL,2672,NULL,NULL,https://cgwb.gov.in
meghalaya,east garo hills,dambo rongjeng,dambo rongjeng,Narringirri,Narringirri Station,25.61028,90.73972,2018,8,August,2.5,2025.0,Safe,0.0849275,0.0764346,0.003461,4.53,NULL,NULL,normalized_exact,0.7,valid,August_WL_1994-2025.pdf,GWRA_2025.pdf,NULL,local_pdf,local_pdf,official_web_fallback,pdf_text,pdf_table,NULL,2672,NULL,NULL,https://cgwb.gov.in
meghalaya,east garo hills,dambo rongjeng,dambo rongjeng,Rongjeng,Rongjeng Station,25.66667,90.80417,2018,8,August,3.3,2025.0,Safe,0.0849275,0.0764346,0.003461,4.53,NULL,NULL,normalized_exact,0.7,valid,August_WL_1994-2025.pdf,GWRA_2025.pdf,NULL,local_pdf,local_pdf,official_web_fallback,pdf_text,pdf_table,NULL,2672,NULL,NULL,https://cgwb.gov.in
meghalaya,east garo hills,dambo rongjeng,dambo rongjeng,Rongmil,Rongmil Station,25.73611,90.82444,2018,8,August,2.8,2025.0,Safe,0.0849275,0.0764346,0.003461,4.53,NULL,NULL,normalized_exact,0.7,valid,August_WL_1994-2025.pdf,GWRA_2025.pdf,NULL,local_pdf,local_pdf,official_web_fallback,pdf_text,pdf_table,NULL,2672,NULL,NULL,https://cgwb.gov.in
meghalaya,east garo hills,samanda,samanda,Baiza Rongreng,Baiza Rongreng Station,25.5425,90.585,2018,8,August,2.6,2025.0,Safe,0.0849275,0.0764346,0.003461,4.53,NULL,NULL,normalized_exact,0.7,valid,August_WL_1994-2025.pdf,GWRA_2025.pdf,NULL,local_pdf,local_pdf,official_web_fallback,pdf_text,pdf_table,NULL,2672,NULL,NULL,https://cgwb.gov.in
meghalaya,east garo hills,samanda,samanda,Dobetkolgiri,Dobetkolgiri Station,25.50917,90.61167,2018,8,August,2.1,2025.0,Safe,0.0849275,0.0764346,0.003461,4.53,NULL,NULL,normalized_exact,0.7,valid,August_WL_1994-2025.pdf,GWRA_2025.pdf,NULL,local_pdf,local_pdf,official_web_fallback,pdf_text,pdf_table,NULL,2672,NULL,NULL,https://cgwb.gov.in
meghalaya,east garo hills,samanda,samanda,Samanda Megapagre,Samanda Megapagre Station,25.58004,90.52681,2018,8,August,2.1,2025.0,Safe,0.0849275,0.0764346,0.003461,4.53,NULL,NULL,normalized_exact,0.7,valid,August_WL_1994-2025.pdf,GWRA_2025.pdf,NULL,local_pdf,local_pdf,official_web_fallback,pdf_text,pdf_table,NULL,2672,NULL,NULL,https://cgwb.gov.in
meghalaya,east garo hills,samanda,samanda,Williamnagar,Williamnagar Station,25.51,90.51944,2018,8,August,1.2,2025.0,Safe,0.0849275,0.0764346,0.003461,4.53,NULL,NULL,normalized_exact,0.7,valid,August_WL_1994-2025.pdf,GWRA_2025.pdf,NULL,local_pdf,local_pdf,official_web_fallback,pdf_text,pdf_table,NULL,2672,NULL,NULL,https://cgwb.gov.in
meghalaya,east garo hills,songsak,songsak,Dobu,Dobu Station,25.55612,90.71481,2018,8,August,2.2,2025.0,Safe,0.0849275,0.0764346,0.003461,4.53,NULL,NULL,normalized_exact,0.7,valid,August_WL_1994-2025.pdf,GWRA_2025.pdf,NULL,local_pdf,local_pdf,official_web_fallback,pdf_text,pdf_table,NULL,2672,NULL,NULL,https://cgwb.gov.in
meghalaya,east garo hills,songsak,songsak,Songsak,Songsak Station,25.66333,90.61028,2018,8,August,1.4,2025.0,Safe,0.0849275,0.0764346,0.003461,4.53,NULL,NULL,normalized_exact,0.7,valid,August_WL_1994-2025.pdf,GWRA_2025.pdf,NULL,local_pdf,local_pdf,official_web_fallback,pdf_text,pdf_table,NULL,2672,NULL,NULL,https://cgwb.gov.in
meghalaya,east khasi hills,mawpat,mawpat,Mawpat,Mawpat Station,25.59278,91.91917,2018,8,August,1.2,2025.0,Safe,0.2181741,0.1963567,0.006982,3.56,NULL,NULL,normalized_exact,0.7,valid,August_WL_1994-2025.pdf,GWRA_2025.pdf,NULL,local_pdf,local_pdf,official_web_fallback,pdf_text,pdf_table,NULL,2672,NULL,NULL,https://cgwb.gov.in
meghalaya,east khasi hills,mawsynram,mawsynram,Dangar,Dangar Station,25.18889,91.38139,2018,8,August,0.3,2025.0,Safe,0.2181741,0.1963567,0.006982,3.56,NULL,NULL,normalized_exact,0.7,valid,August_WL_1994-2025.pdf,GWRA_2025.pdf,NULL,local_pdf,local_pdf,official_web_fallback,pdf_text,pdf_table,NULL,2672,NULL,NULL,https://cgwb.gov.in
meghalaya,east khasi hills,mylliem,mylliem,Lachuamiere,Lachuamiere Station,25.57056,91.89028,2018,8,August,0.3,2025.0,Safe,0.2181741,0.1963567,0.006982,3.56,NULL,NULL,normalized_exact,0.7,valid,August_WL_1994-2025.pdf,GWRA_2025.pdf,NULL,local_pdf,local_pdf,official_web_fallback,pdf_text,pdf_table,NULL,2672,NULL,NULL,https://cgwb.gov.in
meghalaya,east khasi hills,mylliem,mylliem,Nongmynsong,Nongmynsong Station,25.57972,91.90694,2018,8,August,1.6,2025.0,Safe,0.2181741,0.1963567,0.006982,3.56,NULL,NULL,normalized_exact,0.7,valid,August_WL_1994-2025.pdf,GWRA_2025.pdf,NULL,local_pdf,local_pdf,official_web_fallback,pdf_text,pdf_table,NULL,2672,NULL,NULL,https://cgwb.gov.in
meghalaya,east khasi hills,mylliem,mylliem,Shillong Dhankheti,Shillong Dhankheti Station,25.56611,91.89278,2018,8,August,1.5,2025.0,Safe,0.2181741,0.1963567,0.006982,3.56,NULL,NULL,normalized_exact,0.7,valid,August_WL_1994-2025.pdf,GWRA_2025.pdf,NULL,local_pdf,local_pdf,official_web_fallback,pdf_text,pdf_table,NULL,2672,NULL,NULL,https://cgwb.gov.in
meghalaya,east khasi hills,mylliem,mylliem,Shillong Golf Link,Shillong Golf Link Station,25.58194,91.89444,2018,8,August,1.8,2025.0,Safe,0.2181741,0.1963567,0.006982,3.56,NULL,NULL,normalized_exact,0.7,valid,August_WL_1994-2025.pdf,GWRA_2025.pdf,NULL,local_pdf,local_pdf,official_web_fallback,pdf_text,pdf_table,NULL,2672,NULL,NULL,https://cgwb.gov.in
meghalaya,east khasi hills,mylliem,mylliem,Water Resources Dept,Water Resources Dept Station,25.56556,91.89611,2018,8,August,4.4,2025.0,Safe,0.2181741,0.1963567,0.006982,3.56,NULL,NULL,normalized_exact,0.7,valid,August_WL_1994-2025.pdf,GWRA_2025.pdf,NULL,local_pdf,local_pdf,official_web_fallback,pdf_text,pdf_table,NULL,2672,NULL,NULL,https://cgwb.gov.in
meghalaya,east khasi hills,shella bholaganj,shella bholaganj,Cherrapunji,Cherrapunji Station,25.28333,91.71667,2018,8,August,0.2,2025.0,Safe,0.2181741,0.1963567,0.006982,3.56,NULL,NULL,normalized_exact,0.7,valid,August_WL_1994-2025.pdf,GWRA_2025.pdf,NULL,local_pdf,local_pdf,official_web_fallback,pdf_text,pdf_table,NULL,2673,NULL,NULL,https://cgwb.gov.in
meghalaya,east khasi hills,shella bholaganj,shella bholaganj,Nit Cherrapunji1,Nit Cherrapunji1 Station,25.25028,91.74417,2018,8,August,4.2,2025.0,Safe,0.2181741,0.1963567,0.006982,3.56,NULL,NULL,normalized_exact,0.7,valid,August_WL_1994-2025.pdf,GWRA_2025.pdf,NULL,local_pdf,local_pdf,official_web_fallback,pdf_text,pdf_table,NULL,2673,NULL,NULL,https://cgwb.gov.in
meghalaya,west khasi hills,Mairang,Mairang,Mairang N,Mairang N Station,25.56222,91.63917,2018,8,August,0.7,2025.0,NULL,0.339654,0.3056885,0.0046341,1.52,NULL,NULL,historical_mapping,0.5,valid,August_WL_1994-2025.pdf,GWRA_2025.pdf,NULL,local_pdf,local_pdf,official_web_fallback,pdf_text,pdf_table,NULL,2673,NULL,NULL,https://cgwb.gov.in
meghalaya,north garo hills,bajengdoba,bajengdoba,Bajengdoba,Bajengdoba Station,25.88611,90.5125,2018,8,August,2.1,2025.0,Safe,0.0986029,0.0774368,0.0049870999999999,6.44,NULL,NULL,normalized_exact,0.7,valid,August_WL_1994-2025.pdf,GWRA_2025.pdf,NULL,local_pdf,local_pdf,official_web_fallback,pdf_text,pdf_table,NULL,2673,NULL,NULL,https://cgwb.gov.in
meghalaya,north garo hills,bajengdoba,bajengdoba,Snalgre,Snalgre Station,25.74882,90.40422,2018,8,August,2.3,2025.0,Safe,0.0986029,0.0774368,0.0049870999999999,6.44,NULL,NULL,normalized_exact,0.7,valid,August_WL_1994-2025.pdf,GWRA_2025.pdf,NULL,local_pdf,local_pdf,official_web_fallback,pdf_text,pdf_table,NULL,2673,NULL,NULL,https://cgwb.gov.in
meghalaya,north garo hills,kharkutta,kharkutta,Kharkutta,Kharkutta Station,25.90556,90.89444,2018,8,August,2.3,2025.0,Safe,0.0986029,0.0774368,0.0049870999999999,6.44,NULL,NULL,normalized_exact,0.7,valid,August_WL_1994-2025.pdf,GWRA_2025.pdf,NULL,local_pdf,local_pdf,official_web_fallback,pdf_text,pdf_table,NULL,2673,NULL,NULL,https://cgwb.gov.in
meghalaya,north garo hills,resubelpara,resubelpara,Dainadubi,Dainadubi Station,25.89889,90.7775,2018,8,August,2.4,2025.0,Safe,0.0986029,0.0774368,0.0049870999999999,6.44,NULL,NULL,normalized_exact,0.7,valid,August_WL_1994-2025.pdf,GWRA_2025.pdf,NULL,local_pdf,local_pdf,official_web_fallback,pdf_text,pdf_table,NULL,2673,NULL,NULL,https://cgwb.gov.in
meghalaya,north garo hills,resubelpara,resubelpara,Mendal,Mendal Station,25.82472,90.46583,2018,8,August,1.6,2025.0,Safe,0.0986029,0.0774368,0.0049870999999999,6.44,NULL,NULL,normalized_exact,0.7,valid,August_WL_1994-2025.pdf,GWRA_2025.pdf,NULL,local_pdf,local_pdf,official_web_fallback,pdf_text,pdf_table,NULL,2673,NULL,NULL,https://cgwb.gov.in
meghalaya,north garo hills,resubelpara,resubelpara,Mendipathar,Mendipathar Station,25.92083,90.50833,2018,8,August,2.2,2025.0,Safe,0.0986029,0.0774368,0.0049870999999999,6.44,NULL,NULL,normalized_exact,0.7,valid,August_WL_1994-2025.pdf,GWRA_2025.pdf,NULL,local_pdf,local_pdf,official_web_fallback,pdf_text,pdf_table,NULL,2673,NULL,NULL,https://cgwb.gov.in
meghalaya,ri bhoi,bhoirymbong,bhoirymbong,Umroi Maidan,Umroi Maidan Station,25.71833,91.97278,2018,8,August,1.7,2025.0,Safe,0.0648369999999999,0.0583534,0.0035481,6.08,NULL,NULL,normalized_exact,0.7,valid,August_WL_1994-2025.pdf,GWRA_2025.pdf,NULL,local_pdf,local_pdf,official_web_fallback,pdf_text,pdf_table,NULL,2673,NULL,NULL,https://cgwb.gov.in
meghalaya,ri bhoi,jirang,jirang,Patharkhamma Barigaon,Patharkhamma Barigaon Station,25.87139,91.59472,2018,8,August,3.6,2025.0,Safe,0.0648369999999999,0.0583534,0.0035481,6.08,NULL,NULL,normalized_exact,0.7,valid,August_WL_1994-2025.pdf,GWRA_2025.pdf,NULL,local_pdf,local_pdf,official_web_fallback,pdf_text,pdf_table,NULL,2673,NULL,NULL,https://cgwb.gov.in
meghalaya,ri bhoi,nongpoh,nongpoh,Nongpoh,Nongpoh Station,25.9,91.88333,2018,8,August,2.6,2025.0,Safe,0.0648369999999999,0.0583534,0.0035481,6.08,NULL,NULL,normalized_exact,0.7,valid,August_WL_1994-2025.pdf,GWRA_2025.pdf,NULL,local_pdf,local_pdf,official_web_fallback,pdf_text,pdf_table,NULL,2673,NULL,NULL,https://cgwb.gov.in
meghalaya,ri bhoi,umling,umling,Byrnihat,Byrnihat Station,26.04889,91.86889,2018,8,August,0.7,2025.0,Safe,0.0648369999999999,0.0583534,0.0035481,6.08,NULL,NULL,normalized_exact,0.7,valid,August_WL_1994-2025.pdf,GWRA_2025.pdf,NULL,local_pdf,local_pdf,official_web_fallback,pdf_text,pdf_table,NULL,2673,NULL,NULL,https://cgwb.gov.in
meghalaya,ri bhoi,umling,umling,Pahanmawlien,Pahanmawlien Station,25.99472,91.86167,2018,8,August,0.4,2025.0,Safe,0.0648369999999999,0.0583534,0.0035481,6.08,NULL,NULL,normalized_exact,0.7,valid,August_WL_1994-2025.pdf,GWRA_2025.pdf,NULL,local_pdf,local_pdf,official_web_fallback,pdf_text,pdf_table,NULL,2673,NULL,NULL,https://cgwb.gov.in
meghalaya,ri bhoi,umling,umling,Tamenpoanglong,Tamenpoanglong Station,25.92583,91.94472,2018,8,August,1.6,2025.0,Safe,0.0648369999999999,0.0583534,0.0035481,6.08,NULL,NULL,normalized_exact,0.7,valid,August_WL_1994-2025.pdf,GWRA_2025.pdf,NULL,local_pdf,local_pdf,official_web_fallback,pdf_text,pdf_table,NULL,2673,NULL,NULL,https://cgwb.gov.in
meghalaya,ri bhoi,umsning,umsning,Mawtari Myrdon,Mawtari Myrdon Station,25.8025,91.84639,2018,8,August,7.8,2025.0,Safe,0.0648369999999999,0.0583534,0.0035481,6.08,NULL,NULL,normalized_exact,0.7,valid,August_WL_1994-2025.pdf,GWRA_2025.pdf,NULL,local_pdf,local_pdf,official_web_fallback,pdf_text,pdf_table,NULL,2673,NULL,NULL,https://cgwb.gov.in
meghalaya,ri bhoi,umsning,umsning,Nayabunglow,Nayabunglow Station,25.74667,91.88667,2018,8,August,3.3,2025.0,Safe,0.0648369999999999,0.0583534,0.0035481,6.08,NULL,NULL,normalized_exact,0.7,valid,August_WL_1994-2025.pdf,GWRA_2025.pdf,NULL,local_pdf,local_pdf,official_web_fallback,pdf_text,pdf_table,NULL,2673,NULL,NULL,https://cgwb.gov.in
meghalaya,south west garo hills,betasing,betasing,Ampati,Ampati Station,25.5,89.95833,2018,8,August,0.9,2025.0,Safe,0.079896,0.0387598,0.0076644,19.77,NULL,NULL,normalized_exact,0.7,valid,August_WL_1994-2025.pdf,GWRA_2025.pdf,NULL,local_pdf,local_pdf,official_web_fallback,pdf_text,pdf_table,NULL,2673,NULL,NULL,https://cgwb.gov.in
meghalaya,south west garo hills,betasing,betasing,Betasing,Betasing Station,25.51339,89.95672,2018,8,August,1.8,2025.0,Safe,0.079896,0.0387598,0.0076644,19.77,NULL,NULL,normalized_exact,0.7,valid,August_WL_1994-2025.pdf,GWRA_2025.pdf,NULL,local_pdf,local_pdf,official_web_fallback,pdf_text,pdf_table,NULL,2673,NULL,NULL,https://cgwb.gov.in
meghalaya,south west garo hills,rerapara,rerapara,Garobandha,Garobandha Station,25.58028,90.02222,2018,8,August,2.1,2025.0,Safe,0.079896,0.0387598,0.0076644,19.77,NULL,NULL,normalized_exact,0.7,valid,August_WL_1994-2025.pdf,GWRA_2025.pdf,NULL,local_pdf,local_pdf,official_web_fallback,pdf_text,pdf_table,NULL,2673,NULL,NULL,https://cgwb.gov.in
meghalaya,south west garo hills,zikzak,zikzak,Mahendraganj,Mahendraganj Station,25.3,89.85972,2018,8,August,2.5,2025.0,Safe,0.079896,0.0387598,0.0076644,19.77,NULL,NULL,normalized_exact,0.7,valid,August_WL_1994-2025.pdf,GWRA_2025.pdf,NULL,local_pdf,local_pdf,official_web_fallback,pdf_text,pdf_table,NULL,2673,NULL,NULL,https://cgwb.gov.in
meghalaya,west garo hills,batabari,batabari,Rajabala,Rajabala Station,25.75556,89.98083,2018,8,August,3.6,2025.0,Safe,0.2912522,0.1904695,0.036739,19.29,NULL,NULL,normalized_exact,0.7,valid,August_WL_1994-2025.pdf,GWRA_2025.pdf,NULL,local_pdf,local_pdf,official_web_fallback,pdf_text,pdf_table,NULL,2673,NULL,NULL,https://cgwb.gov.in
meghalaya,west garo hills,dalu,dalu,Dalu,Dalu Station,25.22778,90.2125,2018,8,August,3.1,2025.0,Safe,0.2912522,0.1904695,0.036739,19.29,NULL,NULL,normalized_exact,0.7,valid,August_WL_1994-2025.pdf,GWRA_2025.pdf,NULL,local_pdf,local_pdf,official_web_fallback,pdf_text,pdf_table,NULL,2673,NULL,NULL,https://cgwb.gov.in
meghalaya,west garo hills,dalu,dalu,Porakhasia,Porakhasia Station,25.3,90.01667,2018,8,August,2.6,2025.0,Safe,0.2912522,0.1904695,0.036739,19.29,NULL,NULL,normalized_exact,0.7,valid,August_WL_1994-2025.pdf,GWRA_2025.pdf,NULL,local_pdf,local_pdf,official_web_fallback,pdf_text,pdf_table,NULL,2673,NULL,NULL,https://cgwb.gov.in
meghalaya,west garo hills,demdema,demdema,Nidanpur,Nidanpur Station,25.9125,90.12778,2018,8,August,1.9,2025.0,Safe,0.2912522,0.1904695,0.036739,19.29,NULL,NULL,normalized_exact,0.7,valid,August_WL_1994-2025.pdf,GWRA_2025.pdf,NULL,local_pdf,local_pdf,official_web_fallback,pdf_text,pdf_table,NULL,2673,NULL,NULL,https://cgwb.gov.in
meghalaya,west garo hills,rongram,rongram,Asanang,Asanang Station,25.59944,90.27556,2018,8,August,3.3,2025.0,Safe,0.2912522,0.1904695,0.036739,19.29,NULL,NULL,normalized_exact,0.7,valid,August_WL_1994-2025.pdf,GWRA_2025.pdf,NULL,local_pdf,local_pdf,official_web_fallback,pdf_text,pdf_table,NULL,2673,NULL,NULL,https://cgwb.gov.in
meghalaya,west garo hills,rongram,rongram,Baljek,Baljek Station,25.66439,90.34159,2018,8,August,0.9,2025.0,Safe,0.2912522,0.1904695,0.036739,19.29,NULL,NULL,normalized_exact,0.7,valid,August_WL_1994-2025.pdf,GWRA_2025.pdf,NULL,local_pdf,local_pdf,official_web_fallback,pdf_text,pdf_table,NULL,2673,NULL,NULL,https://cgwb.gov.in
meghalaya,west garo hills,rongram,rongram,Rongram,Rongram Station,25.59408,90.24997,2018,8,August,2.2,2025.0,Safe,0.2912522,0.1904695,0.036739,19.29,NULL,NULL,normalized_exact,0.7,valid,August_WL_1994-2025.pdf,GWRA_2025.pdf,NULL,local_pdf,local_pdf,official_web_fallback,pdf_text,pdf_table,NULL,2673,NULL,NULL,https://cgwb.gov.in
meghalaya,west garo hills,salsella,salsella,Damjongre,Damjongre Station,25.61354,90.0359,2018,8,August,2.2,2025.0,Safe,0.2912522,0.1904695,0.036739,19.29,NULL,NULL,normalized_exact,0.7,valid,August_WL_1994-2025.pdf,GWRA_2025.pdf,NULL,local_pdf,local_pdf,official_web_fallback,pdf_text,pdf_table,NULL,2673,NULL,NULL,https://cgwb.gov.in
meghalaya,west garo hills,salsella,salsella,Phulbari,Phulbari Station,25.88333,90.05,2018,8,August,2.1,2025.0,Safe,0.2912522,0.1904695,0.036739,19.29,NULL,NULL,normalized_exact,0.7,valid,August_WL_1994-2025.pdf,GWRA_2025.pdf,NULL,local_pdf,local_pdf,official_web_fallback,pdf_text,pdf_table,NULL,2673,NULL,NULL,https://cgwb.gov.in
meghalaya,west garo hills,salsella,salsella,Salsella,Salsella Station,25.69472,90.01389,2018,8,August,1.3,2025.0,Safe,0.2912522,0.1904695,0.036739,19.29,NULL,NULL,normalized_exact,0.7,valid,August_WL_1994-2025.pdf,GWRA_2025.pdf,NULL,local_pdf,local_pdf,official_web_fallback,pdf_text,pdf_table,NULL,2673,NULL,NULL,https://cgwb.gov.in
meghalaya,west garo hills,tikrikilla,tikrikilla,Belguri,Belguri Station,25.96389,90.34278,2018,8,August,3.4,2025.0,Safe,0.2912522,0.1904695,0.036739,19.29,NULL,NULL,normalized_exact,0.7,valid,August_WL_1994-2025.pdf,GWRA_2025.pdf,NULL,local_pdf,local_pdf,official_web_fallback,pdf_text,pdf_table,NULL,2673,NULL,NULL,https://cgwb.gov.in
meghalaya,west garo hills,tikrikilla,tikrikilla,Phutamamri,Phutamamri Station,25.94333,90.22,2018,8,August,2.4,2025.0,Safe,0.2912522,0.1904695,0.036739,19.29,NULL,NULL,normalized_exact,0.7,valid,August_WL_1994-2025.pdf,GWRA_2025.pdf,NULL,local_pdf,local_pdf,official_web_fallback,pdf_text,pdf_table,NULL,2673,NULL,NULL,https://cgwb.gov.in
meghalaya,west garo hills,tikrikilla,tikrikilla,Tikrikilla,Tikrikilla Station,25.94583,90.24444,2018,8,August,1.9,2025.0,Safe,0.2912522,0.1904695,0.036739,19.29,NULL,NULL,normalized_exact,0.7,valid,August_WL_1994-2025.pdf,GWRA_2025.pdf,NULL,local_pdf,local_pdf,official_web_fallback,pdf_text,pdf_table,NULL,2673,NULL,NULL,https://cgwb.gov.in
meghalaya,west jaintia hills,amlarem,amlarem,Dauki,Dauki Station,25.2,92.03333,2018,8,August,0.7,2025.0,Safe,0.1116346999999999,0.1004712,0.0061129999999999,6.08,NULL,NULL,normalized_exact,0.7,valid,August_WL_1994-2025.pdf,GWRA_2025.pdf,NULL,local_pdf,local_pdf,official_web_fallback,pdf_text,pdf_table,NULL,2673,NULL,NULL,https://cgwb.gov.in
meghalaya,west jaintia hills,thadlaskein,thadlaskein,Jowai,Jowai Station,25.44167,92.175,2018,8,August,0.3,2025.0,Safe,0.1116346999999999,0.1004712,0.0061129999999999,6.08,NULL,NULL,normalized_exact,0.7,valid,August_WL_1994-2025.pdf,GWRA_2025.pdf,NULL,local_pdf,local_pdf,official_web_fallback,pdf_text,pdf_table,NULL,2673,NULL,NULL,https://cgwb.gov.in
meghalaya,east garo hills,dambo rongjeng,dambo rongjeng,Darugiri,Darugiri Station,25.61917,90.7675,2017,8,August,2.4,2025.0,Safe,0.0849275,0.0764346,0.003461,4.53,NULL,NULL,normalized_exact,0.7,valid,August_WL_1994-2025.pdf,GWRA_2025.pdf,NULL,local_pdf,local_pdf,official_web_fallback,pdf_text,pdf_table,NULL,3036,NULL,NULL,https://cgwb.gov.in
meghalaya,east garo hills,dambo rongjeng,dambo rongjeng,Narringirri,Narringirri Station,25.61028,90.73972,2017,8,August,2.6,2025.0,Safe,0.0849275,0.0764346,0.003461,4.53,NULL,NULL,normalized_exact,0.7,valid,August_WL_1994-2025.pdf,GWRA_2025.pdf,NULL,local_pdf,local_pdf,official_web_fallback,pdf_text,pdf_table,NULL,3036,NULL,NULL,https://cgwb.gov.in
meghalaya,east garo hills,dambo rongjeng,dambo rongjeng,Rongjeng,Rongjeng Station,25.66667,90.80417,2017,8,August,3.4,2025.0,Safe,0.0849275,0.0764346,0.003461,4.53,NULL,NULL,normalized_exact,0.7,valid,August_WL_1994-2025.pdf,GWRA_2025.pdf,NULL,local_pdf,local_pdf,official_web_fallback,pdf_text,pdf_table,NULL,3036,NULL,NULL,https://cgwb.gov.in
meghalaya,east garo hills,dambo rongjeng,dambo rongjeng,Rongmil,Rongmil Station,25.73611,90.82444,2017,8,August,2.5,2025.0,Safe,0.0849275,0.0764346,0.003461,4.53,NULL,NULL,normalized_exact,0.7,valid,August_WL_1994-2025.pdf,GWRA_2025.pdf,NULL,local_pdf,local_pdf,official_web_fallback,pdf_text,pdf_table,NULL,3036,NULL,NULL,https://cgwb.gov.in
meghalaya,east garo hills,samanda,samanda,Baiza Rongreng,Baiza Rongreng Station,25.5425,90.585,2017,8,August,2.5,2025.0,Safe,0.0849275,0.0764346,0.003461,4.53,NULL,NULL,normalized_exact,0.7,valid,August_WL_1994-2025.pdf,GWRA_2025.pdf,NULL,local_pdf,local_pdf,official_web_fallback,pdf_text,pdf_table,NULL,3036,NULL,NULL,https://cgwb.gov.in
meghalaya,east garo hills,samanda,samanda,Dobetkolgiri,Dobetkolgiri Station,25.50917,90.61167,2017,8,August,2.1,2025.0,Safe,0.0849275,0.0764346,0.003461,4.53,NULL,NULL,normalized_exact,0.7,valid,August_WL_1994-2025.pdf,GWRA_2025.pdf,NULL,local_pdf,local_pdf,official_web_fallback,pdf_text,pdf_table,NULL,3036,NULL,NULL,https://cgwb.gov.in
meghalaya,east garo hills,samanda,samanda,Samanda Megapagre,Samanda Megapagre Station,25.58004,90.52681,2017,8,August,2.1,2025.0,Safe,0.0849275,0.0764346,0.003461,4.53,NULL,NULL,normalized_exact,0.7,valid,August_WL_1994-2025.pdf,GWRA_2025.pdf,NULL,local_pdf,local_pdf,official_web_fallback,pdf_text,pdf_table,NULL,3036,NULL,NULL,https://cgwb.gov.in
meghalaya,east garo hills,samanda,samanda,Williamnagar,Williamnagar Station,25.51,90.51944,2017,8,August,1.1,2025.0,Safe,0.0849275,0.0764346,0.003461,4.53,NULL,NULL,normalized_exact,0.7,valid,August_WL_1994-2025.pdf,GWRA_2025.pdf,NULL,local_pdf,local_pdf,official_web_fallback,pdf_text,pdf_table,NULL,3036,NULL,NULL,https://cgwb.gov.in
meghalaya,east garo hills,songsak,songsak,Dobu,Dobu Station,25.55612,90.71481,2017,8,August,2.2,2025.0,Safe,0.0849275,0.0764346,0.003461,4.53,NULL,NULL,normalized_exact,0.7,valid,August_WL_1994-2025.pdf,GWRA_2025.pdf,NULL,local_pdf,local_pdf,official_web_fallback,pdf_text,pdf_table,NULL,3036,NULL,NULL,https://cgwb.gov.in
meghalaya,east garo hills,songsak,songsak,Songsak,Songsak Station,25.66333,90.61028,2017,8,August,1.4,2025.0,Safe,0.0849275,0.0764346,0.003461,4.53,NULL,NULL,normalized_exact,0.7,valid,August_WL_1994-2025.pdf,GWRA_2025.pdf,NULL,local_pdf,local_pdf,official_web_fallback,pdf_text,pdf_table,NULL,3036,NULL,NULL,https://cgwb.gov.in
meghalaya,east khasi hills,mawpat,mawpat,Mawpat,Mawpat Station,25.59278,91.91917,2017,8,August,0.2,2025.0,Safe,0.2181741,0.1963567,0.006982,3.56,NULL,NULL,normalized_exact,0.7,valid,August_WL_1994-2025.pdf,GWRA_2025.pdf,NULL,local_pdf,local_pdf,official_web_fallback,pdf_text,pdf_table,NULL,3036,NULL,NULL,https://cgwb.gov.in
meghalaya,east khasi hills,mawsynram,mawsynram,Dangar,Dangar Station,25.18889,91.38139,2017,8,August,0.3,2025.0,Safe,0.2181741,0.1963567,0.006982,3.56,NULL,NULL,normalized_exact,0.7,valid,August_WL_1994-2025.pdf,GWRA_2025.pdf,NULL,local_pdf,local_pdf,official_web_fallback,pdf_text,pdf_table,NULL,3036,NULL,NULL,https://cgwb.gov.in
meghalaya,east khasi hills,mylliem,mylliem,Lachuamiere,Lachuamiere Station,25.57056,91.89028,2017,8,August,0.4,2025.0,Safe,0.2181741,0.1963567,0.006982,3.56,NULL,NULL,normalized_exact,0.7,valid,August_WL_1994-2025.pdf,GWRA_2025.pdf,NULL,local_pdf,local_pdf,official_web_fallback,pdf_text,pdf_table,NULL,3036,NULL,NULL,https://cgwb.gov.in
meghalaya,east khasi hills,mylliem,mylliem,Nongmynsong,Nongmynsong Station,25.57972,91.90694,2017,8,August,1.3,2025.0,Safe,0.2181741,0.1963567,0.006982,3.56,NULL,NULL,normalized_exact,0.7,valid,August_WL_1994-2025.pdf,GWRA_2025.pdf,NULL,local_pdf,local_pdf,official_web_fallback,pdf_text,pdf_table,NULL,3036,NULL,NULL,https://cgwb.gov.in
meghalaya,east khasi hills,mylliem,mylliem,Shillong Dhankheti,Shillong Dhankheti Station,25.56611,91.89278,2017,8,August,1.5,2025.0,Safe,0.2181741,0.1963567,0.006982,3.56,NULL,NULL,normalized_exact,0.7,valid,August_WL_1994-2025.pdf,GWRA_2025.pdf,NULL,local_pdf,local_pdf,official_web_fallback,pdf_text,pdf_table,NULL,3036,NULL,NULL,https://cgwb.gov.in
meghalaya,east khasi hills,mylliem,mylliem,Shillong Golf Link,Shillong Golf Link Station,25.58194,91.89444,2017,8,August,1.7,2025.0,Safe,0.2181741,0.1963567,0.006982,3.56,NULL,NULL,normalized_exact,0.7,valid,August_WL_1994-2025.pdf,GWRA_2025.pdf,NULL,local_pdf,local_pdf,official_web_fallback,pdf_text,pdf_table,NULL,3036,NULL,NULL,https://cgwb.gov.in
meghalaya,east khasi hills,mylliem,mylliem,Water Resources Dept,Water Resources Dept Station,25.56556,91.89611,2017,8,August,0.5,2025.0,Safe,0.2181741,0.1963567,0.006982,3.56,NULL,NULL,normalized_exact,0.7,valid,August_WL_1994-2025.pdf,GWRA_2025.pdf,NULL,local_pdf,local_pdf,official_web_fallback,pdf_text,pdf_table,NULL,3036,NULL,NULL,https://cgwb.gov.in
meghalaya,west khasi hills,Mairang,Mairang,Mairang,Mairang Station,25.57778,91.64167,2017,8,August,0.5,2025.0,NULL,0.339654,0.3056885,0.0046341,1.52,NULL,NULL,historical_mapping,0.5,valid,August_WL_1994-2025.pdf,GWRA_2025.pdf,NULL,local_pdf,local_pdf,official_web_fallback,pdf_text,pdf_table,NULL,3036,NULL,NULL,https://cgwb.gov.in
meghalaya,north garo hills,bajengdoba,bajengdoba,Bajengdoba,Bajengdoba Station,25.88611,90.5125,2017,8,August,2.0,2025.0,Safe,0.0986029,0.0774368,0.0049870999999999,6.44,NULL,NULL,normalized_exact,0.7,valid,August_WL_1994-2025.pdf,GWRA_2025.pdf,NULL,local_pdf,local_pdf,official_web_fallback,pdf_text,pdf_table,NULL,3036,NULL,NULL,https://cgwb.gov.in
meghalaya,north garo hills,bajengdoba,bajengdoba,Snalgre,Snalgre Station,25.74882,90.40422,2017,8,August,2.2,2025.0,Safe,0.0986029,0.0774368,0.0049870999999999,6.44,NULL,NULL,normalized_exact,0.7,valid,August_WL_1994-2025.pdf,GWRA_2025.pdf,NULL,local_pdf,local_pdf,official_web_fallback,pdf_text,pdf_table,NULL,3036,NULL,NULL,https://cgwb.gov.in
meghalaya,north garo hills,kharkutta,kharkutta,Kharkutta,Kharkutta Station,25.90556,90.89444,2017,8,August,2.2,2025.0,Safe,0.0986029,0.0774368,0.0049870999999999,6.44,NULL,NULL,normalized_exact,0.7,valid,August_WL_1994-2025.pdf,GWRA_2025.pdf,NULL,local_pdf,local_pdf,official_web_fallback,pdf_text,pdf_table,NULL,3036,NULL,NULL,https://cgwb.gov.in
meghalaya,north garo hills,resubelpara,resubelpara,Dainadubi,Dainadubi Station,25.89889,90.7775,2017,8,August,2.3,2025.0,Safe,0.0986029,0.0774368,0.0049870999999999,6.44,NULL,NULL,normalized_exact,0.7,valid,August_WL_1994-2025.pdf,GWRA_2025.pdf,NULL,local_pdf,local_pdf,official_web_fallback,pdf_text,pdf_table,NULL,3036,NULL,NULL,https://cgwb.gov.in
meghalaya,north garo hills,resubelpara,resubelpara,Mendal,Mendal Station,25.82472,90.46583,2017,8,August,1.5,2025.0,Safe,0.0986029,0.0774368,0.0049870999999999,6.44,NULL,NULL,normalized_exact,0.7,valid,August_WL_1994-2025.pdf,GWRA_2025.pdf,NULL,local_pdf,local_pdf,official_web_fallback,pdf_text,pdf_table,NULL,3036,NULL,NULL,https://cgwb.gov.in
meghalaya,north garo hills,resubelpara,resubelpara,Mendipathar,Mendipathar Station,25.92083,90.50833,2017,8,August,2.2,2025.0,Safe,0.0986029,0.0774368,0.0049870999999999,6.44,NULL,NULL,normalized_exact,0.7,valid,August_WL_1994-2025.pdf,GWRA_2025.pdf,NULL,local_pdf,local_pdf,official_web_fallback,pdf_text,pdf_table,NULL,3036,NULL,NULL,https://cgwb.gov.in
meghalaya,ri bhoi,bhoirymbong,bhoirymbong,Umroi Maidan,Umroi Maidan Station,25.71833,91.97278,2017,8,August,0.9,2025.0,Safe,0.0648369999999999,0.0583534,0.0035481,6.08,NULL,NULL,normalized_exact,0.7,valid,August_WL_1994-2025.pdf,GWRA_2025.pdf,NULL,local_pdf,local_pdf,official_web_fallback,pdf_text,pdf_table,NULL,3036,NULL,NULL,https://cgwb.gov.in
meghalaya,ri bhoi,jirang,jirang,Patharkhamma Barigaon,Patharkhamma Barigaon Station,25.87139,91.59472,2017,8,August,2.6,2025.0,Safe,0.0648369999999999,0.0583534,0.0035481,6.08,NULL,NULL,normalized_exact,0.7,valid,August_WL_1994-2025.pdf,GWRA_2025.pdf,NULL,local_pdf,local_pdf,official_web_fallback,pdf_text,pdf_table,NULL,3036,NULL,NULL,https://cgwb.gov.in
meghalaya,ri bhoi,umling,umling,Byrnihat,Byrnihat Station,26.04889,91.86889,2017,8,August,1.0,2025.0,Safe,0.0648369999999999,0.0583534,0.0035481,6.08,NULL,NULL,normalized_exact,0.7,valid,August_WL_1994-2025.pdf,GWRA_2025.pdf,NULL,local_pdf,local_pdf,official_web_fallback,pdf_text,pdf_table,NULL,3036,NULL,NULL,https://cgwb.gov.in
meghalaya,ri bhoi,umling,umling,Pahanmawlien,Pahanmawlien Station,25.99472,91.86167,2017,8,August,0.7,2025.0,Safe,0.0648369999999999,0.0583534,0.0035481,6.08,NULL,NULL,normalized_exact,0.7,valid,August_WL_1994-2025.pdf,GWRA_2025.pdf,NULL,local_pdf,local_pdf,official_web_fallback,pdf_text,pdf_table,NULL,3036,NULL,NULL,https://cgwb.gov.in
meghalaya,ri bhoi,umling,umling,Tamenpoanglong,Tamenpoanglong Station,25.92583,91.94472,2017,8,August,1.1,2025.0,Safe,0.0648369999999999,0.0583534,0.0035481,6.08,NULL,NULL,normalized_exact,0.7,valid,August_WL_1994-2025.pdf,GWRA_2025.pdf,NULL,local_pdf,local_pdf,official_web_fallback,pdf_text,pdf_table,NULL,3036,NULL,NULL,https://cgwb.gov.in
meghalaya,ri bhoi,umsning,umsning,Mawtari Myrdon,Mawtari Myrdon Station,25.8025,91.84639,2017,8,August,7.4,2025.0,Safe,0.0648369999999999,0.0583534,0.0035481,6.08,NULL,NULL,normalized_exact,0.7,valid,August_WL_1994-2025.pdf,GWRA_2025.pdf,NULL,local_pdf,local_pdf,official_web_fallback,pdf_text,pdf_table,NULL,3036,NULL,NULL,https://cgwb.gov.in
meghalaya,ri bhoi,umsning,umsning,Nayabunglow,Nayabunglow Station,25.74667,91.88667,2017,8,August,2.5,2025.0,Safe,0.0648369999999999,0.0583534,0.0035481,6.08,NULL,NULL,normalized_exact,0.7,valid,August_WL_1994-2025.pdf,GWRA_2025.pdf,NULL,local_pdf,local_pdf,official_web_fallback,pdf_text,pdf_table,NULL,3036,NULL,NULL,https://cgwb.gov.in
meghalaya,south west garo hills,betasing,betasing,Ampati,Ampati Station,25.5,89.95833,2017,8,August,0.8,2025.0,Safe,0.079896,0.0387598,0.0076644,19.77,NULL,NULL,normalized_exact,0.7,valid,August_WL_1994-2025.pdf,GWRA_2025.pdf,NULL,local_pdf,local_pdf,official_web_fallback,pdf_text,pdf_table,NULL,3036,NULL,NULL,https://cgwb.gov.in
meghalaya,south west garo hills,betasing,betasing,Betasing,Betasing Station,25.51339,89.95672,2017,8,August,1.8,2025.0,Safe,0.079896,0.0387598,0.0076644,19.77,NULL,NULL,normalized_exact,0.7,valid,August_WL_1994-2025.pdf,GWRA_2025.pdf,NULL,local_pdf,local_pdf,official_web_fallback,pdf_text,pdf_table,NULL,3036,NULL,NULL,https://cgwb.gov.in
meghalaya,south west garo hills,rerapara,rerapara,Garobandha,Garobandha Station,25.58028,90.02222,2017,8,August,2.0,2025.0,Safe,0.079896,0.0387598,0.0076644,19.77,NULL,NULL,normalized_exact,0.7,valid,August_WL_1994-2025.pdf,GWRA_2025.pdf,NULL,local_pdf,local_pdf,official_web_fallback,pdf_text,pdf_table,NULL,3036,NULL,NULL,https://cgwb.gov.in
meghalaya,south west garo hills,zikzak,zikzak,Mahendraganj,Mahendraganj Station,25.30556,89.85417,2017,8,August,2.5,2025.0,Safe,0.079896,0.0387598,0.0076644,19.77,NULL,NULL,normalized_exact,0.7,valid,August_WL_1994-2025.pdf,GWRA_2025.pdf,NULL,local_pdf,local_pdf,official_web_fallback,pdf_text,pdf_table,NULL,3037,NULL,NULL,https://cgwb.gov.in
meghalaya,south west garo hills,zikzak,zikzak,Zikzak,Zikzak Station,25.39111,89.89889,2017,8,August,5.2,2025.0,Safe,0.079896,0.0387598,0.0076644,19.77,NULL,NULL,normalized_exact,0.7,valid,August_WL_1994-2025.pdf,GWRA_2025.pdf,NULL,local_pdf,local_pdf,official_web_fallback,pdf_text,pdf_table,NULL,3037,NULL,NULL,https://cgwb.gov.in
meghalaya,west garo hills,batabari,batabari,Rajabala,Rajabala Station,25.75556,89.98083,2017,8,August,3.5,2025.0,Safe,0.2912522,0.1904695,0.036739,19.29,NULL,NULL,normalized_exact,0.7,valid,August_WL_1994-2025.pdf,GWRA_2025.pdf,NULL,local_pdf,local_pdf,official_web_fallback,pdf_text,pdf_table,NULL,3037,NULL,NULL,https://cgwb.gov.in
meghalaya,west garo hills,dalu,dalu,Dalu,Dalu Station,25.22778,90.2125,2017,8,August,3.0,2025.0,Safe,0.2912522,0.1904695,0.036739,19.29,NULL,NULL,normalized_exact,0.7,valid,August_WL_1994-2025.pdf,GWRA_2025.pdf,NULL,local_pdf,local_pdf,official_web_fallback,pdf_text,pdf_table,NULL,3037,NULL,NULL,https://cgwb.gov.in
meghalaya,west garo hills,dalu,dalu,Porakhasia,Porakhasia Station,25.3,90.01667,2017,8,August,2.6,2025.0,Safe,0.2912522,0.1904695,0.036739,19.29,NULL,NULL,normalized_exact,0.7,valid,August_WL_1994-2025.pdf,GWRA_2025.pdf,NULL,local_pdf,local_pdf,official_web_fallback,pdf_text,pdf_table,NULL,3037,NULL,NULL,https://cgwb.gov.in
meghalaya,west garo hills,demdema,demdema,Nidanpur,Nidanpur Station,25.9125,90.12778,2017,8,August,1.9,2025.0,Safe,0.2912522,0.1904695,0.036739,19.29,NULL,NULL,normalized_exact,0.7,valid,August_WL_1994-2025.pdf,GWRA_2025.pdf,NULL,local_pdf,local_pdf,official_web_fallback,pdf_text,pdf_table,NULL,3037,NULL,NULL,https://cgwb.gov.in
meghalaya,west garo hills,rongram,rongram,Asanang,Asanang Station,25.59944,90.27556,2017,8,August,3.4,2025.0,Safe,0.2912522,0.1904695,0.036739,19.29,NULL,NULL,normalized_exact,0.7,valid,August_WL_1994-2025.pdf,GWRA_2025.pdf,NULL,local_pdf,local_pdf,official_web_fallback,pdf_text,pdf_table,NULL,3037,NULL,NULL,https://cgwb.gov.in
meghalaya,west garo hills,rongram,rongram,Baljek,Baljek Station,25.66439,90.34159,2017,8,August,0.7,2025.0,Safe,0.2912522,0.1904695,0.036739,19.29,NULL,NULL,normalized_exact,0.7,valid,August_WL_1994-2025.pdf,GWRA_2025.pdf,NULL,local_pdf,local_pdf,official_web_fallback,pdf_text,pdf_table,NULL,3037,NULL,NULL,https://cgwb.gov.in
meghalaya,west garo hills,rongram,rongram,Rongram,Rongram Station,25.59408,90.24997,2017,8,August,2.2,2025.0,Safe,0.2912522,0.1904695,0.036739,19.29,NULL,NULL,normalized_exact,0.7,valid,August_WL_1994-2025.pdf,GWRA_2025.pdf,NULL,local_pdf,local_pdf,official_web_fallback,pdf_text,pdf_table,NULL,3037,NULL,NULL,https://cgwb.gov.in
meghalaya,west garo hills,salsella,salsella,Damjongre,Damjongre Station,25.61354,90.0359,2017,8,August,2.2,2025.0,Safe,0.2912522,0.1904695,0.036739,19.29,NULL,NULL,normalized_exact,0.7,valid,August_WL_1994-2025.pdf,GWRA_2025.pdf,NULL,local_pdf,local_pdf,official_web_fallback,pdf_text,pdf_table,NULL,3037,NULL,NULL,https://cgwb.gov.in
meghalaya,west garo hills,salsella,salsella,Phulbari,Phulbari Station,25.88333,90.05,2017,8,August,2.0,2025.0,Safe,0.2912522,0.1904695,0.036739,19.29,NULL,NULL,normalized_exact,0.7,valid,August_WL_1994-2025.pdf,GWRA_2025.pdf,NULL,local_pdf,local_pdf,official_web_fallback,pdf_text,pdf_table,NULL,3037,NULL,NULL,https://cgwb.gov.in
meghalaya,west garo hills,salsella,salsella,Salsella,Salsella Station,25.69472,90.01389,2017,8,August,1.2,2025.0,Safe,0.2912522,0.1904695,0.036739,19.29,NULL,NULL,normalized_exact,0.7,valid,August_WL_1994-2025.pdf,GWRA_2025.pdf,NULL,local_pdf,local_pdf,official_web_fallback,pdf_text,pdf_table,NULL,3037,NULL,NULL,https://cgwb.gov.in
meghalaya,west garo hills,tikrikilla,tikrikilla,Belguri,Belguri Station,25.96389,90.34278,2017,8,August,3.5,2025.0,Safe,0.2912522,0.1904695,0.036739,19.29,NULL,NULL,normalized_exact,0.7,valid,August_WL_1994-2025.pdf,GWRA_2025.pdf,NULL,local_pdf,local_pdf,official_web_fallback,pdf_text,pdf_table,NULL,3037,NULL,NULL,https://cgwb.gov.in
meghalaya,west garo hills,tikrikilla,tikrikilla,Phutamamri,Phutamamri Station,25.94333,90.22,2017,8,August,2.4,2025.0,Safe,0.2912522,0.1904695,0.036739,19.29,NULL,NULL,normalized_exact,0.7,valid,August_WL_1994-2025.pdf,GWRA_2025.pdf,NULL,local_pdf,local_pdf,official_web_fallback,pdf_text,pdf_table,NULL,3037,NULL,NULL,https://cgwb.gov.in
meghalaya,west garo hills,tikrikilla,tikrikilla,Tikrikilla,Tikrikilla Station,25.94583,90.24444,2017,8,August,1.9,2025.0,Safe,0.2912522,0.1904695,0.036739,19.29,NULL,NULL,normalized_exact,0.7,valid,August_WL_1994-2025.pdf,GWRA_2025.pdf,NULL,local_pdf,local_pdf,official_web_fallback,pdf_text,pdf_table,NULL,3037,NULL,NULL,https://cgwb.gov.in
meghalaya,west jaintia hills,amlarem,amlarem,Dauki,Dauki Station,25.2,92.03333,2017,8,August,0.7,2025.0,Safe,0.1116346999999999,0.1004712,0.0061129999999999,6.08,NULL,NULL,normalized_exact,0.7,valid,August_WL_1994-2025.pdf,GWRA_2025.pdf,NULL,local_pdf,local_pdf,official_web_fallback,pdf_text,pdf_table,NULL,3037,NULL,NULL,https://cgwb.gov.in
meghalaya,west jaintia hills,thadlaskein,thadlaskein,Jowai,Jowai Station,25.44167,92.175,2017,8,August,0.2,2025.0,Safe,0.1116346999999999,0.1004712,0.0061129999999999,6.08,NULL,NULL,normalized_exact,0.7,valid,August_WL_1994-2025.pdf,GWRA_2025.pdf,NULL,local_pdf,local_pdf,official_web_fallback,pdf_text,pdf_table,NULL,3037,NULL,NULL,https://cgwb.gov.in
meghalaya,east garo hills,dambo rongjeng,dambo rongjeng,Darugiri,Darugiri Station,25.61917,90.7675,2016,8,August,2.2,2025.0,Safe,0.0849275,0.0764346,0.003461,4.53,NULL,NULL,normalized_exact,0.7,valid,August_WL_1994-2025.pdf,GWRA_2025.pdf,NULL,local_pdf,local_pdf,official_web_fallback,pdf_text,pdf_table,NULL,3398,NULL,NULL,https://cgwb.gov.in
meghalaya,east garo hills,dambo rongjeng,dambo rongjeng,Narringirri,Narringirri Station,25.61028,90.73972,2016,8,August,3.1,2025.0,Safe,0.0849275,0.0764346,0.003461,4.53,NULL,NULL,normalized_exact,0.7,valid,August_WL_1994-2025.pdf,GWRA_2025.pdf,NULL,local_pdf,local_pdf,official_web_fallback,pdf_text,pdf_table,NULL,3398,NULL,NULL,https://cgwb.gov.in
meghalaya,east garo hills,dambo rongjeng,dambo rongjeng,Rongjeng,Rongjeng Station,25.66667,90.80417,2016,8,August,4.9,2025.0,Safe,0.0849275,0.0764346,0.003461,4.53,NULL,NULL,normalized_exact,0.7,valid,August_WL_1994-2025.pdf,GWRA_2025.pdf,NULL,local_pdf,local_pdf,official_web_fallback,pdf_text,pdf_table,NULL,3398,NULL,NULL,https://cgwb.gov.in
meghalaya,east garo hills,dambo rongjeng,dambo rongjeng,Rongmil,Rongmil Station,25.73611,90.82444,2016,8,August,2.8,2025.0,Safe,0.0849275,0.0764346,0.003461,4.53,NULL,NULL,normalized_exact,0.7,valid,August_WL_1994-2025.pdf,GWRA_2025.pdf,NULL,local_pdf,local_pdf,official_web_fallback,pdf_text,pdf_table,NULL,3398,NULL,NULL,https://cgwb.gov.in
meghalaya,east garo hills,samanda,samanda,Baiza Rongreng,Baiza Rongreng Station,25.5425,90.585,2016,8,August,2.7,2025.0,Safe,0.0849275,0.0764346,0.003461,4.53,NULL,NULL,normalized_exact,0.7,valid,August_WL_1994-2025.pdf,GWRA_2025.pdf,NULL,local_pdf,local_pdf,official_web_fallback,pdf_text,pdf_table,NULL,3398,NULL,NULL,https://cgwb.gov.in
meghalaya,east garo hills,samanda,samanda,Dobetkolgiri,Dobetkolgiri Station,25.50917,90.61167,2016,8,August,2.3,2025.0,Safe,0.0849275,0.0764346,0.003461,4.53,NULL,NULL,normalized_exact,0.7,valid,August_WL_1994-2025.pdf,GWRA_2025.pdf,NULL,local_pdf,local_pdf,official_web_fallback,pdf_text,pdf_table,NULL,3398,NULL,NULL,https://cgwb.gov.in
meghalaya,east garo hills,samanda,samanda,Samanda Megapagre,Samanda Megapagre Station,25.58004,90.52681,2016,8,August,2.7,2025.0,Safe,0.0849275,0.0764346,0.003461,4.53,NULL,NULL,normalized_exact,0.7,valid,August_WL_1994-2025.pdf,GWRA_2025.pdf,NULL,local_pdf,local_pdf,official_web_fallback,pdf_text,pdf_table,NULL,3398,NULL,NULL,https://cgwb.gov.in
meghalaya,east garo hills,samanda,samanda,Williamnagar,Williamnagar Station,25.51,90.51944,2016,8,August,1.4,2025.0,Safe,0.0849275,0.0764346,0.003461,4.53,NULL,NULL,normalized_exact,0.7,valid,August_WL_1994-2025.pdf,GWRA_2025.pdf,NULL,local_pdf,local_pdf,official_web_fallback,pdf_text,pdf_table,NULL,3398,NULL,NULL,https://cgwb.gov.in
meghalaya,east garo hills,songsak,songsak,Dobu,Dobu Station,25.55612,90.71481,2016,8,August,2.6,2025.0,Safe,0.0849275,0.0764346,0.003461,4.53,NULL,NULL,normalized_exact,0.7,valid,August_WL_1994-2025.pdf,GWRA_2025.pdf,NULL,local_pdf,local_pdf,official_web_fallback,pdf_text,pdf_table,NULL,3398,NULL,NULL,https://cgwb.gov.in
meghalaya,east garo hills,songsak,songsak,Songsak,Songsak Station,25.66333,90.61028,2016,8,August,1.4,2025.0,Safe,0.0849275,0.0764346,0.003461,4.53,NULL,NULL,normalized_exact,0.7,valid,August_WL_1994-2025.pdf,GWRA_2025.pdf,NULL,local_pdf,local_pdf,official_web_fallback,pdf_text,pdf_table,NULL,3398,NULL,NULL,https://cgwb.gov.in
meghalaya,east khasi hills,mawpat,mawpat,Mawpat,Mawpat Station,25.59278,91.91917,2016,8,August,0.7,2025.0,Safe,0.2181741,0.1963567,0.006982,3.56,NULL,NULL,normalized_exact,0.7,valid,August_WL_1994-2025.pdf,GWRA_2025.pdf,NULL,local_pdf,local_pdf,official_web_fallback,pdf_text,pdf_table,NULL,3398,NULL,NULL,https://cgwb.gov.in
meghalaya,east khasi hills,mawpat,mawpat,Rynjah,Rynjah Station,25.58028,91.9,2016,8,August,17.2,2025.0,Safe,0.2181741,0.1963567,0.006982,3.56,NULL,NULL,normalized_exact,0.7,valid,August_WL_1994-2025.pdf,GWRA_2025.pdf,NULL,local_pdf,local_pdf,official_web_fallback,pdf_text,pdf_table,NULL,3398,NULL,NULL,https://cgwb.gov.in
meghalaya,east khasi hills,mawsynram,mawsynram,Balat,Balat Station,25.20556,91.4,2016,8,August,3.7,2025.0,Safe,0.2181741,0.1963567,0.006982,3.56,NULL,NULL,normalized_exact,0.7,valid,August_WL_1994-2025.pdf,GWRA_2025.pdf,NULL,local_pdf,local_pdf,official_web_fallback,pdf_text,pdf_table,NULL,3398,NULL,NULL,https://cgwb.gov.in
meghalaya,east khasi hills,mylliem,mylliem,Lachuamiere,Lachuamiere Station,25.57056,91.89028,2016,8,August,0.7,2025.0,Safe,0.2181741,0.1963567,0.006982,3.56,NULL,NULL,normalized_exact,0.7,valid,August_WL_1994-2025.pdf,GWRA_2025.pdf,NULL,local_pdf,local_pdf,official_web_fallback,pdf_text,pdf_table,NULL,3398,NULL,NULL,https://cgwb.gov.in
meghalaya,east khasi hills,mylliem,mylliem,Nongmynsong,Nongmynsong Station,25.57972,91.90694,2016,8,August,2.5,2025.0,Safe,0.2181741,0.1963567,0.006982,3.56,NULL,NULL,normalized_exact,0.7,valid,August_WL_1994-2025.pdf,GWRA_2025.pdf,NULL,local_pdf,local_pdf,official_web_fallback,pdf_text,pdf_table,NULL,3398,NULL,NULL,https://cgwb.gov.in
meghalaya,east khasi hills,mylliem,mylliem,Shillong Dhankheti,Shillong Dhankheti Station,25.56611,91.89278,2016,8,August,1.8,2025.0,Safe,0.2181741,0.1963567,0.006982,3.56,NULL,NULL,normalized_exact,0.7,valid,August_WL_1994-2025.pdf,GWRA_2025.pdf,NULL,local_pdf,local_pdf,official_web_fallback,pdf_text,pdf_table,NULL,3398,NULL,NULL,https://cgwb.gov.in
meghalaya,east khasi hills,mylliem,mylliem,Shillong Golf Link,Shillong Golf Link Station,25.58194,91.89444,2016,8,August,2.4,2025.0,Safe,0.2181741,0.1963567,0.006982,3.56,NULL,NULL,normalized_exact,0.7,valid,August_WL_1994-2025.pdf,GWRA_2025.pdf,NULL,local_pdf,local_pdf,official_web_fallback,pdf_text,pdf_table,NULL,3398,NULL,NULL,https://cgwb.gov.in
meghalaya,east khasi hills,shella bholaganj,shella bholaganj,Cherrapunji,Cherrapunji Station,25.28333,91.71667,2016,8,August,0.1,2025.0,Safe,0.2181741,0.1963567,0.006982,3.56,NULL,NULL,normalized_exact,0.7,valid,August_WL_1994-2025.pdf,GWRA_2025.pdf,NULL,local_pdf,local_pdf,official_web_fallback,pdf_text,pdf_table,NULL,3398,NULL,NULL,https://cgwb.gov.in
meghalaya,west khasi hills,Mairang,Mairang,Mairang,Mairang Station,25.57778,91.64167,2016,8,August,0.5,2025.0,NULL,0.339654,0.3056885,0.0046341,1.52,NULL,NULL,historical_mapping,0.5,valid,August_WL_1994-2025.pdf,GWRA_2025.pdf,NULL,local_pdf,local_pdf,official_web_fallback,pdf_text,pdf_table,NULL,3398,NULL,NULL,https://cgwb.gov.in
meghalaya,north garo hills,bajengdoba,bajengdoba,Bajengdoba,Bajengdoba Station,25.88611,90.5125,2016,8,August,2.3,2025.0,Safe,0.0986029,0.0774368,0.0049870999999999,6.44,NULL,NULL,normalized_exact,0.7,valid,August_WL_1994-2025.pdf,GWRA_2025.pdf,NULL,local_pdf,local_pdf,official_web_fallback,pdf_text,pdf_table,NULL,3398,NULL,NULL,https://cgwb.gov.in
meghalaya,north garo hills,kharkutta,kharkutta,Kharkutta,Kharkutta Station,25.90556,90.89444,2016,8,August,2.3,2025.0,Safe,0.0986029,0.0774368,0.0049870999999999,6.44,NULL,NULL,normalized_exact,0.7,valid,August_WL_1994-2025.pdf,GWRA_2025.pdf,NULL,local_pdf,local_pdf,official_web_fallback,pdf_text,pdf_table,NULL,3398,NULL,NULL,https://cgwb.gov.in
meghalaya,north garo hills,resubelpara,resubelpara,Dainadubi,Dainadubi Station,25.89889,90.7775,2016,8,August,2.4,2025.0,Safe,0.0986029,0.0774368,0.0049870999999999,6.44,NULL,NULL,normalized_exact,0.7,valid,August_WL_1994-2025.pdf,GWRA_2025.pdf,NULL,local_pdf,local_pdf,official_web_fallback,pdf_text,pdf_table,NULL,3398,NULL,NULL,https://cgwb.gov.in
meghalaya,north garo hills,resubelpara,resubelpara,Mendal,Mendal Station,25.82472,90.46583,2016,8,August,1.6,2025.0,Safe,0.0986029,0.0774368,0.0049870999999999,6.44,NULL,NULL,normalized_exact,0.7,valid,August_WL_1994-2025.pdf,GWRA_2025.pdf,NULL,local_pdf,local_pdf,official_web_fallback,pdf_text,pdf_table,NULL,3398,NULL,NULL,https://cgwb.gov.in
meghalaya,north garo hills,resubelpara,resubelpara,Mendipathar,Mendipathar Station,25.92083,90.50833,2016,8,August,2.5,2025.0,Safe,0.0986029,0.0774368,0.0049870999999999,6.44,NULL,NULL,normalized_exact,0.7,valid,August_WL_1994-2025.pdf,GWRA_2025.pdf,NULL,local_pdf,local_pdf,official_web_fallback,pdf_text,pdf_table,NULL,3398,NULL,NULL,https://cgwb.gov.in
meghalaya,ri bhoi,nongpoh,nongpoh,Nongpoh,Nongpoh Station,25.9,91.88333,2016,8,August,2.0,2025.0,Safe,0.0648369999999999,0.0583534,0.0035481,6.08,NULL,NULL,normalized_exact,0.7,valid,August_WL_1994-2025.pdf,GWRA_2025.pdf,NULL,local_pdf,local_pdf,official_web_fallback,pdf_text,pdf_table,NULL,3398,NULL,NULL,https://cgwb.gov.in
meghalaya,ri bhoi,umling,umling,Byrnihat,Byrnihat Station,26.04889,91.86889,2016,8,August,1.7,2025.0,Safe,0.0648369999999999,0.0583534,0.0035481,6.08,NULL,NULL,normalized_exact,0.7,valid,August_WL_1994-2025.pdf,GWRA_2025.pdf,NULL,local_pdf,local_pdf,official_web_fallback,pdf_text,pdf_table,NULL,3398,NULL,NULL,https://cgwb.gov.in
meghalaya,ri bhoi,umling,umling,Pahanmawlien,Pahanmawlien Station,25.99472,91.86167,2016,8,August,0.9,2025.0,Safe,0.0648369999999999,0.0583534,0.0035481,6.08,NULL,NULL,normalized_exact,0.7,valid,August_WL_1994-2025.pdf,GWRA_2025.pdf,NULL,local_pdf,local_pdf,official_web_fallback,pdf_text,pdf_table,NULL,3398,NULL,NULL,https://cgwb.gov.in
meghalaya,ri bhoi,umsning,umsning,Mawtari Myrdon,Mawtari Myrdon Station,25.8025,91.84639,2016,8,August,8.2,2025.0,Safe,0.0648369999999999,0.0583534,0.0035481,6.08,NULL,NULL,normalized_exact,0.7,valid,August_WL_1994-2025.pdf,GWRA_2025.pdf,NULL,local_pdf,local_pdf,official_web_fallback,pdf_text,pdf_table,NULL,3398,NULL,NULL,https://cgwb.gov.in
meghalaya,ri bhoi,umsning,umsning,Nayabunglow,Nayabunglow Station,25.74667,91.88667,2016,8,August,4.0,2025.0,Safe,0.0648369999999999,0.0583534,0.0035481,6.08,NULL,NULL,normalized_exact,0.7,valid,August_WL_1994-2025.pdf,GWRA_2025.pdf,NULL,local_pdf,local_pdf,official_web_fallback,pdf_text,pdf_table,NULL,3398,NULL,NULL,https://cgwb.gov.in
meghalaya,south west garo hills,rerapara,rerapara,Garobandha,Garobandha Station,25.58028,90.02222,2016,8,August,2.7,2025.0,Safe,0.079896,0.0387598,0.0076644,19.77,NULL,NULL,normalized_exact,0.7,valid,August_WL_1994-2025.pdf,GWRA_2025.pdf,NULL,local_pdf,local_pdf,official_web_fallback,pdf_text,pdf_table,NULL,3399,NULL,NULL,https://cgwb.gov.in
meghalaya,west garo hills,batabari,batabari,Rajabala,Rajabala Station,25.75556,89.98083,2016,8,August,4.3,2025.0,Safe,0.2912522,0.1904695,0.036739,19.29,NULL,NULL,normalized_exact,0.7,valid,August_WL_1994-2025.pdf,GWRA_2025.pdf,NULL,local_pdf,local_pdf,official_web_fallback,pdf_text,pdf_table,NULL,3399,NULL,NULL,https://cgwb.gov.in
meghalaya,west garo hills,demdema,demdema,Nidanpur,Nidanpur Station,25.9125,90.12778,2016,8,August,2.0,2025.0,Safe,0.2912522,0.1904695,0.036739,19.29,NULL,NULL,normalized_exact,0.7,valid,August_WL_1994-2025.pdf,GWRA_2025.pdf,NULL,local_pdf,local_pdf,official_web_fallback,pdf_text,pdf_table,NULL,3399,NULL,NULL,https://cgwb.gov.in
meghalaya,west garo hills,rongram,rongram,Asanang,Asanang Station,25.59944,90.27556,2016,8,August,4.1,2025.0,Safe,0.2912522,0.1904695,0.036739,19.29,NULL,NULL,normalized_exact,0.7,valid,August_WL_1994-2025.pdf,GWRA_2025.pdf,NULL,local_pdf,local_pdf,official_web_fallback,pdf_text,pdf_table,NULL,3399,NULL,NULL,https://cgwb.gov.in
meghalaya,west garo hills,rongram,rongram,Baljek,Baljek Station,25.66439,90.34159,2016,8,August,2.4,2025.0,Safe,0.2912522,0.1904695,0.036739,19.29,NULL,NULL,normalized_exact,0.7,valid,August_WL_1994-2025.pdf,GWRA_2025.pdf,NULL,local_pdf,local_pdf,official_web_fallback,pdf_text,pdf_table,NULL,3399,NULL,NULL,https://cgwb.gov.in
meghalaya,west garo hills,rongram,rongram,Rongram,Rongram Station,25.59408,90.24997,2016,8,August,2.4,2025.0,Safe,0.2912522,0.1904695,0.036739,19.29,NULL,NULL,normalized_exact,0.7,valid,August_WL_1994-2025.pdf,GWRA_2025.pdf,NULL,local_pdf,local_pdf,official_web_fallback,pdf_text,pdf_table,NULL,3399,NULL,NULL,https://cgwb.gov.in
meghalaya,west garo hills,salsella,salsella,Damjongre,Damjongre Station,25.61354,90.0359,2016,8,August,2.2,2025.0,Safe,0.2912522,0.1904695,0.036739,19.29,NULL,NULL,normalized_exact,0.7,valid,August_WL_1994-2025.pdf,GWRA_2025.pdf,NULL,local_pdf,local_pdf,official_web_fallback,pdf_text,pdf_table,NULL,3399,NULL,NULL,https://cgwb.gov.in
meghalaya,west garo hills,salsella,salsella,Phulbari,Phulbari Station,25.88333,90.05,2016,8,August,2.3,2025.0,Safe,0.2912522,0.1904695,0.036739,19.29,NULL,NULL,normalized_exact,0.7,valid,August_WL_1994-2025.pdf,GWRA_2025.pdf,NULL,local_pdf,local_pdf,official_web_fallback,pdf_text,pdf_table,NULL,3399,NULL,NULL,https://cgwb.gov.in
meghalaya,west garo hills,salsella,salsella,Salsella,Salsella Station,25.69472,90.01389,2016,8,August,1.1,2025.0,Safe,0.2912522,0.1904695,0.036739,19.29,NULL,NULL,normalized_exact,0.7,valid,August_WL_1994-2025.pdf,GWRA_2025.pdf,NULL,local_pdf,local_pdf,official_web_fallback,pdf_text,pdf_table,NULL,3399,NULL,NULL,https://cgwb.gov.in
meghalaya,west garo hills,tikrikilla,tikrikilla,Belguri,Belguri Station,25.96389,90.34278,2016,8,August,6.0,2025.0,Safe,0.2912522,0.1904695,0.036739,19.29,NULL,NULL,normalized_exact,0.7,valid,August_WL_1994-2025.pdf,GWRA_2025.pdf,NULL,local_pdf,local_pdf,official_web_fallback,pdf_text,pdf_table,NULL,3399,NULL,NULL,https://cgwb.gov.in
meghalaya,west garo hills,tikrikilla,tikrikilla,Phutamamri,Phutamamri Station,25.94333,90.22,2016,8,August,2.5,2025.0,Safe,0.2912522,0.1904695,0.036739,19.29,NULL,NULL,normalized_exact,0.7,valid,August_WL_1994-2025.pdf,GWRA_2025.pdf,NULL,local_pdf,local_pdf,official_web_fallback,pdf_text,pdf_table,NULL,3399,NULL,NULL,https://cgwb.gov.in
meghalaya,west garo hills,tikrikilla,tikrikilla,Tikrikilla,Tikrikilla Station,25.94583,90.24444,2016,8,August,1.9,2025.0,Safe,0.2912522,0.1904695,0.036739,19.29,NULL,NULL,normalized_exact,0.7,valid,August_WL_1994-2025.pdf,GWRA_2025.pdf,NULL,local_pdf,local_pdf,official_web_fallback,pdf_text,pdf_table,NULL,3399,NULL,NULL,https://cgwb.gov.in
meghalaya,west jaintia hills,thadlaskein,thadlaskein,Jowai,Jowai Station,25.44167,92.175,2016,8,August,0.3,2025.0,Safe,0.1116346999999999,0.1004712,0.0061129999999999,6.08,NULL,NULL,normalized_exact,0.7,valid,August_WL_1994-2025.pdf,GWRA_2025.pdf,NULL,local_pdf,local_pdf,official_web_fallback,pdf_text,pdf_table,NULL,3399,NULL,NULL,https://cgwb.gov.in
meghalaya,east garo hills,dambo rongjeng,dambo rongjeng,Darugiri,Darugiri Station,25.61917,90.7675,2015,8,August,2.2,2025.0,Safe,0.0849275,0.0764346,0.003461,4.53,NULL,NULL,normalized_exact,0.7,valid,August_WL_1994-2025.pdf,GWRA_2025.pdf,NULL,local_pdf,local_pdf,official_web_fallback,pdf_text,pdf_table,NULL,3763,NULL,NULL,https://cgwb.gov.in
meghalaya,east garo hills,dambo rongjeng,dambo rongjeng,Narringirri,Narringirri Station,25.61028,90.73972,2015,8,August,1.7,2025.0,Safe,0.0849275,0.0764346,0.003461,4.53,NULL,NULL,normalized_exact,0.7,valid,August_WL_1994-2025.pdf,GWRA_2025.pdf,NULL,local_pdf,local_pdf,official_web_fallback,pdf_text,pdf_table,NULL,3763,NULL,NULL,https://cgwb.gov.in
meghalaya,east garo hills,dambo rongjeng,dambo rongjeng,Rongjeng,Rongjeng Station,25.66667,90.80417,2015,8,August,2.2,2025.0,Safe,0.0849275,0.0764346,0.003461,4.53,NULL,NULL,normalized_exact,0.7,valid,August_WL_1994-2025.pdf,GWRA_2025.pdf,NULL,local_pdf,local_pdf,official_web_fallback,pdf_text,pdf_table,NULL,3763,NULL,NULL,https://cgwb.gov.in
meghalaya,east garo hills,dambo rongjeng,dambo rongjeng,Rongmil,Rongmil Station,25.73611,90.82444,2015,8,August,1.4,2025.0,Safe,0.0849275,0.0764346,0.003461,4.53,NULL,NULL,normalized_exact,0.7,valid,August_WL_1994-2025.pdf,GWRA_2025.pdf,NULL,local_pdf,local_pdf,official_web_fallback,pdf_text,pdf_table,NULL,3763,NULL,NULL,https://cgwb.gov.in
meghalaya,east garo hills,samanda,samanda,Baiza Rongreng,Baiza Rongreng Station,25.5425,90.585,2015,8,August,2.4,2025.0,Safe,0.0849275,0.0764346,0.003461,4.53,NULL,NULL,normalized_exact,0.7,valid,August_WL_1994-2025.pdf,GWRA_2025.pdf,NULL,local_pdf,local_pdf,official_web_fallback,pdf_text,pdf_table,NULL,3763,NULL,NULL,https://cgwb.gov.in
meghalaya,east garo hills,samanda,samanda,Dobetkolgiri,Dobetkolgiri Station,25.50917,90.61167,2015,8,August,2.7,2025.0,Safe,0.0849275,0.0764346,0.003461,4.53,NULL,NULL,normalized_exact,0.7,valid,August_WL_1994-2025.pdf,GWRA_2025.pdf,NULL,local_pdf,local_pdf,official_web_fallback,pdf_text,pdf_table,NULL,3763,NULL,NULL,https://cgwb.gov.in
meghalaya,east garo hills,samanda,samanda,Williamnagar,Williamnagar Station,25.51,90.51944,2015,8,August,1.3,2025.0,Safe,0.0849275,0.0764346,0.003461,4.53,NULL,NULL,normalized_exact,0.7,valid,August_WL_1994-2025.pdf,GWRA_2025.pdf,NULL,local_pdf,local_pdf,official_web_fallback,pdf_text,pdf_table,NULL,3763,NULL,NULL,https://cgwb.gov.in
meghalaya,east garo hills,songsak,songsak,Dobu,Dobu Station,25.55612,90.71481,2015,8,August,2.6,2025.0,Safe,0.0849275,0.0764346,0.003461,4.53,NULL,NULL,normalized_exact,0.7,valid,August_WL_1994-2025.pdf,GWRA_2025.pdf,NULL,local_pdf,local_pdf,official_web_fallback,pdf_text,pdf_table,NULL,3763,NULL,NULL,https://cgwb.gov.in
meghalaya,east garo hills,songsak,songsak,Songsak,Songsak Station,25.66333,90.61028,2015,8,August,1.3,2025.0,Safe,0.0849275,0.0764346,0.003461,4.53,NULL,NULL,normalized_exact,0.7,valid,August_WL_1994-2025.pdf,GWRA_2025.pdf,NULL,local_pdf,local_pdf,official_web_fallback,pdf_text,pdf_table,NULL,3763,NULL,NULL,https://cgwb.gov.in
meghalaya,east khasi hills,mawpat,mawpat,Mawpat,Mawpat Station,25.59278,91.91917,2015,8,August,0.1,2025.0,Safe,0.2181741,0.1963567,0.006982,3.56,NULL,NULL,normalized_exact,0.7,valid,August_WL_1994-2025.pdf,GWRA_2025.pdf,NULL,local_pdf,local_pdf,official_web_fallback,pdf_text,pdf_table,NULL,3763,NULL,NULL,https://cgwb.gov.in
meghalaya,east khasi hills,mawpat,mawpat,Rynjah,Rynjah Station,25.58028,91.9,2015,8,August,3.2,2025.0,Safe,0.2181741,0.1963567,0.006982,3.56,NULL,NULL,normalized_exact,0.7,valid,August_WL_1994-2025.pdf,GWRA_2025.pdf,NULL,local_pdf,local_pdf,official_web_fallback,pdf_text,pdf_table,NULL,3763,NULL,NULL,https://cgwb.gov.in
meghalaya,east khasi hills,mawsynram,mawsynram,Balat,Balat Station,25.20556,91.4,2015,8,August,2.8,2025.0,Safe,0.2181741,0.1963567,0.006982,3.56,NULL,NULL,normalized_exact,0.7,valid,August_WL_1994-2025.pdf,GWRA_2025.pdf,NULL,local_pdf,local_pdf,official_web_fallback,pdf_text,pdf_table,NULL,3763,NULL,NULL,https://cgwb.gov.in
meghalaya,east khasi hills,mylliem,mylliem,Lachuamiere,Lachuamiere Station,25.57056,91.89028,2015,8,August,0.3,2025.0,Safe,0.2181741,0.1963567,0.006982,3.56,NULL,NULL,normalized_exact,0.7,valid,August_WL_1994-2025.pdf,GWRA_2025.pdf,NULL,local_pdf,local_pdf,official_web_fallback,pdf_text,pdf_table,NULL,3763,NULL,NULL,https://cgwb.gov.in
meghalaya,east khasi hills,mylliem,mylliem,Nongmynsong,Nongmynsong Station,25.57972,91.90694,2015,8,August,0.9,2025.0,Safe,0.2181741,0.1963567,0.006982,3.56,NULL,NULL,normalized_exact,0.7,valid,August_WL_1994-2025.pdf,GWRA_2025.pdf,NULL,local_pdf,local_pdf,official_web_fallback,pdf_text,pdf_table,NULL,3763,NULL,NULL,https://cgwb.gov.in
meghalaya,east khasi hills,mylliem,mylliem,Shillong Dhankheti,Shillong Dhankheti Station,25.56611,91.89278,2015,8,August,1.2,2025.0,Safe,0.2181741,0.1963567,0.006982,3.56,NULL,NULL,normalized_exact,0.7,valid,August_WL_1994-2025.pdf,GWRA_2025.pdf,NULL,local_pdf,local_pdf,official_web_fallback,pdf_text,pdf_table,NULL,3763,NULL,NULL,https://cgwb.gov.in
meghalaya,east khasi hills,mylliem,mylliem,Shillong Golf Link,Shillong Golf Link Station,25.58194,91.89444,2015,8,August,0.9,2025.0,Safe,0.2181741,0.1963567,0.006982,3.56,NULL,NULL,normalized_exact,0.7,valid,August_WL_1994-2025.pdf,GWRA_2025.pdf,NULL,local_pdf,local_pdf,official_web_fallback,pdf_text,pdf_table,NULL,3764,NULL,NULL,https://cgwb.gov.in
meghalaya,east khasi hills,shella bholaganj,shella bholaganj,Cherrapunji,Cherrapunji Station,25.28333,91.71667,2015,8,August,0.0,2025.0,Safe,0.2181741,0.1963567,0.006982,3.56,NULL,NULL,normalized_exact,0.7,valid,August_WL_1994-2025.pdf,GWRA_2025.pdf,NULL,local_pdf,local_pdf,official_web_fallback,pdf_text,pdf_table,NULL,3764,NULL,NULL,https://cgwb.gov.in
meghalaya,west khasi hills,Mairang,Mairang,Mairang,Mairang Station,25.57778,91.64167,2015,8,August,0.5,2025.0,NULL,0.339654,0.3056885,0.0046341,1.52,NULL,NULL,historical_mapping,0.5,valid,August_WL_1994-2025.pdf,GWRA_2025.pdf,NULL,local_pdf,local_pdf,official_web_fallback,pdf_text,pdf_table,NULL,3764,NULL,NULL,https://cgwb.gov.in
meghalaya,north garo hills,bajengdoba,bajengdoba,Bajengdoba,Bajengdoba Station,25.88611,90.5125,2015,8,August,2.1,2025.0,Safe,0.0986029,0.0774368,0.0049870999999999,6.44,NULL,NULL,normalized_exact,0.7,valid,August_WL_1994-2025.pdf,GWRA_2025.pdf,NULL,local_pdf,local_pdf,official_web_fallback,pdf_text,pdf_table,NULL,3764,NULL,NULL,https://cgwb.gov.in
meghalaya,north garo hills,kharkutta,kharkutta,Depa Sarangma,Depa Sarangma Station,25.86667,90.78333,2015,8,August,1.3,2025.0,Safe,0.0986029,0.0774368,0.0049870999999999,6.44,NULL,NULL,normalized_exact,0.7,valid,August_WL_1994-2025.pdf,GWRA_2025.pdf,NULL,local_pdf,local_pdf,official_web_fallback,pdf_text,pdf_table,NULL,3764,NULL,NULL,https://cgwb.gov.in
meghalaya,north garo hills,kharkutta,kharkutta,Kharkutta,Kharkutta Station,25.90556,90.89444,2015,8,August,2.0,2025.0,Safe,0.0986029,0.0774368,0.0049870999999999,6.44,NULL,NULL,normalized_exact,0.7,valid,August_WL_1994-2025.pdf,GWRA_2025.pdf,NULL,local_pdf,local_pdf,official_web_fallback,pdf_text,pdf_table,NULL,3764,NULL,NULL,https://cgwb.gov.in
meghalaya,north garo hills,resubelpara,resubelpara,Dainadubi,Dainadubi Station,25.89889,90.7775,2015,8,August,2.0,2025.0,Safe,0.0986029,0.0774368,0.0049870999999999,6.44,NULL,NULL,normalized_exact,0.7,valid,August_WL_1994-2025.pdf,GWRA_2025.pdf,NULL,local_pdf,local_pdf,official_web_fallback,pdf_text,pdf_table,NULL,3764,NULL,NULL,https://cgwb.gov.in
meghalaya,north garo hills,resubelpara,resubelpara,Mendal,Mendal Station,25.82472,90.46583,2015,8,August,2.0,2025.0,Safe,0.0986029,0.0774368,0.0049870999999999,6.44,NULL,NULL,normalized_exact,0.7,valid,August_WL_1994-2025.pdf,GWRA_2025.pdf,NULL,local_pdf,local_pdf,official_web_fallback,pdf_text,pdf_table,NULL,3764,NULL,NULL,https://cgwb.gov.in
meghalaya,north garo hills,resubelpara,resubelpara,Mendipathar,Mendipathar Station,25.92083,90.50833,2015,8,August,2.2,2025.0,Safe,0.0986029,0.0774368,0.0049870999999999,6.44,NULL,NULL,normalized_exact,0.7,valid,August_WL_1994-2025.pdf,GWRA_2025.pdf,NULL,local_pdf,local_pdf,official_web_fallback,pdf_text,pdf_table,NULL,3764,NULL,NULL,https://cgwb.gov.in
meghalaya,ri bhoi,nongpoh,nongpoh,Nongpoh,Nongpoh Station,25.9,91.88333,2015,8,August,0.9,2025.0,Safe,0.0648369999999999,0.0583534,0.0035481,6.08,NULL,NULL,normalized_exact,0.7,valid,August_WL_1994-2025.pdf,GWRA_2025.pdf,NULL,local_pdf,local_pdf,official_web_fallback,pdf_text,pdf_table,NULL,3764,NULL,NULL,https://cgwb.gov.in
meghalaya,ri bhoi,umling,umling,Byrnihat,Byrnihat Station,26.04889,91.86889,2015,8,August,1.1,2025.0,Safe,0.0648369999999999,0.0583534,0.0035481,6.08,NULL,NULL,normalized_exact,0.7,valid,August_WL_1994-2025.pdf,GWRA_2025.pdf,NULL,local_pdf,local_pdf,official_web_fallback,pdf_text,pdf_table,NULL,3764,NULL,NULL,https://cgwb.gov.in
meghalaya,ri bhoi,umling,umling,Pahanmawlien,Pahanmawlien Station,25.99472,91.86167,2015,8,August,0.3,2025.0,Safe,0.0648369999999999,0.0583534,0.0035481,6.08,NULL,NULL,normalized_exact,0.7,valid,August_WL_1994-2025.pdf,GWRA_2025.pdf,NULL,local_pdf,local_pdf,official_web_fallback,pdf_text,pdf_table,NULL,3764,NULL,NULL,https://cgwb.gov.in
meghalaya,west garo hills,dalu,dalu,Barengapara,Barengapara Station,25.21667,90.23333,2015,8,August,3.7,2025.0,Safe,0.2912522,0.1904695,0.036739,19.29,NULL,NULL,normalized_exact,0.7,valid,August_WL_1994-2025.pdf,GWRA_2025.pdf,NULL,local_pdf,local_pdf,official_web_fallback,pdf_text,pdf_table,NULL,3764,NULL,NULL,https://cgwb.gov.in
meghalaya,west garo hills,demdema,demdema,Nidanpur,Nidanpur Station,25.9125,90.12778,2015,8,August,1.2,2025.0,Safe,0.2912522,0.1904695,0.036739,19.29,NULL,NULL,normalized_exact,0.7,valid,August_WL_1994-2025.pdf,GWRA_2025.pdf,NULL,local_pdf,local_pdf,official_web_fallback,pdf_text,pdf_table,NULL,3764,NULL,NULL,https://cgwb.gov.in
meghalaya,west garo hills,rongram,rongram,Asanang,Asanang Station,25.59944,90.27556,2015,8,August,3.2,2025.0,Safe,0.2912522,0.1904695,0.036739,19.29,NULL,NULL,normalized_exact,0.7,valid,August_WL_1994-2025.pdf,GWRA_2025.pdf,NULL,local_pdf,local_pdf,official_web_fallback,pdf_text,pdf_table,NULL,3764,NULL,NULL,https://cgwb.gov.in
meghalaya,west garo hills,rongram,rongram,Baljek,Baljek Station,25.66439,90.34159,2015,8,August,2.3,2025.0,Safe,0.2912522,0.1904695,0.036739,19.29,NULL,NULL,normalized_exact,0.7,valid,August_WL_1994-2025.pdf,GWRA_2025.pdf,NULL,local_pdf,local_pdf,official_web_fallback,pdf_text,pdf_table,NULL,3764,NULL,NULL,https://cgwb.gov.in
meghalaya,west garo hills,rongram,rongram,Rongram,Rongram Station,25.59408,90.24997,2015,8,August,2.2,2025.0,Safe,0.2912522,0.1904695,0.036739,19.29,NULL,NULL,normalized_exact,0.7,valid,August_WL_1994-2025.pdf,GWRA_2025.pdf,NULL,local_pdf,local_pdf,official_web_fallback,pdf_text,pdf_table,NULL,3764,NULL,NULL,https://cgwb.gov.in
meghalaya,west garo hills,salsella,salsella,Phulbari,Phulbari Station,25.88333,90.05,2015,8,August,2.6,2025.0,Safe,0.2912522,0.1904695,0.036739,19.29,NULL,NULL,normalized_exact,0.7,valid,August_WL_1994-2025.pdf,GWRA_2025.pdf,NULL,local_pdf,local_pdf,official_web_fallback,pdf_text,pdf_table,NULL,3764,NULL,NULL,https://cgwb.gov.in
meghalaya,west garo hills,tikrikilla,tikrikilla,Phutamamri,Phutamamri Station,25.94333,90.22,2015,8,August,1.8,2025.0,Safe,0.2912522,0.1904695,0.036739,19.29,NULL,NULL,normalized_exact,0.7,valid,August_WL_1994-2025.pdf,GWRA_2025.pdf,NULL,local_pdf,local_pdf,official_web_fallback,pdf_text,pdf_table,NULL,3764,NULL,NULL,https://cgwb.gov.in
meghalaya,west garo hills,tikrikilla,tikrikilla,Tikrikilla,Tikrikilla Station,25.94583,90.24444,2015,8,August,6.7,2025.0,Safe,0.2912522,0.1904695,0.036739,19.29,NULL,NULL,normalized_exact,0.7,valid,August_WL_1994-2025.pdf,GWRA_2025.pdf,NULL,local_pdf,local_pdf,official_web_fallback,pdf_text,pdf_table,NULL,3764,NULL,NULL,https://cgwb.gov.in
meghalaya,west jaintia hills,amlarem,amlarem,Dauki,Dauki Station,25.2,92.03333,2015,8,August,1.6,2025.0,Safe,0.1116346999999999,0.1004712,0.0061129999999999,6.08,NULL,NULL,normalized_exact,0.7,valid,August_WL_1994-2025.pdf,GWRA_2025.pdf,NULL,local_pdf,local_pdf,official_web_fallback,pdf_text,pdf_table,NULL,3764,NULL,NULL,https://cgwb.gov.in
meghalaya,west jaintia hills,thadlaskein,thadlaskein,Jowai,Jowai Station,25.44167,92.175,2015,8,August,0.3,2025.0,Safe,0.1116346999999999,0.1004712,0.0061129999999999,6.08,NULL,NULL,normalized_exact,0.7,valid,August_WL_1994-2025.pdf,GWRA_2025.pdf,NULL,local_pdf,local_pdf,official_web_fallback,pdf_text,pdf_table,NULL,3764,NULL,NULL,https://cgwb.gov.in
meghalaya,east khasi hills,mawpat,mawpat,Mawpat,Mawpat Station,25.59278,91.91917,2014,8,August,6.3,2025.0,Safe,0.2181741,0.1963567,0.006982,3.56,NULL,NULL,normalized_exact,0.7,valid,August_WL_1994-2025.pdf,GWRA_2025.pdf,NULL,local_pdf,local_pdf,official_web_fallback,pdf_text,pdf_table,NULL,4095,NULL,NULL,https://cgwb.gov.in
meghalaya,east khasi hills,mawpat,mawpat,Rynjah,Rynjah Station,25.58028,91.9,2014,8,August,3.9,2025.0,Safe,0.2181741,0.1963567,0.006982,3.56,NULL,NULL,normalized_exact,0.7,valid,August_WL_1994-2025.pdf,GWRA_2025.pdf,NULL,local_pdf,local_pdf,official_web_fallback,pdf_text,pdf_table,NULL,4095,NULL,NULL,https://cgwb.gov.in
meghalaya,east khasi hills,mawsynram,mawsynram,Balat,Balat Station,25.20556,91.4,2014,8,August,2.6,2025.0,Safe,0.2181741,0.1963567,0.006982,3.56,NULL,NULL,normalized_exact,0.7,valid,August_WL_1994-2025.pdf,GWRA_2025.pdf,NULL,local_pdf,local_pdf,official_web_fallback,pdf_text,pdf_table,NULL,4095,NULL,NULL,https://cgwb.gov.in
meghalaya,east khasi hills,mylliem,mylliem,Lachuamiere,Lachuamiere Station,25.57056,91.89028,2014,8,August,0.5,2025.0,Safe,0.2181741,0.1963567,0.006982,3.56,NULL,NULL,normalized_exact,0.7,valid,August_WL_1994-2025.pdf,GWRA_2025.pdf,NULL,local_pdf,local_pdf,official_web_fallback,pdf_text,pdf_table,NULL,4095,NULL,NULL,https://cgwb.gov.in
meghalaya,east khasi hills,mylliem,mylliem,Nongmynsong,Nongmynsong Station,25.57972,91.90694,2014,8,August,1.4,2025.0,Safe,0.2181741,0.1963567,0.006982,3.56,NULL,NULL,normalized_exact,0.7,valid,August_WL_1994-2025.pdf,GWRA_2025.pdf,NULL,local_pdf,local_pdf,official_web_fallback,pdf_text,pdf_table,NULL,4095,NULL,NULL,https://cgwb.gov.in
meghalaya,east khasi hills,mylliem,mylliem,Shillong Dhankheti,Shillong Dhankheti Station,25.56611,91.89278,2014,8,August,2.2,2025.0,Safe,0.2181741,0.1963567,0.006982,3.56,NULL,NULL,normalized_exact,0.7,valid,August_WL_1994-2025.pdf,GWRA_2025.pdf,NULL,local_pdf,local_pdf,official_web_fallback,pdf_text,pdf_table,NULL,4095,NULL,NULL,https://cgwb.gov.in
meghalaya,east khasi hills,mylliem,mylliem,Shillong Golf Link,Shillong Golf Link Station,25.58194,91.89444,2014,8,August,1.5,2025.0,Safe,0.2181741,0.1963567,0.006982,3.56,NULL,NULL,normalized_exact,0.7,valid,August_WL_1994-2025.pdf,GWRA_2025.pdf,NULL,local_pdf,local_pdf,official_web_fallback,pdf_text,pdf_table,NULL,4095,NULL,NULL,https://cgwb.gov.in
meghalaya,east khasi hills,mylliem,mylliem,Shillong Polo,Shillong Polo Station,25.58333,91.88333,2014,8,August,1.5,2025.0,Safe,0.2181741,0.1963567,0.006982,3.56,NULL,NULL,normalized_exact,0.7,valid,August_WL_1994-2025.pdf,GWRA_2025.pdf,NULL,local_pdf,local_pdf,official_web_fallback,pdf_text,pdf_table,NULL,4095,NULL,NULL,https://cgwb.gov.in
meghalaya,west khasi hills,Mairang,Mairang,Mairang,Mairang Station,25.57778,91.64167,2014,8,August,0.4,2025.0,NULL,0.339654,0.3056885,0.0046341,1.52,NULL,NULL,historical_mapping,0.5,valid,August_WL_1994-2025.pdf,GWRA_2025.pdf,NULL,local_pdf,local_pdf,official_web_fallback,pdf_text,pdf_table,NULL,4095,NULL,NULL,https://cgwb.gov.in
meghalaya,ri bhoi,nongpoh,nongpoh,Nongpoh,Nongpoh Station,25.9,91.88333,2014,8,August,1.5,2025.0,Safe,0.0648369999999999,0.0583534,0.0035481,6.08,NULL,NULL,normalized_exact,0.7,valid,August_WL_1994-2025.pdf,GWRA_2025.pdf,NULL,local_pdf,local_pdf,official_web_fallback,pdf_text,pdf_table,NULL,4095,NULL,NULL,https://cgwb.gov.in
meghalaya,ri bhoi,umling,umling,Byrnihat,Byrnihat Station,26.04889,91.86889,2014,8,August,1.1,2025.0,Safe,0.0648369999999999,0.0583534,0.0035481,6.08,NULL,NULL,normalized_exact,0.7,valid,August_WL_1994-2025.pdf,GWRA_2025.pdf,NULL,local_pdf,local_pdf,official_web_fallback,pdf_text,pdf_table,NULL,4095,NULL,NULL,https://cgwb.gov.in
meghalaya,west jaintia hills,amlarem,amlarem,Dauki,Dauki Station,25.2,92.03333,2014,8,August,0.8,2025.0,Safe,0.1116346999999999,0.1004712,0.0061129999999999,6.08,NULL,NULL,normalized_exact,0.7,valid,August_WL_1994-2025.pdf,GWRA_2025.pdf,NULL,local_pdf,local_pdf,official_web_fallback,pdf_text,pdf_table,NULL,4095,NULL,NULL,https://cgwb.gov.in
meghalaya,west jaintia hills,thadlaskein,thadlaskein,Jowai,Jowai Station,25.44167,92.175,2014,8,August,1.1,2025.0,Safe,0.1116346999999999,0.1004712,0.0061129999999999,6.08,NULL,NULL,normalized_exact,0.7,valid,August_WL_1994-2025.pdf,GWRA_2025.pdf,NULL,local_pdf,local_pdf,official_web_fallback,pdf_text,pdf_table,NULL,4095,NULL,NULL,https://cgwb.gov.in
meghalaya,east garo hills,dambo rongjeng,dambo rongjeng,Darugiri,Darugiri Station,25.61917,90.7675,2013,8,August,2.5,2025.0,Safe,0.0849275,0.0764346,0.003461,4.53,NULL,NULL,normalized_exact,0.7,valid,August_WL_1994-2025.pdf,GWRA_2025.pdf,NULL,local_pdf,local_pdf,official_web_fallback,pdf_text,pdf_table,NULL,4395,NULL,NULL,https://cgwb.gov.in
meghalaya,east garo hills,dambo rongjeng,dambo rongjeng,Narringirri,Narringirri Station,25.61028,90.73972,2013,8,August,1.3,2025.0,Safe,0.0849275,0.0764346,0.003461,4.53,NULL,NULL,normalized_exact,0.7,valid,August_WL_1994-2025.pdf,GWRA_2025.pdf,NULL,local_pdf,local_pdf,official_web_fallback,pdf_text,pdf_table,NULL,4396,NULL,NULL,https://cgwb.gov.in
meghalaya,east garo hills,dambo rongjeng,dambo rongjeng,Rongjeng,Rongjeng Station,25.66667,90.80417,2013,8,August,1.8,2025.0,Safe,0.0849275,0.0764346,0.003461,4.53,NULL,NULL,normalized_exact,0.7,valid,August_WL_1994-2025.pdf,GWRA_2025.pdf,NULL,local_pdf,local_pdf,official_web_fallback,pdf_text,pdf_table,NULL,4396,NULL,NULL,https://cgwb.gov.in
meghalaya,east garo hills,dambo rongjeng,dambo rongjeng,Rongmil,Rongmil Station,25.73611,90.82444,2013,8,August,1.5,2025.0,Safe,0.0849275,0.0764346,0.003461,4.53,NULL,NULL,normalized_exact,0.7,valid,August_WL_1994-2025.pdf,GWRA_2025.pdf,NULL,local_pdf,local_pdf,official_web_fallback,pdf_text,pdf_table,NULL,4396,NULL,NULL,https://cgwb.gov.in
meghalaya,east garo hills,samanda,samanda,Baiza Rongreng,Baiza Rongreng Station,25.5425,90.585,2013,8,August,2.2,2025.0,Safe,0.0849275,0.0764346,0.003461,4.53,NULL,NULL,normalized_exact,0.7,valid,August_WL_1994-2025.pdf,GWRA_2025.pdf,NULL,local_pdf,local_pdf,official_web_fallback,pdf_text,pdf_table,NULL,4396,NULL,NULL,https://cgwb.gov.in
meghalaya,east garo hills,samanda,samanda,Dobetkolgiri,Dobetkolgiri Station,25.50917,90.61167,2013,8,August,2.6,2025.0,Safe,0.0849275,0.0764346,0.003461,4.53,NULL,NULL,normalized_exact,0.7,valid,August_WL_1994-2025.pdf,GWRA_2025.pdf,NULL,local_pdf,local_pdf,official_web_fallback,pdf_text,pdf_table,NULL,4396,NULL,NULL,https://cgwb.gov.in
meghalaya,east garo hills,samanda,samanda,Samanda Megapagre,Samanda Megapagre Station,25.58004,90.52681,2013,8,August,2.0,2025.0,Safe,0.0849275,0.0764346,0.003461,4.53,NULL,NULL,normalized_exact,0.7,valid,August_WL_1994-2025.pdf,GWRA_2025.pdf,NULL,local_pdf,local_pdf,official_web_fallback,pdf_text,pdf_table,NULL,4396,NULL,NULL,https://cgwb.gov.in
meghalaya,east garo hills,samanda,samanda,Williamnagar,Williamnagar Station,25.51,90.51944,2013,8,August,1.3,2025.0,Safe,0.0849275,0.0764346,0.003461,4.53,NULL,NULL,normalized_exact,0.7,valid,August_WL_1994-2025.pdf,GWRA_2025.pdf,NULL,local_pdf,local_pdf,official_web_fallback,pdf_text,pdf_table,NULL,4396,NULL,NULL,https://cgwb.gov.in
meghalaya,east garo hills,songsak,songsak,Dobu,Dobu Station,25.55612,90.71481,2013,8,August,2.4,2025.0,Safe,0.0849275,0.0764346,0.003461,4.53,NULL,NULL,normalized_exact,0.7,valid,August_WL_1994-2025.pdf,GWRA_2025.pdf,NULL,local_pdf,local_pdf,official_web_fallback,pdf_text,pdf_table,NULL,4396,NULL,NULL,https://cgwb.gov.in
meghalaya,east garo hills,songsak,songsak,Songsak,Songsak Station,25.66333,90.61028,2013,8,August,1.8,2025.0,Safe,0.0849275,0.0764346,0.003461,4.53,NULL,NULL,normalized_exact,0.7,valid,August_WL_1994-2025.pdf,GWRA_2025.pdf,NULL,local_pdf,local_pdf,official_web_fallback,pdf_text,pdf_table,NULL,4396,NULL,NULL,https://cgwb.gov.in
meghalaya,east khasi hills,mawsynram,mawsynram,Balat,Balat Station,25.20556,91.4,2013,8,August,2.2,2025.0,Safe,0.2181741,0.1963567,0.006982,3.56,NULL,NULL,normalized_exact,0.7,valid,August_WL_1994-2025.pdf,GWRA_2025.pdf,NULL,local_pdf,local_pdf,official_web_fallback,pdf_text,pdf_table,NULL,4396,NULL,NULL,https://cgwb.gov.in
meghalaya,east khasi hills,mylliem,mylliem,Shillong Polo,Shillong Polo Station,25.58333,91.88333,2013,8,August,0.5,2025.0,Safe,0.2181741,0.1963567,0.006982,3.56,NULL,NULL,normalized_exact,0.7,valid,August_WL_1994-2025.pdf,GWRA_2025.pdf,NULL,local_pdf,local_pdf,official_web_fallback,pdf_text,pdf_table,NULL,4396,NULL,NULL,https://cgwb.gov.in
meghalaya,east khasi hills,shella bholaganj,shella bholaganj,Cherrapunji,Cherrapunji Station,25.28333,91.71667,2013,8,August,0.2,2025.0,Safe,0.2181741,0.1963567,0.006982,3.56,NULL,NULL,normalized_exact,0.7,valid,August_WL_1994-2025.pdf,GWRA_2025.pdf,NULL,local_pdf,local_pdf,official_web_fallback,pdf_text,pdf_table,NULL,4396,NULL,NULL,https://cgwb.gov.in
meghalaya,west khasi hills,Mairang,Mairang,Mairang,Mairang Station,25.57778,91.64167,2013,8,August,0.6,2025.0,NULL,0.339654,0.3056885,0.0046341,1.52,NULL,NULL,historical_mapping,0.5,valid,August_WL_1994-2025.pdf,GWRA_2025.pdf,NULL,local_pdf,local_pdf,official_web_fallback,pdf_text,pdf_table,NULL,4396,NULL,NULL,https://cgwb.gov.in
meghalaya,north garo hills,bajengdoba,bajengdoba,Bajengdoba,Bajengdoba Station,25.88611,90.5125,2013,8,August,1.9,2025.0,Safe,0.0986029,0.0774368,0.0049870999999999,6.44,NULL,NULL,normalized_exact,0.7,valid,August_WL_1994-2025.pdf,GWRA_2025.pdf,NULL,local_pdf,local_pdf,official_web_fallback,pdf_text,pdf_table,NULL,4396,NULL,NULL,https://cgwb.gov.in
meghalaya,north garo hills,kharkutta,kharkutta,Depa Sarangma,Depa Sarangma Station,25.86667,90.78333,2013,8,August,2.1,2025.0,Safe,0.0986029,0.0774368,0.0049870999999999,6.44,NULL,NULL,normalized_exact,0.7,valid,August_WL_1994-2025.pdf,GWRA_2025.pdf,NULL,local_pdf,local_pdf,official_web_fallback,pdf_text,pdf_table,NULL,4396,NULL,NULL,https://cgwb.gov.in
meghalaya,north garo hills,kharkutta,kharkutta,Kharkutta,Kharkutta Station,25.90556,90.89444,2013,8,August,2.0,2025.0,Safe,0.0986029,0.0774368,0.0049870999999999,6.44,NULL,NULL,normalized_exact,0.7,valid,August_WL_1994-2025.pdf,GWRA_2025.pdf,NULL,local_pdf,local_pdf,official_web_fallback,pdf_text,pdf_table,NULL,4396,NULL,NULL,https://cgwb.gov.in
meghalaya,north garo hills,resubelpara,resubelpara,Dainadubi,Dainadubi Station,25.89889,90.7775,2013,8,August,1.9,2025.0,Safe,0.0986029,0.0774368,0.0049870999999999,6.44,NULL,NULL,normalized_exact,0.7,valid,August_WL_1994-2025.pdf,GWRA_2025.pdf,NULL,local_pdf,local_pdf,official_web_fallback,pdf_text,pdf_table,NULL,4396,NULL,NULL,https://cgwb.gov.in
meghalaya,north garo hills,resubelpara,resubelpara,Mendal,Mendal Station,25.82472,90.46583,2013,8,August,1.7,2025.0,Safe,0.0986029,0.0774368,0.0049870999999999,6.44,NULL,NULL,normalized_exact,0.7,valid,August_WL_1994-2025.pdf,GWRA_2025.pdf,NULL,local_pdf,local_pdf,official_web_fallback,pdf_text,pdf_table,NULL,4396,NULL,NULL,https://cgwb.gov.in
meghalaya,north garo hills,resubelpara,resubelpara,Mendipathar,Mendipathar Station,25.92083,90.50833,2013,8,August,1.3,2025.0,Safe,0.0986029,0.0774368,0.0049870999999999,6.44,NULL,NULL,normalized_exact,0.7,valid,August_WL_1994-2025.pdf,GWRA_2025.pdf,NULL,local_pdf,local_pdf,official_web_fallback,pdf_text,pdf_table,NULL,4396,NULL,NULL,https://cgwb.gov.in
meghalaya,ri bhoi,nongpoh,nongpoh,Nongpoh,Nongpoh Station,25.9,91.88333,2013,8,August,2.1,2025.0,Safe,0.0648369999999999,0.0583534,0.0035481,6.08,NULL,NULL,normalized_exact,0.7,valid,August_WL_1994-2025.pdf,GWRA_2025.pdf,NULL,local_pdf,local_pdf,official_web_fallback,pdf_text,pdf_table,NULL,4396,NULL,NULL,https://cgwb.gov.in
meghalaya,ri bhoi,umling,umling,Byrnihat,Byrnihat Station,26.04889,91.86889,2013,8,August,1.5,2025.0,Safe,0.0648369999999999,0.0583534,0.0035481,6.08,NULL,NULL,normalized_exact,0.7,valid,August_WL_1994-2025.pdf,GWRA_2025.pdf,NULL,local_pdf,local_pdf,official_web_fallback,pdf_text,pdf_table,NULL,4396,NULL,NULL,https://cgwb.gov.in
meghalaya,west garo hills,dalu,dalu,Barengapara,Barengapara Station,25.21667,90.23333,2013,8,August,3.8,2025.0,Safe,0.2912522,0.1904695,0.036739,19.29,NULL,NULL,normalized_exact,0.7,valid,August_WL_1994-2025.pdf,GWRA_2025.pdf,NULL,local_pdf,local_pdf,official_web_fallback,pdf_text,pdf_table,NULL,4396,NULL,NULL,https://cgwb.gov.in
meghalaya,west garo hills,dalu,dalu,Kherapara,Kherapara Station,25.34167,90.225,2013,8,August,2.0,2025.0,Safe,0.2912522,0.1904695,0.036739,19.29,NULL,NULL,normalized_exact,0.7,valid,August_WL_1994-2025.pdf,GWRA_2025.pdf,NULL,local_pdf,local_pdf,official_web_fallback,pdf_text,pdf_table,NULL,4396,NULL,NULL,https://cgwb.gov.in
meghalaya,west garo hills,rongram,rongram,Asanang,Asanang Station,25.59944,90.27556,2013,8,August,3.1,2025.0,Safe,0.2912522,0.1904695,0.036739,19.29,NULL,NULL,normalized_exact,0.7,valid,August_WL_1994-2025.pdf,GWRA_2025.pdf,NULL,local_pdf,local_pdf,official_web_fallback,pdf_text,pdf_table,NULL,4396,NULL,NULL,https://cgwb.gov.in
meghalaya,west garo hills,rongram,rongram,Baljek,Baljek Station,25.66439,90.34159,2013,8,August,1.1,2025.0,Safe,0.2912522,0.1904695,0.036739,19.29,NULL,NULL,normalized_exact,0.7,valid,August_WL_1994-2025.pdf,GWRA_2025.pdf,NULL,local_pdf,local_pdf,official_web_fallback,pdf_text,pdf_table,NULL,4396,NULL,NULL,https://cgwb.gov.in
meghalaya,west garo hills,rongram,rongram,Rongram,Rongram Station,25.59408,90.24997,2013,8,August,2.3,2025.0,Safe,0.2912522,0.1904695,0.036739,19.29,NULL,NULL,normalized_exact,0.7,valid,August_WL_1994-2025.pdf,GWRA_2025.pdf,NULL,local_pdf,local_pdf,official_web_fallback,pdf_text,pdf_table,NULL,4396,NULL,NULL,https://cgwb.gov.in
meghalaya,west jaintia hills,amlarem,amlarem,Dauki,Dauki Station,25.2,92.03333,2013,8,August,1.0,2025.0,Safe,0.1116346999999999,0.1004712,0.0061129999999999,6.08,NULL,NULL,normalized_exact,0.7,valid,August_WL_1994-2025.pdf,GWRA_2025.pdf,NULL,local_pdf,local_pdf,official_web_fallback,pdf_text,pdf_table,NULL,4396,NULL,NULL,https://cgwb.gov.in
meghalaya,west jaintia hills,thadlaskein,thadlaskein,Jowai,Jowai Station,25.44167,92.175,2013,8,August,0.4,2025.0,Safe,0.1116346999999999,0.1004712,0.0061129999999999,6.08,NULL,NULL,normalized_exact,0.7,valid,August_WL_1994-2025.pdf,GWRA_2025.pdf,NULL,local_pdf,local_pdf,official_web_fallback,pdf_text,pdf_table,NULL,4396,NULL,NULL,https://cgwb.gov.in
meghalaya,east garo hills,dambo rongjeng,dambo rongjeng,Darugiri,Darugiri Station,25.61917,90.7675,2012,8,August,2.4,2025.0,Safe,0.0849275,0.0764346,0.003461,4.53,NULL,NULL,normalized_exact,0.7,valid,August_WL_1994-2025.pdf,GWRA_2025.pdf,NULL,local_pdf,local_pdf,official_web_fallback,pdf_text,pdf_table,NULL,4650,NULL,NULL,https://cgwb.gov.in
meghalaya,east garo hills,dambo rongjeng,dambo rongjeng,Rongjeng,Rongjeng Station,25.66667,90.80417,2012,8,August,1.7,2025.0,Safe,0.0849275,0.0764346,0.003461,4.53,NULL,NULL,normalized_exact,0.7,valid,August_WL_1994-2025.pdf,GWRA_2025.pdf,NULL,local_pdf,local_pdf,official_web_fallback,pdf_text,pdf_table,NULL,4650,NULL,NULL,https://cgwb.gov.in
meghalaya,east garo hills,dambo rongjeng,dambo rongjeng,Rongmil,Rongmil Station,25.73611,90.82444,2012,8,August,1.6,2025.0,Safe,0.0849275,0.0764346,0.003461,4.53,NULL,NULL,normalized_exact,0.7,valid,August_WL_1994-2025.pdf,GWRA_2025.pdf,NULL,local_pdf,local_pdf,official_web_fallback,pdf_text,pdf_table,NULL,4650,NULL,NULL,https://cgwb.gov.in
meghalaya,east garo hills,samanda,samanda,Williamnagar,Williamnagar Station,25.51,90.51944,2012,8,August,1.6,2025.0,Safe,0.0849275,0.0764346,0.003461,4.53,NULL,NULL,normalized_exact,0.7,valid,August_WL_1994-2025.pdf,GWRA_2025.pdf,NULL,local_pdf,local_pdf,official_web_fallback,pdf_text,pdf_table,NULL,4650,NULL,NULL,https://cgwb.gov.in
meghalaya,east khasi hills,mawsynram,mawsynram,Balat,Balat Station,25.20556,91.4,2012,8,August,1.6,2025.0,Safe,0.2181741,0.1963567,0.006982,3.56,NULL,NULL,normalized_exact,0.7,valid,August_WL_1994-2025.pdf,GWRA_2025.pdf,NULL,local_pdf,local_pdf,official_web_fallback,pdf_text,pdf_table,NULL,4650,NULL,NULL,https://cgwb.gov.in
meghalaya,east khasi hills,mylliem,mylliem,Shillong Polo,Shillong Polo Station,25.58333,91.88333,2012,8,August,1.5,2025.0,Safe,0.2181741,0.1963567,0.006982,3.56,NULL,NULL,normalized_exact,0.7,valid,August_WL_1994-2025.pdf,GWRA_2025.pdf,NULL,local_pdf,local_pdf,official_web_fallback,pdf_text,pdf_table,NULL,4650,NULL,NULL,https://cgwb.gov.in
meghalaya,west khasi hills,Mairang,Mairang,Mairang,Mairang Station,25.57778,91.64167,2012,8,August,0.4,2025.0,NULL,0.339654,0.3056885,0.0046341,1.52,NULL,NULL,historical_mapping,0.5,valid,August_WL_1994-2025.pdf,GWRA_2025.pdf,NULL,local_pdf,local_pdf,official_web_fallback,pdf_text,pdf_table,NULL,4650,NULL,NULL,https://cgwb.gov.in
meghalaya,north garo hills,bajengdoba,bajengdoba,Bajengdoba,Bajengdoba Station,25.88611,90.5125,2012,8,August,2.2,2025.0,Safe,0.0986029,0.0774368,0.0049870999999999,6.44,NULL,NULL,normalized_exact,0.7,valid,August_WL_1994-2025.pdf,GWRA_2025.pdf,NULL,local_pdf,local_pdf,official_web_fallback,pdf_text,pdf_table,NULL,4650,NULL,NULL,https://cgwb.gov.in
meghalaya,north garo hills,kharkutta,kharkutta,Depa Sarangma,Depa Sarangma Station,25.86667,90.78333,2012,8,August,2.0,2025.0,Safe,0.0986029,0.0774368,0.0049870999999999,6.44,NULL,NULL,normalized_exact,0.7,valid,August_WL_1994-2025.pdf,GWRA_2025.pdf,NULL,local_pdf,local_pdf,official_web_fallback,pdf_text,pdf_table,NULL,4650,NULL,NULL,https://cgwb.gov.in
meghalaya,north garo hills,kharkutta,kharkutta,Kharkutta,Kharkutta Station,25.90556,90.89444,2012,8,August,2.2,2025.0,Safe,0.0986029,0.0774368,0.0049870999999999,6.44,NULL,NULL,normalized_exact,0.7,valid,August_WL_1994-2025.pdf,GWRA_2025.pdf,NULL,local_pdf,local_pdf,official_web_fallback,pdf_text,pdf_table,NULL,4650,NULL,NULL,https://cgwb.gov.in
meghalaya,north garo hills,resubelpara,resubelpara,Mendal,Mendal Station,25.82472,90.46583,2012,8,August,1.7,2025.0,Safe,0.0986029,0.0774368,0.0049870999999999,6.44,NULL,NULL,normalized_exact,0.7,valid,August_WL_1994-2025.pdf,GWRA_2025.pdf,NULL,local_pdf,local_pdf,official_web_fallback,pdf_text,pdf_table,NULL,4650,NULL,NULL,https://cgwb.gov.in
meghalaya,north garo hills,resubelpara,resubelpara,Mendipathar,Mendipathar Station,25.92083,90.50833,2012,8,August,1.9,2025.0,Safe,0.0986029,0.0774368,0.0049870999999999,6.44,NULL,NULL,normalized_exact,0.7,valid,August_WL_1994-2025.pdf,GWRA_2025.pdf,NULL,local_pdf,local_pdf,official_web_fallback,pdf_text,pdf_table,NULL,4650,NULL,NULL,https://cgwb.gov.in
meghalaya,ri bhoi,umling,umling,Byrnihat,Byrnihat Station,26.04889,91.86889,2012,8,August,1.4,2025.0,Safe,0.0648369999999999,0.0583534,0.0035481,6.08,NULL,NULL,normalized_exact,0.7,valid,August_WL_1994-2025.pdf,GWRA_2025.pdf,NULL,local_pdf,local_pdf,official_web_fallback,pdf_text,pdf_table,NULL,4650,NULL,NULL,https://cgwb.gov.in
meghalaya,south west garo hills,betasing,betasing,Ampati,Ampati Station,25.5,89.95833,2012,8,August,2.8,2025.0,Safe,0.079896,0.0387598,0.0076644,19.77,NULL,NULL,normalized_exact,0.7,valid,August_WL_1994-2025.pdf,GWRA_2025.pdf,NULL,local_pdf,local_pdf,official_web_fallback,pdf_text,pdf_table,NULL,4650,NULL,NULL,https://cgwb.gov.in
meghalaya,south west garo hills,betasing,betasing,Borkona,Borkona Station,25.56556,89.94306,2012,8,August,2.3,2025.0,Safe,0.079896,0.0387598,0.0076644,19.77,NULL,NULL,normalized_exact,0.7,valid,August_WL_1994-2025.pdf,GWRA_2025.pdf,NULL,local_pdf,local_pdf,official_web_fallback,pdf_text,pdf_table,NULL,4650,NULL,NULL,https://cgwb.gov.in
meghalaya,south west garo hills,zikzak,zikzak,Mahendraganj,Mahendraganj Station,25.3,89.85972,2012,8,August,1.9,2025.0,Safe,0.079896,0.0387598,0.0076644,19.77,NULL,NULL,normalized_exact,0.7,valid,August_WL_1994-2025.pdf,GWRA_2025.pdf,NULL,local_pdf,local_pdf,official_web_fallback,pdf_text,pdf_table,NULL,4650,NULL,NULL,https://cgwb.gov.in
meghalaya,west garo hills,dalu,dalu,Barengapara,Barengapara Station,25.21667,90.23333,2012,8,August,3.9,2025.0,Safe,0.2912522,0.1904695,0.036739,19.29,NULL,NULL,normalized_exact,0.7,valid,August_WL_1994-2025.pdf,GWRA_2025.pdf,NULL,local_pdf,local_pdf,official_web_fallback,pdf_text,pdf_table,NULL,4650,NULL,NULL,https://cgwb.gov.in
meghalaya,west garo hills,dalu,dalu,Kherapara,Kherapara Station,25.34167,90.225,2012,8,August,2.0,2025.0,Safe,0.2912522,0.1904695,0.036739,19.29,NULL,NULL,normalized_exact,0.7,valid,August_WL_1994-2025.pdf,GWRA_2025.pdf,NULL,local_pdf,local_pdf,official_web_fallback,pdf_text,pdf_table,NULL,4650,NULL,NULL,https://cgwb.gov.in
meghalaya,west garo hills,dalu,dalu,Porakhasia,Porakhasia Station,25.3,90.01667,2012,8,August,2.6,2025.0,Safe,0.2912522,0.1904695,0.036739,19.29,NULL,NULL,normalized_exact,0.7,valid,August_WL_1994-2025.pdf,GWRA_2025.pdf,NULL,local_pdf,local_pdf,official_web_fallback,pdf_text,pdf_table,NULL,4650,NULL,NULL,https://cgwb.gov.in
meghalaya,west garo hills,demdema,demdema,Nidanpur,Nidanpur Station,25.9125,90.12778,2012,8,August,1.3,2025.0,Safe,0.2912522,0.1904695,0.036739,19.29,NULL,NULL,normalized_exact,0.7,valid,August_WL_1994-2025.pdf,GWRA_2025.pdf,NULL,local_pdf,local_pdf,official_web_fallback,pdf_text,pdf_table,NULL,4650,NULL,NULL,https://cgwb.gov.in
meghalaya,west garo hills,rongram,rongram,Asanang,Asanang Station,25.59944,90.27556,2012,8,August,3.0,2025.0,Safe,0.2912522,0.1904695,0.036739,19.29,NULL,NULL,normalized_exact,0.7,valid,August_WL_1994-2025.pdf,GWRA_2025.pdf,NULL,local_pdf,local_pdf,official_web_fallback,pdf_text,pdf_table,NULL,4650,NULL,NULL,https://cgwb.gov.in
meghalaya,west garo hills,salsella,salsella,Phulbari,Phulbari Station,25.88333,90.05,2012,8,August,2.0,2025.0,Safe,0.2912522,0.1904695,0.036739,19.29,NULL,NULL,normalized_exact,0.7,valid,August_WL_1994-2025.pdf,GWRA_2025.pdf,NULL,local_pdf,local_pdf,official_web_fallback,pdf_text,pdf_table,NULL,4650,NULL,NULL,https://cgwb.gov.in
meghalaya,west garo hills,tikrikilla,tikrikilla,Tikrikilla,Tikrikilla Station,25.94583,90.24444,2012,8,August,7.1,2025.0,Safe,0.2912522,0.1904695,0.036739,19.29,NULL,NULL,normalized_exact,0.7,valid,August_WL_1994-2025.pdf,GWRA_2025.pdf,NULL,local_pdf,local_pdf,official_web_fallback,pdf_text,pdf_table,NULL,4651,NULL,NULL,https://cgwb.gov.in
meghalaya,west jaintia hills,thadlaskein,thadlaskein,Jowai,Jowai Station,25.44167,92.175,2012,8,August,0.3,2025.0,Safe,0.1116346999999999,0.1004712,0.0061129999999999,6.08,NULL,NULL,normalized_exact,0.7,valid,August_WL_1994-2025.pdf,GWRA_2025.pdf,NULL,local_pdf,local_pdf,official_web_fallback,pdf_text,pdf_table,NULL,4651,NULL,NULL,https://cgwb.gov.in
meghalaya,east garo hills,dambo rongjeng,dambo rongjeng,Darugiri,Darugiri Station,25.61917,90.7675,2011,8,August,2.3,2025.0,Safe,0.0849275,0.0764346,0.003461,4.53,NULL,NULL,normalized_exact,0.7,valid,August_WL_1994-2025.pdf,GWRA_2025.pdf,NULL,local_pdf,local_pdf,official_web_fallback,pdf_text,pdf_table,NULL,4896,NULL,NULL,https://cgwb.gov.in
meghalaya,east garo hills,dambo rongjeng,dambo rongjeng,Rongjeng,Rongjeng Station,25.66667,90.80417,2011,8,August,1.7,2025.0,Safe,0.0849275,0.0764346,0.003461,4.53,NULL,NULL,normalized_exact,0.7,valid,August_WL_1994-2025.pdf,GWRA_2025.pdf,NULL,local_pdf,local_pdf,official_web_fallback,pdf_text,pdf_table,NULL,4896,NULL,NULL,https://cgwb.gov.in
meghalaya,east garo hills,dambo rongjeng,dambo rongjeng,Rongmil,Rongmil Station,25.73611,90.82444,2011,8,August,1.5,2025.0,Safe,0.0849275,0.0764346,0.003461,4.53,NULL,NULL,normalized_exact,0.7,valid,August_WL_1994-2025.pdf,GWRA_2025.pdf,NULL,local_pdf,local_pdf,official_web_fallback,pdf_text,pdf_table,NULL,4896,NULL,NULL,https://cgwb.gov.in
meghalaya,east garo hills,samanda,samanda,Williamnagar,Williamnagar Station,25.51,90.51944,2011,8,August,1.4,2025.0,Safe,0.0849275,0.0764346,0.003461,4.53,NULL,NULL,normalized_exact,0.7,valid,August_WL_1994-2025.pdf,GWRA_2025.pdf,NULL,local_pdf,local_pdf,official_web_fallback,pdf_text,pdf_table,NULL,4896,NULL,NULL,https://cgwb.gov.in
meghalaya,east khasi hills,mawsynram,mawsynram,Balat,Balat Station,25.20556,91.4,2011,8,August,1.5,2025.0,Safe,0.2181741,0.1963567,0.006982,3.56,NULL,NULL,normalized_exact,0.7,valid,August_WL_1994-2025.pdf,GWRA_2025.pdf,NULL,local_pdf,local_pdf,official_web_fallback,pdf_text,pdf_table,NULL,4896,NULL,NULL,https://cgwb.gov.in
meghalaya,east khasi hills,mylliem,mylliem,Mawngap,Mawngap Station,25.47639,91.76944,2011,8,August,1.8,2025.0,Safe,0.2181741,0.1963567,0.006982,3.56,NULL,NULL,normalized_exact,0.7,valid,August_WL_1994-2025.pdf,GWRA_2025.pdf,NULL,local_pdf,local_pdf,official_web_fallback,pdf_text,pdf_table,NULL,4896,NULL,NULL,https://cgwb.gov.in
meghalaya,east khasi hills,mylliem,mylliem,Shillong Polo,Shillong Polo Station,25.58333,91.88333,2011,8,August,0.8,2025.0,Safe,0.2181741,0.1963567,0.006982,3.56,NULL,NULL,normalized_exact,0.7,valid,August_WL_1994-2025.pdf,GWRA_2025.pdf,NULL,local_pdf,local_pdf,official_web_fallback,pdf_text,pdf_table,NULL,4896,NULL,NULL,https://cgwb.gov.in
meghalaya,east khasi hills,shella bholaganj,shella bholaganj,Cherrapunji,Cherrapunji Station,25.28333,91.71667,2011,8,August,0.2,2025.0,Safe,0.2181741,0.1963567,0.006982,3.56,NULL,NULL,normalized_exact,0.7,valid,August_WL_1994-2025.pdf,GWRA_2025.pdf,NULL,local_pdf,local_pdf,official_web_fallback,pdf_text,pdf_table,NULL,4896,NULL,NULL,https://cgwb.gov.in
meghalaya,west khasi hills,Mairang,Mairang,Mairang,Mairang Station,25.57778,91.64167,2011,8,August,0.5,2025.0,NULL,0.339654,0.3056885,0.0046341,1.52,NULL,NULL,historical_mapping,0.5,valid,August_WL_1994-2025.pdf,GWRA_2025.pdf,NULL,local_pdf,local_pdf,official_web_fallback,pdf_text,pdf_table,NULL,4896,NULL,NULL,https://cgwb.gov.in
meghalaya,north garo hills,bajengdoba,bajengdoba,Bajengdoba,Bajengdoba Station,25.88611,90.5125,2011,8,August,2.1,2025.0,Safe,0.0986029,0.0774368,0.0049870999999999,6.44,NULL,NULL,normalized_exact,0.7,valid,August_WL_1994-2025.pdf,GWRA_2025.pdf,NULL,local_pdf,local_pdf,official_web_fallback,pdf_text,pdf_table,NULL,4896,NULL,NULL,https://cgwb.gov.in
meghalaya,north garo hills,kharkutta,kharkutta,Depa Sarangma,Depa Sarangma Station,25.86667,90.78333,2011,8,August,2.2,2025.0,Safe,0.0986029,0.0774368,0.0049870999999999,6.44,NULL,NULL,normalized_exact,0.7,valid,August_WL_1994-2025.pdf,GWRA_2025.pdf,NULL,local_pdf,local_pdf,official_web_fallback,pdf_text,pdf_table,NULL,4896,NULL,NULL,https://cgwb.gov.in
meghalaya,north garo hills,kharkutta,kharkutta,Kharkutta,Kharkutta Station,25.90556,90.89444,2011,8,August,2.4,2025.0,Safe,0.0986029,0.0774368,0.0049870999999999,6.44,NULL,NULL,normalized_exact,0.7,valid,August_WL_1994-2025.pdf,GWRA_2025.pdf,NULL,local_pdf,local_pdf,official_web_fallback,pdf_text,pdf_table,NULL,4896,NULL,NULL,https://cgwb.gov.in
meghalaya,north garo hills,resubelpara,resubelpara,Mendal,Mendal Station,25.82472,90.46583,2011,8,August,1.7,2025.0,Safe,0.0986029,0.0774368,0.0049870999999999,6.44,NULL,NULL,normalized_exact,0.7,valid,August_WL_1994-2025.pdf,GWRA_2025.pdf,NULL,local_pdf,local_pdf,official_web_fallback,pdf_text,pdf_table,NULL,4896,NULL,NULL,https://cgwb.gov.in
meghalaya,north garo hills,resubelpara,resubelpara,Mendipathar,Mendipathar Station,25.92083,90.50833,2011,8,August,2.0,2025.0,Safe,0.0986029,0.0774368,0.0049870999999999,6.44,NULL,NULL,normalized_exact,0.7,valid,August_WL_1994-2025.pdf,GWRA_2025.pdf,NULL,local_pdf,local_pdf,official_web_fallback,pdf_text,pdf_table,NULL,4896,NULL,NULL,https://cgwb.gov.in
meghalaya,ri bhoi,nongpoh,nongpoh,Nongpoh,Nongpoh Station,25.9,91.88333,2011,8,August,1.6,2025.0,Safe,0.0648369999999999,0.0583534,0.0035481,6.08,NULL,NULL,normalized_exact,0.7,valid,August_WL_1994-2025.pdf,GWRA_2025.pdf,NULL,local_pdf,local_pdf,official_web_fallback,pdf_text,pdf_table,NULL,4896,NULL,NULL,https://cgwb.gov.in
meghalaya,south west garo hills,betasing,betasing,Ampati,Ampati Station,25.5,89.95833,2011,8,August,2.7,2025.0,Safe,0.079896,0.0387598,0.0076644,19.77,NULL,NULL,normalized_exact,0.7,valid,August_WL_1994-2025.pdf,GWRA_2025.pdf,NULL,local_pdf,local_pdf,official_web_fallback,pdf_text,pdf_table,NULL,4896,NULL,NULL,https://cgwb.gov.in
meghalaya,south west garo hills,betasing,betasing,Borkona,Borkona Station,25.56556,89.94306,2011,8,August,1.3,2025.0,Safe,0.079896,0.0387598,0.0076644,19.77,NULL,NULL,normalized_exact,0.7,valid,August_WL_1994-2025.pdf,GWRA_2025.pdf,NULL,local_pdf,local_pdf,official_web_fallback,pdf_text,pdf_table,NULL,4896,NULL,NULL,https://cgwb.gov.in
meghalaya,south west garo hills,rerapara,rerapara,Garobandha,Garobandha Station,25.58028,90.02222,2011,8,August,3.3,2025.0,Safe,0.079896,0.0387598,0.0076644,19.77,NULL,NULL,normalized_exact,0.7,valid,August_WL_1994-2025.pdf,GWRA_2025.pdf,NULL,local_pdf,local_pdf,official_web_fallback,pdf_text,pdf_table,NULL,4896,NULL,NULL,https://cgwb.gov.in
meghalaya,south west garo hills,zikzak,zikzak,Mahendraganj,Mahendraganj Station,25.3,89.85972,2011,8,August,2.1,2025.0,Safe,0.079896,0.0387598,0.0076644,19.77,NULL,NULL,normalized_exact,0.7,valid,August_WL_1994-2025.pdf,GWRA_2025.pdf,NULL,local_pdf,local_pdf,official_web_fallback,pdf_text,pdf_table,NULL,4896,NULL,NULL,https://cgwb.gov.in
meghalaya,west garo hills,dalu,dalu,Barengapara,Barengapara Station,25.21667,90.23333,2011,8,August,4.0,2025.0,Safe,0.2912522,0.1904695,0.036739,19.29,NULL,NULL,normalized_exact,0.7,valid,August_WL_1994-2025.pdf,GWRA_2025.pdf,NULL,local_pdf,local_pdf,official_web_fallback,pdf_text,pdf_table,NULL,4896,NULL,NULL,https://cgwb.gov.in
meghalaya,west garo hills,dalu,dalu,Kherapara,Kherapara Station,25.34167,90.225,2011,8,August,2.0,2025.0,Safe,0.2912522,0.1904695,0.036739,19.29,NULL,NULL,normalized_exact,0.7,valid,August_WL_1994-2025.pdf,GWRA_2025.pdf,NULL,local_pdf,local_pdf,official_web_fallback,pdf_text,pdf_table,NULL,4896,NULL,NULL,https://cgwb.gov.in
meghalaya,west garo hills,dalu,dalu,Porakhasia,Porakhasia Station,25.3,90.01667,2011,8,August,2.7,2025.0,Safe,0.2912522,0.1904695,0.036739,19.29,NULL,NULL,normalized_exact,0.7,valid,August_WL_1994-2025.pdf,GWRA_2025.pdf,NULL,local_pdf,local_pdf,official_web_fallback,pdf_text,pdf_table,NULL,4896,NULL,NULL,https://cgwb.gov.in
meghalaya,west garo hills,demdema,demdema,Nidanpur,Nidanpur Station,25.9125,90.12778,2011,8,August,1.4,2025.0,Safe,0.2912522,0.1904695,0.036739,19.29,NULL,NULL,normalized_exact,0.7,valid,August_WL_1994-2025.pdf,GWRA_2025.pdf,NULL,local_pdf,local_pdf,official_web_fallback,pdf_text,pdf_table,NULL,4897,NULL,NULL,https://cgwb.gov.in
meghalaya,west garo hills,rongram,rongram,Asanang,Asanang Station,25.59944,90.27556,2011,8,August,3.3,2025.0,Safe,0.2912522,0.1904695,0.036739,19.29,NULL,NULL,normalized_exact,0.7,valid,August_WL_1994-2025.pdf,GWRA_2025.pdf,NULL,local_pdf,local_pdf,official_web_fallback,pdf_text,pdf_table,NULL,4897,NULL,NULL,https://cgwb.gov.in
meghalaya,west garo hills,salsella,salsella,Phulbari,Phulbari Station,25.88333,90.05,2011,8,August,2.0,2025.0,Safe,0.2912522,0.1904695,0.036739,19.29,NULL,NULL,normalized_exact,0.7,valid,August_WL_1994-2025.pdf,GWRA_2025.pdf,NULL,local_pdf,local_pdf,official_web_fallback,pdf_text,pdf_table,NULL,4897,NULL,NULL,https://cgwb.gov.in
meghalaya,west garo hills,tikrikilla,tikrikilla,Tikrikilla,Tikrikilla Station,25.94583,90.24444,2011,8,August,7.2,2025.0,Safe,0.2912522,0.1904695,0.036739,19.29,NULL,NULL,normalized_exact,0.7,valid,August_WL_1994-2025.pdf,GWRA_2025.pdf,NULL,local_pdf,local_pdf,official_web_fallback,pdf_text,pdf_table,NULL,4897,NULL,NULL,https://cgwb.gov.in
meghalaya,west jaintia hills,amlarem,amlarem,Dauki,Dauki Station,25.2,92.03333,2011,8,August,1.1,2025.0,Safe,0.1116346999999999,0.1004712,0.0061129999999999,6.08,NULL,NULL,normalized_exact,0.7,valid,August_WL_1994-2025.pdf,GWRA_2025.pdf,NULL,local_pdf,local_pdf,official_web_fallback,pdf_text,pdf_table,NULL,4897,NULL,NULL,https://cgwb.gov.in
meghalaya,east garo hills,dambo rongjeng,dambo rongjeng,Darugiri,Darugiri Station,25.61917,90.7675,2010,8,August,2.4,2025.0,Safe,0.0849275,0.0764346,0.003461,4.53,NULL,NULL,normalized_exact,0.7,valid,August_WL_1994-2025.pdf,GWRA_2025.pdf,NULL,local_pdf,local_pdf,official_web_fallback,pdf_text,pdf_table,NULL,5140,NULL,NULL,https://cgwb.gov.in
meghalaya,east garo hills,dambo rongjeng,dambo rongjeng,Rongjeng,Rongjeng Station,25.66667,90.80417,2010,8,August,2.3,2025.0,Safe,0.0849275,0.0764346,0.003461,4.53,NULL,NULL,normalized_exact,0.7,valid,August_WL_1994-2025.pdf,GWRA_2025.pdf,NULL,local_pdf,local_pdf,official_web_fallback,pdf_text,pdf_table,NULL,5140,NULL,NULL,https://cgwb.gov.in
meghalaya,east garo hills,dambo rongjeng,dambo rongjeng,Rongmil,Rongmil Station,25.73611,90.82444,2010,8,August,1.6,2025.0,Safe,0.0849275,0.0764346,0.003461,4.53,NULL,NULL,normalized_exact,0.7,valid,August_WL_1994-2025.pdf,GWRA_2025.pdf,NULL,local_pdf,local_pdf,official_web_fallback,pdf_text,pdf_table,NULL,5140,NULL,NULL,https://cgwb.gov.in
meghalaya,east garo hills,samanda,samanda,Williamnagar,Williamnagar Station,25.51,90.51944,2010,8,August,1.4,2025.0,Safe,0.0849275,0.0764346,0.003461,4.53,NULL,NULL,normalized_exact,0.7,valid,August_WL_1994-2025.pdf,GWRA_2025.pdf,NULL,local_pdf,local_pdf,official_web_fallback,pdf_text,pdf_table,NULL,5140,NULL,NULL,https://cgwb.gov.in
meghalaya,east khasi hills,mawsynram,mawsynram,Balat,Balat Station,25.20556,91.4,2010,8,August,1.9,2025.0,Safe,0.2181741,0.1963567,0.006982,3.56,NULL,NULL,normalized_exact,0.7,valid,August_WL_1994-2025.pdf,GWRA_2025.pdf,NULL,local_pdf,local_pdf,official_web_fallback,pdf_text,pdf_table,NULL,5140,NULL,NULL,https://cgwb.gov.in
meghalaya,east khasi hills,mylliem,mylliem,Mawngap,Mawngap Station,25.47639,91.76944,2010,8,August,1.8,2025.0,Safe,0.2181741,0.1963567,0.006982,3.56,NULL,NULL,normalized_exact,0.7,valid,August_WL_1994-2025.pdf,GWRA_2025.pdf,NULL,local_pdf,local_pdf,official_web_fallback,pdf_text,pdf_table,NULL,5140,NULL,NULL,https://cgwb.gov.in
meghalaya,east khasi hills,mylliem,mylliem,Shillong Polo,Shillong Polo Station,25.58333,91.88333,2010,8,August,0.1,2025.0,Safe,0.2181741,0.1963567,0.006982,3.56,NULL,NULL,normalized_exact,0.7,valid,August_WL_1994-2025.pdf,GWRA_2025.pdf,NULL,local_pdf,local_pdf,official_web_fallback,pdf_text,pdf_table,NULL,5140,NULL,NULL,https://cgwb.gov.in
meghalaya,east khasi hills,shella bholaganj,shella bholaganj,Cherrapunji,Cherrapunji Station,25.28333,91.71667,2010,8,August,0.3,2025.0,Safe,0.2181741,0.1963567,0.006982,3.56,NULL,NULL,normalized_exact,0.7,valid,August_WL_1994-2025.pdf,GWRA_2025.pdf,NULL,local_pdf,local_pdf,official_web_fallback,pdf_text,pdf_table,NULL,5140,NULL,NULL,https://cgwb.gov.in
meghalaya,west khasi hills,Mairang,Mairang,Mairang,Mairang Station,25.57778,91.64167,2010,8,August,0.6,2025.0,NULL,0.339654,0.3056885,0.0046341,1.52,NULL,NULL,historical_mapping,0.5,valid,August_WL_1994-2025.pdf,GWRA_2025.pdf,NULL,local_pdf,local_pdf,official_web_fallback,pdf_text,pdf_table,NULL,5140,NULL,NULL,https://cgwb.gov.in
meghalaya,north garo hills,kharkutta,kharkutta,Depa Sarangma,Depa Sarangma Station,25.86667,90.78333,2010,8,August,1.4,2025.0,Safe,0.0986029,0.0774368,0.0049870999999999,6.44,NULL,NULL,normalized_exact,0.7,valid,August_WL_1994-2025.pdf,GWRA_2025.pdf,NULL,local_pdf,local_pdf,official_web_fallback,pdf_text,pdf_table,NULL,5140,NULL,NULL,https://cgwb.gov.in
meghalaya,north garo hills,kharkutta,kharkutta,Kharkutta,Kharkutta Station,25.90556,90.89444,2010,8,August,2.4,2025.0,Safe,0.0986029,0.0774368,0.0049870999999999,6.44,NULL,NULL,normalized_exact,0.7,valid,August_WL_1994-2025.pdf,GWRA_2025.pdf,NULL,local_pdf,local_pdf,official_web_fallback,pdf_text,pdf_table,NULL,5140,NULL,NULL,https://cgwb.gov.in
meghalaya,north garo hills,resubelpara,resubelpara,Mendal,Mendal Station,25.82472,90.46583,2010,8,August,1.6,2025.0,Safe,0.0986029,0.0774368,0.0049870999999999,6.44,NULL,NULL,normalized_exact,0.7,valid,August_WL_1994-2025.pdf,GWRA_2025.pdf,NULL,local_pdf,local_pdf,official_web_fallback,pdf_text,pdf_table,NULL,5140,NULL,NULL,https://cgwb.gov.in
meghalaya,north garo hills,resubelpara,resubelpara,Mendipathar,Mendipathar Station,25.92083,90.50833,2010,8,August,2.5,2025.0,Safe,0.0986029,0.0774368,0.0049870999999999,6.44,NULL,NULL,normalized_exact,0.7,valid,August_WL_1994-2025.pdf,GWRA_2025.pdf,NULL,local_pdf,local_pdf,official_web_fallback,pdf_text,pdf_table,NULL,5140,NULL,NULL,https://cgwb.gov.in
meghalaya,ri bhoi,nongpoh,nongpoh,Nongpoh,Nongpoh Station,25.9,91.88333,2010,8,August,1.7,2025.0,Safe,0.0648369999999999,0.0583534,0.0035481,6.08,NULL,NULL,normalized_exact,0.7,valid,August_WL_1994-2025.pdf,GWRA_2025.pdf,NULL,local_pdf,local_pdf,official_web_fallback,pdf_text,pdf_table,NULL,5140,NULL,NULL,https://cgwb.gov.in
meghalaya,ri bhoi,umling,umling,Jorabat,Jorabat Station,25.9,91.88333,2010,8,August,3.4,2025.0,Safe,0.0648369999999999,0.0583534,0.0035481,6.08,NULL,NULL,normalized_exact,0.7,valid,August_WL_1994-2025.pdf,GWRA_2025.pdf,NULL,local_pdf,local_pdf,official_web_fallback,pdf_text,pdf_table,NULL,5140,NULL,NULL,https://cgwb.gov.in
meghalaya,south west garo hills,betasing,betasing,Ampati,Ampati Station,25.5,89.95833,2010,8,August,2.8,2025.0,Safe,0.079896,0.0387598,0.0076644,19.77,NULL,NULL,normalized_exact,0.7,valid,August_WL_1994-2025.pdf,GWRA_2025.pdf,NULL,local_pdf,local_pdf,official_web_fallback,pdf_text,pdf_table,NULL,5140,NULL,NULL,https://cgwb.gov.in
meghalaya,south west garo hills,betasing,betasing,Borkona,Borkona Station,25.56556,89.94306,2010,8,August,1.2,2025.0,Safe,0.079896,0.0387598,0.0076644,19.77,NULL,NULL,normalized_exact,0.7,valid,August_WL_1994-2025.pdf,GWRA_2025.pdf,NULL,local_pdf,local_pdf,official_web_fallback,pdf_text,pdf_table,NULL,5140,NULL,NULL,https://cgwb.gov.in
meghalaya,south west garo hills,rerapara,rerapara,Garobandha,Garobandha Station,25.58028,90.02222,2010,8,August,3.8,2025.0,Safe,0.079896,0.0387598,0.0076644,19.77,NULL,NULL,normalized_exact,0.7,valid,August_WL_1994-2025.pdf,GWRA_2025.pdf,NULL,local_pdf,local_pdf,official_web_fallback,pdf_text,pdf_table,NULL,5140,NULL,NULL,https://cgwb.gov.in
meghalaya,south west garo hills,zikzak,zikzak,Mahendraganj,Mahendraganj Station,25.3,89.85972,2010,8,August,2.0,2025.0,Safe,0.079896,0.0387598,0.0076644,19.77,NULL,NULL,normalized_exact,0.7,valid,August_WL_1994-2025.pdf,GWRA_2025.pdf,NULL,local_pdf,local_pdf,official_web_fallback,pdf_text,pdf_table,NULL,5140,NULL,NULL,https://cgwb.gov.in
meghalaya,west garo hills,dalu,dalu,Barengapara,Barengapara Station,25.21667,90.23333,2010,8,August,4.3,2025.0,Safe,0.2912522,0.1904695,0.036739,19.29,NULL,NULL,normalized_exact,0.7,valid,August_WL_1994-2025.pdf,GWRA_2025.pdf,NULL,local_pdf,local_pdf,official_web_fallback,pdf_text,pdf_table,NULL,5140,NULL,NULL,https://cgwb.gov.in
meghalaya,west garo hills,dalu,dalu,Kherapara,Kherapara Station,25.34167,90.225,2010,8,August,2.0,2025.0,Safe,0.2912522,0.1904695,0.036739,19.29,NULL,NULL,normalized_exact,0.7,valid,August_WL_1994-2025.pdf,GWRA_2025.pdf,NULL,local_pdf,local_pdf,official_web_fallback,pdf_text,pdf_table,NULL,5140,NULL,NULL,https://cgwb.gov.in
meghalaya,west garo hills,dalu,dalu,Porakhasia,Porakhasia Station,25.3,90.01667,2010,8,August,2.6,2025.0,Safe,0.2912522,0.1904695,0.036739,19.29,NULL,NULL,normalized_exact,0.7,valid,August_WL_1994-2025.pdf,GWRA_2025.pdf,NULL,local_pdf,local_pdf,official_web_fallback,pdf_text,pdf_table,NULL,5140,NULL,NULL,https://cgwb.gov.in
meghalaya,west garo hills,demdema,demdema,Nidanpur,Nidanpur Station,25.9125,90.12778,2010,8,August,1.3,2025.0,Safe,0.2912522,0.1904695,0.036739,19.29,NULL,NULL,normalized_exact,0.7,valid,August_WL_1994-2025.pdf,GWRA_2025.pdf,NULL,local_pdf,local_pdf,official_web_fallback,pdf_text,pdf_table,NULL,5140,NULL,NULL,https://cgwb.gov.in
meghalaya,west garo hills,rongram,rongram,Asanang,Asanang Station,25.59944,90.27556,2010,8,August,3.6,2025.0,Safe,0.2912522,0.1904695,0.036739,19.29,NULL,NULL,normalized_exact,0.7,valid,August_WL_1994-2025.pdf,GWRA_2025.pdf,NULL,local_pdf,local_pdf,official_web_fallback,pdf_text,pdf_table,NULL,5140,NULL,NULL,https://cgwb.gov.in
meghalaya,west garo hills,salsella,salsella,Phulbari,Phulbari Station,25.88333,90.05,2010,8,August,2.0,2025.0,Safe,0.2912522,0.1904695,0.036739,19.29,NULL,NULL,normalized_exact,0.7,valid,August_WL_1994-2025.pdf,GWRA_2025.pdf,NULL,local_pdf,local_pdf,official_web_fallback,pdf_text,pdf_table,NULL,5140,NULL,NULL,https://cgwb.gov.in
meghalaya,west garo hills,tikrikilla,tikrikilla,Tikrikilla,Tikrikilla Station,25.94583,90.24444,2010,8,August,7.4,2025.0,Safe,0.2912522,0.1904695,0.036739,19.29,NULL,NULL,normalized_exact,0.7,valid,August_WL_1994-2025.pdf,GWRA_2025.pdf,NULL,local_pdf,local_pdf,official_web_fallback,pdf_text,pdf_table,NULL,5140,NULL,NULL,https://cgwb.gov.in
meghalaya,west jaintia hills,amlarem,amlarem,Dauki,Dauki Station,25.2,92.03333,2010,8,August,1.0,2025.0,Safe,0.1116346999999999,0.1004712,0.0061129999999999,6.08,NULL,NULL,normalized_exact,0.7,valid,August_WL_1994-2025.pdf,GWRA_2025.pdf,NULL,local_pdf,local_pdf,official_web_fallback,pdf_text,pdf_table,NULL,5140,NULL,NULL,https://cgwb.gov.in
meghalaya,east garo hills,dambo rongjeng,dambo rongjeng,Darugiri,Darugiri Station,25.61917,90.7675,2009,8,August,0.4,2025.0,Safe,0.0849275,0.0764346,0.003461,4.53,NULL,NULL,normalized_exact,0.7,valid,August_WL_1994-2025.pdf,GWRA_2025.pdf,NULL,local_pdf,local_pdf,official_web_fallback,pdf_text,pdf_table,NULL,5383,NULL,NULL,https://cgwb.gov.in
meghalaya,east garo hills,dambo rongjeng,dambo rongjeng,Rongjeng,Rongjeng Station,25.66667,90.80417,2009,8,August,1.1,2025.0,Safe,0.0849275,0.0764346,0.003461,4.53,NULL,NULL,normalized_exact,0.7,valid,August_WL_1994-2025.pdf,GWRA_2025.pdf,NULL,local_pdf,local_pdf,official_web_fallback,pdf_text,pdf_table,NULL,5383,NULL,NULL,https://cgwb.gov.in
meghalaya,east garo hills,dambo rongjeng,dambo rongjeng,Rongmil,Rongmil Station,25.73611,90.82444,2009,8,August,1.3,2025.0,Safe,0.0849275,0.0764346,0.003461,4.53,NULL,NULL,normalized_exact,0.7,valid,August_WL_1994-2025.pdf,GWRA_2025.pdf,NULL,local_pdf,local_pdf,official_web_fallback,pdf_text,pdf_table,NULL,5383,NULL,NULL,https://cgwb.gov.in
meghalaya,east garo hills,samanda,samanda,Williamnagar,Williamnagar Station,25.51,90.51944,2009,8,August,1.3,2025.0,Safe,0.0849275,0.0764346,0.003461,4.53,NULL,NULL,normalized_exact,0.7,valid,August_WL_1994-2025.pdf,GWRA_2025.pdf,NULL,local_pdf,local_pdf,official_web_fallback,pdf_text,pdf_table,NULL,5383,NULL,NULL,https://cgwb.gov.in
meghalaya,east khasi hills,mawsynram,mawsynram,Balat,Balat Station,25.20556,91.4,2009,8,August,1.5,2025.0,Safe,0.2181741,0.1963567,0.006982,3.56,NULL,NULL,normalized_exact,0.7,valid,August_WL_1994-2025.pdf,GWRA_2025.pdf,NULL,local_pdf,local_pdf,official_web_fallback,pdf_text,pdf_table,NULL,5383,NULL,NULL,https://cgwb.gov.in
meghalaya,east khasi hills,mylliem,mylliem,Mawngap,Mawngap Station,25.47639,91.76944,2009,8,August,1.8,2025.0,Safe,0.2181741,0.1963567,0.006982,3.56,NULL,NULL,normalized_exact,0.7,valid,August_WL_1994-2025.pdf,GWRA_2025.pdf,NULL,local_pdf,local_pdf,official_web_fallback,pdf_text,pdf_table,NULL,5383,NULL,NULL,https://cgwb.gov.in
meghalaya,east khasi hills,mylliem,mylliem,Shillong Polo,Shillong Polo Station,25.58333,91.88333,2009,8,August,0.1,2025.0,Safe,0.2181741,0.1963567,0.006982,3.56,NULL,NULL,normalized_exact,0.7,valid,August_WL_1994-2025.pdf,GWRA_2025.pdf,NULL,local_pdf,local_pdf,official_web_fallback,pdf_text,pdf_table,NULL,5383,NULL,NULL,https://cgwb.gov.in
meghalaya,east khasi hills,shella bholaganj,shella bholaganj,Cherrapunji,Cherrapunji Station,25.28333,91.71667,2009,8,August,0.2,2025.0,Safe,0.2181741,0.1963567,0.006982,3.56,NULL,NULL,normalized_exact,0.7,valid,August_WL_1994-2025.pdf,GWRA_2025.pdf,NULL,local_pdf,local_pdf,official_web_fallback,pdf_text,pdf_table,NULL,5383,NULL,NULL,https://cgwb.gov.in
meghalaya,west khasi hills,Mairang,Mairang,Mairang,Mairang Station,25.57778,91.64167,2009,8,August,0.3,2025.0,NULL,0.339654,0.3056885,0.0046341,1.52,NULL,NULL,historical_mapping,0.5,valid,August_WL_1994-2025.pdf,GWRA_2025.pdf,NULL,local_pdf,local_pdf,official_web_fallback,pdf_text,pdf_table,NULL,5383,NULL,NULL,https://cgwb.gov.in
meghalaya,north garo hills,bajengdoba,bajengdoba,Bajengdoba,Bajengdoba Station,25.88611,90.5125,2009,8,August,0.3,2025.0,Safe,0.0986029,0.0774368,0.0049870999999999,6.44,NULL,NULL,normalized_exact,0.7,valid,August_WL_1994-2025.pdf,GWRA_2025.pdf,NULL,local_pdf,local_pdf,official_web_fallback,pdf_text,pdf_table,NULL,5383,NULL,NULL,https://cgwb.gov.in
meghalaya,north garo hills,kharkutta,kharkutta,Depa Sarangma,Depa Sarangma Station,25.86667,90.78333,2009,8,August,0.7,2025.0,Safe,0.0986029,0.0774368,0.0049870999999999,6.44,NULL,NULL,normalized_exact,0.7,valid,August_WL_1994-2025.pdf,GWRA_2025.pdf,NULL,local_pdf,local_pdf,official_web_fallback,pdf_text,pdf_table,NULL,5383,NULL,NULL,https://cgwb.gov.in
meghalaya,north garo hills,kharkutta,kharkutta,Kharkutta,Kharkutta Station,25.90556,90.89444,2009,8,August,2.3,2025.0,Safe,0.0986029,0.0774368,0.0049870999999999,6.44,NULL,NULL,normalized_exact,0.7,valid,August_WL_1994-2025.pdf,GWRA_2025.pdf,NULL,local_pdf,local_pdf,official_web_fallback,pdf_text,pdf_table,NULL,5383,NULL,NULL,https://cgwb.gov.in
meghalaya,north garo hills,resubelpara,resubelpara,Mendal,Mendal Station,25.82472,90.46583,2009,8,August,0.6,2025.0,Safe,0.0986029,0.0774368,0.0049870999999999,6.44,NULL,NULL,normalized_exact,0.7,valid,August_WL_1994-2025.pdf,GWRA_2025.pdf,NULL,local_pdf,local_pdf,official_web_fallback,pdf_text,pdf_table,NULL,5383,NULL,NULL,https://cgwb.gov.in
meghalaya,north garo hills,resubelpara,resubelpara,Mendipathar,Mendipathar Station,25.92083,90.50833,2009,8,August,2.0,2025.0,Safe,0.0986029,0.0774368,0.0049870999999999,6.44,NULL,NULL,normalized_exact,0.7,valid,August_WL_1994-2025.pdf,GWRA_2025.pdf,NULL,local_pdf,local_pdf,official_web_fallback,pdf_text,pdf_table,NULL,5383,NULL,NULL,https://cgwb.gov.in
meghalaya,ri bhoi,nongpoh,nongpoh,Nongpoh,Nongpoh Station,25.9,91.88333,2009,8,August,1.5,2025.0,Safe,0.0648369999999999,0.0583534,0.0035481,6.08,NULL,NULL,normalized_exact,0.7,valid,August_WL_1994-2025.pdf,GWRA_2025.pdf,NULL,local_pdf,local_pdf,official_web_fallback,pdf_text,pdf_table,NULL,5383,NULL,NULL,https://cgwb.gov.in
meghalaya,ri bhoi,umling,umling,Jorabat,Jorabat Station,25.9,91.88333,2009,8,August,5.1,2025.0,Safe,0.0648369999999999,0.0583534,0.0035481,6.08,NULL,NULL,normalized_exact,0.7,valid,August_WL_1994-2025.pdf,GWRA_2025.pdf,NULL,local_pdf,local_pdf,official_web_fallback,pdf_text,pdf_table,NULL,5383,NULL,NULL,https://cgwb.gov.in
meghalaya,south west garo hills,betasing,betasing,Ampati,Ampati Station,25.5,89.95833,2009,8,August,1.2,2025.0,Safe,0.079896,0.0387598,0.0076644,19.77,NULL,NULL,normalized_exact,0.7,valid,August_WL_1994-2025.pdf,GWRA_2025.pdf,NULL,local_pdf,local_pdf,official_web_fallback,pdf_text,pdf_table,NULL,5383,NULL,NULL,https://cgwb.gov.in
meghalaya,south west garo hills,betasing,betasing,Borkona,Borkona Station,25.56556,89.94306,2009,8,August,0.8,2025.0,Safe,0.079896,0.0387598,0.0076644,19.77,NULL,NULL,normalized_exact,0.7,valid,August_WL_1994-2025.pdf,GWRA_2025.pdf,NULL,local_pdf,local_pdf,official_web_fallback,pdf_text,pdf_table,NULL,5383,NULL,NULL,https://cgwb.gov.in
meghalaya,south west garo hills,rerapara,rerapara,Garobandha,Garobandha Station,25.58028,90.02222,2009,8,August,3.9,2025.0,Safe,0.079896,0.0387598,0.0076644,19.77,NULL,NULL,normalized_exact,0.7,valid,August_WL_1994-2025.pdf,GWRA_2025.pdf,NULL,local_pdf,local_pdf,official_web_fallback,pdf_text,pdf_table,NULL,5383,NULL,NULL,https://cgwb.gov.in
meghalaya,south west garo hills,zikzak,zikzak,Mahendraganj,Mahendraganj Station,25.3,89.85972,2009,8,August,0.7,2025.0,Safe,0.079896,0.0387598,0.0076644,19.77,NULL,NULL,normalized_exact,0.7,valid,August_WL_1994-2025.pdf,GWRA_2025.pdf,NULL,local_pdf,local_pdf,official_web_fallback,pdf_text,pdf_table,NULL,5383,NULL,NULL,https://cgwb.gov.in
meghalaya,west garo hills,dalu,dalu,Barengapara,Barengapara Station,25.21667,90.23333,2009,8,August,3.4,2025.0,Safe,0.2912522,0.1904695,0.036739,19.29,NULL,NULL,normalized_exact,0.7,valid,August_WL_1994-2025.pdf,GWRA_2025.pdf,NULL,local_pdf,local_pdf,official_web_fallback,pdf_text,pdf_table,NULL,5383,NULL,NULL,https://cgwb.gov.in
meghalaya,west garo hills,dalu,dalu,Kherapara,Kherapara Station,25.34167,90.225,2009,8,August,1.5,2025.0,Safe,0.2912522,0.1904695,0.036739,19.29,NULL,NULL,normalized_exact,0.7,valid,August_WL_1994-2025.pdf,GWRA_2025.pdf,NULL,local_pdf,local_pdf,official_web_fallback,pdf_text,pdf_table,NULL,5383,NULL,NULL,https://cgwb.gov.in
meghalaya,west garo hills,dalu,dalu,Porakhasia,Porakhasia Station,25.3,90.01667,2009,8,August,2.7,2025.0,Safe,0.2912522,0.1904695,0.036739,19.29,NULL,NULL,normalized_exact,0.7,valid,August_WL_1994-2025.pdf,GWRA_2025.pdf,NULL,local_pdf,local_pdf,official_web_fallback,pdf_text,pdf_table,NULL,5383,NULL,NULL,https://cgwb.gov.in
meghalaya,west garo hills,demdema,demdema,Nidanpur,Nidanpur Station,25.9125,90.12778,2009,8,August,0.4,2025.0,Safe,0.2912522,0.1904695,0.036739,19.29,NULL,NULL,normalized_exact,0.7,valid,August_WL_1994-2025.pdf,GWRA_2025.pdf,NULL,local_pdf,local_pdf,official_web_fallback,pdf_text,pdf_table,NULL,5383,NULL,NULL,https://cgwb.gov.in
meghalaya,west garo hills,rongram,rongram,Asanang,Asanang Station,25.59944,90.27556,2009,8,August,2.9,2025.0,Safe,0.2912522,0.1904695,0.036739,19.29,NULL,NULL,normalized_exact,0.7,valid,August_WL_1994-2025.pdf,GWRA_2025.pdf,NULL,local_pdf,local_pdf,official_web_fallback,pdf_text,pdf_table,NULL,5383,NULL,NULL,https://cgwb.gov.in
meghalaya,west garo hills,salsella,salsella,Phulbari,Phulbari Station,25.88333,90.05,2009,8,August,2.3,2025.0,Safe,0.2912522,0.1904695,0.036739,19.29,NULL,NULL,normalized_exact,0.7,valid,August_WL_1994-2025.pdf,GWRA_2025.pdf,NULL,local_pdf,local_pdf,official_web_fallback,pdf_text,pdf_table,NULL,5383,NULL,NULL,https://cgwb.gov.in
meghalaya,west garo hills,tikrikilla,tikrikilla,Tikrikilla,Tikrikilla Station,25.94583,90.24444,2009,8,August,6.4,2025.0,Safe,0.2912522,0.1904695,0.036739,19.29,NULL,NULL,normalized_exact,0.7,valid,August_WL_1994-2025.pdf,GWRA_2025.pdf,NULL,local_pdf,local_pdf,official_web_fallback,pdf_text,pdf_table,NULL,5383,NULL,NULL,https://cgwb.gov.in
meghalaya,west jaintia hills,amlarem,amlarem,Dauki,Dauki Station,25.2,92.03333,2009,8,August,1.1,2025.0,Safe,0.1116346999999999,0.1004712,0.0061129999999999,6.08,NULL,NULL,normalized_exact,0.7,valid,August_WL_1994-2025.pdf,GWRA_2025.pdf,NULL,local_pdf,local_pdf,official_web_fallback,pdf_text,pdf_table,NULL,5383,NULL,NULL,https://cgwb.gov.in
meghalaya,west jaintia hills,thadlaskein,thadlaskein,Jowai,Jowai Station,25.44167,92.175,2009,8,August,0.4,2025.0,Safe,0.1116346999999999,0.1004712,0.0061129999999999,6.08,NULL,NULL,normalized_exact,0.7,valid,August_WL_1994-2025.pdf,GWRA_2025.pdf,NULL,local_pdf,local_pdf,official_web_fallback,pdf_text,pdf_table,NULL,5383,NULL,NULL,https://cgwb.gov.in
meghalaya,east garo hills,dambo rongjeng,dambo rongjeng,Darugiri,Darugiri Station,25.61917,90.7675,2008,8,August,0.8,2025.0,Safe,0.0849275,0.0764346,0.003461,4.53,NULL,NULL,normalized_exact,0.7,valid,August_WL_1994-2025.pdf,GWRA_2025.pdf,NULL,local_pdf,local_pdf,official_web_fallback,pdf_text,pdf_table,NULL,5636,NULL,NULL,https://cgwb.gov.in
meghalaya,east garo hills,dambo rongjeng,dambo rongjeng,Rongjeng,Rongjeng Station,25.66667,90.80417,2008,8,August,1.3,2025.0,Safe,0.0849275,0.0764346,0.003461,4.53,NULL,NULL,normalized_exact,0.7,valid,August_WL_1994-2025.pdf,GWRA_2025.pdf,NULL,local_pdf,local_pdf,official_web_fallback,pdf_text,pdf_table,NULL,5636,NULL,NULL,https://cgwb.gov.in
meghalaya,east garo hills,dambo rongjeng,dambo rongjeng,Rongmil,Rongmil Station,25.73611,90.82444,2008,8,August,2.6,2025.0,Safe,0.0849275,0.0764346,0.003461,4.53,NULL,NULL,normalized_exact,0.7,valid,August_WL_1994-2025.pdf,GWRA_2025.pdf,NULL,local_pdf,local_pdf,official_web_fallback,pdf_text,pdf_table,NULL,5636,NULL,NULL,https://cgwb.gov.in
meghalaya,east garo hills,samanda,samanda,Williamnagar,Williamnagar Station,25.51,90.51944,2008,8,August,1.7,2025.0,Safe,0.0849275,0.0764346,0.003461,4.53,NULL,NULL,normalized_exact,0.7,valid,August_WL_1994-2025.pdf,GWRA_2025.pdf,NULL,local_pdf,local_pdf,official_web_fallback,pdf_text,pdf_table,NULL,5636,NULL,NULL,https://cgwb.gov.in
meghalaya,east khasi hills,mawsynram,mawsynram,Balat,Balat Station,25.20556,91.4,2008,8,August,1.6,2025.0,Safe,0.2181741,0.1963567,0.006982,3.56,NULL,NULL,normalized_exact,0.7,valid,August_WL_1994-2025.pdf,GWRA_2025.pdf,NULL,local_pdf,local_pdf,official_web_fallback,pdf_text,pdf_table,NULL,5636,NULL,NULL,https://cgwb.gov.in
meghalaya,east khasi hills,mylliem,mylliem,Mawngap,Mawngap Station,25.47639,91.76944,2008,8,August,1.5,2025.0,Safe,0.2181741,0.1963567,0.006982,3.56,NULL,NULL,normalized_exact,0.7,valid,August_WL_1994-2025.pdf,GWRA_2025.pdf,NULL,local_pdf,local_pdf,official_web_fallback,pdf_text,pdf_table,NULL,5636,NULL,NULL,https://cgwb.gov.in
meghalaya,west khasi hills,Mairang,Mairang,Mairang,Mairang Station,25.57778,91.64167,2008,8,August,0.6,2025.0,NULL,0.339654,0.3056885,0.0046341,1.52,NULL,NULL,historical_mapping,0.5,valid,August_WL_1994-2025.pdf,GWRA_2025.pdf,NULL,local_pdf,local_pdf,official_web_fallback,pdf_text,pdf_table,NULL,5636,NULL,NULL,https://cgwb.gov.in
meghalaya,north garo hills,bajengdoba,bajengdoba,Bajengdoba,Bajengdoba Station,25.88611,90.5125,2008,8,August,0.4,2025.0,Safe,0.0986029,0.0774368,0.0049870999999999,6.44,NULL,NULL,normalized_exact,0.7,valid,August_WL_1994-2025.pdf,GWRA_2025.pdf,NULL,local_pdf,local_pdf,official_web_fallback,pdf_text,pdf_table,NULL,5636,NULL,NULL,https://cgwb.gov.in
meghalaya,north garo hills,kharkutta,kharkutta,Depa Sarangma,Depa Sarangma Station,25.86667,90.78333,2008,8,August,1.9,2025.0,Safe,0.0986029,0.0774368,0.0049870999999999,6.44,NULL,NULL,normalized_exact,0.7,valid,August_WL_1994-2025.pdf,GWRA_2025.pdf,NULL,local_pdf,local_pdf,official_web_fallback,pdf_text,pdf_table,NULL,5636,NULL,NULL,https://cgwb.gov.in
meghalaya,north garo hills,kharkutta,kharkutta,Kharkutta,Kharkutta Station,25.90556,90.89444,2008,8,August,2.4,2025.0,Safe,0.0986029,0.0774368,0.0049870999999999,6.44,NULL,NULL,normalized_exact,0.7,valid,August_WL_1994-2025.pdf,GWRA_2025.pdf,NULL,local_pdf,local_pdf,official_web_fallback,pdf_text,pdf_table,NULL,5636,NULL,NULL,https://cgwb.gov.in
meghalaya,north garo hills,resubelpara,resubelpara,Mendal,Mendal Station,25.82472,90.46583,2008,8,August,1.6,2025.0,Safe,0.0986029,0.0774368,0.0049870999999999,6.44,NULL,NULL,normalized_exact,0.7,valid,August_WL_1994-2025.pdf,GWRA_2025.pdf,NULL,local_pdf,local_pdf,official_web_fallback,pdf_text,pdf_table,NULL,5636,NULL,NULL,https://cgwb.gov.in
meghalaya,north garo hills,resubelpara,resubelpara,Mendipathar,Mendipathar Station,25.92083,90.50833,2008,8,August,2.2,2025.0,Safe,0.0986029,0.0774368,0.0049870999999999,6.44,NULL,NULL,normalized_exact,0.7,valid,August_WL_1994-2025.pdf,GWRA_2025.pdf,NULL,local_pdf,local_pdf,official_web_fallback,pdf_text,pdf_table,NULL,5636,NULL,NULL,https://cgwb.gov.in
meghalaya,ri bhoi,nongpoh,nongpoh,Nongpoh,Nongpoh Station,25.9,91.88333,2008,8,August,1.9,2025.0,Safe,0.0648369999999999,0.0583534,0.0035481,6.08,NULL,NULL,normalized_exact,0.7,valid,August_WL_1994-2025.pdf,GWRA_2025.pdf,NULL,local_pdf,local_pdf,official_web_fallback,pdf_text,pdf_table,NULL,5636,NULL,NULL,https://cgwb.gov.in
meghalaya,ri bhoi,umling,umling,Jorabat,Jorabat Station,25.9,91.88333,2008,8,August,4.4,2025.0,Safe,0.0648369999999999,0.0583534,0.0035481,6.08,NULL,NULL,normalized_exact,0.7,valid,August_WL_1994-2025.pdf,GWRA_2025.pdf,NULL,local_pdf,local_pdf,official_web_fallback,pdf_text,pdf_table,NULL,5636,NULL,NULL,https://cgwb.gov.in
meghalaya,south garo hills,gasuapara,gasuapara,Sibbari,Sibbari Station,25.175,90.525,2008,8,August,4.7,2025.0,Safe,0.2347366,0.2112628,0.0025698,1.22,NULL,NULL,normalized_exact,0.7,valid,August_WL_1994-2025.pdf,GWRA_2025.pdf,NULL,local_pdf,local_pdf,official_web_fallback,pdf_text,pdf_table,NULL,5636,NULL,NULL,https://cgwb.gov.in
meghalaya,south west garo hills,betasing,betasing,Ampati,Ampati Station,25.5,89.95833,2008,8,August,3.2,2025.0,Safe,0.079896,0.0387598,0.0076644,19.77,NULL,NULL,normalized_exact,0.7,valid,August_WL_1994-2025.pdf,GWRA_2025.pdf,NULL,local_pdf,local_pdf,official_web_fallback,pdf_text,pdf_table,NULL,5636,NULL,NULL,https://cgwb.gov.in
meghalaya,south west garo hills,betasing,betasing,Borkona,Borkona Station,25.56556,89.94306,2008,8,August,1.1,2025.0,Safe,0.079896,0.0387598,0.0076644,19.77,NULL,NULL,normalized_exact,0.7,valid,August_WL_1994-2025.pdf,GWRA_2025.pdf,NULL,local_pdf,local_pdf,official_web_fallback,pdf_text,pdf_table,NULL,5636,NULL,NULL,https://cgwb.gov.in
meghalaya,south west garo hills,rerapara,rerapara,Garobandha,Garobandha Station,25.58028,90.02222,2008,8,August,4.3,2025.0,Safe,0.079896,0.0387598,0.0076644,19.77,NULL,NULL,normalized_exact,0.7,valid,August_WL_1994-2025.pdf,GWRA_2025.pdf,NULL,local_pdf,local_pdf,official_web_fallback,pdf_text,pdf_table,NULL,5636,NULL,NULL,https://cgwb.gov.in
meghalaya,south west garo hills,zikzak,zikzak,Mahendraganj,Mahendraganj Station,25.3,89.85972,2008,8,August,1.6,2025.0,Safe,0.079896,0.0387598,0.0076644,19.77,NULL,NULL,normalized_exact,0.7,valid,August_WL_1994-2025.pdf,GWRA_2025.pdf,NULL,local_pdf,local_pdf,official_web_fallback,pdf_text,pdf_table,NULL,5636,NULL,NULL,https://cgwb.gov.in
meghalaya,south west garo hills,zikzak,zikzak,Zikzak,Zikzak Station,25.39111,89.89889,2008,8,August,0.0,2025.0,Safe,0.079896,0.0387598,0.0076644,19.77,NULL,NULL,normalized_exact,0.7,valid,August_WL_1994-2025.pdf,GWRA_2025.pdf,NULL,local_pdf,local_pdf,official_web_fallback,pdf_text,pdf_table,NULL,5636,NULL,NULL,https://cgwb.gov.in
meghalaya,west garo hills,dalu,dalu,Barengapara,Barengapara Station,25.21667,90.23333,2008,8,August,4.5,2025.0,Safe,0.2912522,0.1904695,0.036739,19.29,NULL,NULL,normalized_exact,0.7,valid,August_WL_1994-2025.pdf,GWRA_2025.pdf,NULL,local_pdf,local_pdf,official_web_fallback,pdf_text,pdf_table,NULL,5636,NULL,NULL,https://cgwb.gov.in
meghalaya,west garo hills,dalu,dalu,Kherapara,Kherapara Station,25.34167,90.225,2008,8,August,2.2,2025.0,Safe,0.2912522,0.1904695,0.036739,19.29,NULL,NULL,normalized_exact,0.7,valid,August_WL_1994-2025.pdf,GWRA_2025.pdf,NULL,local_pdf,local_pdf,official_web_fallback,pdf_text,pdf_table,NULL,5636,NULL,NULL,https://cgwb.gov.in
meghalaya,west garo hills,dalu,dalu,Porakhasia,Porakhasia Station,25.3,90.01667,2008,8,August,3.2,2025.0,Safe,0.2912522,0.1904695,0.036739,19.29,NULL,NULL,normalized_exact,0.7,valid,August_WL_1994-2025.pdf,GWRA_2025.pdf,NULL,local_pdf,local_pdf,official_web_fallback,pdf_text,pdf_table,NULL,5636,NULL,NULL,https://cgwb.gov.in
meghalaya,west garo hills,demdema,demdema,Nidanpur,Nidanpur Station,25.9125,90.12778,2008,8,August,1.5,2025.0,Safe,0.2912522,0.1904695,0.036739,19.29,NULL,NULL,normalized_exact,0.7,valid,August_WL_1994-2025.pdf,GWRA_2025.pdf,NULL,local_pdf,local_pdf,official_web_fallback,pdf_text,pdf_table,NULL,5637,NULL,NULL,https://cgwb.gov.in
meghalaya,west garo hills,rongram,rongram,Asanang,Asanang Station,25.59944,90.27556,2008,8,August,4.2,2025.0,Safe,0.2912522,0.1904695,0.036739,19.29,NULL,NULL,normalized_exact,0.7,valid,August_WL_1994-2025.pdf,GWRA_2025.pdf,NULL,local_pdf,local_pdf,official_web_fallback,pdf_text,pdf_table,NULL,5637,NULL,NULL,https://cgwb.gov.in
meghalaya,west garo hills,salsella,salsella,Phulbari,Phulbari Station,25.88333,90.05,2008,8,August,1.8,2025.0,Safe,0.2912522,0.1904695,0.036739,19.29,NULL,NULL,normalized_exact,0.7,valid,August_WL_1994-2025.pdf,GWRA_2025.pdf,NULL,local_pdf,local_pdf,official_web_fallback,pdf_text,pdf_table,NULL,5637,NULL,NULL,https://cgwb.gov.in
meghalaya,west garo hills,tikrikilla,tikrikilla,Tikrikilla,Tikrikilla Station,25.94583,90.24444,2008,8,August,6.8,2025.0,Safe,0.2912522,0.1904695,0.036739,19.29,NULL,NULL,normalized_exact,0.7,valid,August_WL_1994-2025.pdf,GWRA_2025.pdf,NULL,local_pdf,local_pdf,official_web_fallback,pdf_text,pdf_table,NULL,5637,NULL,NULL,https://cgwb.gov.in
meghalaya,west jaintia hills,amlarem,amlarem,Dauki,Dauki Station,25.2,92.03333,2008,8,August,0.9,2025.0,Safe,0.1116346999999999,0.1004712,0.0061129999999999,6.08,NULL,NULL,normalized_exact,0.7,valid,August_WL_1994-2025.pdf,GWRA_2025.pdf,NULL,local_pdf,local_pdf,official_web_fallback,pdf_text,pdf_table,NULL,5637,NULL,NULL,https://cgwb.gov.in
meghalaya,east garo hills,dambo rongjeng,dambo rongjeng,Darugiri,Darugiri Station,25.61917,90.7675,2007,8,August,0.7,2025.0,Safe,0.0849275,0.0764346,0.003461,4.53,NULL,NULL,normalized_exact,0.7,valid,August_WL_1994-2025.pdf,GWRA_2025.pdf,NULL,local_pdf,local_pdf,official_web_fallback,pdf_text,pdf_table,NULL,5888,NULL,NULL,https://cgwb.gov.in
meghalaya,east garo hills,dambo rongjeng,dambo rongjeng,Rongjeng,Rongjeng Station,25.66667,90.80417,2007,8,August,1.3,2025.0,Safe,0.0849275,0.0764346,0.003461,4.53,NULL,NULL,normalized_exact,0.7,valid,August_WL_1994-2025.pdf,GWRA_2025.pdf,NULL,local_pdf,local_pdf,official_web_fallback,pdf_text,pdf_table,NULL,5888,NULL,NULL,https://cgwb.gov.in
meghalaya,east garo hills,dambo rongjeng,dambo rongjeng,Rongmil,Rongmil Station,25.73611,90.82444,2007,8,August,1.5,2025.0,Safe,0.0849275,0.0764346,0.003461,4.53,NULL,NULL,normalized_exact,0.7,valid,August_WL_1994-2025.pdf,GWRA_2025.pdf,NULL,local_pdf,local_pdf,official_web_fallback,pdf_text,pdf_table,NULL,5888,NULL,NULL,https://cgwb.gov.in
meghalaya,east garo hills,samanda,samanda,Williamnagar,Williamnagar Station,25.51,90.51944,2007,8,August,1.6,2025.0,Safe,0.0849275,0.0764346,0.003461,4.53,NULL,NULL,normalized_exact,0.7,valid,August_WL_1994-2025.pdf,GWRA_2025.pdf,NULL,local_pdf,local_pdf,official_web_fallback,pdf_text,pdf_table,NULL,5888,NULL,NULL,https://cgwb.gov.in
meghalaya,east khasi hills,mawsynram,mawsynram,Balat,Balat Station,25.20556,91.4,2007,8,August,2.4,2025.0,Safe,0.2181741,0.1963567,0.006982,3.56,NULL,NULL,normalized_exact,0.7,valid,August_WL_1994-2025.pdf,GWRA_2025.pdf,NULL,local_pdf,local_pdf,official_web_fallback,pdf_text,pdf_table,NULL,5888,NULL,NULL,https://cgwb.gov.in
meghalaya,east khasi hills,mylliem,mylliem,Mawngap,Mawngap Station,25.47639,91.76944,2007,8,August,1.6,2025.0,Safe,0.2181741,0.1963567,0.006982,3.56,NULL,NULL,normalized_exact,0.7,valid,August_WL_1994-2025.pdf,GWRA_2025.pdf,NULL,local_pdf,local_pdf,official_web_fallback,pdf_text,pdf_table,NULL,5888,NULL,NULL,https://cgwb.gov.in
meghalaya,east khasi hills,mylliem,mylliem,Shillong Polo,Shillong Polo Station,25.58333,91.88333,2007,8,August,0.1,2025.0,Safe,0.2181741,0.1963567,0.006982,3.56,NULL,NULL,normalized_exact,0.7,valid,August_WL_1994-2025.pdf,GWRA_2025.pdf,NULL,local_pdf,local_pdf,official_web_fallback,pdf_text,pdf_table,NULL,5888,NULL,NULL,https://cgwb.gov.in
meghalaya,east khasi hills,shella bholaganj,shella bholaganj,Cherrapunji,Cherrapunji Station,25.28333,91.71667,2007,8,August,0.0,2025.0,Safe,0.2181741,0.1963567,0.006982,3.56,NULL,NULL,normalized_exact,0.7,valid,August_WL_1994-2025.pdf,GWRA_2025.pdf,NULL,local_pdf,local_pdf,official_web_fallback,pdf_text,pdf_table,NULL,5888,NULL,NULL,https://cgwb.gov.in
meghalaya,west khasi hills,Mairang,Mairang,Mairang,Mairang Station,25.57778,91.64167,2007,8,August,0.7,2025.0,NULL,0.339654,0.3056885,0.0046341,1.52,NULL,NULL,historical_mapping,0.5,valid,August_WL_1994-2025.pdf,GWRA_2025.pdf,NULL,local_pdf,local_pdf,official_web_fallback,pdf_text,pdf_table,NULL,5888,NULL,NULL,https://cgwb.gov.in
meghalaya,north garo hills,bajengdoba,bajengdoba,Bajengdoba,Bajengdoba Station,25.88611,90.5125,2007,8,August,0.3,2025.0,Safe,0.0986029,0.0774368,0.0049870999999999,6.44,NULL,NULL,normalized_exact,0.7,valid,August_WL_1994-2025.pdf,GWRA_2025.pdf,NULL,local_pdf,local_pdf,official_web_fallback,pdf_text,pdf_table,NULL,5888,NULL,NULL,https://cgwb.gov.in
meghalaya,north garo hills,kharkutta,kharkutta,Depa Sarangma,Depa Sarangma Station,25.86667,90.78333,2007,8,August,1.9,2025.0,Safe,0.0986029,0.0774368,0.0049870999999999,6.44,NULL,NULL,normalized_exact,0.7,valid,August_WL_1994-2025.pdf,GWRA_2025.pdf,NULL,local_pdf,local_pdf,official_web_fallback,pdf_text,pdf_table,NULL,5888,NULL,NULL,https://cgwb.gov.in
meghalaya,north garo hills,kharkutta,kharkutta,Kharkutta,Kharkutta Station,25.90556,90.89444,2007,8,August,2.3,2025.0,Safe,0.0986029,0.0774368,0.0049870999999999,6.44,NULL,NULL,normalized_exact,0.7,valid,August_WL_1994-2025.pdf,GWRA_2025.pdf,NULL,local_pdf,local_pdf,official_web_fallback,pdf_text,pdf_table,NULL,5888,NULL,NULL,https://cgwb.gov.in
meghalaya,north garo hills,resubelpara,resubelpara,Mendal,Mendal Station,25.82472,90.46583,2007,8,August,1.5,2025.0,Safe,0.0986029,0.0774368,0.0049870999999999,6.44,NULL,NULL,normalized_exact,0.7,valid,August_WL_1994-2025.pdf,GWRA_2025.pdf,NULL,local_pdf,local_pdf,official_web_fallback,pdf_text,pdf_table,NULL,5888,NULL,NULL,https://cgwb.gov.in
meghalaya,north garo hills,resubelpara,resubelpara,Mendipathar,Mendipathar Station,25.92083,90.50833,2007,8,August,2.2,2025.0,Safe,0.0986029,0.0774368,0.0049870999999999,6.44,NULL,NULL,normalized_exact,0.7,valid,August_WL_1994-2025.pdf,GWRA_2025.pdf,NULL,local_pdf,local_pdf,official_web_fallback,pdf_text,pdf_table,NULL,5888,NULL,NULL,https://cgwb.gov.in
meghalaya,ri bhoi,nongpoh,nongpoh,Nongpoh,Nongpoh Station,25.9,91.88333,2007,8,August,1.2,2025.0,Safe,0.0648369999999999,0.0583534,0.0035481,6.08,NULL,NULL,normalized_exact,0.7,valid,August_WL_1994-2025.pdf,GWRA_2025.pdf,NULL,local_pdf,local_pdf,official_web_fallback,pdf_text,pdf_table,NULL,5888,NULL,NULL,https://cgwb.gov.in
meghalaya,ri bhoi,umling,umling,Jorabat,Jorabat Station,25.9,91.88333,2007,8,August,5.1,2025.0,Safe,0.0648369999999999,0.0583534,0.0035481,6.08,NULL,NULL,normalized_exact,0.7,valid,August_WL_1994-2025.pdf,GWRA_2025.pdf,NULL,local_pdf,local_pdf,official_web_fallback,pdf_text,pdf_table,NULL,5888,NULL,NULL,https://cgwb.gov.in
meghalaya,south west garo hills,betasing,betasing,Ampati,Ampati Station,25.5,89.95833,2007,8,August,3.1,2025.0,Safe,0.079896,0.0387598,0.0076644,19.77,NULL,NULL,normalized_exact,0.7,valid,August_WL_1994-2025.pdf,GWRA_2025.pdf,NULL,local_pdf,local_pdf,official_web_fallback,pdf_text,pdf_table,NULL,5888,NULL,NULL,https://cgwb.gov.in
meghalaya,south west garo hills,betasing,betasing,Borkona,Borkona Station,25.56556,89.94306,2007,8,August,1.1,2025.0,Safe,0.079896,0.0387598,0.0076644,19.77,NULL,NULL,normalized_exact,0.7,valid,August_WL_1994-2025.pdf,GWRA_2025.pdf,NULL,local_pdf,local_pdf,official_web_fallback,pdf_text,pdf_table,NULL,5888,NULL,NULL,https://cgwb.gov.in
meghalaya,south west garo hills,rerapara,rerapara,Garobandha,Garobandha Station,25.58028,90.02222,2007,8,August,4.8,2025.0,Safe,0.079896,0.0387598,0.0076644,19.77,NULL,NULL,normalized_exact,0.7,valid,August_WL_1994-2025.pdf,GWRA_2025.pdf,NULL,local_pdf,local_pdf,official_web_fallback,pdf_text,pdf_table,NULL,5888,NULL,NULL,https://cgwb.gov.in
meghalaya,west garo hills,demdema,demdema,Nidanpur,Nidanpur Station,25.9125,90.12778,2007,8,August,1.4,2025.0,Safe,0.2912522,0.1904695,0.036739,19.29,NULL,NULL,normalized_exact,0.7,valid,August_WL_1994-2025.pdf,GWRA_2025.pdf,NULL,local_pdf,local_pdf,official_web_fallback,pdf_text,pdf_table,NULL,5888,NULL,NULL,https://cgwb.gov.in
meghalaya,west garo hills,rongram,rongram,Asanang,Asanang Station,25.59944,90.27556,2007,8,August,4.0,2025.0,Safe,0.2912522,0.1904695,0.036739,19.29,NULL,NULL,normalized_exact,0.7,valid,August_WL_1994-2025.pdf,GWRA_2025.pdf,NULL,local_pdf,local_pdf,official_web_fallback,pdf_text,pdf_table,NULL,5888,NULL,NULL,https://cgwb.gov.in
meghalaya,west garo hills,salsella,salsella,Phulbari,Phulbari Station,25.88333,90.05,2007,8,August,3.3,2025.0,Safe,0.2912522,0.1904695,0.036739,19.29,NULL,NULL,normalized_exact,0.7,valid,August_WL_1994-2025.pdf,GWRA_2025.pdf,NULL,local_pdf,local_pdf,official_web_fallback,pdf_text,pdf_table,NULL,5888,NULL,NULL,https://cgwb.gov.in
meghalaya,west jaintia hills,amlarem,amlarem,Dauki,Dauki Station,25.2,92.03333,2007,8,August,1.4,2025.0,Safe,0.1116346999999999,0.1004712,0.0061129999999999,6.08,NULL,NULL,normalized_exact,0.7,valid,August_WL_1994-2025.pdf,GWRA_2025.pdf,NULL,local_pdf,local_pdf,official_web_fallback,pdf_text,pdf_table,NULL,5888,NULL,NULL,https://cgwb.gov.in
meghalaya,west jaintia hills,thadlaskein,thadlaskein,Jowai,Jowai Station,25.44167,92.175,2007,8,August,0.9,2025.0,Safe,0.1116346999999999,0.1004712,0.0061129999999999,6.08,NULL,NULL,normalized_exact,0.7,valid,August_WL_1994-2025.pdf,GWRA_2025.pdf,NULL,local_pdf,local_pdf,official_web_fallback,pdf_text,pdf_table,NULL,5888,NULL,NULL,https://cgwb.gov.in
meghalaya,east garo hills,dambo rongjeng,dambo rongjeng,Darugiri,Darugiri Station,25.61917,90.7675,2006,8,August,1.9,2025.0,Safe,0.0849275,0.0764346,0.003461,4.53,NULL,NULL,normalized_exact,0.7,valid,August_WL_1994-2025.pdf,GWRA_2025.pdf,NULL,local_pdf,local_pdf,official_web_fallback,pdf_text,pdf_table,NULL,6139,NULL,NULL,https://cgwb.gov.in
meghalaya,east garo hills,dambo rongjeng,dambo rongjeng,Rongjeng,Rongjeng Station,25.66667,90.80417,2006,8,August,1.6,2025.0,Safe,0.0849275,0.0764346,0.003461,4.53,NULL,NULL,normalized_exact,0.7,valid,August_WL_1994-2025.pdf,GWRA_2025.pdf,NULL,local_pdf,local_pdf,official_web_fallback,pdf_text,pdf_table,NULL,6139,NULL,NULL,https://cgwb.gov.in
meghalaya,east garo hills,dambo rongjeng,dambo rongjeng,Rongmil,Rongmil Station,25.73611,90.82444,2006,8,August,1.4,2025.0,Safe,0.0849275,0.0764346,0.003461,4.53,NULL,NULL,normalized_exact,0.7,valid,August_WL_1994-2025.pdf,GWRA_2025.pdf,NULL,local_pdf,local_pdf,official_web_fallback,pdf_text,pdf_table,NULL,6139,NULL,NULL,https://cgwb.gov.in
meghalaya,east garo hills,samanda,samanda,Williamnagar,Williamnagar Station,25.51,90.51944,2006,8,August,3.7,2025.0,Safe,0.0849275,0.0764346,0.003461,4.53,NULL,NULL,normalized_exact,0.7,valid,August_WL_1994-2025.pdf,GWRA_2025.pdf,NULL,local_pdf,local_pdf,official_web_fallback,pdf_text,pdf_table,NULL,6139,NULL,NULL,https://cgwb.gov.in
meghalaya,east khasi hills,mawsynram,mawsynram,Balat,Balat Station,25.20556,91.4,2006,8,August,2.8,2025.0,Safe,0.2181741,0.1963567,0.006982,3.56,NULL,NULL,normalized_exact,0.7,valid,August_WL_1994-2025.pdf,GWRA_2025.pdf,NULL,local_pdf,local_pdf,official_web_fallback,pdf_text,pdf_table,NULL,6139,NULL,NULL,https://cgwb.gov.in
meghalaya,east khasi hills,mylliem,mylliem,Mawngap,Mawngap Station,25.47639,91.76944,2006,8,August,1.8,2025.0,Safe,0.2181741,0.1963567,0.006982,3.56,NULL,NULL,normalized_exact,0.7,valid,August_WL_1994-2025.pdf,GWRA_2025.pdf,NULL,local_pdf,local_pdf,official_web_fallback,pdf_text,pdf_table,NULL,6139,NULL,NULL,https://cgwb.gov.in
meghalaya,east khasi hills,mylliem,mylliem,Shillong Polo,Shillong Polo Station,25.58333,91.88333,2006,8,August,0.1,2025.0,Safe,0.2181741,0.1963567,0.006982,3.56,NULL,NULL,normalized_exact,0.7,valid,August_WL_1994-2025.pdf,GWRA_2025.pdf,NULL,local_pdf,local_pdf,official_web_fallback,pdf_text,pdf_table,NULL,6139,NULL,NULL,https://cgwb.gov.in
meghalaya,west khasi hills,Mairang,Mairang,Mairang,Mairang Station,25.57778,91.64167,2006,8,August,0.8,2025.0,NULL,0.339654,0.3056885,0.0046341,1.52,NULL,NULL,historical_mapping,0.5,valid,August_WL_1994-2025.pdf,GWRA_2025.pdf,NULL,local_pdf,local_pdf,official_web_fallback,pdf_text,pdf_table,NULL,6139,NULL,NULL,https://cgwb.gov.in
meghalaya,north garo hills,bajengdoba,bajengdoba,Bajengdoba,Bajengdoba Station,25.88611,90.5125,2006,8,August,1.6,2025.0,Safe,0.0986029,0.0774368,0.0049870999999999,6.44,NULL,NULL,normalized_exact,0.7,valid,August_WL_1994-2025.pdf,GWRA_2025.pdf,NULL,local_pdf,local_pdf,official_web_fallback,pdf_text,pdf_table,NULL,6139,NULL,NULL,https://cgwb.gov.in
meghalaya,north garo hills,kharkutta,kharkutta,Depa Sarangma,Depa Sarangma Station,25.86667,90.78333,2006,8,August,2.0,2025.0,Safe,0.0986029,0.0774368,0.0049870999999999,6.44,NULL,NULL,normalized_exact,0.7,valid,August_WL_1994-2025.pdf,GWRA_2025.pdf,NULL,local_pdf,local_pdf,official_web_fallback,pdf_text,pdf_table,NULL,6139,NULL,NULL,https://cgwb.gov.in
meghalaya,north garo hills,kharkutta,kharkutta,Kharkutta,Kharkutta Station,25.90556,90.89444,2006,8,August,1.6,2025.0,Safe,0.0986029,0.0774368,0.0049870999999999,6.44,NULL,NULL,normalized_exact,0.7,valid,August_WL_1994-2025.pdf,GWRA_2025.pdf,NULL,local_pdf,local_pdf,official_web_fallback,pdf_text,pdf_table,NULL,6139,NULL,NULL,https://cgwb.gov.in
meghalaya,north garo hills,resubelpara,resubelpara,Mendal,Mendal Station,25.82472,90.46583,2006,8,August,1.6,2025.0,Safe,0.0986029,0.0774368,0.0049870999999999,6.44,NULL,NULL,normalized_exact,0.7,valid,August_WL_1994-2025.pdf,GWRA_2025.pdf,NULL,local_pdf,local_pdf,official_web_fallback,pdf_text,pdf_table,NULL,6139,NULL,NULL,https://cgwb.gov.in
meghalaya,ri bhoi,nongpoh,nongpoh,Nongpoh,Nongpoh Station,25.9,91.88333,2006,8,August,2.7,2025.0,Safe,0.0648369999999999,0.0583534,0.0035481,6.08,NULL,NULL,normalized_exact,0.7,valid,August_WL_1994-2025.pdf,GWRA_2025.pdf,NULL,local_pdf,local_pdf,official_web_fallback,pdf_text,pdf_table,NULL,6139,NULL,NULL,https://cgwb.gov.in
meghalaya,ri bhoi,umling,umling,Jorabat,Jorabat Station,25.9,91.88333,2006,8,August,6.8,2025.0,Safe,0.0648369999999999,0.0583534,0.0035481,6.08,NULL,NULL,normalized_exact,0.7,valid,August_WL_1994-2025.pdf,GWRA_2025.pdf,NULL,local_pdf,local_pdf,official_web_fallback,pdf_text,pdf_table,NULL,6139,NULL,NULL,https://cgwb.gov.in
meghalaya,south west garo hills,betasing,betasing,Ampati,Ampati Station,25.5,89.95833,2006,8,August,2.6,2025.0,Safe,0.079896,0.0387598,0.0076644,19.77,NULL,NULL,normalized_exact,0.7,valid,August_WL_1994-2025.pdf,GWRA_2025.pdf,NULL,local_pdf,local_pdf,official_web_fallback,pdf_text,pdf_table,NULL,6139,NULL,NULL,https://cgwb.gov.in
meghalaya,south west garo hills,rerapara,rerapara,Garobandha,Garobandha Station,25.58028,90.02222,2006,8,August,4.2,2025.0,Safe,0.079896,0.0387598,0.0076644,19.77,NULL,NULL,normalized_exact,0.7,valid,August_WL_1994-2025.pdf,GWRA_2025.pdf,NULL,local_pdf,local_pdf,official_web_fallback,pdf_text,pdf_table,NULL,6139,NULL,NULL,https://cgwb.gov.in
meghalaya,south west garo hills,zikzak,zikzak,Mahendraganj,Mahendraganj Station,25.3,89.85972,2006,8,August,1.4,2025.0,Safe,0.079896,0.0387598,0.0076644,19.77,NULL,NULL,normalized_exact,0.7,valid,August_WL_1994-2025.pdf,GWRA_2025.pdf,NULL,local_pdf,local_pdf,official_web_fallback,pdf_text,pdf_table,NULL,6139,NULL,NULL,https://cgwb.gov.in
meghalaya,south west garo hills,zikzak,zikzak,Zikzak,Zikzak Station,25.39111,89.89889,2006,8,August,2.4,2025.0,Safe,0.079896,0.0387598,0.0076644,19.77,NULL,NULL,normalized_exact,0.7,valid,August_WL_1994-2025.pdf,GWRA_2025.pdf,NULL,local_pdf,local_pdf,official_web_fallback,pdf_text,pdf_table,NULL,6139,NULL,NULL,https://cgwb.gov.in
meghalaya,west garo hills,dalu,dalu,Barengapara,Barengapara Station,25.21667,90.23333,2006,8,August,4.5,2025.0,Safe,0.2912522,0.1904695,0.036739,19.29,NULL,NULL,normalized_exact,0.7,valid,August_WL_1994-2025.pdf,GWRA_2025.pdf,NULL,local_pdf,local_pdf,official_web_fallback,pdf_text,pdf_table,NULL,6139,NULL,NULL,https://cgwb.gov.in
meghalaya,west garo hills,dalu,dalu,Kherapara,Kherapara Station,25.34167,90.225,2006,8,August,2.1,2025.0,Safe,0.2912522,0.1904695,0.036739,19.29,NULL,NULL,normalized_exact,0.7,valid,August_WL_1994-2025.pdf,GWRA_2025.pdf,NULL,local_pdf,local_pdf,official_web_fallback,pdf_text,pdf_table,NULL,6139,NULL,NULL,https://cgwb.gov.in
meghalaya,west garo hills,dalu,dalu,Porakhasia,Porakhasia Station,25.3,90.01667,2006,8,August,3.1,2025.0,Safe,0.2912522,0.1904695,0.036739,19.29,NULL,NULL,normalized_exact,0.7,valid,August_WL_1994-2025.pdf,GWRA_2025.pdf,NULL,local_pdf,local_pdf,official_web_fallback,pdf_text,pdf_table,NULL,6139,NULL,NULL,https://cgwb.gov.in
meghalaya,west garo hills,demdema,demdema,Nidanpur,Nidanpur Station,25.9125,90.12778,2006,8,August,2.0,2025.0,Safe,0.2912522,0.1904695,0.036739,19.29,NULL,NULL,normalized_exact,0.7,valid,August_WL_1994-2025.pdf,GWRA_2025.pdf,NULL,local_pdf,local_pdf,official_web_fallback,pdf_text,pdf_table,NULL,6139,NULL,NULL,https://cgwb.gov.in
meghalaya,west garo hills,salsella,salsella,Phulbari,Phulbari Station,25.88333,90.05,2006,8,August,2.4,2025.0,Safe,0.2912522,0.1904695,0.036739,19.29,NULL,NULL,normalized_exact,0.7,valid,August_WL_1994-2025.pdf,GWRA_2025.pdf,NULL,local_pdf,local_pdf,official_web_fallback,pdf_text,pdf_table,NULL,6140,NULL,NULL,https://cgwb.gov.in
meghalaya,west garo hills,tikrikilla,tikrikilla,Tikrikilla,Tikrikilla Station,25.94583,90.24444,2006,8,August,7.1,2025.0,Safe,0.2912522,0.1904695,0.036739,19.29,NULL,NULL,normalized_exact,0.7,valid,August_WL_1994-2025.pdf,GWRA_2025.pdf,NULL,local_pdf,local_pdf,official_web_fallback,pdf_text,pdf_table,NULL,6140,NULL,NULL,https://cgwb.gov.in
meghalaya,west jaintia hills,amlarem,amlarem,Dauki,Dauki Station,25.2,92.03333,2006,8,August,1.2,2025.0,Safe,0.1116346999999999,0.1004712,0.0061129999999999,6.08,NULL,NULL,normalized_exact,0.7,valid,August_WL_1994-2025.pdf,GWRA_2025.pdf,NULL,local_pdf,local_pdf,official_web_fallback,pdf_text,pdf_table,NULL,6140,NULL,NULL,https://cgwb.gov.in
meghalaya,east garo hills,dambo rongjeng,dambo rongjeng,Darugiri,Darugiri Station,25.61917,90.7675,2005,8,August,1.6,2025.0,Safe,0.0849275,0.0764346,0.003461,4.53,NULL,NULL,normalized_exact,0.7,valid,August_WL_1994-2025.pdf,GWRA_2025.pdf,NULL,local_pdf,local_pdf,official_web_fallback,pdf_text,pdf_table,NULL,6391,NULL,NULL,https://cgwb.gov.in
meghalaya,east garo hills,dambo rongjeng,dambo rongjeng,Rongjeng,Rongjeng Station,25.66667,90.80417,2005,8,August,2.2,2025.0,Safe,0.0849275,0.0764346,0.003461,4.53,NULL,NULL,normalized_exact,0.7,valid,August_WL_1994-2025.pdf,GWRA_2025.pdf,NULL,local_pdf,local_pdf,official_web_fallback,pdf_text,pdf_table,NULL,6391,NULL,NULL,https://cgwb.gov.in
meghalaya,east garo hills,dambo rongjeng,dambo rongjeng,Rongmil,Rongmil Station,25.73611,90.82444,2005,8,August,1.4,2025.0,Safe,0.0849275,0.0764346,0.003461,4.53,NULL,NULL,normalized_exact,0.7,valid,August_WL_1994-2025.pdf,GWRA_2025.pdf,NULL,local_pdf,local_pdf,official_web_fallback,pdf_text,pdf_table,NULL,6391,NULL,NULL,https://cgwb.gov.in
meghalaya,east garo hills,samanda,samanda,Williamnagar,Williamnagar Station,25.51,90.51944,2005,8,August,1.4,2025.0,Safe,0.0849275,0.0764346,0.003461,4.53,NULL,NULL,normalized_exact,0.7,valid,August_WL_1994-2025.pdf,GWRA_2025.pdf,NULL,local_pdf,local_pdf,official_web_fallback,pdf_text,pdf_table,NULL,6391,NULL,NULL,https://cgwb.gov.in
meghalaya,east khasi hills,mawsynram,mawsynram,Balat,Balat Station,25.20556,91.4,2005,8,August,1.8,2025.0,Safe,0.2181741,0.1963567,0.006982,3.56,NULL,NULL,normalized_exact,0.7,valid,August_WL_1994-2025.pdf,GWRA_2025.pdf,NULL,local_pdf,local_pdf,official_web_fallback,pdf_text,pdf_table,NULL,6391,NULL,NULL,https://cgwb.gov.in
meghalaya,east khasi hills,mylliem,mylliem,Mawngap,Mawngap Station,25.47639,91.76944,2005,8,August,5.1,2025.0,Safe,0.2181741,0.1963567,0.006982,3.56,NULL,NULL,normalized_exact,0.7,valid,August_WL_1994-2025.pdf,GWRA_2025.pdf,NULL,local_pdf,local_pdf,official_web_fallback,pdf_text,pdf_table,NULL,6391,NULL,NULL,https://cgwb.gov.in
meghalaya,east khasi hills,mylliem,mylliem,Shillong Polo,Shillong Polo Station,25.58333,91.88333,2005,8,August,0.1,2025.0,Safe,0.2181741,0.1963567,0.006982,3.56,NULL,NULL,normalized_exact,0.7,valid,August_WL_1994-2025.pdf,GWRA_2025.pdf,NULL,local_pdf,local_pdf,official_web_fallback,pdf_text,pdf_table,NULL,6391,NULL,NULL,https://cgwb.gov.in
meghalaya,east khasi hills,shella bholaganj,shella bholaganj,Cherrapunji,Cherrapunji Station,25.28333,91.71667,2005,8,August,0.0,2025.0,Safe,0.2181741,0.1963567,0.006982,3.56,NULL,NULL,normalized_exact,0.7,valid,August_WL_1994-2025.pdf,GWRA_2025.pdf,NULL,local_pdf,local_pdf,official_web_fallback,pdf_text,pdf_table,NULL,6391,NULL,NULL,https://cgwb.gov.in
meghalaya,west khasi hills,Mairang,Mairang,Mairang,Mairang Station,25.57778,91.64167,2005,8,August,1.0,2025.0,NULL,0.339654,0.3056885,0.0046341,1.52,NULL,NULL,historical_mapping,0.5,valid,August_WL_1994-2025.pdf,GWRA_2025.pdf,NULL,local_pdf,local_pdf,official_web_fallback,pdf_text,pdf_table,NULL,6391,NULL,NULL,https://cgwb.gov.in
meghalaya,north garo hills,bajengdoba,bajengdoba,Bajengdoba,Bajengdoba Station,25.88611,90.5125,2005,8,August,0.9,2025.0,Safe,0.0986029,0.0774368,0.0049870999999999,6.44,NULL,NULL,normalized_exact,0.7,valid,August_WL_1994-2025.pdf,GWRA_2025.pdf,NULL,local_pdf,local_pdf,official_web_fallback,pdf_text,pdf_table,NULL,6391,NULL,NULL,https://cgwb.gov.in
meghalaya,north garo hills,kharkutta,kharkutta,Depa Sarangma,Depa Sarangma Station,25.86667,90.78333,2005,8,August,1.5,2025.0,Safe,0.0986029,0.0774368,0.0049870999999999,6.44,NULL,NULL,normalized_exact,0.7,valid,August_WL_1994-2025.pdf,GWRA_2025.pdf,NULL,local_pdf,local_pdf,official_web_fallback,pdf_text,pdf_table,NULL,6391,NULL,NULL,https://cgwb.gov.in
meghalaya,north garo hills,kharkutta,kharkutta,Kharkutta,Kharkutta Station,25.90556,90.89444,2005,8,August,2.5,2025.0,Safe,0.0986029,0.0774368,0.0049870999999999,6.44,NULL,NULL,normalized_exact,0.7,valid,August_WL_1994-2025.pdf,GWRA_2025.pdf,NULL,local_pdf,local_pdf,official_web_fallback,pdf_text,pdf_table,NULL,6391,NULL,NULL,https://cgwb.gov.in
meghalaya,north garo hills,resubelpara,resubelpara,Mendal,Mendal Station,25.82472,90.46583,2005,8,August,1.5,2025.0,Safe,0.0986029,0.0774368,0.0049870999999999,6.44,NULL,NULL,normalized_exact,0.7,valid,August_WL_1994-2025.pdf,GWRA_2025.pdf,NULL,local_pdf,local_pdf,official_web_fallback,pdf_text,pdf_table,NULL,6391,NULL,NULL,https://cgwb.gov.in
meghalaya,north garo hills,resubelpara,resubelpara,Mendipathar,Mendipathar Station,25.92083,90.50833,2005,8,August,2.4,2025.0,Safe,0.0986029,0.0774368,0.0049870999999999,6.44,NULL,NULL,normalized_exact,0.7,valid,August_WL_1994-2025.pdf,GWRA_2025.pdf,NULL,local_pdf,local_pdf,official_web_fallback,pdf_text,pdf_table,NULL,6391,NULL,NULL,https://cgwb.gov.in
meghalaya,ri bhoi,nongpoh,nongpoh,Nongpoh,Nongpoh Station,25.9,91.88333,2005,8,August,1.6,2025.0,Safe,0.0648369999999999,0.0583534,0.0035481,6.08,NULL,NULL,normalized_exact,0.7,valid,August_WL_1994-2025.pdf,GWRA_2025.pdf,NULL,local_pdf,local_pdf,official_web_fallback,pdf_text,pdf_table,NULL,6391,NULL,NULL,https://cgwb.gov.in
meghalaya,ri bhoi,umling,umling,Jorabat,Jorabat Station,25.9,91.88333,2005,8,August,5.0,2025.0,Safe,0.0648369999999999,0.0583534,0.0035481,6.08,NULL,NULL,normalized_exact,0.7,valid,August_WL_1994-2025.pdf,GWRA_2025.pdf,NULL,local_pdf,local_pdf,official_web_fallback,pdf_text,pdf_table,NULL,6391,NULL,NULL,https://cgwb.gov.in
meghalaya,south west garo hills,betasing,betasing,Ampati,Ampati Station,25.5,89.95833,2005,8,August,1.6,2025.0,Safe,0.079896,0.0387598,0.0076644,19.77,NULL,NULL,normalized_exact,0.7,valid,August_WL_1994-2025.pdf,GWRA_2025.pdf,NULL,local_pdf,local_pdf,official_web_fallback,pdf_text,pdf_table,NULL,6391,NULL,NULL,https://cgwb.gov.in
meghalaya,south west garo hills,rerapara,rerapara,Garobandha,Garobandha Station,25.58028,90.02222,2005,8,August,0.4,2025.0,Safe,0.079896,0.0387598,0.0076644,19.77,NULL,NULL,normalized_exact,0.7,valid,August_WL_1994-2025.pdf,GWRA_2025.pdf,NULL,local_pdf,local_pdf,official_web_fallback,pdf_text,pdf_table,NULL,6391,NULL,NULL,https://cgwb.gov.in
meghalaya,south west garo hills,zikzak,zikzak,Mahendraganj,Mahendraganj Station,25.3,89.85972,2005,8,August,2.0,2025.0,Safe,0.079896,0.0387598,0.0076644,19.77,NULL,NULL,normalized_exact,0.7,valid,August_WL_1994-2025.pdf,GWRA_2025.pdf,NULL,local_pdf,local_pdf,official_web_fallback,pdf_text,pdf_table,NULL,6391,NULL,NULL,https://cgwb.gov.in
meghalaya,south west garo hills,zikzak,zikzak,Zikzak,Zikzak Station,25.39111,89.89889,2005,8,August,0.6,2025.0,Safe,0.079896,0.0387598,0.0076644,19.77,NULL,NULL,normalized_exact,0.7,valid,August_WL_1994-2025.pdf,GWRA_2025.pdf,NULL,local_pdf,local_pdf,official_web_fallback,pdf_text,pdf_table,NULL,6391,NULL,NULL,https://cgwb.gov.in
meghalaya,west garo hills,dalu,dalu,Barengapara,Barengapara Station,25.21667,90.23333,2005,8,August,3.9,2025.0,Safe,0.2912522,0.1904695,0.036739,19.29,NULL,NULL,normalized_exact,0.7,valid,August_WL_1994-2025.pdf,GWRA_2025.pdf,NULL,local_pdf,local_pdf,official_web_fallback,pdf_text,pdf_table,NULL,6391,NULL,NULL,https://cgwb.gov.in
meghalaya,west garo hills,dalu,dalu,Kherapara,Kherapara Station,25.34167,90.225,2005,8,August,2.1,2025.0,Safe,0.2912522,0.1904695,0.036739,19.29,NULL,NULL,normalized_exact,0.7,valid,August_WL_1994-2025.pdf,GWRA_2025.pdf,NULL,local_pdf,local_pdf,official_web_fallback,pdf_text,pdf_table,NULL,6391,NULL,NULL,https://cgwb.gov.in
meghalaya,west garo hills,dalu,dalu,Porakhasia,Porakhasia Station,25.3,90.01667,2005,8,August,2.8,2025.0,Safe,0.2912522,0.1904695,0.036739,19.29,NULL,NULL,normalized_exact,0.7,valid,August_WL_1994-2025.pdf,GWRA_2025.pdf,NULL,local_pdf,local_pdf,official_web_fallback,pdf_text,pdf_table,NULL,6391,NULL,NULL,https://cgwb.gov.in
meghalaya,west garo hills,demdema,demdema,Nidanpur,Nidanpur Station,25.9125,90.12778,2005,8,August,0.4,2025.0,Safe,0.2912522,0.1904695,0.036739,19.29,NULL,NULL,normalized_exact,0.7,valid,August_WL_1994-2025.pdf,GWRA_2025.pdf,NULL,local_pdf,local_pdf,official_web_fallback,pdf_text,pdf_table,NULL,6391,NULL,NULL,https://cgwb.gov.in
meghalaya,west garo hills,salsella,salsella,Phulbari,Phulbari Station,25.88333,90.05,2005,8,August,1.8,2025.0,Safe,0.2912522,0.1904695,0.036739,19.29,NULL,NULL,normalized_exact,0.7,valid,August_WL_1994-2025.pdf,GWRA_2025.pdf,NULL,local_pdf,local_pdf,official_web_fallback,pdf_text,pdf_table,NULL,6391,NULL,NULL,https://cgwb.gov.in
meghalaya,west garo hills,tikrikilla,tikrikilla,Tikrikilla,Tikrikilla Station,25.94583,90.24444,2005,8,August,6.8,2025.0,Safe,0.2912522,0.1904695,0.036739,19.29,NULL,NULL,normalized_exact,0.7,valid,August_WL_1994-2025.pdf,GWRA_2025.pdf,NULL,local_pdf,local_pdf,official_web_fallback,pdf_text,pdf_table,NULL,6391,NULL,NULL,https://cgwb.gov.in
meghalaya,west jaintia hills,amlarem,amlarem,Dauki,Dauki Station,25.2,92.03333,2005,8,August,1.6,2025.0,Safe,0.1116346999999999,0.1004712,0.0061129999999999,6.08,NULL,NULL,normalized_exact,0.7,valid,August_WL_1994-2025.pdf,GWRA_2025.pdf,NULL,local_pdf,local_pdf,official_web_fallback,pdf_text,pdf_table,NULL,6391,NULL,NULL,https://cgwb.gov.in
meghalaya,east garo hills,dambo rongjeng,dambo rongjeng,Darugiri,Darugiri Station,25.61917,90.7675,2004,8,August,0.7,2025.0,Safe,0.0849275,0.0764346,0.003461,4.53,NULL,NULL,normalized_exact,0.7,valid,August_WL_1994-2025.pdf,GWRA_2025.pdf,NULL,local_pdf,local_pdf,official_web_fallback,pdf_text,pdf_table,NULL,6645,NULL,NULL,https://cgwb.gov.in
meghalaya,east garo hills,dambo rongjeng,dambo rongjeng,Rongjeng,Rongjeng Station,25.66667,90.80417,2004,8,August,2.2,2025.0,Safe,0.0849275,0.0764346,0.003461,4.53,NULL,NULL,normalized_exact,0.7,valid,August_WL_1994-2025.pdf,GWRA_2025.pdf,NULL,local_pdf,local_pdf,official_web_fallback,pdf_text,pdf_table,NULL,6645,NULL,NULL,https://cgwb.gov.in
meghalaya,east garo hills,samanda,samanda,Williamnagar,Williamnagar Station,25.51,90.51944,2004,8,August,1.7,2025.0,Safe,0.0849275,0.0764346,0.003461,4.53,NULL,NULL,normalized_exact,0.7,valid,August_WL_1994-2025.pdf,GWRA_2025.pdf,NULL,local_pdf,local_pdf,official_web_fallback,pdf_text,pdf_table,NULL,6645,NULL,NULL,https://cgwb.gov.in
meghalaya,east khasi hills,mawsynram,mawsynram,Balat,Balat Station,25.20556,91.4,2004,8,August,2.4,2025.0,Safe,0.2181741,0.1963567,0.006982,3.56,NULL,NULL,normalized_exact,0.7,valid,August_WL_1994-2025.pdf,GWRA_2025.pdf,NULL,local_pdf,local_pdf,official_web_fallback,pdf_text,pdf_table,NULL,6645,NULL,NULL,https://cgwb.gov.in
meghalaya,east khasi hills,mylliem,mylliem,Mawngap,Mawngap Station,25.47639,91.76944,2004,8,August,1.7,2025.0,Safe,0.2181741,0.1963567,0.006982,3.56,NULL,NULL,normalized_exact,0.7,valid,August_WL_1994-2025.pdf,GWRA_2025.pdf,NULL,local_pdf,local_pdf,official_web_fallback,pdf_text,pdf_table,NULL,6645,NULL,NULL,https://cgwb.gov.in
meghalaya,east khasi hills,mylliem,mylliem,Shillong Polo,Shillong Polo Station,25.58333,91.88333,2004,8,August,0.0,2025.0,Safe,0.2181741,0.1963567,0.006982,3.56,NULL,NULL,normalized_exact,0.7,valid,August_WL_1994-2025.pdf,GWRA_2025.pdf,NULL,local_pdf,local_pdf,official_web_fallback,pdf_text,pdf_table,NULL,6645,NULL,NULL,https://cgwb.gov.in
meghalaya,east khasi hills,shella bholaganj,shella bholaganj,Cherrapunji,Cherrapunji Station,25.28333,91.71667,2004,8,August,0.0,2025.0,Safe,0.2181741,0.1963567,0.006982,3.56,NULL,NULL,normalized_exact,0.7,valid,August_WL_1994-2025.pdf,GWRA_2025.pdf,NULL,local_pdf,local_pdf,official_web_fallback,pdf_text,pdf_table,NULL,6645,NULL,NULL,https://cgwb.gov.in
meghalaya,west khasi hills,Mairang,Mairang,Mairang,Mairang Station,25.57778,91.64167,2004,8,August,0.6,2025.0,NULL,0.339654,0.3056885,0.0046341,1.52,NULL,NULL,historical_mapping,0.5,valid,August_WL_1994-2025.pdf,GWRA_2025.pdf,NULL,local_pdf,local_pdf,official_web_fallback,pdf_text,pdf_table,NULL,6645,NULL,NULL,https://cgwb.gov.in
meghalaya,north garo hills,kharkutta,kharkutta,Kharkutta,Kharkutta Station,25.90556,90.89444,2004,8,August,2.5,2025.0,Safe,0.0986029,0.0774368,0.0049870999999999,6.44,NULL,NULL,normalized_exact,0.7,valid,August_WL_1994-2025.pdf,GWRA_2025.pdf,NULL,local_pdf,local_pdf,official_web_fallback,pdf_text,pdf_table,NULL,6645,NULL,NULL,https://cgwb.gov.in
meghalaya,north garo hills,resubelpara,resubelpara,Mendipathar,Mendipathar Station,25.92083,90.50833,2004,8,August,2.6,2025.0,Safe,0.0986029,0.0774368,0.0049870999999999,6.44,NULL,NULL,normalized_exact,0.7,valid,August_WL_1994-2025.pdf,GWRA_2025.pdf,NULL,local_pdf,local_pdf,official_web_fallback,pdf_text,pdf_table,NULL,6645,NULL,NULL,https://cgwb.gov.in
meghalaya,ri bhoi,nongpoh,nongpoh,Barapani,Barapani Station,25.64583,91.8875,2004,8,August,0.8,2025.0,Safe,0.0648369999999999,0.0583534,0.0035481,6.08,NULL,NULL,normalized_exact,0.7,valid,August_WL_1994-2025.pdf,GWRA_2025.pdf,NULL,local_pdf,local_pdf,official_web_fallback,pdf_text,pdf_table,NULL,6645,NULL,NULL,https://cgwb.gov.in
meghalaya,ri bhoi,nongpoh,nongpoh,Nongpoh,Nongpoh Station,25.9,91.88333,2004,8,August,2.1,2025.0,Safe,0.0648369999999999,0.0583534,0.0035481,6.08,NULL,NULL,normalized_exact,0.7,valid,August_WL_1994-2025.pdf,GWRA_2025.pdf,NULL,local_pdf,local_pdf,official_web_fallback,pdf_text,pdf_table,NULL,6645,NULL,NULL,https://cgwb.gov.in
meghalaya,ri bhoi,umling,umling,Jorabat,Jorabat Station,25.9,91.88333,2004,8,August,6.2,2025.0,Safe,0.0648369999999999,0.0583534,0.0035481,6.08,NULL,NULL,normalized_exact,0.7,valid,August_WL_1994-2025.pdf,GWRA_2025.pdf,NULL,local_pdf,local_pdf,official_web_fallback,pdf_text,pdf_table,NULL,6645,NULL,NULL,https://cgwb.gov.in
meghalaya,south garo hills,gasuapara,gasuapara,Sibbari,Sibbari Station,25.175,90.525,2004,8,August,3.3,2025.0,Safe,0.2347366,0.2112628,0.0025698,1.22,NULL,NULL,normalized_exact,0.7,valid,August_WL_1994-2025.pdf,GWRA_2025.pdf,NULL,local_pdf,local_pdf,official_web_fallback,pdf_text,pdf_table,NULL,6645,NULL,NULL,https://cgwb.gov.in
meghalaya,south west garo hills,betasing,betasing,Ampati,Ampati Station,25.5,89.95833,2004,8,August,2.3,2025.0,Safe,0.079896,0.0387598,0.0076644,19.77,NULL,NULL,normalized_exact,0.7,valid,August_WL_1994-2025.pdf,GWRA_2025.pdf,NULL,local_pdf,local_pdf,official_web_fallback,pdf_text,pdf_table,NULL,6645,NULL,NULL,https://cgwb.gov.in
meghalaya,south west garo hills,betasing,betasing,Borkona,Borkona Station,25.56556,89.94306,2004,8,August,0.3,2025.0,Safe,0.079896,0.0387598,0.0076644,19.77,NULL,NULL,normalized_exact,0.7,valid,August_WL_1994-2025.pdf,GWRA_2025.pdf,NULL,local_pdf,local_pdf,official_web_fallback,pdf_text,pdf_table,NULL,6645,NULL,NULL,https://cgwb.gov.in
meghalaya,south west garo hills,rerapara,rerapara,Garobandha,Garobandha Station,25.58028,90.02222,2004,8,August,1.0,2025.0,Safe,0.079896,0.0387598,0.0076644,19.77,NULL,NULL,normalized_exact,0.7,valid,August_WL_1994-2025.pdf,GWRA_2025.pdf,NULL,local_pdf,local_pdf,official_web_fallback,pdf_text,pdf_table,NULL,6645,NULL,NULL,https://cgwb.gov.in
meghalaya,south west garo hills,zikzak,zikzak,Mahendraganj,Mahendraganj Station,25.3,89.85972,2004,8,August,1.3,2025.0,Safe,0.079896,0.0387598,0.0076644,19.77,NULL,NULL,normalized_exact,0.7,valid,August_WL_1994-2025.pdf,GWRA_2025.pdf,NULL,local_pdf,local_pdf,official_web_fallback,pdf_text,pdf_table,NULL,6645,NULL,NULL,https://cgwb.gov.in
meghalaya,south west garo hills,zikzak,zikzak,Zikzak,Zikzak Station,25.39111,89.89889,2004,8,August,0.0,2025.0,Safe,0.079896,0.0387598,0.0076644,19.77,NULL,NULL,normalized_exact,0.7,valid,August_WL_1994-2025.pdf,GWRA_2025.pdf,NULL,local_pdf,local_pdf,official_web_fallback,pdf_text,pdf_table,NULL,6645,NULL,NULL,https://cgwb.gov.in
meghalaya,west garo hills,dalu,dalu,Barengapara,Barengapara Station,25.21667,90.23333,2004,8,August,4.3,2025.0,Safe,0.2912522,0.1904695,0.036739,19.29,NULL,NULL,normalized_exact,0.7,valid,August_WL_1994-2025.pdf,GWRA_2025.pdf,NULL,local_pdf,local_pdf,official_web_fallback,pdf_text,pdf_table,NULL,6645,NULL,NULL,https://cgwb.gov.in
meghalaya,west garo hills,dalu,dalu,Kherapara,Kherapara Station,25.34167,90.225,2004,8,August,3.0,2025.0,Safe,0.2912522,0.1904695,0.036739,19.29,NULL,NULL,normalized_exact,0.7,valid,August_WL_1994-2025.pdf,GWRA_2025.pdf,NULL,local_pdf,local_pdf,official_web_fallback,pdf_text,pdf_table,NULL,6645,NULL,NULL,https://cgwb.gov.in
meghalaya,west garo hills,dalu,dalu,Porakhasia,Porakhasia Station,25.3,90.01667,2004,8,August,2.9,2025.0,Safe,0.2912522,0.1904695,0.036739,19.29,NULL,NULL,normalized_exact,0.7,valid,August_WL_1994-2025.pdf,GWRA_2025.pdf,NULL,local_pdf,local_pdf,official_web_fallback,pdf_text,pdf_table,NULL,6645,NULL,NULL,https://cgwb.gov.in
meghalaya,west garo hills,demdema,demdema,Nidanpur,Nidanpur Station,25.9125,90.12778,2004,8,August,0.5,2025.0,Safe,0.2912522,0.1904695,0.036739,19.29,NULL,NULL,normalized_exact,0.7,valid,August_WL_1994-2025.pdf,GWRA_2025.pdf,NULL,local_pdf,local_pdf,official_web_fallback,pdf_text,pdf_table,NULL,6645,NULL,NULL,https://cgwb.gov.in
meghalaya,west garo hills,salsella,salsella,Phulbari,Phulbari Station,25.88333,90.05,2004,8,August,2.5,2025.0,Safe,0.2912522,0.1904695,0.036739,19.29,NULL,NULL,normalized_exact,0.7,valid,August_WL_1994-2025.pdf,GWRA_2025.pdf,NULL,local_pdf,local_pdf,official_web_fallback,pdf_text,pdf_table,NULL,6645,NULL,NULL,https://cgwb.gov.in
meghalaya,west garo hills,tikrikilla,tikrikilla,Tikrikilla,Tikrikilla Station,25.94583,90.24444,2004,8,August,6.9,2025.0,Safe,0.2912522,0.1904695,0.036739,19.29,NULL,NULL,normalized_exact,0.7,valid,August_WL_1994-2025.pdf,GWRA_2025.pdf,NULL,local_pdf,local_pdf,official_web_fallback,pdf_text,pdf_table,NULL,6645,NULL,NULL,https://cgwb.gov.in
meghalaya,west jaintia hills,amlarem,amlarem,Dauki,Dauki Station,25.2,92.03333,2004,8,August,1.0,2025.0,Safe,0.1116346999999999,0.1004712,0.0061129999999999,6.08,NULL,NULL,normalized_exact,0.7,valid,August_WL_1994-2025.pdf,GWRA_2025.pdf,NULL,local_pdf,local_pdf,official_web_fallback,pdf_text,pdf_table,NULL,6646,NULL,NULL,https://cgwb.gov.in
meghalaya,west jaintia hills,thadlaskein,thadlaskein,Jowai,Jowai Station,25.44167,92.175,2004,8,August,2.4,2025.0,Safe,0.1116346999999999,0.1004712,0.0061129999999999,6.08,NULL,NULL,normalized_exact,0.7,valid,August_WL_1994-2025.pdf,GWRA_2025.pdf,NULL,local_pdf,local_pdf,official_web_fallback,pdf_text,pdf_table,NULL,6646,NULL,NULL,https://cgwb.gov.in
meghalaya,east garo hills,dambo rongjeng,dambo rongjeng,Darugiri,Darugiri Station,25.61917,90.7675,2003,8,August,0.7,2025.0,Safe,0.0849275,0.0764346,0.003461,4.53,NULL,NULL,normalized_exact,0.7,valid,August_WL_1994-2025.pdf,GWRA_2025.pdf,NULL,local_pdf,local_pdf,official_web_fallback,pdf_text,pdf_table,NULL,6911,NULL,NULL,https://cgwb.gov.in
meghalaya,east garo hills,dambo rongjeng,dambo rongjeng,Rongjeng,Rongjeng Station,25.66667,90.80417,2003,8,August,1.8,2025.0,Safe,0.0849275,0.0764346,0.003461,4.53,NULL,NULL,normalized_exact,0.7,valid,August_WL_1994-2025.pdf,GWRA_2025.pdf,NULL,local_pdf,local_pdf,official_web_fallback,pdf_text,pdf_table,NULL,6911,NULL,NULL,https://cgwb.gov.in
meghalaya,east garo hills,dambo rongjeng,dambo rongjeng,Rongmil,Rongmil Station,25.73611,90.82444,2003,8,August,1.6,2025.0,Safe,0.0849275,0.0764346,0.003461,4.53,NULL,NULL,normalized_exact,0.7,valid,August_WL_1994-2025.pdf,GWRA_2025.pdf,NULL,local_pdf,local_pdf,official_web_fallback,pdf_text,pdf_table,NULL,6911,NULL,NULL,https://cgwb.gov.in
meghalaya,east garo hills,samanda,samanda,Williamnagar,Williamnagar Station,25.51,90.51944,2003,8,August,1.6,2025.0,Safe,0.0849275,0.0764346,0.003461,4.53,NULL,NULL,normalized_exact,0.7,valid,August_WL_1994-2025.pdf,GWRA_2025.pdf,NULL,local_pdf,local_pdf,official_web_fallback,pdf_text,pdf_table,NULL,6911,NULL,NULL,https://cgwb.gov.in
meghalaya,east khasi hills,mawsynram,mawsynram,Balat,Balat Station,25.20556,91.4,2003,8,August,2.6,2025.0,Safe,0.2181741,0.1963567,0.006982,3.56,NULL,NULL,normalized_exact,0.7,valid,August_WL_1994-2025.pdf,GWRA_2025.pdf,NULL,local_pdf,local_pdf,official_web_fallback,pdf_text,pdf_table,NULL,6911,NULL,NULL,https://cgwb.gov.in
meghalaya,east khasi hills,mylliem,mylliem,Mawngap,Mawngap Station,25.47639,91.76944,2003,8,August,1.8,2025.0,Safe,0.2181741,0.1963567,0.006982,3.56,NULL,NULL,normalized_exact,0.7,valid,August_WL_1994-2025.pdf,GWRA_2025.pdf,NULL,local_pdf,local_pdf,official_web_fallback,pdf_text,pdf_table,NULL,6911,NULL,NULL,https://cgwb.gov.in
meghalaya,east khasi hills,mylliem,mylliem,Pamlum,Pamlum Station,25.525,91.80556,2003,8,August,0.1,2025.0,Safe,0.2181741,0.1963567,0.006982,3.56,NULL,NULL,normalized_exact,0.7,valid,August_WL_1994-2025.pdf,GWRA_2025.pdf,NULL,local_pdf,local_pdf,official_web_fallback,pdf_text,pdf_table,NULL,6911,NULL,NULL,https://cgwb.gov.in
meghalaya,east khasi hills,mylliem,mylliem,Shillong Polo,Shillong Polo Station,25.58333,91.88333,2003,8,August,0.1,2025.0,Safe,0.2181741,0.1963567,0.006982,3.56,NULL,NULL,normalized_exact,0.7,valid,August_WL_1994-2025.pdf,GWRA_2025.pdf,NULL,local_pdf,local_pdf,official_web_fallback,pdf_text,pdf_table,NULL,6911,NULL,NULL,https://cgwb.gov.in
meghalaya,east khasi hills,shella bholaganj,shella bholaganj,Cherrapunji,Cherrapunji Station,25.28333,91.71667,2003,8,August,0.1,2025.0,Safe,0.2181741,0.1963567,0.006982,3.56,NULL,NULL,normalized_exact,0.7,valid,August_WL_1994-2025.pdf,GWRA_2025.pdf,NULL,local_pdf,local_pdf,official_web_fallback,pdf_text,pdf_table,NULL,6911,NULL,NULL,https://cgwb.gov.in
meghalaya,west khasi hills,Mairang,Mairang,Mairang,Mairang Station,25.57778,91.64167,2003,8,August,1.2,2025.0,NULL,0.339654,0.3056885,0.0046341,1.52,NULL,NULL,historical_mapping,0.5,valid,August_WL_1994-2025.pdf,GWRA_2025.pdf,NULL,local_pdf,local_pdf,official_web_fallback,pdf_text,pdf_table,NULL,6911,NULL,NULL,https://cgwb.gov.in
meghalaya,north garo hills,bajengdoba,bajengdoba,Bajengdoba,Bajengdoba Station,25.88611,90.5125,2003,8,August,2.5,2025.0,Safe,0.0986029,0.0774368,0.0049870999999999,6.44,NULL,NULL,normalized_exact,0.7,valid,August_WL_1994-2025.pdf,GWRA_2025.pdf,NULL,local_pdf,local_pdf,official_web_fallback,pdf_text,pdf_table,NULL,6911,NULL,NULL,https://cgwb.gov.in
meghalaya,north garo hills,kharkutta,kharkutta,Depa Sarangma,Depa Sarangma Station,25.86667,90.78333,2003,8,August,2.2,2025.0,Safe,0.0986029,0.0774368,0.0049870999999999,6.44,NULL,NULL,normalized_exact,0.7,valid,August_WL_1994-2025.pdf,GWRA_2025.pdf,NULL,local_pdf,local_pdf,official_web_fallback,pdf_text,pdf_table,NULL,6911,NULL,NULL,https://cgwb.gov.in
meghalaya,north garo hills,kharkutta,kharkutta,Kharkutta,Kharkutta Station,25.90556,90.89444,2003,8,August,1.8,2025.0,Safe,0.0986029,0.0774368,0.0049870999999999,6.44,NULL,NULL,normalized_exact,0.7,valid,August_WL_1994-2025.pdf,GWRA_2025.pdf,NULL,local_pdf,local_pdf,official_web_fallback,pdf_text,pdf_table,NULL,6911,NULL,NULL,https://cgwb.gov.in
meghalaya,north garo hills,resubelpara,resubelpara,Mendal,Mendal Station,25.82472,90.46583,2003,8,August,1.6,2025.0,Safe,0.0986029,0.0774368,0.0049870999999999,6.44,NULL,NULL,normalized_exact,0.7,valid,August_WL_1994-2025.pdf,GWRA_2025.pdf,NULL,local_pdf,local_pdf,official_web_fallback,pdf_text,pdf_table,NULL,6911,NULL,NULL,https://cgwb.gov.in
meghalaya,north garo hills,resubelpara,resubelpara,Mendipathar,Mendipathar Station,25.92083,90.50833,2003,8,August,2.3,2025.0,Safe,0.0986029,0.0774368,0.0049870999999999,6.44,NULL,NULL,normalized_exact,0.7,valid,August_WL_1994-2025.pdf,GWRA_2025.pdf,NULL,local_pdf,local_pdf,official_web_fallback,pdf_text,pdf_table,NULL,6911,NULL,NULL,https://cgwb.gov.in
meghalaya,ri bhoi,nongpoh,nongpoh,Nongpoh,Nongpoh Station,25.9,91.88333,2003,8,August,1.6,2025.0,Safe,0.0648369999999999,0.0583534,0.0035481,6.08,NULL,NULL,normalized_exact,0.7,valid,August_WL_1994-2025.pdf,GWRA_2025.pdf,NULL,local_pdf,local_pdf,official_web_fallback,pdf_text,pdf_table,NULL,6911,NULL,NULL,https://cgwb.gov.in
meghalaya,ri bhoi,umling,umling,Jorabat,Jorabat Station,25.9,91.88333,2003,8,August,4.2,2025.0,Safe,0.0648369999999999,0.0583534,0.0035481,6.08,NULL,NULL,normalized_exact,0.7,valid,August_WL_1994-2025.pdf,GWRA_2025.pdf,NULL,local_pdf,local_pdf,official_web_fallback,pdf_text,pdf_table,NULL,6911,NULL,NULL,https://cgwb.gov.in
meghalaya,south garo hills,gasuapara,gasuapara,Sibbari,Sibbari Station,25.175,90.525,2003,8,August,1.3,2025.0,Safe,0.2347366,0.2112628,0.0025698,1.22,NULL,NULL,normalized_exact,0.7,valid,August_WL_1994-2025.pdf,GWRA_2025.pdf,NULL,local_pdf,local_pdf,official_web_fallback,pdf_text,pdf_table,NULL,6911,NULL,NULL,https://cgwb.gov.in
meghalaya,south west garo hills,betasing,betasing,Ampati,Ampati Station,25.5,89.95833,2003,8,August,2.9,2025.0,Safe,0.079896,0.0387598,0.0076644,19.77,NULL,NULL,normalized_exact,0.7,valid,August_WL_1994-2025.pdf,GWRA_2025.pdf,NULL,local_pdf,local_pdf,official_web_fallback,pdf_text,pdf_table,NULL,6911,NULL,NULL,https://cgwb.gov.in
meghalaya,south west garo hills,betasing,betasing,Borkona,Borkona Station,25.56556,89.94306,2003,8,August,0.5,2025.0,Safe,0.079896,0.0387598,0.0076644,19.77,NULL,NULL,normalized_exact,0.7,valid,August_WL_1994-2025.pdf,GWRA_2025.pdf,NULL,local_pdf,local_pdf,official_web_fallback,pdf_text,pdf_table,NULL,6911,NULL,NULL,https://cgwb.gov.in
meghalaya,south west garo hills,rerapara,rerapara,Garobandha,Garobandha Station,25.58028,90.02222,2003,8,August,2.6,2025.0,Safe,0.079896,0.0387598,0.0076644,19.77,NULL,NULL,normalized_exact,0.7,valid,August_WL_1994-2025.pdf,GWRA_2025.pdf,NULL,local_pdf,local_pdf,official_web_fallback,pdf_text,pdf_table,NULL,6911,NULL,NULL,https://cgwb.gov.in
meghalaya,south west garo hills,zikzak,zikzak,Mahendraganj,Mahendraganj Station,25.3,89.85972,2003,8,August,1.3,2025.0,Safe,0.079896,0.0387598,0.0076644,19.77,NULL,NULL,normalized_exact,0.7,valid,August_WL_1994-2025.pdf,GWRA_2025.pdf,NULL,local_pdf,local_pdf,official_web_fallback,pdf_text,pdf_table,NULL,6911,NULL,NULL,https://cgwb.gov.in
meghalaya,south west garo hills,zikzak,zikzak,Zikzak,Zikzak Station,25.39111,89.89889,2003,8,August,1.1,2025.0,Safe,0.079896,0.0387598,0.0076644,19.77,NULL,NULL,normalized_exact,0.7,valid,August_WL_1994-2025.pdf,GWRA_2025.pdf,NULL,local_pdf,local_pdf,official_web_fallback,pdf_text,pdf_table,NULL,6911,NULL,NULL,https://cgwb.gov.in
meghalaya,west garo hills,dalu,dalu,Barengapara,Barengapara Station,25.21667,90.23333,2003,8,August,4.3,2025.0,Safe,0.2912522,0.1904695,0.036739,19.29,NULL,NULL,normalized_exact,0.7,valid,August_WL_1994-2025.pdf,GWRA_2025.pdf,NULL,local_pdf,local_pdf,official_web_fallback,pdf_text,pdf_table,NULL,6911,NULL,NULL,https://cgwb.gov.in
meghalaya,west garo hills,dalu,dalu,Kherapara,Kherapara Station,25.34167,90.225,2003,8,August,1.7,2025.0,Safe,0.2912522,0.1904695,0.036739,19.29,NULL,NULL,normalized_exact,0.7,valid,August_WL_1994-2025.pdf,GWRA_2025.pdf,NULL,local_pdf,local_pdf,official_web_fallback,pdf_text,pdf_table,NULL,6911,NULL,NULL,https://cgwb.gov.in
meghalaya,west garo hills,dalu,dalu,Porakhasia,Porakhasia Station,25.3,90.01667,2003,8,August,2.8,2025.0,Safe,0.2912522,0.1904695,0.036739,19.29,NULL,NULL,normalized_exact,0.7,valid,August_WL_1994-2025.pdf,GWRA_2025.pdf,NULL,local_pdf,local_pdf,official_web_fallback,pdf_text,pdf_table,NULL,6911,NULL,NULL,https://cgwb.gov.in
meghalaya,west garo hills,demdema,demdema,Nidanpur,Nidanpur Station,25.9125,90.12778,2003,8,August,2.4,2025.0,Safe,0.2912522,0.1904695,0.036739,19.29,NULL,NULL,normalized_exact,0.7,valid,August_WL_1994-2025.pdf,GWRA_2025.pdf,NULL,local_pdf,local_pdf,official_web_fallback,pdf_text,pdf_table,NULL,6911,NULL,NULL,https://cgwb.gov.in
meghalaya,west garo hills,rongram,rongram,Asanang,Asanang Station,25.59944,90.27556,2003,8,August,3.6,2025.0,Safe,0.2912522,0.1904695,0.036739,19.29,NULL,NULL,normalized_exact,0.7,valid,August_WL_1994-2025.pdf,GWRA_2025.pdf,NULL,local_pdf,local_pdf,official_web_fallback,pdf_text,pdf_table,NULL,6911,NULL,NULL,https://cgwb.gov.in
meghalaya,west garo hills,salsella,salsella,Phulbari,Phulbari Station,25.88333,90.05,2003,8,August,2.4,2025.0,Safe,0.2912522,0.1904695,0.036739,19.29,NULL,NULL,normalized_exact,0.7,valid,August_WL_1994-2025.pdf,GWRA_2025.pdf,NULL,local_pdf,local_pdf,official_web_fallback,pdf_text,pdf_table,NULL,6911,NULL,NULL,https://cgwb.gov.in
meghalaya,west garo hills,tikrikilla,tikrikilla,Tikrikilla,Tikrikilla Station,25.94583,90.24444,2003,8,August,6.4,2025.0,Safe,0.2912522,0.1904695,0.036739,19.29,NULL,NULL,normalized_exact,0.7,valid,August_WL_1994-2025.pdf,GWRA_2025.pdf,NULL,local_pdf,local_pdf,official_web_fallback,pdf_text,pdf_table,NULL,6911,NULL,NULL,https://cgwb.gov.in
meghalaya,west jaintia hills,amlarem,amlarem,Dauki,Dauki Station,25.2,92.03333,2003,8,August,1.4,2025.0,Safe,0.1116346999999999,0.1004712,0.0061129999999999,6.08,NULL,NULL,normalized_exact,0.7,valid,August_WL_1994-2025.pdf,GWRA_2025.pdf,NULL,local_pdf,local_pdf,official_web_fallback,pdf_text,pdf_table,NULL,6912,NULL,NULL,https://cgwb.gov.in
meghalaya,west jaintia hills,thadlaskein,thadlaskein,Jowai,Jowai Station,25.44167,92.175,2003,8,August,1.5,2025.0,Safe,0.1116346999999999,0.1004712,0.0061129999999999,6.08,NULL,NULL,normalized_exact,0.7,valid,August_WL_1994-2025.pdf,GWRA_2025.pdf,NULL,local_pdf,local_pdf,official_web_fallback,pdf_text,pdf_table,NULL,6912,NULL,NULL,https://cgwb.gov.in
meghalaya,east garo hills,dambo rongjeng,dambo rongjeng,Darugiri,Darugiri Station,25.61917,90.7675,2002,8,August,0.9,2025.0,Safe,0.0849275,0.0764346,0.003461,4.53,NULL,NULL,normalized_exact,0.7,valid,August_WL_1994-2025.pdf,GWRA_2025.pdf,NULL,local_pdf,local_pdf,official_web_fallback,pdf_text,pdf_table,NULL,7165,NULL,NULL,https://cgwb.gov.in
meghalaya,east garo hills,dambo rongjeng,dambo rongjeng,Rongjeng,Rongjeng Station,25.66667,90.80417,2002,8,August,1.9,2025.0,Safe,0.0849275,0.0764346,0.003461,4.53,NULL,NULL,normalized_exact,0.7,valid,August_WL_1994-2025.pdf,GWRA_2025.pdf,NULL,local_pdf,local_pdf,official_web_fallback,pdf_text,pdf_table,NULL,7165,NULL,NULL,https://cgwb.gov.in
meghalaya,east garo hills,dambo rongjeng,dambo rongjeng,Rongmil,Rongmil Station,25.73611,90.82444,2002,8,August,1.5,2025.0,Safe,0.0849275,0.0764346,0.003461,4.53,NULL,NULL,normalized_exact,0.7,valid,August_WL_1994-2025.pdf,GWRA_2025.pdf,NULL,local_pdf,local_pdf,official_web_fallback,pdf_text,pdf_table,NULL,7165,NULL,NULL,https://cgwb.gov.in
meghalaya,east garo hills,samanda,samanda,Williamnagar,Williamnagar Station,25.51,90.51944,2002,8,August,1.6,2025.0,Safe,0.0849275,0.0764346,0.003461,4.53,NULL,NULL,normalized_exact,0.7,valid,August_WL_1994-2025.pdf,GWRA_2025.pdf,NULL,local_pdf,local_pdf,official_web_fallback,pdf_text,pdf_table,NULL,7165,NULL,NULL,https://cgwb.gov.in
meghalaya,east khasi hills,mawsynram,mawsynram,Balat,Balat Station,25.20556,91.4,2002,8,August,3.5,2025.0,Safe,0.2181741,0.1963567,0.006982,3.56,NULL,NULL,normalized_exact,0.7,valid,August_WL_1994-2025.pdf,GWRA_2025.pdf,NULL,local_pdf,local_pdf,official_web_fallback,pdf_text,pdf_table,NULL,7165,NULL,NULL,https://cgwb.gov.in
meghalaya,east khasi hills,mylliem,mylliem,Mawngap,Mawngap Station,25.47639,91.76944,2002,8,August,1.8,2025.0,Safe,0.2181741,0.1963567,0.006982,3.56,NULL,NULL,normalized_exact,0.7,valid,August_WL_1994-2025.pdf,GWRA_2025.pdf,NULL,local_pdf,local_pdf,official_web_fallback,pdf_text,pdf_table,NULL,7165,NULL,NULL,https://cgwb.gov.in
meghalaya,east khasi hills,mylliem,mylliem,Pamlum,Pamlum Station,25.525,91.80556,2002,8,August,0.3,2025.0,Safe,0.2181741,0.1963567,0.006982,3.56,NULL,NULL,normalized_exact,0.7,valid,August_WL_1994-2025.pdf,GWRA_2025.pdf,NULL,local_pdf,local_pdf,official_web_fallback,pdf_text,pdf_table,NULL,7165,NULL,NULL,https://cgwb.gov.in
meghalaya,east khasi hills,mylliem,mylliem,Shillong Polo,Shillong Polo Station,25.58333,91.88333,2002,8,August,0.1,2025.0,Safe,0.2181741,0.1963567,0.006982,3.56,NULL,NULL,normalized_exact,0.7,valid,August_WL_1994-2025.pdf,GWRA_2025.pdf,NULL,local_pdf,local_pdf,official_web_fallback,pdf_text,pdf_table,NULL,7165,NULL,NULL,https://cgwb.gov.in
meghalaya,east khasi hills,shella bholaganj,shella bholaganj,Cherrapunji,Cherrapunji Station,25.28333,91.71667,2002,8,August,0.0,2025.0,Safe,0.2181741,0.1963567,0.006982,3.56,NULL,NULL,normalized_exact,0.7,valid,August_WL_1994-2025.pdf,GWRA_2025.pdf,NULL,local_pdf,local_pdf,official_web_fallback,pdf_text,pdf_table,NULL,7165,NULL,NULL,https://cgwb.gov.in
meghalaya,west khasi hills,Mairang,Mairang,Mairang,Mairang Station,25.57778,91.64167,2002,8,August,0.9,2025.0,NULL,0.339654,0.3056885,0.0046341,1.52,NULL,NULL,historical_mapping,0.5,valid,August_WL_1994-2025.pdf,GWRA_2025.pdf,NULL,local_pdf,local_pdf,official_web_fallback,pdf_text,pdf_table,NULL,7165,NULL,NULL,https://cgwb.gov.in
meghalaya,north garo hills,bajengdoba,bajengdoba,Bajengdoba,Bajengdoba Station,25.88611,90.5125,2002,8,August,0.3,2025.0,Safe,0.0986029,0.0774368,0.0049870999999999,6.44,NULL,NULL,normalized_exact,0.7,valid,August_WL_1994-2025.pdf,GWRA_2025.pdf,NULL,local_pdf,local_pdf,official_web_fallback,pdf_text,pdf_table,NULL,7165,NULL,NULL,https://cgwb.gov.in
meghalaya,north garo hills,kharkutta,kharkutta,Kharkutta,Kharkutta Station,25.90556,90.89444,2002,8,August,2.2,2025.0,Safe,0.0986029,0.0774368,0.0049870999999999,6.44,NULL,NULL,normalized_exact,0.7,valid,August_WL_1994-2025.pdf,GWRA_2025.pdf,NULL,local_pdf,local_pdf,official_web_fallback,pdf_text,pdf_table,NULL,7165,NULL,NULL,https://cgwb.gov.in
meghalaya,north garo hills,resubelpara,resubelpara,Mendal,Mendal Station,25.82472,90.46583,2002,8,August,1.5,2025.0,Safe,0.0986029,0.0774368,0.0049870999999999,6.44,NULL,NULL,normalized_exact,0.7,valid,August_WL_1994-2025.pdf,GWRA_2025.pdf,NULL,local_pdf,local_pdf,official_web_fallback,pdf_text,pdf_table,NULL,7165,NULL,NULL,https://cgwb.gov.in
meghalaya,north garo hills,resubelpara,resubelpara,Mendipathar,Mendipathar Station,25.92083,90.50833,2002,8,August,2.2,2025.0,Safe,0.0986029,0.0774368,0.0049870999999999,6.44,NULL,NULL,normalized_exact,0.7,valid,August_WL_1994-2025.pdf,GWRA_2025.pdf,NULL,local_pdf,local_pdf,official_web_fallback,pdf_text,pdf_table,NULL,7165,NULL,NULL,https://cgwb.gov.in
meghalaya,ri bhoi,nongpoh,nongpoh,Nongpoh,Nongpoh Station,25.9,91.88333,2002,8,August,3.4,2025.0,Safe,0.0648369999999999,0.0583534,0.0035481,6.08,NULL,NULL,normalized_exact,0.7,valid,August_WL_1994-2025.pdf,GWRA_2025.pdf,NULL,local_pdf,local_pdf,official_web_fallback,pdf_text,pdf_table,NULL,7165,NULL,NULL,https://cgwb.gov.in
meghalaya,ri bhoi,umling,umling,Jorabat,Jorabat Station,25.9,91.88333,2002,8,August,3.4,2025.0,Safe,0.0648369999999999,0.0583534,0.0035481,6.08,NULL,NULL,normalized_exact,0.7,valid,August_WL_1994-2025.pdf,GWRA_2025.pdf,NULL,local_pdf,local_pdf,official_web_fallback,pdf_text,pdf_table,NULL,7165,NULL,NULL,https://cgwb.gov.in
meghalaya,south garo hills,gasuapara,gasuapara,Sibbari,Sibbari Station,25.175,90.525,2002,8,August,0.9,2025.0,Safe,0.2347366,0.2112628,0.0025698,1.22,NULL,NULL,normalized_exact,0.7,valid,August_WL_1994-2025.pdf,GWRA_2025.pdf,NULL,local_pdf,local_pdf,official_web_fallback,pdf_text,pdf_table,NULL,7165,NULL,NULL,https://cgwb.gov.in
meghalaya,south west garo hills,betasing,betasing,Ampati,Ampati Station,25.5,89.95833,2002,8,August,1.0,2025.0,Safe,0.079896,0.0387598,0.0076644,19.77,NULL,NULL,normalized_exact,0.7,valid,August_WL_1994-2025.pdf,GWRA_2025.pdf,NULL,local_pdf,local_pdf,official_web_fallback,pdf_text,pdf_table,NULL,7165,NULL,NULL,https://cgwb.gov.in
meghalaya,south west garo hills,betasing,betasing,Borkona,Borkona Station,25.56556,89.94306,2002,8,August,0.0,2025.0,Safe,0.079896,0.0387598,0.0076644,19.77,NULL,NULL,normalized_exact,0.7,valid,August_WL_1994-2025.pdf,GWRA_2025.pdf,NULL,local_pdf,local_pdf,official_web_fallback,pdf_text,pdf_table,NULL,7165,NULL,NULL,https://cgwb.gov.in
meghalaya,south west garo hills,rerapara,rerapara,Garobandha,Garobandha Station,25.58028,90.02222,2002,8,August,0.8,2025.0,Safe,0.079896,0.0387598,0.0076644,19.77,NULL,NULL,normalized_exact,0.7,valid,August_WL_1994-2025.pdf,GWRA_2025.pdf,NULL,local_pdf,local_pdf,official_web_fallback,pdf_text,pdf_table,NULL,7165,NULL,NULL,https://cgwb.gov.in
meghalaya,south west garo hills,zikzak,zikzak,Mahendraganj,Mahendraganj Station,25.3,89.85972,2002,8,August,0.8,2025.0,Safe,0.079896,0.0387598,0.0076644,19.77,NULL,NULL,normalized_exact,0.7,valid,August_WL_1994-2025.pdf,GWRA_2025.pdf,NULL,local_pdf,local_pdf,official_web_fallback,pdf_text,pdf_table,NULL,7166,NULL,NULL,https://cgwb.gov.in
meghalaya,west garo hills,dalu,dalu,Barengapara,Barengapara Station,25.21667,90.23333,2002,8,August,3.9,2025.0,Safe,0.2912522,0.1904695,0.036739,19.29,NULL,NULL,normalized_exact,0.7,valid,August_WL_1994-2025.pdf,GWRA_2025.pdf,NULL,local_pdf,local_pdf,official_web_fallback,pdf_text,pdf_table,NULL,7166,NULL,NULL,https://cgwb.gov.in
meghalaya,west garo hills,dalu,dalu,Kherapara,Kherapara Station,25.34167,90.225,2002,8,August,1.8,2025.0,Safe,0.2912522,0.1904695,0.036739,19.29,NULL,NULL,normalized_exact,0.7,valid,August_WL_1994-2025.pdf,GWRA_2025.pdf,NULL,local_pdf,local_pdf,official_web_fallback,pdf_text,pdf_table,NULL,7166,NULL,NULL,https://cgwb.gov.in
meghalaya,west garo hills,dalu,dalu,Porakhasia,Porakhasia Station,25.3,90.01667,2002,8,August,2.8,2025.0,Safe,0.2912522,0.1904695,0.036739,19.29,NULL,NULL,normalized_exact,0.7,valid,August_WL_1994-2025.pdf,GWRA_2025.pdf,NULL,local_pdf,local_pdf,official_web_fallback,pdf_text,pdf_table,NULL,7166,NULL,NULL,https://cgwb.gov.in
meghalaya,west garo hills,demdema,demdema,Nidanpur,Nidanpur Station,25.9125,90.12778,2002,8,August,0.5,2025.0,Safe,0.2912522,0.1904695,0.036739,19.29,NULL,NULL,normalized_exact,0.7,valid,August_WL_1994-2025.pdf,GWRA_2025.pdf,NULL,local_pdf,local_pdf,official_web_fallback,pdf_text,pdf_table,NULL,7166,NULL,NULL,https://cgwb.gov.in
meghalaya,west garo hills,rongram,rongram,Asanang,Asanang Station,25.59944,90.27556,2002,8,August,3.7,2025.0,Safe,0.2912522,0.1904695,0.036739,19.29,NULL,NULL,normalized_exact,0.7,valid,August_WL_1994-2025.pdf,GWRA_2025.pdf,NULL,local_pdf,local_pdf,official_web_fallback,pdf_text,pdf_table,NULL,7166,NULL,NULL,https://cgwb.gov.in
meghalaya,west garo hills,salsella,salsella,Phulbari,Phulbari Station,25.88333,90.05,2002,8,August,2.2,2025.0,Safe,0.2912522,0.1904695,0.036739,19.29,NULL,NULL,normalized_exact,0.7,valid,August_WL_1994-2025.pdf,GWRA_2025.pdf,NULL,local_pdf,local_pdf,official_web_fallback,pdf_text,pdf_table,NULL,7166,NULL,NULL,https://cgwb.gov.in
meghalaya,west garo hills,tikrikilla,tikrikilla,Tikrikilla,Tikrikilla Station,25.94583,90.24444,2002,8,August,6.7,2025.0,Safe,0.2912522,0.1904695,0.036739,19.29,NULL,NULL,normalized_exact,0.7,valid,August_WL_1994-2025.pdf,GWRA_2025.pdf,NULL,local_pdf,local_pdf,official_web_fallback,pdf_text,pdf_table,NULL,7166,NULL,NULL,https://cgwb.gov.in
meghalaya,west jaintia hills,amlarem,amlarem,Dauki,Dauki Station,25.2,92.03333,2002,8,August,1.7,2025.0,Safe,0.1116346999999999,0.1004712,0.0061129999999999,6.08,NULL,NULL,normalized_exact,0.7,valid,August_WL_1994-2025.pdf,GWRA_2025.pdf,NULL,local_pdf,local_pdf,official_web_fallback,pdf_text,pdf_table,NULL,7166,NULL,NULL,https://cgwb.gov.in
meghalaya,west jaintia hills,thadlaskein,thadlaskein,Jowai,Jowai Station,25.44167,92.175,2002,8,August,1.9,2025.0,Safe,0.1116346999999999,0.1004712,0.0061129999999999,6.08,NULL,NULL,normalized_exact,0.7,valid,August_WL_1994-2025.pdf,GWRA_2025.pdf,NULL,local_pdf,local_pdf,official_web_fallback,pdf_text,pdf_table,NULL,7166,NULL,NULL,https://cgwb.gov.in
meghalaya,east garo hills,dambo rongjeng,dambo rongjeng,Darugiri,Darugiri Station,25.61917,90.7675,2001,8,August,2.0,2025.0,Safe,0.0849275,0.0764346,0.003461,4.53,NULL,NULL,normalized_exact,0.7,valid,August_WL_1994-2025.pdf,GWRA_2025.pdf,NULL,local_pdf,local_pdf,official_web_fallback,pdf_text,pdf_table,NULL,7426,NULL,NULL,https://cgwb.gov.in
meghalaya,east garo hills,dambo rongjeng,dambo rongjeng,Rongjeng,Rongjeng Station,25.66667,90.80417,2001,8,August,4.9,2025.0,Safe,0.0849275,0.0764346,0.003461,4.53,NULL,NULL,normalized_exact,0.7,valid,August_WL_1994-2025.pdf,GWRA_2025.pdf,NULL,local_pdf,local_pdf,official_web_fallback,pdf_text,pdf_table,NULL,7426,NULL,NULL,https://cgwb.gov.in
meghalaya,east garo hills,dambo rongjeng,dambo rongjeng,Rongmil,Rongmil Station,25.73611,90.82444,2001,8,August,1.6,2025.0,Safe,0.0849275,0.0764346,0.003461,4.53,NULL,NULL,normalized_exact,0.7,valid,August_WL_1994-2025.pdf,GWRA_2025.pdf,NULL,local_pdf,local_pdf,official_web_fallback,pdf_text,pdf_table,NULL,7426,NULL,NULL,https://cgwb.gov.in
meghalaya,east garo hills,samanda,samanda,Williamnagar,Williamnagar Station,25.51,90.51944,2001,8,August,1.7,2025.0,Safe,0.0849275,0.0764346,0.003461,4.53,NULL,NULL,normalized_exact,0.7,valid,August_WL_1994-2025.pdf,GWRA_2025.pdf,NULL,local_pdf,local_pdf,official_web_fallback,pdf_text,pdf_table,NULL,7426,NULL,NULL,https://cgwb.gov.in
meghalaya,east khasi hills,mawsynram,mawsynram,Balat,Balat Station,25.20556,91.4,2001,8,August,2.6,2025.0,Safe,0.2181741,0.1963567,0.006982,3.56,NULL,NULL,normalized_exact,0.7,valid,August_WL_1994-2025.pdf,GWRA_2025.pdf,NULL,local_pdf,local_pdf,official_web_fallback,pdf_text,pdf_table,NULL,7426,NULL,NULL,https://cgwb.gov.in
meghalaya,east khasi hills,mylliem,mylliem,Mawngap,Mawngap Station,25.47639,91.76944,2001,8,August,1.7,2025.0,Safe,0.2181741,0.1963567,0.006982,3.56,NULL,NULL,normalized_exact,0.7,valid,August_WL_1994-2025.pdf,GWRA_2025.pdf,NULL,local_pdf,local_pdf,official_web_fallback,pdf_text,pdf_table,NULL,7426,NULL,NULL,https://cgwb.gov.in
meghalaya,east khasi hills,mylliem,mylliem,Pamlum,Pamlum Station,25.525,91.80556,2001,8,August,0.2,2025.0,Safe,0.2181741,0.1963567,0.006982,3.56,NULL,NULL,normalized_exact,0.7,valid,August_WL_1994-2025.pdf,GWRA_2025.pdf,NULL,local_pdf,local_pdf,official_web_fallback,pdf_text,pdf_table,NULL,7427,NULL,NULL,https://cgwb.gov.in
meghalaya,east khasi hills,mylliem,mylliem,Shillong Polo,Shillong Polo Station,25.58333,91.88333,2001,8,August,0.1,2025.0,Safe,0.2181741,0.1963567,0.006982,3.56,NULL,NULL,normalized_exact,0.7,valid,August_WL_1994-2025.pdf,GWRA_2025.pdf,NULL,local_pdf,local_pdf,official_web_fallback,pdf_text,pdf_table,NULL,7427,NULL,NULL,https://cgwb.gov.in
meghalaya,east khasi hills,shella bholaganj,shella bholaganj,Cherrapunji,Cherrapunji Station,25.28333,91.71667,2001,8,August,0.0,2025.0,Safe,0.2181741,0.1963567,0.006982,3.56,NULL,NULL,normalized_exact,0.7,valid,August_WL_1994-2025.pdf,GWRA_2025.pdf,NULL,local_pdf,local_pdf,official_web_fallback,pdf_text,pdf_table,NULL,7427,NULL,NULL,https://cgwb.gov.in
meghalaya,west khasi hills,Mairang,Mairang,Mairang,Mairang Station,25.57778,91.64167,2001,8,August,0.5,2025.0,NULL,0.339654,0.3056885,0.0046341,1.52,NULL,NULL,historical_mapping,0.5,valid,August_WL_1994-2025.pdf,GWRA_2025.pdf,NULL,local_pdf,local_pdf,official_web_fallback,pdf_text,pdf_table,NULL,7427,NULL,NULL,https://cgwb.gov.in
meghalaya,north garo hills,bajengdoba,bajengdoba,Bajengdoba,Bajengdoba Station,25.88611,90.5125,2001,8,August,0.8,2025.0,Safe,0.0986029,0.0774368,0.0049870999999999,6.44,NULL,NULL,normalized_exact,0.7,valid,August_WL_1994-2025.pdf,GWRA_2025.pdf,NULL,local_pdf,local_pdf,official_web_fallback,pdf_text,pdf_table,NULL,7427,NULL,NULL,https://cgwb.gov.in
meghalaya,north garo hills,kharkutta,kharkutta,Kharkutta,Kharkutta Station,25.90556,90.89444,2001,8,August,3.1,2025.0,Safe,0.0986029,0.0774368,0.0049870999999999,6.44,NULL,NULL,normalized_exact,0.7,valid,August_WL_1994-2025.pdf,GWRA_2025.pdf,NULL,local_pdf,local_pdf,official_web_fallback,pdf_text,pdf_table,NULL,7427,NULL,NULL,https://cgwb.gov.in
meghalaya,north garo hills,resubelpara,resubelpara,Mendal,Mendal Station,25.82472,90.46583,2001,8,August,1.4,2025.0,Safe,0.0986029,0.0774368,0.0049870999999999,6.44,NULL,NULL,normalized_exact,0.7,valid,August_WL_1994-2025.pdf,GWRA_2025.pdf,NULL,local_pdf,local_pdf,official_web_fallback,pdf_text,pdf_table,NULL,7427,NULL,NULL,https://cgwb.gov.in
meghalaya,north garo hills,resubelpara,resubelpara,Mendipathar,Mendipathar Station,25.92083,90.50833,2001,8,August,2.3,2025.0,Safe,0.0986029,0.0774368,0.0049870999999999,6.44,NULL,NULL,normalized_exact,0.7,valid,August_WL_1994-2025.pdf,GWRA_2025.pdf,NULL,local_pdf,local_pdf,official_web_fallback,pdf_text,pdf_table,NULL,7427,NULL,NULL,https://cgwb.gov.in
meghalaya,ri bhoi,nongpoh,nongpoh,Nongpoh,Nongpoh Station,25.9,91.88333,2001,8,August,1.9,2025.0,Safe,0.0648369999999999,0.0583534,0.0035481,6.08,NULL,NULL,normalized_exact,0.7,valid,August_WL_1994-2025.pdf,GWRA_2025.pdf,NULL,local_pdf,local_pdf,official_web_fallback,pdf_text,pdf_table,NULL,7427,NULL,NULL,https://cgwb.gov.in
meghalaya,ri bhoi,umling,umling,Jorabat,Jorabat Station,25.9,91.88333,2001,8,August,4.6,2025.0,Safe,0.0648369999999999,0.0583534,0.0035481,6.08,NULL,NULL,normalized_exact,0.7,valid,August_WL_1994-2025.pdf,GWRA_2025.pdf,NULL,local_pdf,local_pdf,official_web_fallback,pdf_text,pdf_table,NULL,7427,NULL,NULL,https://cgwb.gov.in
meghalaya,south garo hills,gasuapara,gasuapara,Sibbari,Sibbari Station,25.175,90.525,2001,8,August,1.3,2025.0,Safe,0.2347366,0.2112628,0.0025698,1.22,NULL,NULL,normalized_exact,0.7,valid,August_WL_1994-2025.pdf,GWRA_2025.pdf,NULL,local_pdf,local_pdf,official_web_fallback,pdf_text,pdf_table,NULL,7427,NULL,NULL,https://cgwb.gov.in
meghalaya,south west garo hills,betasing,betasing,Ampati,Ampati Station,25.5,89.95833,2001,8,August,1.3,2025.0,Safe,0.079896,0.0387598,0.0076644,19.77,NULL,NULL,normalized_exact,0.7,valid,August_WL_1994-2025.pdf,GWRA_2025.pdf,NULL,local_pdf,local_pdf,official_web_fallback,pdf_text,pdf_table,NULL,7427,NULL,NULL,https://cgwb.gov.in
meghalaya,south west garo hills,betasing,betasing,Borkona,Borkona Station,25.56556,89.94306,2001,8,August,0.8,2025.0,Safe,0.079896,0.0387598,0.0076644,19.77,NULL,NULL,normalized_exact,0.7,valid,August_WL_1994-2025.pdf,GWRA_2025.pdf,NULL,local_pdf,local_pdf,official_web_fallback,pdf_text,pdf_table,NULL,7427,NULL,NULL,https://cgwb.gov.in
meghalaya,south west garo hills,rerapara,rerapara,Garobandha,Garobandha Station,25.58028,90.02222,2001,8,August,0.8,2025.0,Safe,0.079896,0.0387598,0.0076644,19.77,NULL,NULL,normalized_exact,0.7,valid,August_WL_1994-2025.pdf,GWRA_2025.pdf,NULL,local_pdf,local_pdf,official_web_fallback,pdf_text,pdf_table,NULL,7427,NULL,NULL,https://cgwb.gov.in
meghalaya,south west garo hills,zikzak,zikzak,Mahendraganj,Mahendraganj Station,25.3,89.85972,2001,8,August,0.9,2025.0,Safe,0.079896,0.0387598,0.0076644,19.77,NULL,NULL,normalized_exact,0.7,valid,August_WL_1994-2025.pdf,GWRA_2025.pdf,NULL,local_pdf,local_pdf,official_web_fallback,pdf_text,pdf_table,NULL,7427,NULL,NULL,https://cgwb.gov.in
meghalaya,west garo hills,dalu,dalu,Barengapara,Barengapara Station,25.21667,90.23333,2001,8,August,4.3,2025.0,Safe,0.2912522,0.1904695,0.036739,19.29,NULL,NULL,normalized_exact,0.7,valid,August_WL_1994-2025.pdf,GWRA_2025.pdf,NULL,local_pdf,local_pdf,official_web_fallback,pdf_text,pdf_table,NULL,7427,NULL,NULL,https://cgwb.gov.in
meghalaya,west garo hills,dalu,dalu,Kherapara,Kherapara Station,25.34167,90.225,2001,8,August,1.7,2025.0,Safe,0.2912522,0.1904695,0.036739,19.29,NULL,NULL,normalized_exact,0.7,valid,August_WL_1994-2025.pdf,GWRA_2025.pdf,NULL,local_pdf,local_pdf,official_web_fallback,pdf_text,pdf_table,NULL,7427,NULL,NULL,https://cgwb.gov.in
meghalaya,west garo hills,dalu,dalu,Porakhasia,Porakhasia Station,25.3,90.01667,2001,8,August,2.8,2025.0,Safe,0.2912522,0.1904695,0.036739,19.29,NULL,NULL,normalized_exact,0.7,valid,August_WL_1994-2025.pdf,GWRA_2025.pdf,NULL,local_pdf,local_pdf,official_web_fallback,pdf_text,pdf_table,NULL,7427,NULL,NULL,https://cgwb.gov.in
meghalaya,west garo hills,demdema,demdema,Nidanpur,Nidanpur Station,25.9125,90.12778,2001,8,August,0.4,2025.0,Safe,0.2912522,0.1904695,0.036739,19.29,NULL,NULL,normalized_exact,0.7,valid,August_WL_1994-2025.pdf,GWRA_2025.pdf,NULL,local_pdf,local_pdf,official_web_fallback,pdf_text,pdf_table,NULL,7427,NULL,NULL,https://cgwb.gov.in
meghalaya,west garo hills,rongram,rongram,Asanang,Asanang Station,25.59944,90.27556,2001,8,August,2.5,2025.0,Safe,0.2912522,0.1904695,0.036739,19.29,NULL,NULL,normalized_exact,0.7,valid,August_WL_1994-2025.pdf,GWRA_2025.pdf,NULL,local_pdf,local_pdf,official_web_fallback,pdf_text,pdf_table,NULL,7427,NULL,NULL,https://cgwb.gov.in
meghalaya,west garo hills,salsella,salsella,Phulbari,Phulbari Station,25.88333,90.05,2001,8,August,2.5,2025.0,Safe,0.2912522,0.1904695,0.036739,19.29,NULL,NULL,normalized_exact,0.7,valid,August_WL_1994-2025.pdf,GWRA_2025.pdf,NULL,local_pdf,local_pdf,official_web_fallback,pdf_text,pdf_table,NULL,7427,NULL,NULL,https://cgwb.gov.in
meghalaya,west garo hills,tikrikilla,tikrikilla,Tikrikilla,Tikrikilla Station,25.94583,90.24444,2001,8,August,5.0,2025.0,Safe,0.2912522,0.1904695,0.036739,19.29,NULL,NULL,normalized_exact,0.7,valid,August_WL_1994-2025.pdf,GWRA_2025.pdf,NULL,local_pdf,local_pdf,official_web_fallback,pdf_text,pdf_table,NULL,7427,NULL,NULL,https://cgwb.gov.in
meghalaya,west jaintia hills,amlarem,amlarem,Dauki,Dauki Station,25.2,92.03333,2001,8,August,1.8,2025.0,Safe,0.1116346999999999,0.1004712,0.0061129999999999,6.08,NULL,NULL,normalized_exact,0.7,valid,August_WL_1994-2025.pdf,GWRA_2025.pdf,NULL,local_pdf,local_pdf,official_web_fallback,pdf_text,pdf_table,NULL,7427,NULL,NULL,https://cgwb.gov.in
meghalaya,west jaintia hills,thadlaskein,thadlaskein,Jowai,Jowai Station,25.44167,92.175,2001,8,August,1.3,2025.0,Safe,0.1116346999999999,0.1004712,0.0061129999999999,6.08,NULL,NULL,normalized_exact,0.7,valid,August_WL_1994-2025.pdf,GWRA_2025.pdf,NULL,local_pdf,local_pdf,official_web_fallback,pdf_text,pdf_table,NULL,7427,NULL,NULL,https://cgwb.gov.in
meghalaya,east garo hills,dambo rongjeng,dambo rongjeng,Rongjeng,Rongjeng Station,25.66667,90.80417,2000,8,August,1.9,2025.0,Safe,0.0849275,0.0764346,0.003461,4.53,NULL,NULL,normalized_exact,0.7,valid,August_WL_1994-2025.pdf,GWRA_2025.pdf,NULL,local_pdf,local_pdf,official_web_fallback,pdf_text,pdf_table,NULL,7688,NULL,NULL,https://cgwb.gov.in
meghalaya,east khasi hills,mawsynram,mawsynram,Balat,Balat Station,25.20556,91.4,2000,8,August,2.6,2025.0,Safe,0.2181741,0.1963567,0.006982,3.56,NULL,NULL,normalized_exact,0.7,valid,August_WL_1994-2025.pdf,GWRA_2025.pdf,NULL,local_pdf,local_pdf,official_web_fallback,pdf_text,pdf_table,NULL,7688,NULL,NULL,https://cgwb.gov.in
meghalaya,east khasi hills,mylliem,mylliem,Mawngap,Mawngap Station,25.47639,91.76944,2000,8,August,1.7,2025.0,Safe,0.2181741,0.1963567,0.006982,3.56,NULL,NULL,normalized_exact,0.7,valid,August_WL_1994-2025.pdf,GWRA_2025.pdf,NULL,local_pdf,local_pdf,official_web_fallback,pdf_text,pdf_table,NULL,7688,NULL,NULL,https://cgwb.gov.in
meghalaya,east khasi hills,mylliem,mylliem,Pamlum,Pamlum Station,25.525,91.80556,2000,8,August,0.2,2025.0,Safe,0.2181741,0.1963567,0.006982,3.56,NULL,NULL,normalized_exact,0.7,valid,August_WL_1994-2025.pdf,GWRA_2025.pdf,NULL,local_pdf,local_pdf,official_web_fallback,pdf_text,pdf_table,NULL,7688,NULL,NULL,https://cgwb.gov.in
meghalaya,east khasi hills,mylliem,mylliem,Shillong Polo,Shillong Polo Station,25.58333,91.88333,2000,8,August,0.1,2025.0,Safe,0.2181741,0.1963567,0.006982,3.56,NULL,NULL,normalized_exact,0.7,valid,August_WL_1994-2025.pdf,GWRA_2025.pdf,NULL,local_pdf,local_pdf,official_web_fallback,pdf_text,pdf_table,NULL,7688,NULL,NULL,https://cgwb.gov.in
meghalaya,east khasi hills,shella bholaganj,shella bholaganj,Cherrapunji,Cherrapunji Station,25.28333,91.71667,2000,8,August,0.0,2025.0,Safe,0.2181741,0.1963567,0.006982,3.56,NULL,NULL,normalized_exact,0.7,valid,August_WL_1994-2025.pdf,GWRA_2025.pdf,NULL,local_pdf,local_pdf,official_web_fallback,pdf_text,pdf_table,NULL,7688,NULL,NULL,https://cgwb.gov.in
meghalaya,west khasi hills,Mairang,Mairang,Mairang,Mairang Station,25.57778,91.64167,2000,8,August,0.8,2025.0,NULL,0.339654,0.3056885,0.0046341,1.52,NULL,NULL,historical_mapping,0.5,valid,August_WL_1994-2025.pdf,GWRA_2025.pdf,NULL,local_pdf,local_pdf,official_web_fallback,pdf_text,pdf_table,NULL,7688,NULL,NULL,https://cgwb.gov.in
meghalaya,north garo hills,bajengdoba,bajengdoba,Bajengdoba,Bajengdoba Station,25.88611,90.5125,2000,8,August,1.1,2025.0,Safe,0.0986029,0.0774368,0.0049870999999999,6.44,NULL,NULL,normalized_exact,0.7,valid,August_WL_1994-2025.pdf,GWRA_2025.pdf,NULL,local_pdf,local_pdf,official_web_fallback,pdf_text,pdf_table,NULL,7688,NULL,NULL,https://cgwb.gov.in
meghalaya,north garo hills,kharkutta,kharkutta,Depa Sarangma,Depa Sarangma Station,25.86667,90.78333,2000,8,August,2.4,2025.0,Safe,0.0986029,0.0774368,0.0049870999999999,6.44,NULL,NULL,normalized_exact,0.7,valid,August_WL_1994-2025.pdf,GWRA_2025.pdf,NULL,local_pdf,local_pdf,official_web_fallback,pdf_text,pdf_table,NULL,7688,NULL,NULL,https://cgwb.gov.in
meghalaya,north garo hills,kharkutta,kharkutta,Kharkutta,Kharkutta Station,25.90556,90.89444,2000,8,August,2.4,2025.0,Safe,0.0986029,0.0774368,0.0049870999999999,6.44,NULL,NULL,normalized_exact,0.7,valid,August_WL_1994-2025.pdf,GWRA_2025.pdf,NULL,local_pdf,local_pdf,official_web_fallback,pdf_text,pdf_table,NULL,7688,NULL,NULL,https://cgwb.gov.in
meghalaya,north garo hills,resubelpara,resubelpara,Mendal,Mendal Station,25.82472,90.46583,2000,8,August,2.0,2025.0,Safe,0.0986029,0.0774368,0.0049870999999999,6.44,NULL,NULL,normalized_exact,0.7,valid,August_WL_1994-2025.pdf,GWRA_2025.pdf,NULL,local_pdf,local_pdf,official_web_fallback,pdf_text,pdf_table,NULL,7688,NULL,NULL,https://cgwb.gov.in
meghalaya,north garo hills,resubelpara,resubelpara,Mendipathar,Mendipathar Station,25.92083,90.50833,2000,8,August,2.8,2025.0,Safe,0.0986029,0.0774368,0.0049870999999999,6.44,NULL,NULL,normalized_exact,0.7,valid,August_WL_1994-2025.pdf,GWRA_2025.pdf,NULL,local_pdf,local_pdf,official_web_fallback,pdf_text,pdf_table,NULL,7688,NULL,NULL,https://cgwb.gov.in
meghalaya,ri bhoi,nongpoh,nongpoh,Barapani,Barapani Station,25.64583,91.8875,2000,8,August,1.1,2025.0,Safe,0.0648369999999999,0.0583534,0.0035481,6.08,NULL,NULL,normalized_exact,0.7,valid,August_WL_1994-2025.pdf,GWRA_2025.pdf,NULL,local_pdf,local_pdf,official_web_fallback,pdf_text,pdf_table,NULL,7689,NULL,NULL,https://cgwb.gov.in
meghalaya,ri bhoi,nongpoh,nongpoh,Nongpoh,Nongpoh Station,25.9,91.88333,2000,8,August,1.0,2025.0,Safe,0.0648369999999999,0.0583534,0.0035481,6.08,NULL,NULL,normalized_exact,0.7,valid,August_WL_1994-2025.pdf,GWRA_2025.pdf,NULL,local_pdf,local_pdf,official_web_fallback,pdf_text,pdf_table,NULL,7689,NULL,NULL,https://cgwb.gov.in
meghalaya,ri bhoi,umling,umling,Jorabat,Jorabat Station,25.9,91.88333,2000,8,August,1.1,2025.0,Safe,0.0648369999999999,0.0583534,0.0035481,6.08,NULL,NULL,normalized_exact,0.7,valid,August_WL_1994-2025.pdf,GWRA_2025.pdf,NULL,local_pdf,local_pdf,official_web_fallback,pdf_text,pdf_table,NULL,7689,NULL,NULL,https://cgwb.gov.in
meghalaya,south west garo hills,betasing,betasing,Ampati,Ampati Station,25.5,89.95833,2000,8,August,1.6,2025.0,Safe,0.079896,0.0387598,0.0076644,19.77,NULL,NULL,normalized_exact,0.7,valid,August_WL_1994-2025.pdf,GWRA_2025.pdf,NULL,local_pdf,local_pdf,official_web_fallback,pdf_text,pdf_table,NULL,7689,NULL,NULL,https://cgwb.gov.in
meghalaya,south west garo hills,rerapara,rerapara,Garobandha,Garobandha Station,25.58028,90.02222,2000,8,August,1.4,2025.0,Safe,0.079896,0.0387598,0.0076644,19.77,NULL,NULL,normalized_exact,0.7,valid,August_WL_1994-2025.pdf,GWRA_2025.pdf,NULL,local_pdf,local_pdf,official_web_fallback,pdf_text,pdf_table,NULL,7689,NULL,NULL,https://cgwb.gov.in
meghalaya,south west garo hills,zikzak,zikzak,Mahendraganj,Mahendraganj Station,25.3,89.85972,2000,8,August,1.0,2025.0,Safe,0.079896,0.0387598,0.0076644,19.77,NULL,NULL,normalized_exact,0.7,valid,August_WL_1994-2025.pdf,GWRA_2025.pdf,NULL,local_pdf,local_pdf,official_web_fallback,pdf_text,pdf_table,NULL,7689,NULL,NULL,https://cgwb.gov.in
meghalaya,west garo hills,dalu,dalu,Barengapara,Barengapara Station,25.21667,90.23333,2000,8,August,4.2,2025.0,Safe,0.2912522,0.1904695,0.036739,19.29,NULL,NULL,normalized_exact,0.7,valid,August_WL_1994-2025.pdf,GWRA_2025.pdf,NULL,local_pdf,local_pdf,official_web_fallback,pdf_text,pdf_table,NULL,7689,NULL,NULL,https://cgwb.gov.in
meghalaya,west garo hills,dalu,dalu,Kherapara,Kherapara Station,25.34167,90.225,2000,8,August,0.3,2025.0,Safe,0.2912522,0.1904695,0.036739,19.29,NULL,NULL,normalized_exact,0.7,valid,August_WL_1994-2025.pdf,GWRA_2025.pdf,NULL,local_pdf,local_pdf,official_web_fallback,pdf_text,pdf_table,NULL,7689,NULL,NULL,https://cgwb.gov.in
meghalaya,west garo hills,dalu,dalu,Porakhasia,Porakhasia Station,25.3,90.01667,2000,8,August,3.0,2025.0,Safe,0.2912522,0.1904695,0.036739,19.29,NULL,NULL,normalized_exact,0.7,valid,August_WL_1994-2025.pdf,GWRA_2025.pdf,NULL,local_pdf,local_pdf,official_web_fallback,pdf_text,pdf_table,NULL,7689,NULL,NULL,https://cgwb.gov.in
meghalaya,west garo hills,demdema,demdema,Nidanpur,Nidanpur Station,25.9125,90.12778,2000,8,August,0.6,2025.0,Safe,0.2912522,0.1904695,0.036739,19.29,NULL,NULL,normalized_exact,0.7,valid,August_WL_1994-2025.pdf,GWRA_2025.pdf,NULL,local_pdf,local_pdf,official_web_fallback,pdf_text,pdf_table,NULL,7689,NULL,NULL,https://cgwb.gov.in
meghalaya,west garo hills,salsella,salsella,Phulbari,Phulbari Station,25.88333,90.05,2000,8,August,2.5,2025.0,Safe,0.2912522,0.1904695,0.036739,19.29,NULL,NULL,normalized_exact,0.7,valid,August_WL_1994-2025.pdf,GWRA_2025.pdf,NULL,local_pdf,local_pdf,official_web_fallback,pdf_text,pdf_table,NULL,7689,NULL,NULL,https://cgwb.gov.in
meghalaya,west garo hills,tikrikilla,tikrikilla,Tikrikilla,Tikrikilla Station,25.94583,90.24444,2000,8,August,6.6,2025.0,Safe,0.2912522,0.1904695,0.036739,19.29,NULL,NULL,normalized_exact,0.7,valid,August_WL_1994-2025.pdf,GWRA_2025.pdf,NULL,local_pdf,local_pdf,official_web_fallback,pdf_text,pdf_table,NULL,7689,NULL,NULL,https://cgwb.gov.in
meghalaya,west jaintia hills,amlarem,amlarem,Dauki,Dauki Station,25.2,92.03333,2000,8,August,1.9,2025.0,Safe,0.1116346999999999,0.1004712,0.0061129999999999,6.08,NULL,NULL,normalized_exact,0.7,valid,August_WL_1994-2025.pdf,GWRA_2025.pdf,NULL,local_pdf,local_pdf,official_web_fallback,pdf_text,pdf_table,NULL,7689,NULL,NULL,https://cgwb.gov.in
meghalaya,east garo hills,dambo rongjeng,dambo rongjeng,Darugiri,Darugiri Station,25.61917,90.7675,1999,8,August,1.8,2025.0,Safe,0.0849275,0.0764346,0.003461,4.53,NULL,NULL,normalized_exact,0.7,valid,August_WL_1994-2025.pdf,GWRA_2025.pdf,NULL,local_pdf,local_pdf,official_web_fallback,pdf_text,pdf_table,NULL,7949,NULL,NULL,https://cgwb.gov.in
meghalaya,east garo hills,samanda,samanda,Williamnagar,Williamnagar Station,25.51,90.51944,1999,8,August,2.0,2025.0,Safe,0.0849275,0.0764346,0.003461,4.53,NULL,NULL,normalized_exact,0.7,valid,August_WL_1994-2025.pdf,GWRA_2025.pdf,NULL,local_pdf,local_pdf,official_web_fallback,pdf_text,pdf_table,NULL,7949,NULL,NULL,https://cgwb.gov.in
meghalaya,east khasi hills,mawsynram,mawsynram,Balat,Balat Station,25.20556,91.4,1999,8,August,2.4,2025.0,Safe,0.2181741,0.1963567,0.006982,3.56,NULL,NULL,normalized_exact,0.7,valid,August_WL_1994-2025.pdf,GWRA_2025.pdf,NULL,local_pdf,local_pdf,official_web_fallback,pdf_text,pdf_table,NULL,7949,NULL,NULL,https://cgwb.gov.in
meghalaya,east khasi hills,mylliem,mylliem,Mawngap,Mawngap Station,25.47639,91.76944,1999,8,August,1.7,2025.0,Safe,0.2181741,0.1963567,0.006982,3.56,NULL,NULL,normalized_exact,0.7,valid,August_WL_1994-2025.pdf,GWRA_2025.pdf,NULL,local_pdf,local_pdf,official_web_fallback,pdf_text,pdf_table,NULL,7949,NULL,NULL,https://cgwb.gov.in
meghalaya,east khasi hills,mylliem,mylliem,Pamlum,Pamlum Station,25.525,91.80556,1999,8,August,0.2,2025.0,Safe,0.2181741,0.1963567,0.006982,3.56,NULL,NULL,normalized_exact,0.7,valid,August_WL_1994-2025.pdf,GWRA_2025.pdf,NULL,local_pdf,local_pdf,official_web_fallback,pdf_text,pdf_table,NULL,7949,NULL,NULL,https://cgwb.gov.in
meghalaya,east khasi hills,mylliem,mylliem,Shillong Polo,Shillong Polo Station,25.58333,91.88333,1999,8,August,0.1,2025.0,Safe,0.2181741,0.1963567,0.006982,3.56,NULL,NULL,normalized_exact,0.7,valid,August_WL_1994-2025.pdf,GWRA_2025.pdf,NULL,local_pdf,local_pdf,official_web_fallback,pdf_text,pdf_table,NULL,7949,NULL,NULL,https://cgwb.gov.in
meghalaya,west khasi hills,Mairang,Mairang,Mairang,Mairang Station,25.57778,91.64167,1999,8,August,1.0,2025.0,NULL,0.339654,0.3056885,0.0046341,1.52,NULL,NULL,historical_mapping,0.5,valid,August_WL_1994-2025.pdf,GWRA_2025.pdf,NULL,local_pdf,local_pdf,official_web_fallback,pdf_text,pdf_table,NULL,7949,NULL,NULL,https://cgwb.gov.in
meghalaya,north garo hills,bajengdoba,bajengdoba,Bajengdoba,Bajengdoba Station,25.88611,90.5125,1999,8,August,0.5,2025.0,Safe,0.0986029,0.0774368,0.0049870999999999,6.44,NULL,NULL,normalized_exact,0.7,valid,August_WL_1994-2025.pdf,GWRA_2025.pdf,NULL,local_pdf,local_pdf,official_web_fallback,pdf_text,pdf_table,NULL,7949,NULL,NULL,https://cgwb.gov.in
meghalaya,north garo hills,kharkutta,kharkutta,Kharkutta,Kharkutta Station,25.90556,90.89444,1999,8,August,2.7,2025.0,Safe,0.0986029,0.0774368,0.0049870999999999,6.44,NULL,NULL,normalized_exact,0.7,valid,August_WL_1994-2025.pdf,GWRA_2025.pdf,NULL,local_pdf,local_pdf,official_web_fallback,pdf_text,pdf_table,NULL,7949,NULL,NULL,https://cgwb.gov.in
meghalaya,north garo hills,resubelpara,resubelpara,Mendal,Mendal Station,25.82472,90.46583,1999,8,August,1.9,2025.0,Safe,0.0986029,0.0774368,0.0049870999999999,6.44,NULL,NULL,normalized_exact,0.7,valid,August_WL_1994-2025.pdf,GWRA_2025.pdf,NULL,local_pdf,local_pdf,official_web_fallback,pdf_text,pdf_table,NULL,7949,NULL,NULL,https://cgwb.gov.in
meghalaya,north garo hills,resubelpara,resubelpara,Mendipathar,Mendipathar Station,25.92083,90.50833,1999,8,August,2.3,2025.0,Safe,0.0986029,0.0774368,0.0049870999999999,6.44,NULL,NULL,normalized_exact,0.7,valid,August_WL_1994-2025.pdf,GWRA_2025.pdf,NULL,local_pdf,local_pdf,official_web_fallback,pdf_text,pdf_table,NULL,7949,NULL,NULL,https://cgwb.gov.in
meghalaya,ri bhoi,nongpoh,nongpoh,Barapani,Barapani Station,25.64583,91.8875,1999,8,August,1.1,2025.0,Safe,0.0648369999999999,0.0583534,0.0035481,6.08,NULL,NULL,normalized_exact,0.7,valid,August_WL_1994-2025.pdf,GWRA_2025.pdf,NULL,local_pdf,local_pdf,official_web_fallback,pdf_text,pdf_table,NULL,7949,NULL,NULL,https://cgwb.gov.in
meghalaya,ri bhoi,nongpoh,nongpoh,Nongpoh,Nongpoh Station,25.9,91.88333,1999,8,August,1.0,2025.0,Safe,0.0648369999999999,0.0583534,0.0035481,6.08,NULL,NULL,normalized_exact,0.7,valid,August_WL_1994-2025.pdf,GWRA_2025.pdf,NULL,local_pdf,local_pdf,official_web_fallback,pdf_text,pdf_table,NULL,7949,NULL,NULL,https://cgwb.gov.in
meghalaya,ri bhoi,umling,umling,Jorabat,Jorabat Station,25.9,91.88333,1999,8,August,1.2,2025.0,Safe,0.0648369999999999,0.0583534,0.0035481,6.08,NULL,NULL,normalized_exact,0.7,valid,August_WL_1994-2025.pdf,GWRA_2025.pdf,NULL,local_pdf,local_pdf,official_web_fallback,pdf_text,pdf_table,NULL,7949,NULL,NULL,https://cgwb.gov.in
meghalaya,south west garo hills,betasing,betasing,Ampati,Ampati Station,25.5,89.95833,1999,8,August,0.6,2025.0,Safe,0.079896,0.0387598,0.0076644,19.77,NULL,NULL,normalized_exact,0.7,valid,August_WL_1994-2025.pdf,GWRA_2025.pdf,NULL,local_pdf,local_pdf,official_web_fallback,pdf_text,pdf_table,NULL,7949,NULL,NULL,https://cgwb.gov.in
meghalaya,south west garo hills,rerapara,rerapara,Garobandha,Garobandha Station,25.58028,90.02222,1999,8,August,0.7,2025.0,Safe,0.079896,0.0387598,0.0076644,19.77,NULL,NULL,normalized_exact,0.7,valid,August_WL_1994-2025.pdf,GWRA_2025.pdf,NULL,local_pdf,local_pdf,official_web_fallback,pdf_text,pdf_table,NULL,7949,NULL,NULL,https://cgwb.gov.in
meghalaya,south west garo hills,zikzak,zikzak,Mahendraganj,Mahendraganj Station,25.3,89.85972,1999,8,August,0.5,2025.0,Safe,0.079896,0.0387598,0.0076644,19.77,NULL,NULL,normalized_exact,0.7,valid,August_WL_1994-2025.pdf,GWRA_2025.pdf,NULL,local_pdf,local_pdf,official_web_fallback,pdf_text,pdf_table,NULL,7949,NULL,NULL,https://cgwb.gov.in
meghalaya,west garo hills,dalu,dalu,Barengapara,Barengapara Station,25.21667,90.23333,1999,8,August,3.5,2025.0,Safe,0.2912522,0.1904695,0.036739,19.29,NULL,NULL,normalized_exact,0.7,valid,August_WL_1994-2025.pdf,GWRA_2025.pdf,NULL,local_pdf,local_pdf,official_web_fallback,pdf_text,pdf_table,NULL,7949,NULL,NULL,https://cgwb.gov.in
meghalaya,west garo hills,dalu,dalu,Kherapara,Kherapara Station,25.34167,90.225,1999,8,August,0.8,2025.0,Safe,0.2912522,0.1904695,0.036739,19.29,NULL,NULL,normalized_exact,0.7,valid,August_WL_1994-2025.pdf,GWRA_2025.pdf,NULL,local_pdf,local_pdf,official_web_fallback,pdf_text,pdf_table,NULL,7949,NULL,NULL,https://cgwb.gov.in
meghalaya,west garo hills,demdema,demdema,Nidanpur,Nidanpur Station,25.9125,90.12778,1999,8,August,0.1,2025.0,Safe,0.2912522,0.1904695,0.036739,19.29,NULL,NULL,normalized_exact,0.7,valid,August_WL_1994-2025.pdf,GWRA_2025.pdf,NULL,local_pdf,local_pdf,official_web_fallback,pdf_text,pdf_table,NULL,7949,NULL,NULL,https://cgwb.gov.in
meghalaya,west garo hills,salsella,salsella,Phulbari,Phulbari Station,25.88333,90.05,1999,8,August,2.3,2025.0,Safe,0.2912522,0.1904695,0.036739,19.29,NULL,NULL,normalized_exact,0.7,valid,August_WL_1994-2025.pdf,GWRA_2025.pdf,NULL,local_pdf,local_pdf,official_web_fallback,pdf_text,pdf_table,NULL,7949,NULL,NULL,https://cgwb.gov.in
meghalaya,west garo hills,tikrikilla,tikrikilla,Tikrikilla,Tikrikilla Station,25.94583,90.24444,1999,8,August,5.9,2025.0,Safe,0.2912522,0.1904695,0.036739,19.29,NULL,NULL,normalized_exact,0.7,valid,August_WL_1994-2025.pdf,GWRA_2025.pdf,NULL,local_pdf,local_pdf,official_web_fallback,pdf_text,pdf_table,NULL,7949,NULL,NULL,https://cgwb.gov.in
meghalaya,east khasi hills,mawsynram,mawsynram,Balat,Balat Station,25.20556,91.4,1998,8,August,2.2,2025.0,Safe,0.2181741,0.1963567,0.006982,3.56,NULL,NULL,normalized_exact,0.7,valid,August_WL_1994-2025.pdf,GWRA_2025.pdf,NULL,local_pdf,local_pdf,official_web_fallback,pdf_text,pdf_table,NULL,8209,NULL,NULL,https://cgwb.gov.in
meghalaya,east khasi hills,mylliem,mylliem,Mawngap,Mawngap Station,25.47639,91.76944,1998,8,August,1.7,2025.0,Safe,0.2181741,0.1963567,0.006982,3.56,NULL,NULL,normalized_exact,0.7,valid,August_WL_1994-2025.pdf,GWRA_2025.pdf,NULL,local_pdf,local_pdf,official_web_fallback,pdf_text,pdf_table,NULL,8209,NULL,NULL,https://cgwb.gov.in
meghalaya,east khasi hills,mylliem,mylliem,Pamlum,Pamlum Station,25.525,91.80556,1998,8,August,0.2,2025.0,Safe,0.2181741,0.1963567,0.006982,3.56,NULL,NULL,normalized_exact,0.7,valid,August_WL_1994-2025.pdf,GWRA_2025.pdf,NULL,local_pdf,local_pdf,official_web_fallback,pdf_text,pdf_table,NULL,8209,NULL,NULL,https://cgwb.gov.in
meghalaya,east khasi hills,mylliem,mylliem,Shillong Polo,Shillong Polo Station,25.58333,91.88333,1998,8,August,0.1,2025.0,Safe,0.2181741,0.1963567,0.006982,3.56,NULL,NULL,normalized_exact,0.7,valid,August_WL_1994-2025.pdf,GWRA_2025.pdf,NULL,local_pdf,local_pdf,official_web_fallback,pdf_text,pdf_table,NULL,8209,NULL,NULL,https://cgwb.gov.in
meghalaya,west khasi hills,Mairang,Mairang,Mairang,Mairang Station,25.57778,91.64167,1998,8,August,0.6,2025.0,NULL,0.339654,0.3056885,0.0046341,1.52,NULL,NULL,historical_mapping,0.5,valid,August_WL_1994-2025.pdf,GWRA_2025.pdf,NULL,local_pdf,local_pdf,official_web_fallback,pdf_text,pdf_table,NULL,8209,NULL,NULL,https://cgwb.gov.in
meghalaya,north garo hills,bajengdoba,bajengdoba,Bajengdoba,Bajengdoba Station,25.88611,90.5125,1998,8,August,1.0,2025.0,Safe,0.0986029,0.0774368,0.0049870999999999,6.44,NULL,NULL,normalized_exact,0.7,valid,August_WL_1994-2025.pdf,GWRA_2025.pdf,NULL,local_pdf,local_pdf,official_web_fallback,pdf_text,pdf_table,NULL,8209,NULL,NULL,https://cgwb.gov.in
meghalaya,north garo hills,kharkutta,kharkutta,Depa Sarangma,Depa Sarangma Station,25.86667,90.78333,1998,8,August,1.1,2025.0,Safe,0.0986029,0.0774368,0.0049870999999999,6.44,NULL,NULL,normalized_exact,0.7,valid,August_WL_1994-2025.pdf,GWRA_2025.pdf,NULL,local_pdf,local_pdf,official_web_fallback,pdf_text,pdf_table,NULL,8209,NULL,NULL,https://cgwb.gov.in
meghalaya,north garo hills,kharkutta,kharkutta,Kharkutta,Kharkutta Station,25.90556,90.89444,1998,8,August,1.7,2025.0,Safe,0.0986029,0.0774368,0.0049870999999999,6.44,NULL,NULL,normalized_exact,0.7,valid,August_WL_1994-2025.pdf,GWRA_2025.pdf,NULL,local_pdf,local_pdf,official_web_fallback,pdf_text,pdf_table,NULL,8209,NULL,NULL,https://cgwb.gov.in
meghalaya,north garo hills,resubelpara,resubelpara,Mendal,Mendal Station,25.82472,90.46583,1998,8,August,1.4,2025.0,Safe,0.0986029,0.0774368,0.0049870999999999,6.44,NULL,NULL,normalized_exact,0.7,valid,August_WL_1994-2025.pdf,GWRA_2025.pdf,NULL,local_pdf,local_pdf,official_web_fallback,pdf_text,pdf_table,NULL,8209,NULL,NULL,https://cgwb.gov.in
meghalaya,north garo hills,resubelpara,resubelpara,Mendipathar,Mendipathar Station,25.92083,90.50833,1998,8,August,2.6,2025.0,Safe,0.0986029,0.0774368,0.0049870999999999,6.44,NULL,NULL,normalized_exact,0.7,valid,August_WL_1994-2025.pdf,GWRA_2025.pdf,NULL,local_pdf,local_pdf,official_web_fallback,pdf_text,pdf_table,NULL,8209,NULL,NULL,https://cgwb.gov.in
meghalaya,ri bhoi,nongpoh,nongpoh,Barapani,Barapani Station,25.64583,91.8875,1998,8,August,1.0,2025.0,Safe,0.0648369999999999,0.0583534,0.0035481,6.08,NULL,NULL,normalized_exact,0.7,valid,August_WL_1994-2025.pdf,GWRA_2025.pdf,NULL,local_pdf,local_pdf,official_web_fallback,pdf_text,pdf_table,NULL,8209,NULL,NULL,https://cgwb.gov.in
meghalaya,ri bhoi,nongpoh,nongpoh,Nongpoh,Nongpoh Station,25.9,91.88333,1998,8,August,1.1,2025.0,Safe,0.0648369999999999,0.0583534,0.0035481,6.08,NULL,NULL,normalized_exact,0.7,valid,August_WL_1994-2025.pdf,GWRA_2025.pdf,NULL,local_pdf,local_pdf,official_web_fallback,pdf_text,pdf_table,NULL,8209,NULL,NULL,https://cgwb.gov.in
meghalaya,south west garo hills,betasing,betasing,Ampati,Ampati Station,25.5,89.95833,1998,8,August,2.6,2025.0,Safe,0.079896,0.0387598,0.0076644,19.77,NULL,NULL,normalized_exact,0.7,valid,August_WL_1994-2025.pdf,GWRA_2025.pdf,NULL,local_pdf,local_pdf,official_web_fallback,pdf_text,pdf_table,NULL,8210,NULL,NULL,https://cgwb.gov.in
meghalaya,south west garo hills,rerapara,rerapara,Garobandha,Garobandha Station,25.58028,90.02222,1998,8,August,1.4,2025.0,Safe,0.079896,0.0387598,0.0076644,19.77,NULL,NULL,normalized_exact,0.7,valid,August_WL_1994-2025.pdf,GWRA_2025.pdf,NULL,local_pdf,local_pdf,official_web_fallback,pdf_text,pdf_table,NULL,8210,NULL,NULL,https://cgwb.gov.in
meghalaya,south west garo hills,zikzak,zikzak,Mahendraganj,Mahendraganj Station,25.3,89.85972,1998,8,August,0.8,2025.0,Safe,0.079896,0.0387598,0.0076644,19.77,NULL,NULL,normalized_exact,0.7,valid,August_WL_1994-2025.pdf,GWRA_2025.pdf,NULL,local_pdf,local_pdf,official_web_fallback,pdf_text,pdf_table,NULL,8210,NULL,NULL,https://cgwb.gov.in
meghalaya,west garo hills,dalu,dalu,Barengapara,Barengapara Station,25.21667,90.23333,1998,8,August,4.0,2025.0,Safe,0.2912522,0.1904695,0.036739,19.29,NULL,NULL,normalized_exact,0.7,valid,August_WL_1994-2025.pdf,GWRA_2025.pdf,NULL,local_pdf,local_pdf,official_web_fallback,pdf_text,pdf_table,NULL,8210,NULL,NULL,https://cgwb.gov.in
meghalaya,west garo hills,dalu,dalu,Kherapara,Kherapara Station,25.34167,90.225,1998,8,August,2.1,2025.0,Safe,0.2912522,0.1904695,0.036739,19.29,NULL,NULL,normalized_exact,0.7,valid,August_WL_1994-2025.pdf,GWRA_2025.pdf,NULL,local_pdf,local_pdf,official_web_fallback,pdf_text,pdf_table,NULL,8210,NULL,NULL,https://cgwb.gov.in
meghalaya,west garo hills,demdema,demdema,Nidanpur,Nidanpur Station,25.9125,90.12778,1998,8,August,0.9,2025.0,Safe,0.2912522,0.1904695,0.036739,19.29,NULL,NULL,normalized_exact,0.7,valid,August_WL_1994-2025.pdf,GWRA_2025.pdf,NULL,local_pdf,local_pdf,official_web_fallback,pdf_text,pdf_table,NULL,8210,NULL,NULL,https://cgwb.gov.in
meghalaya,west garo hills,salsella,salsella,Phulbari,Phulbari Station,25.88333,90.05,1998,8,August,1.6,2025.0,Safe,0.2912522,0.1904695,0.036739,19.29,NULL,NULL,normalized_exact,0.7,valid,August_WL_1994-2025.pdf,GWRA_2025.pdf,NULL,local_pdf,local_pdf,official_web_fallback,pdf_text,pdf_table,NULL,8210,NULL,NULL,https://cgwb.gov.in
meghalaya,west garo hills,tikrikilla,tikrikilla,Tikrikilla,Tikrikilla Station,25.94583,90.24444,1998,8,August,6.6,2025.0,Safe,0.2912522,0.1904695,0.036739,19.29,NULL,NULL,normalized_exact,0.7,valid,August_WL_1994-2025.pdf,GWRA_2025.pdf,NULL,local_pdf,local_pdf,official_web_fallback,pdf_text,pdf_table,NULL,8210,NULL,NULL,https://cgwb.gov.in
meghalaya,east garo hills,dambo rongjeng,dambo rongjeng,Darugiri,Darugiri Station,25.61917,90.7675,1997,8,August,0.9,2025.0,Safe,0.0849275,0.0764346,0.003461,4.53,NULL,NULL,normalized_exact,0.7,valid,August_WL_1994-2025.pdf,GWRA_2025.pdf,NULL,local_pdf,local_pdf,official_web_fallback,pdf_text,pdf_table,NULL,8464,NULL,NULL,https://cgwb.gov.in
meghalaya,east garo hills,dambo rongjeng,dambo rongjeng,Rongjeng,Rongjeng Station,25.66667,90.80417,1997,8,August,1.1,2025.0,Safe,0.0849275,0.0764346,0.003461,4.53,NULL,NULL,normalized_exact,0.7,valid,August_WL_1994-2025.pdf,GWRA_2025.pdf,NULL,local_pdf,local_pdf,official_web_fallback,pdf_text,pdf_table,NULL,8464,NULL,NULL,https://cgwb.gov.in
meghalaya,east khasi hills,mawsynram,mawsynram,Balat,Balat Station,25.20556,91.4,1997,8,August,2.5,2025.0,Safe,0.2181741,0.1963567,0.006982,3.56,NULL,NULL,normalized_exact,0.7,valid,August_WL_1994-2025.pdf,GWRA_2025.pdf,NULL,local_pdf,local_pdf,official_web_fallback,pdf_text,pdf_table,NULL,8464,NULL,NULL,https://cgwb.gov.in
meghalaya,east khasi hills,mylliem,mylliem,Mawngap,Mawngap Station,25.47639,91.76944,1997,8,August,0.9,2025.0,Safe,0.2181741,0.1963567,0.006982,3.56,NULL,NULL,normalized_exact,0.7,valid,August_WL_1994-2025.pdf,GWRA_2025.pdf,NULL,local_pdf,local_pdf,official_web_fallback,pdf_text,pdf_table,NULL,8464,NULL,NULL,https://cgwb.gov.in
meghalaya,east khasi hills,mylliem,mylliem,Pamlum,Pamlum Station,25.525,91.80556,1997,8,August,0.3,2025.0,Safe,0.2181741,0.1963567,0.006982,3.56,NULL,NULL,normalized_exact,0.7,valid,August_WL_1994-2025.pdf,GWRA_2025.pdf,NULL,local_pdf,local_pdf,official_web_fallback,pdf_text,pdf_table,NULL,8464,NULL,NULL,https://cgwb.gov.in
meghalaya,east khasi hills,mylliem,mylliem,Shillong Polo,Shillong Polo Station,25.58333,91.88333,1997,8,August,1.0,2025.0,Safe,0.2181741,0.1963567,0.006982,3.56,NULL,NULL,normalized_exact,0.7,valid,August_WL_1994-2025.pdf,GWRA_2025.pdf,NULL,local_pdf,local_pdf,official_web_fallback,pdf_text,pdf_table,NULL,8464,NULL,NULL,https://cgwb.gov.in
meghalaya,west khasi hills,Mairang,Mairang,Mairang,Mairang Station,25.57778,91.64167,1997,8,August,1.2,2025.0,NULL,0.339654,0.3056885,0.0046341,1.52,NULL,NULL,historical_mapping,0.5,valid,August_WL_1994-2025.pdf,GWRA_2025.pdf,NULL,local_pdf,local_pdf,official_web_fallback,pdf_text,pdf_table,NULL,8464,NULL,NULL,https://cgwb.gov.in
meghalaya,north garo hills,bajengdoba,bajengdoba,Bajengdoba,Bajengdoba Station,25.88611,90.5125,1997,8,August,1.9,2025.0,Safe,0.0986029,0.0774368,0.0049870999999999,6.44,NULL,NULL,normalized_exact,0.7,valid,August_WL_1994-2025.pdf,GWRA_2025.pdf,NULL,local_pdf,local_pdf,official_web_fallback,pdf_text,pdf_table,NULL,8464,NULL,NULL,https://cgwb.gov.in
meghalaya,north garo hills,kharkutta,kharkutta,Kharkutta,Kharkutta Station,25.90556,90.89444,1997,8,August,2.7,2025.0,Safe,0.0986029,0.0774368,0.0049870999999999,6.44,NULL,NULL,normalized_exact,0.7,valid,August_WL_1994-2025.pdf,GWRA_2025.pdf,NULL,local_pdf,local_pdf,official_web_fallback,pdf_text,pdf_table,NULL,8464,NULL,NULL,https://cgwb.gov.in
meghalaya,north garo hills,resubelpara,resubelpara,Mendal,Mendal Station,25.82472,90.46583,1997,8,August,1.7,2025.0,Safe,0.0986029,0.0774368,0.0049870999999999,6.44,NULL,NULL,normalized_exact,0.7,valid,August_WL_1994-2025.pdf,GWRA_2025.pdf,NULL,local_pdf,local_pdf,official_web_fallback,pdf_text,pdf_table,NULL,8464,NULL,NULL,https://cgwb.gov.in
meghalaya,north garo hills,resubelpara,resubelpara,Mendipathar,Mendipathar Station,25.92083,90.50833,1997,8,August,2.3,2025.0,Safe,0.0986029,0.0774368,0.0049870999999999,6.44,NULL,NULL,normalized_exact,0.7,valid,August_WL_1994-2025.pdf,GWRA_2025.pdf,NULL,local_pdf,local_pdf,official_web_fallback,pdf_text,pdf_table,NULL,8464,NULL,NULL,https://cgwb.gov.in
meghalaya,ri bhoi,nongpoh,nongpoh,Barapani,Barapani Station,25.64583,91.8875,1997,8,August,1.2,2025.0,Safe,0.0648369999999999,0.0583534,0.0035481,6.08,NULL,NULL,normalized_exact,0.7,valid,August_WL_1994-2025.pdf,GWRA_2025.pdf,NULL,local_pdf,local_pdf,official_web_fallback,pdf_text,pdf_table,NULL,8464,NULL,NULL,https://cgwb.gov.in
meghalaya,ri bhoi,nongpoh,nongpoh,Nongpoh,Nongpoh Station,25.9,91.88333,1997,8,August,2.7,2025.0,Safe,0.0648369999999999,0.0583534,0.0035481,6.08,NULL,NULL,normalized_exact,0.7,valid,August_WL_1994-2025.pdf,GWRA_2025.pdf,NULL,local_pdf,local_pdf,official_web_fallback,pdf_text,pdf_table,NULL,8464,NULL,NULL,https://cgwb.gov.in
meghalaya,south garo hills,gasuapara,gasuapara,Sibbari,Sibbari Station,25.175,90.525,1997,8,August,2.0,2025.0,Safe,0.2347366,0.2112628,0.0025698,1.22,NULL,NULL,normalized_exact,0.7,valid,August_WL_1994-2025.pdf,GWRA_2025.pdf,NULL,local_pdf,local_pdf,official_web_fallback,pdf_text,pdf_table,NULL,8464,NULL,NULL,https://cgwb.gov.in
meghalaya,south west garo hills,betasing,betasing,Ampati,Ampati Station,25.5,89.95833,1997,8,August,1.7,2025.0,Safe,0.079896,0.0387598,0.0076644,19.77,NULL,NULL,normalized_exact,0.7,valid,August_WL_1994-2025.pdf,GWRA_2025.pdf,NULL,local_pdf,local_pdf,official_web_fallback,pdf_text,pdf_table,NULL,8464,NULL,NULL,https://cgwb.gov.in
meghalaya,south west garo hills,rerapara,rerapara,Garobandha,Garobandha Station,25.58028,90.02222,1997,8,August,2.5,2025.0,Safe,0.079896,0.0387598,0.0076644,19.77,NULL,NULL,normalized_exact,0.7,valid,August_WL_1994-2025.pdf,GWRA_2025.pdf,NULL,local_pdf,local_pdf,official_web_fallback,pdf_text,pdf_table,NULL,8464,NULL,NULL,https://cgwb.gov.in
meghalaya,south west garo hills,zikzak,zikzak,Mahendraganj,Mahendraganj Station,25.3,89.85972,1997,8,August,1.8,2025.0,Safe,0.079896,0.0387598,0.0076644,19.77,NULL,NULL,normalized_exact,0.7,valid,August_WL_1994-2025.pdf,GWRA_2025.pdf,NULL,local_pdf,local_pdf,official_web_fallback,pdf_text,pdf_table,NULL,8464,NULL,NULL,https://cgwb.gov.in
meghalaya,west garo hills,dalu,dalu,Barengapara,Barengapara Station,25.21667,90.23333,1997,8,August,3.7,2025.0,Safe,0.2912522,0.1904695,0.036739,19.29,NULL,NULL,normalized_exact,0.7,valid,August_WL_1994-2025.pdf,GWRA_2025.pdf,NULL,local_pdf,local_pdf,official_web_fallback,pdf_text,pdf_table,NULL,8464,NULL,NULL,https://cgwb.gov.in
meghalaya,west garo hills,dalu,dalu,Kherapara,Kherapara Station,25.34167,90.225,1997,8,August,1.7,2025.0,Safe,0.2912522,0.1904695,0.036739,19.29,NULL,NULL,normalized_exact,0.7,valid,August_WL_1994-2025.pdf,GWRA_2025.pdf,NULL,local_pdf,local_pdf,official_web_fallback,pdf_text,pdf_table,NULL,8464,NULL,NULL,https://cgwb.gov.in
meghalaya,west garo hills,dalu,dalu,Porakhasia,Porakhasia Station,25.3,90.01667,1997,8,August,3.0,2025.0,Safe,0.2912522,0.1904695,0.036739,19.29,NULL,NULL,normalized_exact,0.7,valid,August_WL_1994-2025.pdf,GWRA_2025.pdf,NULL,local_pdf,local_pdf,official_web_fallback,pdf_text,pdf_table,NULL,8464,NULL,NULL,https://cgwb.gov.in
meghalaya,west garo hills,demdema,demdema,Nidanpur,Nidanpur Station,25.9125,90.12778,1997,8,August,0.5,2025.0,Safe,0.2912522,0.1904695,0.036739,19.29,NULL,NULL,normalized_exact,0.7,valid,August_WL_1994-2025.pdf,GWRA_2025.pdf,NULL,local_pdf,local_pdf,official_web_fallback,pdf_text,pdf_table,NULL,8464,NULL,NULL,https://cgwb.gov.in
meghalaya,west garo hills,salsella,salsella,Phulbari,Phulbari Station,25.88333,90.05,1997,8,August,2.3,2025.0,Safe,0.2912522,0.1904695,0.036739,19.29,NULL,NULL,normalized_exact,0.7,valid,August_WL_1994-2025.pdf,GWRA_2025.pdf,NULL,local_pdf,local_pdf,official_web_fallback,pdf_text,pdf_table,NULL,8464,NULL,NULL,https://cgwb.gov.in
meghalaya,west garo hills,tikrikilla,tikrikilla,Tikrikilla,Tikrikilla Station,25.94583,90.24444,1997,8,August,6.7,2025.0,Safe,0.2912522,0.1904695,0.036739,19.29,NULL,NULL,normalized_exact,0.7,valid,August_WL_1994-2025.pdf,GWRA_2025.pdf,NULL,local_pdf,local_pdf,official_web_fallback,pdf_text,pdf_table,NULL,8464,NULL,NULL,https://cgwb.gov.in
meghalaya,east garo hills,dambo rongjeng,dambo rongjeng,Darugiri,Darugiri Station,25.61917,90.7675,1996,8,August,2.7,2025.0,Safe,0.0849275,0.0764346,0.003461,4.53,NULL,NULL,normalized_exact,0.7,valid,August_WL_1994-2025.pdf,GWRA_2025.pdf,NULL,local_pdf,local_pdf,official_web_fallback,pdf_text,pdf_table,NULL,8727,NULL,NULL,https://cgwb.gov.in
meghalaya,east garo hills,dambo rongjeng,dambo rongjeng,Rongjeng,Rongjeng Station,25.66667,90.80417,1996,8,August,2.1,2025.0,Safe,0.0849275,0.0764346,0.003461,4.53,NULL,NULL,normalized_exact,0.7,valid,August_WL_1994-2025.pdf,GWRA_2025.pdf,NULL,local_pdf,local_pdf,official_web_fallback,pdf_text,pdf_table,NULL,8727,NULL,NULL,https://cgwb.gov.in
meghalaya,east khasi hills,mawsynram,mawsynram,Balat,Balat Station,25.20556,91.4,1996,8,August,1.5,2025.0,Safe,0.2181741,0.1963567,0.006982,3.56,NULL,NULL,normalized_exact,0.7,valid,August_WL_1994-2025.pdf,GWRA_2025.pdf,NULL,local_pdf,local_pdf,official_web_fallback,pdf_text,pdf_table,NULL,8728,NULL,NULL,https://cgwb.gov.in
meghalaya,east khasi hills,mylliem,mylliem,Mawngap,Mawngap Station,25.47639,91.76944,1996,8,August,1.8,2025.0,Safe,0.2181741,0.1963567,0.006982,3.56,NULL,NULL,normalized_exact,0.7,valid,August_WL_1994-2025.pdf,GWRA_2025.pdf,NULL,local_pdf,local_pdf,official_web_fallback,pdf_text,pdf_table,NULL,8728,NULL,NULL,https://cgwb.gov.in
meghalaya,east khasi hills,mylliem,mylliem,Pamlum,Pamlum Station,25.525,91.80556,1996,8,August,0.3,2025.0,Safe,0.2181741,0.1963567,0.006982,3.56,NULL,NULL,normalized_exact,0.7,valid,August_WL_1994-2025.pdf,GWRA_2025.pdf,NULL,local_pdf,local_pdf,official_web_fallback,pdf_text,pdf_table,NULL,8728,NULL,NULL,https://cgwb.gov.in
meghalaya,east khasi hills,mylliem,mylliem,Shillong Polo,Shillong Polo Station,25.58333,91.88333,1996,8,August,1.4,2025.0,Safe,0.2181741,0.1963567,0.006982,3.56,NULL,NULL,normalized_exact,0.7,valid,August_WL_1994-2025.pdf,GWRA_2025.pdf,NULL,local_pdf,local_pdf,official_web_fallback,pdf_text,pdf_table,NULL,8728,NULL,NULL,https://cgwb.gov.in
meghalaya,east khasi hills,shella bholaganj,shella bholaganj,Cherrapunji,Cherrapunji Station,25.28333,91.71667,1996,8,August,0.2,2025.0,Safe,0.2181741,0.1963567,0.006982,3.56,NULL,NULL,normalized_exact,0.7,valid,August_WL_1994-2025.pdf,GWRA_2025.pdf,NULL,local_pdf,local_pdf,official_web_fallback,pdf_text,pdf_table,NULL,8728,NULL,NULL,https://cgwb.gov.in
meghalaya,west khasi hills,Mairang,Mairang,Mairang,Mairang Station,25.57778,91.64167,1996,8,August,1.1,2025.0,NULL,0.339654,0.3056885,0.0046341,1.52,NULL,NULL,historical_mapping,0.5,valid,August_WL_1994-2025.pdf,GWRA_2025.pdf,NULL,local_pdf,local_pdf,official_web_fallback,pdf_text,pdf_table,NULL,8728,NULL,NULL,https://cgwb.gov.in
meghalaya,north garo hills,bajengdoba,bajengdoba,Bajengdoba,Bajengdoba Station,25.88611,90.5125,1996,8,August,1.0,2025.0,Safe,0.0986029,0.0774368,0.0049870999999999,6.44,NULL,NULL,normalized_exact,0.7,valid,August_WL_1994-2025.pdf,GWRA_2025.pdf,NULL,local_pdf,local_pdf,official_web_fallback,pdf_text,pdf_table,NULL,8728,NULL,NULL,https://cgwb.gov.in
meghalaya,north garo hills,kharkutta,kharkutta,Depa Sarangma,Depa Sarangma Station,25.86667,90.78333,1996,8,August,2.9,2025.0,Safe,0.0986029,0.0774368,0.0049870999999999,6.44,NULL,NULL,normalized_exact,0.7,valid,August_WL_1994-2025.pdf,GWRA_2025.pdf,NULL,local_pdf,local_pdf,official_web_fallback,pdf_text,pdf_table,NULL,8728,NULL,NULL,https://cgwb.gov.in
meghalaya,north garo hills,kharkutta,kharkutta,Kharkutta,Kharkutta Station,25.90556,90.89444,1996,8,August,2.6,2025.0,Safe,0.0986029,0.0774368,0.0049870999999999,6.44,NULL,NULL,normalized_exact,0.7,valid,August_WL_1994-2025.pdf,GWRA_2025.pdf,NULL,local_pdf,local_pdf,official_web_fallback,pdf_text,pdf_table,NULL,8728,NULL,NULL,https://cgwb.gov.in
meghalaya,north garo hills,resubelpara,resubelpara,Mendal,Mendal Station,25.82472,90.46583,1996,8,August,1.9,2025.0,Safe,0.0986029,0.0774368,0.0049870999999999,6.44,NULL,NULL,normalized_exact,0.7,valid,August_WL_1994-2025.pdf,GWRA_2025.pdf,NULL,local_pdf,local_pdf,official_web_fallback,pdf_text,pdf_table,NULL,8728,NULL,NULL,https://cgwb.gov.in
meghalaya,north garo hills,resubelpara,resubelpara,Mendipathar,Mendipathar Station,25.92083,90.50833,1996,8,August,2.6,2025.0,Safe,0.0986029,0.0774368,0.0049870999999999,6.44,NULL,NULL,normalized_exact,0.7,valid,August_WL_1994-2025.pdf,GWRA_2025.pdf,NULL,local_pdf,local_pdf,official_web_fallback,pdf_text,pdf_table,NULL,8728,NULL,NULL,https://cgwb.gov.in
meghalaya,ri bhoi,nongpoh,nongpoh,Barapani,Barapani Station,25.64583,91.8875,1996,8,August,1.2,2025.0,Safe,0.0648369999999999,0.0583534,0.0035481,6.08,NULL,NULL,normalized_exact,0.7,valid,August_WL_1994-2025.pdf,GWRA_2025.pdf,NULL,local_pdf,local_pdf,official_web_fallback,pdf_text,pdf_table,NULL,8728,NULL,NULL,https://cgwb.gov.in
meghalaya,ri bhoi,nongpoh,nongpoh,Nongpoh,Nongpoh Station,25.9,91.88333,1996,8,August,4.9,2025.0,Safe,0.0648369999999999,0.0583534,0.0035481,6.08,NULL,NULL,normalized_exact,0.7,valid,August_WL_1994-2025.pdf,GWRA_2025.pdf,NULL,local_pdf,local_pdf,official_web_fallback,pdf_text,pdf_table,NULL,8728,NULL,NULL,https://cgwb.gov.in
meghalaya,ri bhoi,umling,umling,Jorabat,Jorabat Station,25.9,91.88333,1996,8,August,2.0,2025.0,Safe,0.0648369999999999,0.0583534,0.0035481,6.08,NULL,NULL,normalized_exact,0.7,valid,August_WL_1994-2025.pdf,GWRA_2025.pdf,NULL,local_pdf,local_pdf,official_web_fallback,pdf_text,pdf_table,NULL,8728,NULL,NULL,https://cgwb.gov.in
meghalaya,south west garo hills,betasing,betasing,Ampati,Ampati Station,25.5,89.95833,1996,8,August,2.9,2025.0,Safe,0.079896,0.0387598,0.0076644,19.77,NULL,NULL,normalized_exact,0.7,valid,August_WL_1994-2025.pdf,GWRA_2025.pdf,NULL,local_pdf,local_pdf,official_web_fallback,pdf_text,pdf_table,NULL,8728,NULL,NULL,https://cgwb.gov.in
meghalaya,south west garo hills,rerapara,rerapara,Garobandha,Garobandha Station,25.58028,90.02222,1996,8,August,1.9,2025.0,Safe,0.079896,0.0387598,0.0076644,19.77,NULL,NULL,normalized_exact,0.7,valid,August_WL_1994-2025.pdf,GWRA_2025.pdf,NULL,local_pdf,local_pdf,official_web_fallback,pdf_text,pdf_table,NULL,8728,NULL,NULL,https://cgwb.gov.in
meghalaya,south west garo hills,zikzak,zikzak,Mahendraganj,Mahendraganj Station,25.3,89.85972,1996,8,August,1.1,2025.0,Safe,0.079896,0.0387598,0.0076644,19.77,NULL,NULL,normalized_exact,0.7,valid,August_WL_1994-2025.pdf,GWRA_2025.pdf,NULL,local_pdf,local_pdf,official_web_fallback,pdf_text,pdf_table,NULL,8728,NULL,NULL,https://cgwb.gov.in
meghalaya,west garo hills,dalu,dalu,Barengapara,Barengapara Station,25.21667,90.23333,1996,8,August,3.9,2025.0,Safe,0.2912522,0.1904695,0.036739,19.29,NULL,NULL,normalized_exact,0.7,valid,August_WL_1994-2025.pdf,GWRA_2025.pdf,NULL,local_pdf,local_pdf,official_web_fallback,pdf_text,pdf_table,NULL,8728,NULL,NULL,https://cgwb.gov.in
meghalaya,west garo hills,dalu,dalu,Kherapara,Kherapara Station,25.34167,90.225,1996,8,August,1.5,2025.0,Safe,0.2912522,0.1904695,0.036739,19.29,NULL,NULL,normalized_exact,0.7,valid,August_WL_1994-2025.pdf,GWRA_2025.pdf,NULL,local_pdf,local_pdf,official_web_fallback,pdf_text,pdf_table,NULL,8728,NULL,NULL,https://cgwb.gov.in
meghalaya,west garo hills,demdema,demdema,Nidanpur,Nidanpur Station,25.9125,90.12778,1996,8,August,0.6,2025.0,Safe,0.2912522,0.1904695,0.036739,19.29,NULL,NULL,normalized_exact,0.7,valid,August_WL_1994-2025.pdf,GWRA_2025.pdf,NULL,local_pdf,local_pdf,official_web_fallback,pdf_text,pdf_table,NULL,8728,NULL,NULL,https://cgwb.gov.in
meghalaya,west garo hills,salsella,salsella,Phulbari,Phulbari Station,25.88333,90.05,1996,8,August,2.5,2025.0,Safe,0.2912522,0.1904695,0.036739,19.29,NULL,NULL,normalized_exact,0.7,valid,August_WL_1994-2025.pdf,GWRA_2025.pdf,NULL,local_pdf,local_pdf,official_web_fallback,pdf_text,pdf_table,NULL,8728,NULL,NULL,https://cgwb.gov.in
meghalaya,west garo hills,tikrikilla,tikrikilla,Tikrikilla,Tikrikilla Station,25.94583,90.24444,1996,8,August,6.9,2025.0,Safe,0.2912522,0.1904695,0.036739,19.29,NULL,NULL,normalized_exact,0.7,valid,August_WL_1994-2025.pdf,GWRA_2025.pdf,NULL,local_pdf,local_pdf,official_web_fallback,pdf_text,pdf_table,NULL,8728,NULL,NULL,https://cgwb.gov.in
meghalaya,west jaintia hills,thadlaskein,thadlaskein,Jowai,Jowai Station,25.44167,92.175,1996,8,August,2.3,2025.0,Safe,0.1116346999999999,0.1004712,0.0061129999999999,6.08,NULL,NULL,normalized_exact,0.7,valid,August_WL_1994-2025.pdf,GWRA_2025.pdf,NULL,local_pdf,local_pdf,official_web_fallback,pdf_text,pdf_table,NULL,8728,NULL,NULL,https://cgwb.gov.in
meghalaya,east khasi hills,mawsynram,mawsynram,Balat,Balat Station,25.20556,91.4,1995,8,August,4.0,2025.0,Safe,0.2181741,0.1963567,0.006982,3.56,NULL,NULL,normalized_exact,0.7,valid,August_WL_1994-2025.pdf,GWRA_2025.pdf,NULL,local_pdf,local_pdf,official_web_fallback,pdf_text,pdf_table,NULL,8985,NULL,NULL,https://cgwb.gov.in
meghalaya,east khasi hills,mylliem,mylliem,Pamlum,Pamlum Station,25.525,91.80556,1995,8,August,0.3,2025.0,Safe,0.2181741,0.1963567,0.006982,3.56,NULL,NULL,normalized_exact,0.7,valid,August_WL_1994-2025.pdf,GWRA_2025.pdf,NULL,local_pdf,local_pdf,official_web_fallback,pdf_text,pdf_table,NULL,8985,NULL,NULL,https://cgwb.gov.in
meghalaya,east khasi hills,mylliem,mylliem,Shillong Polo,Shillong Polo Station,25.58333,91.88333,1995,8,August,1.3,2025.0,Safe,0.2181741,0.1963567,0.006982,3.56,NULL,NULL,normalized_exact,0.7,valid,August_WL_1994-2025.pdf,GWRA_2025.pdf,NULL,local_pdf,local_pdf,official_web_fallback,pdf_text,pdf_table,NULL,8985,NULL,NULL,https://cgwb.gov.in
meghalaya,west khasi hills,Mairang,Mairang,Mairang,Mairang Station,25.57778,91.64167,1995,8,August,1.0,2025.0,NULL,0.339654,0.3056885,0.0046341,1.52,NULL,NULL,historical_mapping,0.5,valid,August_WL_1994-2025.pdf,GWRA_2025.pdf,NULL,local_pdf,local_pdf,official_web_fallback,pdf_text,pdf_table,NULL,8985,NULL,NULL,https://cgwb.gov.in
meghalaya,west khasi hills,Mairang,Mairang,Pyndengnongbri,Pyndengnongbri Station,25.54028,91.67639,1995,8,August,0.5,2025.0,NULL,0.339654,0.3056885,0.0046341,1.52,NULL,NULL,historical_mapping,0.5,valid,August_WL_1994-2025.pdf,GWRA_2025.pdf,NULL,local_pdf,local_pdf,official_web_fallback,pdf_text,pdf_table,NULL,8985,NULL,NULL,https://cgwb.gov.in
meghalaya,north garo hills,bajengdoba,bajengdoba,Bajengdoba,Bajengdoba Station,25.88611,90.5125,1995,8,August,1.0,2025.0,Safe,0.0986029,0.0774368,0.0049870999999999,6.44,NULL,NULL,normalized_exact,0.7,valid,August_WL_1994-2025.pdf,GWRA_2025.pdf,NULL,local_pdf,local_pdf,official_web_fallback,pdf_text,pdf_table,NULL,8985,NULL,NULL,https://cgwb.gov.in
meghalaya,north garo hills,kharkutta,kharkutta,Kharkutta,Kharkutta Station,25.90556,90.89444,1995,8,August,2.2,2025.0,Safe,0.0986029,0.0774368,0.0049870999999999,6.44,NULL,NULL,normalized_exact,0.7,valid,August_WL_1994-2025.pdf,GWRA_2025.pdf,NULL,local_pdf,local_pdf,official_web_fallback,pdf_text,pdf_table,NULL,8985,NULL,NULL,https://cgwb.gov.in
meghalaya,north garo hills,resubelpara,resubelpara,Mendal,Mendal Station,25.82472,90.46583,1995,8,August,2.3,2025.0,Safe,0.0986029,0.0774368,0.0049870999999999,6.44,NULL,NULL,normalized_exact,0.7,valid,August_WL_1994-2025.pdf,GWRA_2025.pdf,NULL,local_pdf,local_pdf,official_web_fallback,pdf_text,pdf_table,NULL,8985,NULL,NULL,https://cgwb.gov.in
meghalaya,north garo hills,resubelpara,resubelpara,Mendipathar,Mendipathar Station,25.92083,90.50833,1995,8,August,2.5,2025.0,Safe,0.0986029,0.0774368,0.0049870999999999,6.44,NULL,NULL,normalized_exact,0.7,valid,August_WL_1994-2025.pdf,GWRA_2025.pdf,NULL,local_pdf,local_pdf,official_web_fallback,pdf_text,pdf_table,NULL,8985,NULL,NULL,https://cgwb.gov.in
meghalaya,ri bhoi,nongpoh,nongpoh,Barapani,Barapani Station,25.64583,91.8875,1995,8,August,1.4,2025.0,Safe,0.0648369999999999,0.0583534,0.0035481,6.08,NULL,NULL,normalized_exact,0.7,valid,August_WL_1994-2025.pdf,GWRA_2025.pdf,NULL,local_pdf,local_pdf,official_web_fallback,pdf_text,pdf_table,NULL,8985,NULL,NULL,https://cgwb.gov.in
meghalaya,ri bhoi,nongpoh,nongpoh,Nongpoh,Nongpoh Station,25.9,91.88333,1995,8,August,1.4,2025.0,Safe,0.0648369999999999,0.0583534,0.0035481,6.08,NULL,NULL,normalized_exact,0.7,valid,August_WL_1994-2025.pdf,GWRA_2025.pdf,NULL,local_pdf,local_pdf,official_web_fallback,pdf_text,pdf_table,NULL,8985,NULL,NULL,https://cgwb.gov.in
meghalaya,ri bhoi,umling,umling,Jorabat,Jorabat Station,25.9,91.88333,1995,8,August,5.2,2025.0,Safe,0.0648369999999999,0.0583534,0.0035481,6.08,NULL,NULL,normalized_exact,0.7,valid,August_WL_1994-2025.pdf,GWRA_2025.pdf,NULL,local_pdf,local_pdf,official_web_fallback,pdf_text,pdf_table,NULL,8985,NULL,NULL,https://cgwb.gov.in
meghalaya,south garo hills,gasuapara,gasuapara,Sibbari,Sibbari Station,25.175,90.525,1995,8,August,1.0,2025.0,Safe,0.2347366,0.2112628,0.0025698,1.22,NULL,NULL,normalized_exact,0.7,valid,August_WL_1994-2025.pdf,GWRA_2025.pdf,NULL,local_pdf,local_pdf,official_web_fallback,pdf_text,pdf_table,NULL,8985,NULL,NULL,https://cgwb.gov.in
meghalaya,south west garo hills,betasing,betasing,Ampati,Ampati Station,25.5,89.95833,1995,8,August,1.0,2025.0,Safe,0.079896,0.0387598,0.0076644,19.77,NULL,NULL,normalized_exact,0.7,valid,August_WL_1994-2025.pdf,GWRA_2025.pdf,NULL,local_pdf,local_pdf,official_web_fallback,pdf_text,pdf_table,NULL,8985,NULL,NULL,https://cgwb.gov.in
meghalaya,south west garo hills,rerapara,rerapara,Garobandha,Garobandha Station,25.58028,90.02222,1995,8,August,1.7,2025.0,Safe,0.079896,0.0387598,0.0076644,19.77,NULL,NULL,normalized_exact,0.7,valid,August_WL_1994-2025.pdf,GWRA_2025.pdf,NULL,local_pdf,local_pdf,official_web_fallback,pdf_text,pdf_table,NULL,8985,NULL,NULL,https://cgwb.gov.in
meghalaya,south west garo hills,zikzak,zikzak,Mahendraganj,Mahendraganj Station,25.3,89.85972,1995,8,August,1.5,2025.0,Safe,0.079896,0.0387598,0.0076644,19.77,NULL,NULL,normalized_exact,0.7,valid,August_WL_1994-2025.pdf,GWRA_2025.pdf,NULL,local_pdf,local_pdf,official_web_fallback,pdf_text,pdf_table,NULL,8985,NULL,NULL,https://cgwb.gov.in
meghalaya,west garo hills,dalu,dalu,Barengapara,Barengapara Station,25.21667,90.23333,1995,8,August,4.2,2025.0,Safe,0.2912522,0.1904695,0.036739,19.29,NULL,NULL,normalized_exact,0.7,valid,August_WL_1994-2025.pdf,GWRA_2025.pdf,NULL,local_pdf,local_pdf,official_web_fallback,pdf_text,pdf_table,NULL,8985,NULL,NULL,https://cgwb.gov.in
meghalaya,west garo hills,dalu,dalu,Kherapara,Kherapara Station,25.34167,90.225,1995,8,August,1.2,2025.0,Safe,0.2912522,0.1904695,0.036739,19.29,NULL,NULL,normalized_exact,0.7,valid,August_WL_1994-2025.pdf,GWRA_2025.pdf,NULL,local_pdf,local_pdf,official_web_fallback,pdf_text,pdf_table,NULL,8985,NULL,NULL,https://cgwb.gov.in
meghalaya,west garo hills,dalu,dalu,Porakhasia,Porakhasia Station,25.3,90.01667,1995,8,August,3.0,2025.0,Safe,0.2912522,0.1904695,0.036739,19.29,NULL,NULL,normalized_exact,0.7,valid,August_WL_1994-2025.pdf,GWRA_2025.pdf,NULL,local_pdf,local_pdf,official_web_fallback,pdf_text,pdf_table,NULL,8985,NULL,NULL,https://cgwb.gov.in
meghalaya,west garo hills,demdema,demdema,Nidanpur,Nidanpur Station,25.9125,90.12778,1995,8,August,0.6,2025.0,Safe,0.2912522,0.1904695,0.036739,19.29,NULL,NULL,normalized_exact,0.7,valid,August_WL_1994-2025.pdf,GWRA_2025.pdf,NULL,local_pdf,local_pdf,official_web_fallback,pdf_text,pdf_table,NULL,8985,NULL,NULL,https://cgwb.gov.in
meghalaya,west garo hills,salsella,salsella,Phulbari,Phulbari Station,25.88333,90.05,1995,8,August,2.8,2025.0,Safe,0.2912522,0.1904695,0.036739,19.29,NULL,NULL,normalized_exact,0.7,valid,August_WL_1994-2025.pdf,GWRA_2025.pdf,NULL,local_pdf,local_pdf,official_web_fallback,pdf_text,pdf_table,NULL,8985,NULL,NULL,https://cgwb.gov.in
meghalaya,west garo hills,tikrikilla,tikrikilla,Tikrikilla,Tikrikilla Station,25.94583,90.24444,1995,8,August,6.7,2025.0,Safe,0.2912522,0.1904695,0.036739,19.29,NULL,NULL,normalized_exact,0.7,valid,August_WL_1994-2025.pdf,GWRA_2025.pdf,NULL,local_pdf,local_pdf,official_web_fallback,pdf_text,pdf_table,NULL,8985,NULL,NULL,https://cgwb.gov.in
meghalaya,west jaintia hills,thadlaskein,thadlaskein,Jowai,Jowai Station,25.44167,92.175,1995,8,August,1.7,2025.0,Safe,0.1116346999999999,0.1004712,0.0061129999999999,6.08,NULL,NULL,normalized_exact,0.7,valid,August_WL_1994-2025.pdf,GWRA_2025.pdf,NULL,local_pdf,local_pdf,official_web_fallback,pdf_text,pdf_table,NULL,8985,NULL,NULL,https://cgwb.gov.in
meghalaya,east garo hills,dambo rongjeng,dambo rongjeng,Darugiri,Darugiri Station,25.61917,90.7675,1994,8,August,2.0,2025.0,Safe,0.0849275,0.0764346,0.003461,4.53,NULL,NULL,normalized_exact,0.7,valid,August_WL_1994-2025.pdf,GWRA_2025.pdf,NULL,local_pdf,local_pdf,official_web_fallback,pdf_text,pdf_table,NULL,9238,NULL,NULL,https://cgwb.gov.in
meghalaya,east garo hills,dambo rongjeng,dambo rongjeng,Rongjeng,Rongjeng Station,25.66667,90.80417,1994,8,August,1.7,2025.0,Safe,0.0849275,0.0764346,0.003461,4.53,NULL,NULL,normalized_exact,0.7,valid,August_WL_1994-2025.pdf,GWRA_2025.pdf,NULL,local_pdf,local_pdf,official_web_fallback,pdf_text,pdf_table,NULL,9238,NULL,NULL,https://cgwb.gov.in
meghalaya,east garo hills,samanda,samanda,Williamnagar,Williamnagar Station,25.51,90.51944,1994,8,August,1.7,2025.0,Safe,0.0849275,0.0764346,0.003461,4.53,NULL,NULL,normalized_exact,0.7,valid,August_WL_1994-2025.pdf,GWRA_2025.pdf,NULL,local_pdf,local_pdf,official_web_fallback,pdf_text,pdf_table,NULL,9238,NULL,NULL,https://cgwb.gov.in
meghalaya,east khasi hills,mylliem,mylliem,Mawngap,Mawngap Station,25.47639,91.76944,1994,8,August,1.3,2025.0,Safe,0.2181741,0.1963567,0.006982,3.56,NULL,NULL,normalized_exact,0.7,valid,August_WL_1994-2025.pdf,GWRA_2025.pdf,NULL,local_pdf,local_pdf,official_web_fallback,pdf_text,pdf_table,NULL,9238,NULL,NULL,https://cgwb.gov.in
meghalaya,east khasi hills,mylliem,mylliem,Shillong Polo,Shillong Polo Station,25.58333,91.88333,1994,8,August,0.0,2025.0,Safe,0.2181741,0.1963567,0.006982,3.56,NULL,NULL,normalized_exact,0.7,valid,August_WL_1994-2025.pdf,GWRA_2025.pdf,NULL,local_pdf,local_pdf,official_web_fallback,pdf_text,pdf_table,NULL,9238,NULL,NULL,https://cgwb.gov.in
meghalaya,east khasi hills,shella bholaganj,shella bholaganj,Cherrapunji,Cherrapunji Station,25.28333,91.71667,1994,8,August,0.1,2025.0,Safe,0.2181741,0.1963567,0.006982,3.56,NULL,NULL,normalized_exact,0.7,valid,August_WL_1994-2025.pdf,GWRA_2025.pdf,NULL,local_pdf,local_pdf,official_web_fallback,pdf_text,pdf_table,NULL,9238,NULL,NULL,https://cgwb.gov.in
meghalaya,west khasi hills,Mairang,Mairang,Mairang,Mairang Station,25.57778,91.64167,1994,8,August,1.1,2025.0,NULL,0.339654,0.3056885,0.0046341,1.52,NULL,NULL,historical_mapping,0.5,valid,August_WL_1994-2025.pdf,GWRA_2025.pdf,NULL,local_pdf,local_pdf,official_web_fallback,pdf_text,pdf_table,NULL,9239,NULL,NULL,https://cgwb.gov.in
meghalaya,west khasi hills,Mairang,Mairang,Pyndengnongbri,Pyndengnongbri Station,25.54028,91.67639,1994,8,August,0.5,2025.0,NULL,0.339654,0.3056885,0.0046341,1.52,NULL,NULL,historical_mapping,0.5,valid,August_WL_1994-2025.pdf,GWRA_2025.pdf,NULL,local_pdf,local_pdf,official_web_fallback,pdf_text,pdf_table,NULL,9239,NULL,NULL,https://cgwb.gov.in
meghalaya,north garo hills,bajengdoba,bajengdoba,Bajengdoba,Bajengdoba Station,25.88611,90.5125,1994,8,August,2.0,2025.0,Safe,0.0986029,0.0774368,0.0049870999999999,6.44,NULL,NULL,normalized_exact,0.7,valid,August_WL_1994-2025.pdf,GWRA_2025.pdf,NULL,local_pdf,local_pdf,official_web_fallback,pdf_text,pdf_table,NULL,9239,NULL,NULL,https://cgwb.gov.in
meghalaya,north garo hills,kharkutta,kharkutta,Depa Sarangma,Depa Sarangma Station,25.86667,90.78333,1994,8,August,3.3,2025.0,Safe,0.0986029,0.0774368,0.0049870999999999,6.44,NULL,NULL,normalized_exact,0.7,valid,August_WL_1994-2025.pdf,GWRA_2025.pdf,NULL,local_pdf,local_pdf,official_web_fallback,pdf_text,pdf_table,NULL,9239,NULL,NULL,https://cgwb.gov.in
meghalaya,north garo hills,kharkutta,kharkutta,Kharkutta,Kharkutta Station,25.90556,90.89444,1994,8,August,2.6,2025.0,Safe,0.0986029,0.0774368,0.0049870999999999,6.44,NULL,NULL,normalized_exact,0.7,valid,August_WL_1994-2025.pdf,GWRA_2025.pdf,NULL,local_pdf,local_pdf,official_web_fallback,pdf_text,pdf_table,NULL,9239,NULL,NULL,https://cgwb.gov.in
meghalaya,north garo hills,resubelpara,resubelpara,Mendal,Mendal Station,25.82472,90.46583,1994,8,August,2.0,2025.0,Safe,0.0986029,0.0774368,0.0049870999999999,6.44,NULL,NULL,normalized_exact,0.7,valid,August_WL_1994-2025.pdf,GWRA_2025.pdf,NULL,local_pdf,local_pdf,official_web_fallback,pdf_text,pdf_table,NULL,9239,NULL,NULL,https://cgwb.gov.in
meghalaya,north garo hills,resubelpara,resubelpara,Mendipathar,Mendipathar Station,25.92083,90.50833,1994,8,August,2.7,2025.0,Safe,0.0986029,0.0774368,0.0049870999999999,6.44,NULL,NULL,normalized_exact,0.7,valid,August_WL_1994-2025.pdf,GWRA_2025.pdf,NULL,local_pdf,local_pdf,official_web_fallback,pdf_text,pdf_table,NULL,9239,NULL,NULL,https://cgwb.gov.in
meghalaya,ri bhoi,nongpoh,nongpoh,Barapani,Barapani Station,25.64583,91.8875,1994,8,August,0.8,2025.0,Safe,0.0648369999999999,0.0583534,0.0035481,6.08,NULL,NULL,normalized_exact,0.7,valid,August_WL_1994-2025.pdf,GWRA_2025.pdf,NULL,local_pdf,local_pdf,official_web_fallback,pdf_text,pdf_table,NULL,9239,NULL,NULL,https://cgwb.gov.in
meghalaya,ri bhoi,nongpoh,nongpoh,Nongpoh,Nongpoh Station,25.9,91.88333,1994,8,August,1.3,2025.0,Safe,0.0648369999999999,0.0583534,0.0035481,6.08,NULL,NULL,normalized_exact,0.7,valid,August_WL_1994-2025.pdf,GWRA_2025.pdf,NULL,local_pdf,local_pdf,official_web_fallback,pdf_text,pdf_table,NULL,9239,NULL,NULL,https://cgwb.gov.in
meghalaya,ri bhoi,umling,umling,Jorabat,Jorabat Station,25.9,91.88333,1994,8,August,4.8,2025.0,Safe,0.0648369999999999,0.0583534,0.0035481,6.08,NULL,NULL,normalized_exact,0.7,valid,August_WL_1994-2025.pdf,GWRA_2025.pdf,NULL,local_pdf,local_pdf,official_web_fallback,pdf_text,pdf_table,NULL,9239,NULL,NULL,https://cgwb.gov.in
meghalaya,south garo hills,gasuapara,gasuapara,Sibbari,Sibbari Station,25.175,90.525,1994,8,August,1.5,2025.0,Safe,0.2347366,0.2112628,0.0025698,1.22,NULL,NULL,normalized_exact,0.7,valid,August_WL_1994-2025.pdf,GWRA_2025.pdf,NULL,local_pdf,local_pdf,official_web_fallback,pdf_text,pdf_table,NULL,9239,NULL,NULL,https://cgwb.gov.in
meghalaya,south west garo hills,betasing,betasing,Ampati,Ampati Station,25.5,89.95833,1994,8,August,1.3,2025.0,Safe,0.079896,0.0387598,0.0076644,19.77,NULL,NULL,normalized_exact,0.7,valid,August_WL_1994-2025.pdf,GWRA_2025.pdf,NULL,local_pdf,local_pdf,official_web_fallback,pdf_text,pdf_table,NULL,9239,NULL,NULL,https://cgwb.gov.in
meghalaya,south west garo hills,rerapara,rerapara,Garobandha,Garobandha Station,25.58028,90.02222,1994,8,August,1.8,2025.0,Safe,0.079896,0.0387598,0.0076644,19.77,NULL,NULL,normalized_exact,0.7,valid,August_WL_1994-2025.pdf,GWRA_2025.pdf,NULL,local_pdf,local_pdf,official_web_fallback,pdf_text,pdf_table,NULL,9239,NULL,NULL,https://cgwb.gov.in
meghalaya,south west garo hills,zikzak,zikzak,Mahendraganj,Mahendraganj Station,25.3,89.85972,1994,8,August,2.4,2025.0,Safe,0.079896,0.0387598,0.0076644,19.77,NULL,NULL,normalized_exact,0.7,valid,August_WL_1994-2025.pdf,GWRA_2025.pdf,NULL,local_pdf,local_pdf,official_web_fallback,pdf_text,pdf_table,NULL,9239,NULL,NULL,https://cgwb.gov.in
meghalaya,west garo hills,dalu,dalu,Barengapara,Barengapara Station,25.21667,90.23333,1994,8,August,4.8,2025.0,Safe,0.2912522,0.1904695,0.036739,19.29,NULL,NULL,normalized_exact,0.7,valid,August_WL_1994-2025.pdf,GWRA_2025.pdf,NULL,local_pdf,local_pdf,official_web_fallback,pdf_text,pdf_table,NULL,9239,NULL,NULL,https://cgwb.gov.in
meghalaya,west garo hills,dalu,dalu,Kherapara,Kherapara Station,25.34167,90.225,1994,8,August,0.9,2025.0,Safe,0.2912522,0.1904695,0.036739,19.29,NULL,NULL,normalized_exact,0.7,valid,August_WL_1994-2025.pdf,GWRA_2025.pdf,NULL,local_pdf,local_pdf,official_web_fallback,pdf_text,pdf_table,NULL,9239,NULL,NULL,https://cgwb.gov.in
meghalaya,west garo hills,dalu,dalu,Porakhasia,Porakhasia Station,25.3,90.01667,1994,8,August,3.2,2025.0,Safe,0.2912522,0.1904695,0.036739,19.29,NULL,NULL,normalized_exact,0.7,valid,August_WL_1994-2025.pdf,GWRA_2025.pdf,NULL,local_pdf,local_pdf,official_web_fallback,pdf_text,pdf_table,NULL,9239,NULL,NULL,https://cgwb.gov.in
meghalaya,west garo hills,demdema,demdema,Nidanpur,Nidanpur Station,25.9125,90.12778,1994,8,August,0.6,2025.0,Safe,0.2912522,0.1904695,0.036739,19.29,NULL,NULL,normalized_exact,0.7,valid,August_WL_1994-2025.pdf,GWRA_2025.pdf,NULL,local_pdf,local_pdf,official_web_fallback,pdf_text,pdf_table,NULL,9239,NULL,NULL,https://cgwb.gov.in
meghalaya,west garo hills,salsella,salsella,Phulbari,Phulbari Station,25.88333,90.05,1994,8,August,2.3,2025.0,Safe,0.2912522,0.1904695,0.036739,19.29,NULL,NULL,normalized_exact,0.7,valid,August_WL_1994-2025.pdf,GWRA_2025.pdf,NULL,local_pdf,local_pdf,official_web_fallback,pdf_text,pdf_table,NULL,9239,NULL,NULL,https://cgwb.gov.in
meghalaya,west garo hills,tikrikilla,tikrikilla,Tikrikilla,Tikrikilla Station,25.94583,90.24444,1994,8,August,7.0,2025.0,Safe,0.2912522,0.1904695,0.036739,19.29,NULL,NULL,normalized_exact,0.7,valid,August_WL_1994-2025.pdf,GWRA_2025.pdf,NULL,local_pdf,local_pdf,official_web_fallback,pdf_text,pdf_table,NULL,9239,NULL,NULL,https://cgwb.gov.in
meghalaya,west jaintia hills,amlarem,amlarem,Dauki,Dauki Station,25.2,92.03333,1994,8,August,0.3,2025.0,Safe,0.1116346999999999,0.1004712,0.0061129999999999,6.08,NULL,NULL,normalized_exact,0.7,valid,August_WL_1994-2025.pdf,GWRA_2025.pdf,NULL,local_pdf,local_pdf,official_web_fallback,pdf_text,pdf_table,NULL,9239,NULL,NULL,https://cgwb.gov.in
meghalaya,west jaintia hills,thadlaskein,thadlaskein,Jowai,Jowai Station,25.44167,92.175,1994,8,August,2.6,2025.0,Safe,0.1116346999999999,0.1004712,0.0061129999999999,6.08,NULL,NULL,normalized_exact,0.7,valid,August_WL_1994-2025.pdf,GWRA_2025.pdf,NULL,local_pdf,local_pdf,official_web_fallback,pdf_text,pdf_table,NULL,9239,NULL,NULL,https://cgwb.gov.in
meghalaya,east garo hills,dambo rongjeng,dambo rongjeng,Darugiri New,Darugiri New Station,25.6147,90.76002,2025,3,Pre-monsoon,4.08,2025.0,Safe,0.0849275,0.0764346,0.003461,4.53,4.708145618438721,monthly,normalized_exact,0.7,valid,Pre-monsoon_WL_1994-2025.pdf,GWRA_2025.pdf,IMD Gridded Rainfall (0.25x0.25 deg),local_pdf,local_pdf,official_web_fallback,pdf_text,pdf_table,netcdf_spatial_lookup,200,NULL,NULL,https://cgwb.gov.in
meghalaya,east garo hills,dambo rongjeng,dambo rongjeng,Narringirri,Narringirri Station,25.61028,90.73972,2025,3,Pre-monsoon,2.22,2025.0,Safe,0.0849275,0.0764346,0.003461,4.53,4.708145618438721,monthly,normalized_exact,0.7,valid,Pre-monsoon_WL_1994-2025.pdf,GWRA_2025.pdf,IMD Gridded Rainfall (0.25x0.25 deg),local_pdf,local_pdf,official_web_fallback,pdf_text,pdf_table,netcdf_spatial_lookup,200,NULL,NULL,https://cgwb.gov.in
meghalaya,east garo hills,dambo rongjeng,dambo rongjeng,Rongjeng,Rongjeng Station,25.66667,90.80417,2025,3,Pre-monsoon,1.49,2025.0,Safe,0.0849275,0.0764346,0.003461,4.53,4.559186935424805,monthly,normalized_exact,0.7,valid,Pre-monsoon_WL_1994-2025.pdf,GWRA_2025.pdf,IMD Gridded Rainfall (0.25x0.25 deg),local_pdf,local_pdf,official_web_fallback,pdf_text,pdf_table,netcdf_spatial_lookup,200,NULL,NULL,https://cgwb.gov.in
meghalaya,east garo hills,dambo rongjeng,dambo rongjeng,Rongmil,Rongmil Station,25.73611,90.82445,2025,3,Pre-monsoon,3.82,2025.0,Safe,0.0849275,0.0764346,0.003461,4.53,4.559186935424805,monthly,normalized_exact,0.7,valid,Pre-monsoon_WL_1994-2025.pdf,GWRA_2025.pdf,IMD Gridded Rainfall (0.25x0.25 deg),local_pdf,local_pdf,official_web_fallback,pdf_text,pdf_table,netcdf_spatial_lookup,200,NULL,NULL,https://cgwb.gov.in
meghalaya,east garo hills,samanda,samanda,Baiza Rongreng,Baiza Rongreng Station,25.5425,90.585,2025,3,Pre-monsoon,2.61,2025.0,Safe,0.0849275,0.0764346,0.003461,4.53,2.0670881271362305,monthly,normalized_exact,0.7,valid,Pre-monsoon_WL_1994-2025.pdf,GWRA_2025.pdf,IMD Gridded Rainfall (0.25x0.25 deg),local_pdf,local_pdf,official_web_fallback,pdf_text,pdf_table,netcdf_spatial_lookup,200,NULL,NULL,https://cgwb.gov.in
meghalaya,east garo hills,samanda,samanda,Dawa Gittinggre,Dawa Gittinggre Station,25.51076,90.63908,2025,3,Pre-monsoon,0.42,2025.0,Safe,0.0849275,0.0764346,0.003461,4.53,4.708145618438721,monthly,normalized_exact,0.7,valid,Pre-monsoon_WL_1994-2025.pdf,GWRA_2025.pdf,IMD Gridded Rainfall (0.25x0.25 deg),local_pdf,local_pdf,official_web_fallback,pdf_text,pdf_table,netcdf_spatial_lookup,200,NULL,NULL,https://cgwb.gov.in
meghalaya,east garo hills,samanda,samanda,Dobetkolgiri,Dobetkolgiri Station,25.50917,90.61166,2025,3,Pre-monsoon,1.71,2025.0,Safe,0.0849275,0.0764346,0.003461,4.53,2.0670881271362305,monthly,normalized_exact,0.7,valid,Pre-monsoon_WL_1994-2025.pdf,GWRA_2025.pdf,IMD Gridded Rainfall (0.25x0.25 deg),local_pdf,local_pdf,official_web_fallback,pdf_text,pdf_table,netcdf_spatial_lookup,200,NULL,NULL,https://cgwb.gov.in
meghalaya,east garo hills,samanda,samanda,Samanda Megapagre,Samanda Megapagre Station,25.58004,90.52681,2025,3,Pre-monsoon,3.03,2025.0,Safe,0.0849275,0.0764346,0.003461,4.53,2.0670881271362305,monthly,normalized_exact,0.7,valid,Pre-monsoon_WL_1994-2025.pdf,GWRA_2025.pdf,IMD Gridded Rainfall (0.25x0.25 deg),local_pdf,local_pdf,official_web_fallback,pdf_text,pdf_table,netcdf_spatial_lookup,200,NULL,NULL,https://cgwb.gov.in
meghalaya,east garo hills,samanda,samanda,Williamnagar,Williamnagar Station,25.51,90.51945,2025,3,Pre-monsoon,1.11,2025.0,Safe,0.0849275,0.0764346,0.003461,4.53,2.0670881271362305,monthly,normalized_exact,0.7,valid,Pre-monsoon_WL_1994-2025.pdf,GWRA_2025.pdf,IMD Gridded Rainfall (0.25x0.25 deg),local_pdf,local_pdf,official_web_fallback,pdf_text,pdf_table,netcdf_spatial_lookup,200,NULL,NULL,https://cgwb.gov.in
meghalaya,east garo hills,songsak,songsak,Dobu,Dobu Station,25.55612,90.71481,2025,3,Pre-monsoon,2.11,2025.0,Safe,0.0849275,0.0764346,0.003461,4.53,4.708145618438721,monthly,normalized_exact,0.7,valid,Pre-monsoon_WL_1994-2025.pdf,GWRA_2025.pdf,IMD Gridded Rainfall (0.25x0.25 deg),local_pdf,local_pdf,official_web_fallback,pdf_text,pdf_table,netcdf_spatial_lookup,200,NULL,NULL,https://cgwb.gov.in
meghalaya,east garo hills,songsak,songsak,Songsak,Songsak Station,25.66333,90.61028,2025,3,Pre-monsoon,1.38,2025.0,Safe,0.0849275,0.0764346,0.003461,4.53,3.508050441741944,monthly,normalized_exact,0.7,valid,Pre-monsoon_WL_1994-2025.pdf,GWRA_2025.pdf,IMD Gridded Rainfall (0.25x0.25 deg),local_pdf,local_pdf,official_web_fallback,pdf_text,pdf_table,netcdf_spatial_lookup,200,NULL,NULL,https://cgwb.gov.in
meghalaya,east garo hills,songsak,songsak,Songsak New,Songsak New Station,25.65135,90.61052,2025,3,Pre-monsoon,2.16,2025.0,Safe,0.0849275,0.0764346,0.003461,4.53,3.508050441741944,monthly,normalized_exact,0.7,valid,Pre-monsoon_WL_1994-2025.pdf,GWRA_2025.pdf,IMD Gridded Rainfall (0.25x0.25 deg),local_pdf,local_pdf,official_web_fallback,pdf_text,pdf_table,netcdf_spatial_lookup,200,NULL,NULL,https://cgwb.gov.in
meghalaya,east khasi hills,mawsynram,mawsynram,Dangar,Dangar Station,25.18889,91.38139,2025,3,Pre-monsoon,2.4,2025.0,Safe,0.2181741,0.1963567,0.006982,3.56,83.65128326416016,monthly,normalized_exact,0.7,valid,Pre-monsoon_WL_1994-2025.pdf,GWRA_2025.pdf,IMD Gridded Rainfall (0.25x0.25 deg),local_pdf,local_pdf,official_web_fallback,pdf_text,pdf_table,netcdf_spatial_lookup,200,NULL,NULL,https://cgwb.gov.in
meghalaya,east khasi hills,mylliem,mylliem,Lachuamiere,Lachuamiere Station,25.57056,91.89028,2025,3,Pre-monsoon,0.7,2025.0,Safe,0.2181741,0.1963567,0.006982,3.56,8.544751167297363,monthly,normalized_exact,0.7,valid,Pre-monsoon_WL_1994-2025.pdf,GWRA_2025.pdf,IMD Gridded Rainfall (0.25x0.25 deg),local_pdf,local_pdf,official_web_fallback,pdf_text,pdf_table,netcdf_spatial_lookup,200,NULL,NULL,https://cgwb.gov.in
meghalaya,east khasi hills,mylliem,mylliem,Lau_Sio_Mi,Lau_Sio_Mi Station,25.50106,91.91225,2025,3,Pre-monsoon,7.39,2025.0,Safe,0.2181741,0.1963567,0.006982,3.56,8.544751167297363,monthly,normalized_exact,0.7,valid,Pre-monsoon_WL_1994-2025.pdf,GWRA_2025.pdf,IMD Gridded Rainfall (0.25x0.25 deg),local_pdf,local_pdf,official_web_fallback,pdf_text,pdf_table,netcdf_spatial_lookup,200,NULL,NULL,https://cgwb.gov.in
meghalaya,east khasi hills,mylliem,mylliem,Nongmynsong,Nongmynsong Station,25.57972,91.90694,2025,3,Pre-monsoon,3.28,2025.0,Safe,0.2181741,0.1963567,0.006982,3.56,8.544751167297363,monthly,normalized_exact,0.7,valid,Pre-monsoon_WL_1994-2025.pdf,GWRA_2025.pdf,IMD Gridded Rainfall (0.25x0.25 deg),local_pdf,local_pdf,official_web_fallback,pdf_text,pdf_table,netcdf_spatial_lookup,200,NULL,NULL,https://cgwb.gov.in
meghalaya,east khasi hills,mylliem,mylliem,Shillong Golf Link,Shillong Golf Link Station,25.58194,91.89445,2025,3,Pre-monsoon,7.95,2025.0,Safe,0.2181741,0.1963567,0.006982,3.56,8.544751167297363,monthly,normalized_exact,0.7,valid,Pre-monsoon_WL_1994-2025.pdf,GWRA_2025.pdf,IMD Gridded Rainfall (0.25x0.25 deg),local_pdf,local_pdf,official_web_fallback,pdf_text,pdf_table,netcdf_spatial_lookup,200,NULL,NULL,https://cgwb.gov.in
meghalaya,east khasi hills,mylliem,mylliem,Water Resources Dept,Water Resources Dept Station,25.56556,91.89611,2025,3,Pre-monsoon,1.84,2025.0,Safe,0.2181741,0.1963567,0.006982,3.56,8.544751167297363,monthly,normalized_exact,0.7,valid,Pre-monsoon_WL_1994-2025.pdf,GWRA_2025.pdf,IMD Gridded Rainfall (0.25x0.25 deg),local_pdf,local_pdf,official_web_fallback,pdf_text,pdf_table,netcdf_spatial_lookup,200,NULL,NULL,https://cgwb.gov.in
meghalaya,east khasi hills,shella bholaganj,shella bholaganj,Cherrapunji,Cherrapunji Station,25.28333,91.71667,2025,3,Pre-monsoon,1.5,2025.0,Safe,0.2181741,0.1963567,0.006982,3.56,22.76959609985352,monthly,normalized_exact,0.7,valid,Pre-monsoon_WL_1994-2025.pdf,GWRA_2025.pdf,IMD Gridded Rainfall (0.25x0.25 deg),local_pdf,local_pdf,official_web_fallback,pdf_text,pdf_table,netcdf_spatial_lookup,200,NULL,NULL,https://cgwb.gov.in
meghalaya,east khasi hills,shella bholaganj,shella bholaganj,Nit Cherrapunji1,Nit Cherrapunji1 Station,25.25028,91.74416,2025,3,Pre-monsoon,3.65,2025.0,Safe,0.2181741,0.1963567,0.006982,3.56,22.76959609985352,monthly,normalized_exact,0.7,valid,Pre-monsoon_WL_1994-2025.pdf,GWRA_2025.pdf,IMD Gridded Rainfall (0.25x0.25 deg),local_pdf,local_pdf,official_web_fallback,pdf_text,pdf_table,netcdf_spatial_lookup,200,NULL,NULL,https://cgwb.gov.in
meghalaya,west khasi hills,Mairang,Mairang,Mairang N,Mairang N Station,25.56222,91.63917,2025,3,Pre-monsoon,1.3,2025.0,NULL,0.339654,0.3056885,0.0046341,1.52,2.6768386363983154,monthly,historical_mapping,0.5,valid,Pre-monsoon_WL_1994-2025.pdf,GWRA_2025.pdf,IMD Gridded Rainfall (0.25x0.25 deg),local_pdf,local_pdf,official_web_fallback,pdf_text,pdf_table,netcdf_spatial_lookup,200,NULL,NULL,https://cgwb.gov.in
meghalaya,north garo hills,bajengdoba,bajengdoba,Bajengdoba,Bajengdoba Station,25.88611,90.5125,2025,3,Pre-monsoon,3.27,2025.0,Safe,0.0986029,0.0774368,0.0049870999999999,6.44,11.037676811218262,monthly,normalized_exact,0.7,valid,Pre-monsoon_WL_1994-2025.pdf,GWRA_2025.pdf,IMD Gridded Rainfall (0.25x0.25 deg),local_pdf,local_pdf,official_web_fallback,pdf_text,pdf_table,netcdf_spatial_lookup,200,NULL,NULL,https://cgwb.gov.in
meghalaya,north garo hills,bajengdoba,bajengdoba,Snalgre,Snalgre Station,25.74882,90.40422,2025,3,Pre-monsoon,1.14,2025.0,Safe,0.0986029,0.0774368,0.0049870999999999,6.44,3.508050441741944,monthly,normalized_exact,0.7,valid,Pre-monsoon_WL_1994-2025.pdf,GWRA_2025.pdf,IMD Gridded Rainfall (0.25x0.25 deg),local_pdf,local_pdf,official_web_fallback,pdf_text,pdf_table,netcdf_spatial_lookup,200,NULL,NULL,https://cgwb.gov.in
meghalaya,north garo hills,kharkutta,kharkutta,Kharkutta,Kharkutta Station,25.90556,90.89445,2025,3,Pre-monsoon,3.92,2025.0,Safe,0.0986029,0.0774368,0.0049870999999999,6.44,14.37551212310791,monthly,normalized_exact,0.7,valid,Pre-monsoon_WL_1994-2025.pdf,GWRA_2025.pdf,IMD Gridded Rainfall (0.25x0.25 deg),local_pdf,local_pdf,official_web_fallback,pdf_text,pdf_table,netcdf_spatial_lookup,200,NULL,NULL,https://cgwb.gov.in
meghalaya,north garo hills,kharkutta,kharkutta,Wageasi,Wageasi Station,25.82235,90.78751,2025,3,Pre-monsoon,3.75,2025.0,Safe,0.0986029,0.0774368,0.0049870999999999,6.44,4.559186935424805,monthly,normalized_exact,0.7,valid,Pre-monsoon_WL_1994-2025.pdf,GWRA_2025.pdf,IMD Gridded Rainfall (0.25x0.25 deg),local_pdf,local_pdf,official_web_fallback,pdf_text,pdf_table,netcdf_spatial_lookup,201,NULL,NULL,https://cgwb.gov.in
meghalaya,north garo hills,resubelpara,resubelpara,Dainadubi,Dainadubi Station,25.89889,90.7775,2025,3,Pre-monsoon,4.51,2025.0,Safe,0.0986029,0.0774368,0.0049870999999999,6.44,15.728386878967283,monthly,normalized_exact,0.7,valid,Pre-monsoon_WL_1994-2025.pdf,GWRA_2025.pdf,IMD Gridded Rainfall (0.25x0.25 deg),local_pdf,local_pdf,official_web_fallback,pdf_text,pdf_table,netcdf_spatial_lookup,201,NULL,NULL,https://cgwb.gov.in
meghalaya,north garo hills,resubelpara,resubelpara,Mendal,Mendal Station,25.82472,90.46584,2025,3,Pre-monsoon,1.41,2025.0,Safe,0.0986029,0.0774368,0.0049870999999999,6.44,3.508050441741944,monthly,normalized_exact,0.7,valid,Pre-monsoon_WL_1994-2025.pdf,GWRA_2025.pdf,IMD Gridded Rainfall (0.25x0.25 deg),local_pdf,local_pdf,official_web_fallback,pdf_text,pdf_table,netcdf_spatial_lookup,201,NULL,NULL,https://cgwb.gov.in
meghalaya,north garo hills,resubelpara,resubelpara,Mendipathar Soksan,Mendipathar Soksan Station,25.89722,90.64435,2025,3,Pre-monsoon,6.93,2025.0,Safe,0.0986029,0.0774368,0.0049870999999999,6.44,15.728386878967283,monthly,normalized_exact,0.7,valid,Pre-monsoon_WL_1994-2025.pdf,GWRA_2025.pdf,IMD Gridded Rainfall (0.25x0.25 deg),local_pdf,local_pdf,official_web_fallback,pdf_text,pdf_table,netcdf_spatial_lookup,201,NULL,NULL,https://cgwb.gov.in
meghalaya,ri bhoi,jirang,jirang,Patharkhamma Barigaon,Patharkhamma Barigaon Station,25.87139,91.59472,2025,3,Pre-monsoon,5.3,2025.0,Safe,0.0648369999999999,0.0583534,0.0035481,6.08,22.564285278320312,monthly,normalized_exact,0.7,valid,Pre-monsoon_WL_1994-2025.pdf,GWRA_2025.pdf,IMD Gridded Rainfall (0.25x0.25 deg),local_pdf,local_pdf,official_web_fallback,pdf_text,pdf_table,netcdf_spatial_lookup,201,NULL,NULL,https://cgwb.gov.in
meghalaya,ri bhoi,nongpoh,nongpoh,Nongpoh,Nongpoh Station,25.9,91.88333,2025,3,Pre-monsoon,3.25,2025.0,Safe,0.0648369999999999,0.0583534,0.0035481,6.08,28.99156188964844,monthly,normalized_exact,0.7,valid,Pre-monsoon_WL_1994-2025.pdf,GWRA_2025.pdf,IMD Gridded Rainfall (0.25x0.25 deg),local_pdf,local_pdf,official_web_fallback,pdf_text,pdf_table,netcdf_spatial_lookup,201,NULL,NULL,https://cgwb.gov.in
meghalaya,ri bhoi,umling,umling,Byrnihat,Byrnihat Station,26.04889,91.86889,2025,3,Pre-monsoon,2.67,2025.0,Safe,0.0648369999999999,0.0583534,0.0035481,6.08,23.28696823120117,monthly,normalized_exact,0.7,valid,Pre-monsoon_WL_1994-2025.pdf,GWRA_2025.pdf,IMD Gridded Rainfall (0.25x0.25 deg),local_pdf,local_pdf,official_web_fallback,pdf_text,pdf_table,netcdf_spatial_lookup,201,NULL,NULL,https://cgwb.gov.in
meghalaya,ri bhoi,umling,umling,Lower Balian,Lower Balian Station,26.028,91.846,2025,3,Pre-monsoon,3.38,2025.0,Safe,0.0648369999999999,0.0583534,0.0035481,6.08,23.28696823120117,monthly,normalized_exact,0.7,valid,Pre-monsoon_WL_1994-2025.pdf,GWRA_2025.pdf,IMD Gridded Rainfall (0.25x0.25 deg),local_pdf,local_pdf,official_web_fallback,pdf_text,pdf_table,netcdf_spatial_lookup,201,NULL,NULL,https://cgwb.gov.in
meghalaya,ri bhoi,umling,umling,Pahanmawlien,Pahanmawlien Station,25.99472,91.86166,2025,3,Pre-monsoon,0.7,2025.0,Safe,0.0648369999999999,0.0583534,0.0035481,6.08,23.28696823120117,monthly,normalized_exact,0.7,valid,Pre-monsoon_WL_1994-2025.pdf,GWRA_2025.pdf,IMD Gridded Rainfall (0.25x0.25 deg),local_pdf,local_pdf,official_web_fallback,pdf_text,pdf_table,netcdf_spatial_lookup,201,NULL,NULL,https://cgwb.gov.in
meghalaya,ri bhoi,umling,umling,Tamenpoanglong,Tamenpoanglong Station,25.92583,91.94473,2025,3,Pre-monsoon,2.15,2025.0,Safe,0.0648369999999999,0.0583534,0.0035481,6.08,28.99156188964844,monthly,normalized_exact,0.7,valid,Pre-monsoon_WL_1994-2025.pdf,GWRA_2025.pdf,IMD Gridded Rainfall (0.25x0.25 deg),local_pdf,local_pdf,official_web_fallback,pdf_text,pdf_table,netcdf_spatial_lookup,201,NULL,NULL,https://cgwb.gov.in
meghalaya,ri bhoi,umsning,umsning,Nayabunglow,Nayabunglow Station,25.74667,91.88667,2025,3,Pre-monsoon,6.56,2025.0,Safe,0.0648369999999999,0.0583534,0.0035481,6.08,34.326900482177734,monthly,normalized_exact,0.7,valid,Pre-monsoon_WL_1994-2025.pdf,GWRA_2025.pdf,IMD Gridded Rainfall (0.25x0.25 deg),local_pdf,local_pdf,official_web_fallback,pdf_text,pdf_table,netcdf_spatial_lookup,201,NULL,NULL,https://cgwb.gov.in
meghalaya,south garo hills,baghmara,baghmara,Baghmara,Baghmara Station,25.20417,90.63194,2025,3,Pre-monsoon,2.41,2025.0,Safe,0.2347366,0.2112628,0.0025698,1.22,15.99907684326172,monthly,normalized_exact,0.7,valid,Pre-monsoon_WL_1994-2025.pdf,GWRA_2025.pdf,IMD Gridded Rainfall (0.25x0.25 deg),local_pdf,local_pdf,official_web_fallback,pdf_text,pdf_table,netcdf_spatial_lookup,201,NULL,NULL,https://cgwb.gov.in
meghalaya,south garo hills,baghmara,baghmara,Bamongre,Bamongre Station,25.21498,90.48371,2025,3,Pre-monsoon,1.95,2025.0,Safe,0.2347366,0.2112628,0.0025698,1.22,3.221888542175293,monthly,normalized_exact,0.7,valid,Pre-monsoon_WL_1994-2025.pdf,GWRA_2025.pdf,IMD Gridded Rainfall (0.25x0.25 deg),local_pdf,local_pdf,official_web_fallback,pdf_text,pdf_table,netcdf_spatial_lookup,201,NULL,NULL,https://cgwb.gov.in
meghalaya,south garo hills,baghmara,baghmara,Dopha-Adan,Dopha-Adan Station,25.20194,90.61611,2025,3,Pre-monsoon,1.27,2025.0,Safe,0.2347366,0.2112628,0.0025698,1.22,3.221888542175293,monthly,normalized_exact,0.7,valid,Pre-monsoon_WL_1994-2025.pdf,GWRA_2025.pdf,IMD Gridded Rainfall (0.25x0.25 deg),local_pdf,local_pdf,official_web_fallback,pdf_text,pdf_table,netcdf_spatial_lookup,201,NULL,NULL,https://cgwb.gov.in
meghalaya,south garo hills,chokpot,chokpot,Betagre,Betagre Station,25.25028,90.48695,2025,3,Pre-monsoon,3.09,2025.0,Safe,0.2347366,0.2112628,0.0025698,1.22,3.221888542175293,monthly,normalized_exact,0.7,valid,Pre-monsoon_WL_1994-2025.pdf,GWRA_2025.pdf,IMD Gridded Rainfall (0.25x0.25 deg),local_pdf,local_pdf,official_web_fallback,pdf_text,pdf_table,netcdf_spatial_lookup,201,NULL,NULL,https://cgwb.gov.in
meghalaya,south garo hills,chokpot,chokpot,Glmatkolgre,Glmatkolgre Station,25.28694,90.43444,2025,3,Pre-monsoon,1.76,2025.0,Safe,0.2347366,0.2112628,0.0025698,1.22,3.221888542175293,monthly,normalized_exact,0.7,valid,Pre-monsoon_WL_1994-2025.pdf,GWRA_2025.pdf,IMD Gridded Rainfall (0.25x0.25 deg),local_pdf,local_pdf,official_web_fallback,pdf_text,pdf_table,netcdf_spatial_lookup,201,NULL,NULL,https://cgwb.gov.in
meghalaya,south garo hills,gasuapara,gasuapara,Chirenpara,Chirenpara Station,25.20722,90.27139,2025,3,Pre-monsoon,3.74,2025.0,Safe,0.2347366,0.2112628,0.0025698,1.22,0.6019943952560425,monthly,normalized_exact,0.7,valid,Pre-monsoon_WL_1994-2025.pdf,GWRA_2025.pdf,IMD Gridded Rainfall (0.25x0.25 deg),local_pdf,local_pdf,official_web_fallback,pdf_text,pdf_table,netcdf_spatial_lookup,201,NULL,NULL,https://cgwb.gov.in
meghalaya,south garo hills,gasuapara,gasuapara,Dumnikura,Dumnikura Station,25.185,90.38917,2025,3,Pre-monsoon,1.44,2025.0,Safe,0.2347366,0.2112628,0.0025698,1.22,3.221888542175293,monthly,normalized_exact,0.7,valid,Pre-monsoon_WL_1994-2025.pdf,GWRA_2025.pdf,IMD Gridded Rainfall (0.25x0.25 deg),local_pdf,local_pdf,official_web_fallback,pdf_text,pdf_table,netcdf_spatial_lookup,201,NULL,NULL,https://cgwb.gov.in
meghalaya,south garo hills,gasuapara,gasuapara,Gasuapara,Gasuapara Station,25.19417,90.34889,2025,3,Pre-monsoon,2.46,2025.0,Safe,0.2347366,0.2112628,0.0025698,1.22,0.6019943952560425,monthly,normalized_exact,0.7,valid,Pre-monsoon_WL_1994-2025.pdf,GWRA_2025.pdf,IMD Gridded Rainfall (0.25x0.25 deg),local_pdf,local_pdf,official_web_fallback,pdf_text,pdf_table,netcdf_spatial_lookup,201,NULL,NULL,https://cgwb.gov.in
meghalaya,south garo hills,gasuapara,gasuapara,Konduk,Konduk Station,25.19333,90.35694,2025,3,Pre-monsoon,3.22,2025.0,Safe,0.2347366,0.2112628,0.0025698,1.22,0.6019943952560425,monthly,normalized_exact,0.7,valid,Pre-monsoon_WL_1994-2025.pdf,GWRA_2025.pdf,IMD Gridded Rainfall (0.25x0.25 deg),local_pdf,local_pdf,official_web_fallback,pdf_text,pdf_table,netcdf_spatial_lookup,201,NULL,NULL,https://cgwb.gov.in
meghalaya,south garo hills,gasuapara,gasuapara,Mandangre,Mandangre Station,25.16833,90.47833,2025,3,Pre-monsoon,0.85,2025.0,Safe,0.2347366,0.2112628,0.0025698,1.22,3.221888542175293,monthly,normalized_exact,0.7,valid,Pre-monsoon_WL_1994-2025.pdf,GWRA_2025.pdf,IMD Gridded Rainfall (0.25x0.25 deg),local_pdf,local_pdf,official_web_fallback,pdf_text,pdf_table,netcdf_spatial_lookup,201,NULL,NULL,https://cgwb.gov.in
meghalaya,south west garo hills,betasing,betasing,Ampati,Ampati Station,25.5,89.95834,2025,3,Pre-monsoon,1.11,2025.0,Safe,0.079896,0.0387598,0.0076644,19.77,0.0,monthly,normalized_exact,0.7,valid,Pre-monsoon_WL_1994-2025.pdf,GWRA_2025.pdf,IMD Gridded Rainfall (0.25x0.25 deg),local_pdf,local_pdf,official_web_fallback,pdf_text,pdf_table,netcdf_spatial_lookup,201,NULL,NULL,https://cgwb.gov.in
meghalaya,south west garo hills,betasing,betasing,Ampati New,Ampati New Station,25.47504,89.93387,2025,3,Pre-monsoon,0.36,2025.0,Safe,0.079896,0.0387598,0.0076644,19.77,0.0,monthly,normalized_exact,0.7,valid,Pre-monsoon_WL_1994-2025.pdf,GWRA_2025.pdf,IMD Gridded Rainfall (0.25x0.25 deg),local_pdf,local_pdf,official_web_fallback,pdf_text,pdf_table,netcdf_spatial_lookup,201,NULL,NULL,https://cgwb.gov.in
meghalaya,south west garo hills,betasing,betasing,Betasing,Betasing Station,25.51339,89.95672,2025,3,Pre-monsoon,2.75,2025.0,Safe,0.079896,0.0387598,0.0076644,19.77,0.0,monthly,normalized_exact,0.7,valid,Pre-monsoon_WL_1994-2025.pdf,GWRA_2025.pdf,IMD Gridded Rainfall (0.25x0.25 deg),local_pdf,local_pdf,official_web_fallback,pdf_text,pdf_table,netcdf_spatial_lookup,201,NULL,NULL,https://cgwb.gov.in
meghalaya,south west garo hills,rerapara,rerapara,Chimesengre,Chimesengre Station,25.53369,90.10868,2025,3,Pre-monsoon,2.91,2025.0,Safe,0.079896,0.0387598,0.0076644,19.77,0.0,monthly,normalized_exact,0.7,valid,Pre-monsoon_WL_1994-2025.pdf,GWRA_2025.pdf,IMD Gridded Rainfall (0.25x0.25 deg),local_pdf,local_pdf,official_web_fallback,pdf_text,pdf_table,netcdf_spatial_lookup,201,NULL,NULL,https://cgwb.gov.in
meghalaya,south west garo hills,rerapara,rerapara,Garobandha,Garobandha Station,25.58028,90.02222,2025,3,Pre-monsoon,2.37,2025.0,Safe,0.079896,0.0387598,0.0076644,19.77,0.0,monthly,normalized_exact,0.7,valid,Pre-monsoon_WL_1994-2025.pdf,GWRA_2025.pdf,IMD Gridded Rainfall (0.25x0.25 deg),local_pdf,local_pdf,official_web_fallback,pdf_text,pdf_table,netcdf_spatial_lookup,201,NULL,NULL,https://cgwb.gov.in
meghalaya,south west garo hills,zikzak,zikzak,Mahendraganj,Mahendraganj Station,25.3,89.85972,2025,3,Pre-monsoon,3.04,2025.0,Safe,0.079896,0.0387598,0.0076644,19.77,NULL,NULL,normalized_exact,0.7,valid,Pre-monsoon_WL_1994-2025.pdf,GWRA_2025.pdf,NULL,local_pdf,local_pdf,official_web_fallback,pdf_text,pdf_table,NULL,201,NULL,NULL,https://cgwb.gov.in
meghalaya,west garo hills,batabari,batabari,Rajabala,Rajabala Station,25.75556,89.98083,2025,3,Pre-monsoon,3.51,2025.0,Safe,0.2912522,0.1904695,0.036739,19.29,0.0,monthly,normalized_exact,0.7,valid,Pre-monsoon_WL_1994-2025.pdf,GWRA_2025.pdf,IMD Gridded Rainfall (0.25x0.25 deg),local_pdf,local_pdf,official_web_fallback,pdf_text,pdf_table,netcdf_spatial_lookup,201,NULL,NULL,https://cgwb.gov.in
meghalaya,west garo hills,dalu,dalu,Dalu,Dalu Station,25.22778,90.2125,2025,3,Pre-monsoon,4.75,2025.0,Safe,0.2912522,0.1904695,0.036739,19.29,0.6019943952560425,monthly,normalized_exact,0.7,valid,Pre-monsoon_WL_1994-2025.pdf,GWRA_2025.pdf,IMD Gridded Rainfall (0.25x0.25 deg),local_pdf,local_pdf,official_web_fallback,pdf_text,pdf_table,netcdf_spatial_lookup,201,NULL,NULL,https://cgwb.gov.in
meghalaya,west garo hills,dalu,dalu,Kherapara Bazar,Kherapara Bazar Station,25.34467,90.21564,2025,3,Pre-monsoon,3.65,2025.0,Safe,0.2912522,0.1904695,0.036739,19.29,0.6019943952560425,monthly,normalized_exact,0.7,valid,Pre-monsoon_WL_1994-2025.pdf,GWRA_2025.pdf,IMD Gridded Rainfall (0.25x0.25 deg),local_pdf,local_pdf,official_web_fallback,pdf_text,pdf_table,netcdf_spatial_lookup,201,NULL,NULL,https://cgwb.gov.in
meghalaya,west garo hills,dalu,dalu,Porakhasia,Porakhasia Station,25.3,90.01667,2025,3,Pre-monsoon,3.45,2025.0,Safe,0.2912522,0.1904695,0.036739,19.29,NULL,NULL,normalized_exact,0.7,valid,Pre-monsoon_WL_1994-2025.pdf,GWRA_2025.pdf,NULL,local_pdf,local_pdf,official_web_fallback,pdf_text,pdf_table,NULL,201,NULL,NULL,https://cgwb.gov.in
meghalaya,west garo hills,demdema,demdema,Nidanpur,Nidanpur Station,25.9125,90.12778,2025,3,Pre-monsoon,3.1,2025.0,Safe,0.2912522,0.1904695,0.036739,19.29,3.464308738708496,monthly,normalized_exact,0.7,valid,Pre-monsoon_WL_1994-2025.pdf,GWRA_2025.pdf,IMD Gridded Rainfall (0.25x0.25 deg),local_pdf,local_pdf,official_web_fallback,pdf_text,pdf_table,netcdf_spatial_lookup,201,NULL,NULL,https://cgwb.gov.in
meghalaya,west garo hills,rongram,rongram,Asanang,Asanang Station,25.59944,90.27556,2025,3,Pre-monsoon,2.32,2025.0,Safe,0.2912522,0.1904695,0.036739,19.29,0.172715738415718,monthly,normalized_exact,0.7,valid,Pre-monsoon_WL_1994-2025.pdf,GWRA_2025.pdf,IMD Gridded Rainfall (0.25x0.25 deg),local_pdf,local_pdf,official_web_fallback,pdf_text,pdf_table,netcdf_spatial_lookup,201,NULL,NULL,https://cgwb.gov.in
meghalaya,west garo hills,rongram,rongram,Baljek,Baljek Station,25.66439,90.34159,2025,3,Pre-monsoon,2.7,2025.0,Safe,0.2912522,0.1904695,0.036739,19.29,0.9583271741867064,monthly,normalized_exact,0.7,valid,Pre-monsoon_WL_1994-2025.pdf,GWRA_2025.pdf,IMD Gridded Rainfall (0.25x0.25 deg),local_pdf,local_pdf,official_web_fallback,pdf_text,pdf_table,netcdf_spatial_lookup,201,NULL,NULL,https://cgwb.gov.in
meghalaya,west garo hills,rongram,rongram,Baljek New,Baljek New Station,25.66057,90.33997,2025,3,Pre-monsoon,1.97,2025.0,Safe,0.2912522,0.1904695,0.036739,19.29,0.9583271741867064,monthly,normalized_exact,0.7,valid,Pre-monsoon_WL_1994-2025.pdf,GWRA_2025.pdf,IMD Gridded Rainfall (0.25x0.25 deg),local_pdf,local_pdf,official_web_fallback,pdf_text,pdf_table,netcdf_spatial_lookup,201,NULL,NULL,https://cgwb.gov.in
meghalaya,west garo hills,rongram,rongram,Rongram,Rongram Station,25.59408,90.24997,2025,3,Pre-monsoon,3.98,2025.0,Safe,0.2912522,0.1904695,0.036739,19.29,0.172715738415718,monthly,normalized_exact,0.7,valid,Pre-monsoon_WL_1994-2025.pdf,GWRA_2025.pdf,IMD Gridded Rainfall (0.25x0.25 deg),local_pdf,local_pdf,official_web_fallback,pdf_text,pdf_table,netcdf_spatial_lookup,201,NULL,NULL,https://cgwb.gov.in
meghalaya,west garo hills,salsella,salsella,Balachanda,Balachanda Station,25.75114,89.99931,2025,3,Pre-monsoon,4.41,2025.0,Safe,0.2912522,0.1904695,0.036739,19.29,0.0,monthly,normalized_exact,0.7,valid,Pre-monsoon_WL_1994-2025.pdf,GWRA_2025.pdf,IMD Gridded Rainfall (0.25x0.25 deg),local_pdf,local_pdf,official_web_fallback,pdf_text,pdf_table,netcdf_spatial_lookup,201,NULL,NULL,https://cgwb.gov.in
meghalaya,west garo hills,salsella,salsella,Damjongre,Damjongre Station,25.61354,90.0359,2025,3,Pre-monsoon,3.57,2025.0,Safe,0.2912522,0.1904695,0.036739,19.29,0.0,monthly,normalized_exact,0.7,valid,Pre-monsoon_WL_1994-2025.pdf,GWRA_2025.pdf,IMD Gridded Rainfall (0.25x0.25 deg),local_pdf,local_pdf,official_web_fallback,pdf_text,pdf_table,netcdf_spatial_lookup,201,NULL,NULL,https://cgwb.gov.in
meghalaya,west garo hills,salsella,salsella,Phulbari,Phulbari Station,25.88333,90.05,2025,3,Pre-monsoon,3.85,2025.0,Safe,0.2912522,0.1904695,0.036739,19.29,1.6383484601974487,monthly,normalized_exact,0.7,valid,Pre-monsoon_WL_1994-2025.pdf,GWRA_2025.pdf,IMD Gridded Rainfall (0.25x0.25 deg),local_pdf,local_pdf,official_web_fallback,pdf_text,pdf_table,netcdf_spatial_lookup,201,NULL,NULL,https://cgwb.gov.in
meghalaya,west garo hills,salsella,salsella,Salsella,Salsella Station,25.69472,90.01389,2025,3,Pre-monsoon,2.64,2025.0,Safe,0.2912522,0.1904695,0.036739,19.29,0.0,monthly,normalized_exact,0.7,valid,Pre-monsoon_WL_1994-2025.pdf,GWRA_2025.pdf,IMD Gridded Rainfall (0.25x0.25 deg),local_pdf,local_pdf,official_web_fallback,pdf_text,pdf_table,netcdf_spatial_lookup,201,NULL,NULL,https://cgwb.gov.in
meghalaya,west garo hills,tikrikilla,tikrikilla,Belguri,Belguri Station,25.96389,90.34278,2025,3,Pre-monsoon,5.26,2025.0,Safe,0.2912522,0.1904695,0.036739,19.29,3.464308738708496,monthly,normalized_exact,0.7,valid,Pre-monsoon_WL_1994-2025.pdf,GWRA_2025.pdf,IMD Gridded Rainfall (0.25x0.25 deg),local_pdf,local_pdf,official_web_fallback,pdf_text,pdf_table,netcdf_spatial_lookup,201,NULL,NULL,https://cgwb.gov.in
meghalaya,west garo hills,tikrikilla,tikrikilla,Phutamamri,Phutamamri Station,25.94333,90.22,2025,3,Pre-monsoon,3.38,2025.0,Safe,0.2912522,0.1904695,0.036739,19.29,3.464308738708496,monthly,normalized_exact,0.7,valid,Pre-monsoon_WL_1994-2025.pdf,GWRA_2025.pdf,IMD Gridded Rainfall (0.25x0.25 deg),local_pdf,local_pdf,official_web_fallback,pdf_text,pdf_table,netcdf_spatial_lookup,201,NULL,NULL,https://cgwb.gov.in
meghalaya,west garo hills,tikrikilla,tikrikilla,Tikrikilla,Tikrikilla Station,25.94583,90.24444,2025,3,Pre-monsoon,3.38,2025.0,Safe,0.2912522,0.1904695,0.036739,19.29,3.464308738708496,monthly,normalized_exact,0.7,valid,Pre-monsoon_WL_1994-2025.pdf,GWRA_2025.pdf,IMD Gridded Rainfall (0.25x0.25 deg),local_pdf,local_pdf,official_web_fallback,pdf_text,pdf_table,netcdf_spatial_lookup,201,NULL,NULL,https://cgwb.gov.in
meghalaya,west jaintia hills,amlarem,amlarem,Dauki,Dauki Station,25.2,92.03333,2025,3,Pre-monsoon,1.3,2025.0,Safe,0.1116346999999999,0.1004712,0.0061129999999999,6.08,9.60516357421875,monthly,normalized_exact,0.7,valid,Pre-monsoon_WL_1994-2025.pdf,GWRA_2025.pdf,IMD Gridded Rainfall (0.25x0.25 deg),local_pdf,local_pdf,official_web_fallback,pdf_text,pdf_table,netcdf_spatial_lookup,201,NULL,NULL,https://cgwb.gov.in
meghalaya,west jaintia hills,thadlaskein,thadlaskein,Jowai,Jowai Station,25.44167,92.175,2025,3,Pre-monsoon,0.57,2025.0,Safe,0.1116346999999999,0.1004712,0.0061129999999999,6.08,19.935821533203125,monthly,normalized_exact,0.7,valid,Pre-monsoon_WL_1994-2025.pdf,GWRA_2025.pdf,IMD Gridded Rainfall (0.25x0.25 deg),local_pdf,local_pdf,official_web_fallback,pdf_text,pdf_table,netcdf_spatial_lookup,201,NULL,NULL,https://cgwb.gov.in
meghalaya,west khasi hills,mawshynrut,mawshynrut,Nongshram Bolking,Nongshram Bolking Station,25.5771,90.80751,2025,3,Pre-monsoon,2.18,2025.0,Safe,0.339654,0.3056885,0.0046341,1.52,4.708145618438721,monthly,normalized_exact,0.7,valid,Pre-monsoon_WL_1994-2025.pdf,GWRA_2025.pdf,IMD Gridded Rainfall (0.25x0.25 deg),local_pdf,local_pdf,official_web_fallback,pdf_text,pdf_table,netcdf_spatial_lookup,201,NULL,NULL,https://cgwb.gov.in
meghalaya,west khasi hills,shallang,shallang,Nongdaju,Nongdaju Station,25.55056,90.91861,2025,3,Pre-monsoon,3.47,2025.0,Safe,0.339654,0.3056885,0.0046341,1.52,6.997945308685303,monthly,normalized_exact,0.7,valid,Pre-monsoon_WL_1994-2025.pdf,GWRA_2025.pdf,IMD Gridded Rainfall (0.25x0.25 deg),local_pdf,local_pdf,official_web_fallback,pdf_text,pdf_table,netcdf_spatial_lookup,201,NULL,NULL,https://cgwb.gov.in
meghalaya,east garo hills,dambo rongjeng,dambo rongjeng,Darugiri New,Darugiri New Station,25.6147,90.76002,2024,3,Pre-monsoon,4.5,2025.0,Safe,0.0849275,0.0764346,0.003461,4.53,NULL,NULL,normalized_exact,0.7,valid,Pre-monsoon_WL_1994-2025.pdf,GWRA_2025.pdf,NULL,local_pdf,local_pdf,official_web_fallback,pdf_text,pdf_table,NULL,608,NULL,NULL,https://cgwb.gov.in
meghalaya,east garo hills,dambo rongjeng,dambo rongjeng,Narringirri,Narringirri Station,25.61028,90.73972,2024,3,Pre-monsoon,3.0,2025.0,Safe,0.0849275,0.0764346,0.003461,4.53,NULL,NULL,normalized_exact,0.7,valid,Pre-monsoon_WL_1994-2025.pdf,GWRA_2025.pdf,NULL,local_pdf,local_pdf,official_web_fallback,pdf_text,pdf_table,NULL,608,NULL,NULL,https://cgwb.gov.in
meghalaya,east garo hills,dambo rongjeng,dambo rongjeng,Rongjeng,Rongjeng Station,25.66667,90.80417,2024,3,Pre-monsoon,4.8,2025.0,Safe,0.0849275,0.0764346,0.003461,4.53,NULL,NULL,normalized_exact,0.7,valid,Pre-monsoon_WL_1994-2025.pdf,GWRA_2025.pdf,NULL,local_pdf,local_pdf,official_web_fallback,pdf_text,pdf_table,NULL,608,NULL,NULL,https://cgwb.gov.in
meghalaya,east garo hills,dambo rongjeng,dambo rongjeng,Rongmil,Rongmil Station,25.73611,90.82444,2024,3,Pre-monsoon,3.5,2025.0,Safe,0.0849275,0.0764346,0.003461,4.53,NULL,NULL,normalized_exact,0.7,valid,Pre-monsoon_WL_1994-2025.pdf,GWRA_2025.pdf,NULL,local_pdf,local_pdf,official_web_fallback,pdf_text,pdf_table,NULL,608,NULL,NULL,https://cgwb.gov.in
meghalaya,east garo hills,samanda,samanda,Baiza Rongreng,Baiza Rongreng Station,25.5425,90.585,2024,3,Pre-monsoon,3.5,2025.0,Safe,0.0849275,0.0764346,0.003461,4.53,NULL,NULL,normalized_exact,0.7,valid,Pre-monsoon_WL_1994-2025.pdf,GWRA_2025.pdf,NULL,local_pdf,local_pdf,official_web_fallback,pdf_text,pdf_table,NULL,608,NULL,NULL,https://cgwb.gov.in
meghalaya,east garo hills,samanda,samanda,Samanda Megapagre,Samanda Megapagre Station,25.58004,90.52681,2024,3,Pre-monsoon,1.2,2025.0,Safe,0.0849275,0.0764346,0.003461,4.53,NULL,NULL,normalized_exact,0.7,valid,Pre-monsoon_WL_1994-2025.pdf,GWRA_2025.pdf,NULL,local_pdf,local_pdf,official_web_fallback,pdf_text,pdf_table,NULL,608,NULL,NULL,https://cgwb.gov.in
meghalaya,east garo hills,samanda,samanda,Williamnagar,Williamnagar Station,25.51,90.51944,2024,3,Pre-monsoon,1.7,2025.0,Safe,0.0849275,0.0764346,0.003461,4.53,NULL,NULL,normalized_exact,0.7,valid,Pre-monsoon_WL_1994-2025.pdf,GWRA_2025.pdf,NULL,local_pdf,local_pdf,official_web_fallback,pdf_text,pdf_table,NULL,608,NULL,NULL,https://cgwb.gov.in
meghalaya,east garo hills,songsak,songsak,Dobu,Dobu Station,25.55612,90.71481,2024,3,Pre-monsoon,3.5,2025.0,Safe,0.0849275,0.0764346,0.003461,4.53,NULL,NULL,normalized_exact,0.7,valid,Pre-monsoon_WL_1994-2025.pdf,GWRA_2025.pdf,NULL,local_pdf,local_pdf,official_web_fallback,pdf_text,pdf_table,NULL,608,NULL,NULL,https://cgwb.gov.in
meghalaya,east garo hills,songsak,songsak,Songsak New,Songsak New Station,25.65135,90.61052,2024,3,Pre-monsoon,2.8,2025.0,Safe,0.0849275,0.0764346,0.003461,4.53,NULL,NULL,normalized_exact,0.7,valid,Pre-monsoon_WL_1994-2025.pdf,GWRA_2025.pdf,NULL,local_pdf,local_pdf,official_web_fallback,pdf_text,pdf_table,NULL,608,NULL,NULL,https://cgwb.gov.in
meghalaya,east khasi hills,mawsynram,mawsynram,Dangar,Dangar Station,25.18889,91.38139,2024,3,Pre-monsoon,2.4,2025.0,Safe,0.2181741,0.1963567,0.006982,3.56,NULL,NULL,normalized_exact,0.7,valid,Pre-monsoon_WL_1994-2025.pdf,GWRA_2025.pdf,NULL,local_pdf,local_pdf,official_web_fallback,pdf_text,pdf_table,NULL,608,NULL,NULL,https://cgwb.gov.in
meghalaya,east khasi hills,mylliem,mylliem,Lachuamiere,Lachuamiere Station,25.57056,91.89028,2024,3,Pre-monsoon,1.5,2025.0,Safe,0.2181741,0.1963567,0.006982,3.56,NULL,NULL,normalized_exact,0.7,valid,Pre-monsoon_WL_1994-2025.pdf,GWRA_2025.pdf,NULL,local_pdf,local_pdf,official_web_fallback,pdf_text,pdf_table,NULL,608,NULL,NULL,https://cgwb.gov.in
meghalaya,east khasi hills,mylliem,mylliem,Nongmynsong,Nongmynsong Station,25.57972,91.90694,2024,3,Pre-monsoon,3.0,2025.0,Safe,0.2181741,0.1963567,0.006982,3.56,NULL,NULL,normalized_exact,0.7,valid,Pre-monsoon_WL_1994-2025.pdf,GWRA_2025.pdf,NULL,local_pdf,local_pdf,official_web_fallback,pdf_text,pdf_table,NULL,608,NULL,NULL,https://cgwb.gov.in
meghalaya,east khasi hills,mylliem,mylliem,Shillong Golf Link,Shillong Golf Link Station,25.58194,91.89444,2024,3,Pre-monsoon,8.7,2025.0,Safe,0.2181741,0.1963567,0.006982,3.56,NULL,NULL,normalized_exact,0.7,valid,Pre-monsoon_WL_1994-2025.pdf,GWRA_2025.pdf,NULL,local_pdf,local_pdf,official_web_fallback,pdf_text,pdf_table,NULL,608,NULL,NULL,https://cgwb.gov.in
meghalaya,east khasi hills,mylliem,mylliem,Water Resources Dept,Water Resources Dept Station,25.56556,91.89611,2024,3,Pre-monsoon,2.3,2025.0,Safe,0.2181741,0.1963567,0.006982,3.56,NULL,NULL,normalized_exact,0.7,valid,Pre-monsoon_WL_1994-2025.pdf,GWRA_2025.pdf,NULL,local_pdf,local_pdf,official_web_fallback,pdf_text,pdf_table,NULL,608,NULL,NULL,https://cgwb.gov.in
meghalaya,east khasi hills,shella bholaganj,shella bholaganj,Cherrapunji,Cherrapunji Station,25.28333,91.71667,2024,3,Pre-monsoon,0.3,2025.0,Safe,0.2181741,0.1963567,0.006982,3.56,NULL,NULL,normalized_exact,0.7,valid,Pre-monsoon_WL_1994-2025.pdf,GWRA_2025.pdf,NULL,local_pdf,local_pdf,official_web_fallback,pdf_text,pdf_table,NULL,608,NULL,NULL,https://cgwb.gov.in
meghalaya,east khasi hills,shella bholaganj,shella bholaganj,Ichamati,Ichamati Station,25.165,91.68683,2024,3,Pre-monsoon,1.3,2025.0,Safe,0.2181741,0.1963567,0.006982,3.56,NULL,NULL,normalized_exact,0.7,valid,Pre-monsoon_WL_1994-2025.pdf,GWRA_2025.pdf,NULL,local_pdf,local_pdf,official_web_fallback,pdf_text,pdf_table,NULL,608,NULL,NULL,https://cgwb.gov.in
meghalaya,east khasi hills,shella bholaganj,shella bholaganj,Nit Cherrapunji1,Nit Cherrapunji1 Station,25.25028,91.74417,2024,3,Pre-monsoon,5.4,2025.0,Safe,0.2181741,0.1963567,0.006982,3.56,NULL,NULL,normalized_exact,0.7,valid,Pre-monsoon_WL_1994-2025.pdf,GWRA_2025.pdf,NULL,local_pdf,local_pdf,official_web_fallback,pdf_text,pdf_table,NULL,608,NULL,NULL,https://cgwb.gov.in
meghalaya,west khasi hills,Mairang,Mairang,Mairang N,Mairang N Station,25.56222,91.63917,2024,3,Pre-monsoon,1.1,2025.0,NULL,0.339654,0.3056885,0.0046341,1.52,NULL,NULL,historical_mapping,0.5,valid,Pre-monsoon_WL_1994-2025.pdf,GWRA_2025.pdf,NULL,local_pdf,local_pdf,official_web_fallback,pdf_text,pdf_table,NULL,608,NULL,NULL,https://cgwb.gov.in
meghalaya,north garo hills,bajengdoba,bajengdoba,Bajengdoba,Bajengdoba Station,25.88611,90.5125,2024,3,Pre-monsoon,3.9,2025.0,Safe,0.0986029,0.0774368,0.0049870999999999,6.44,NULL,NULL,normalized_exact,0.7,valid,Pre-monsoon_WL_1994-2025.pdf,GWRA_2025.pdf,NULL,local_pdf,local_pdf,official_web_fallback,pdf_text,pdf_table,NULL,608,NULL,NULL,https://cgwb.gov.in
meghalaya,north garo hills,bajengdoba,bajengdoba,Snalgre,Snalgre Station,25.74882,90.40422,2024,3,Pre-monsoon,1.7,2025.0,Safe,0.0986029,0.0774368,0.0049870999999999,6.44,NULL,NULL,normalized_exact,0.7,valid,Pre-monsoon_WL_1994-2025.pdf,GWRA_2025.pdf,NULL,local_pdf,local_pdf,official_web_fallback,pdf_text,pdf_table,NULL,608,NULL,NULL,https://cgwb.gov.in
meghalaya,north garo hills,kharkutta,kharkutta,Kharkutta,Kharkutta Station,25.90556,90.89444,2024,3,Pre-monsoon,2.2,2025.0,Safe,0.0986029,0.0774368,0.0049870999999999,6.44,NULL,NULL,normalized_exact,0.7,valid,Pre-monsoon_WL_1994-2025.pdf,GWRA_2025.pdf,NULL,local_pdf,local_pdf,official_web_fallback,pdf_text,pdf_table,NULL,608,NULL,NULL,https://cgwb.gov.in
meghalaya,north garo hills,kharkutta,kharkutta,Wageasi,Wageasi Station,25.82235,90.78752,2024,3,Pre-monsoon,2.9,2025.0,Safe,0.0986029,0.0774368,0.0049870999999999,6.44,NULL,NULL,normalized_exact,0.7,valid,Pre-monsoon_WL_1994-2025.pdf,GWRA_2025.pdf,NULL,local_pdf,local_pdf,official_web_fallback,pdf_text,pdf_table,NULL,608,NULL,NULL,https://cgwb.gov.in
meghalaya,north garo hills,resubelpara,resubelpara,Dainadubi,Dainadubi Station,25.89889,90.7775,2024,3,Pre-monsoon,3.4,2025.0,Safe,0.0986029,0.0774368,0.0049870999999999,6.44,NULL,NULL,normalized_exact,0.7,valid,Pre-monsoon_WL_1994-2025.pdf,GWRA_2025.pdf,NULL,local_pdf,local_pdf,official_web_fallback,pdf_text,pdf_table,NULL,608,NULL,NULL,https://cgwb.gov.in
meghalaya,north garo hills,resubelpara,resubelpara,Mendal,Mendal Station,25.82472,90.46583,2024,3,Pre-monsoon,2.0,2025.0,Safe,0.0986029,0.0774368,0.0049870999999999,6.44,NULL,NULL,normalized_exact,0.7,valid,Pre-monsoon_WL_1994-2025.pdf,GWRA_2025.pdf,NULL,local_pdf,local_pdf,official_web_fallback,pdf_text,pdf_table,NULL,608,NULL,NULL,https://cgwb.gov.in
meghalaya,north garo hills,resubelpara,resubelpara,Mendipathar Soksan,Mendipathar Soksan Station,25.89722,90.64435,2024,3,Pre-monsoon,5.2,2025.0,Safe,0.0986029,0.0774368,0.0049870999999999,6.44,NULL,NULL,normalized_exact,0.7,valid,Pre-monsoon_WL_1994-2025.pdf,GWRA_2025.pdf,NULL,local_pdf,local_pdf,official_web_fallback,pdf_text,pdf_table,NULL,608,NULL,NULL,https://cgwb.gov.in
meghalaya,ri bhoi,jirang,jirang,Patharkhamma Barigaon,Patharkhamma Barigaon Station,25.87139,91.59472,2024,3,Pre-monsoon,5.9,2025.0,Safe,0.0648369999999999,0.0583534,0.0035481,6.08,NULL,NULL,normalized_exact,0.7,valid,Pre-monsoon_WL_1994-2025.pdf,GWRA_2025.pdf,NULL,local_pdf,local_pdf,official_web_fallback,pdf_text,pdf_table,NULL,608,NULL,NULL,https://cgwb.gov.in
meghalaya,ri bhoi,nongpoh,nongpoh,Nongpoh,Nongpoh Station,25.9,91.88333,2024,3,Pre-monsoon,4.3,2025.0,Safe,0.0648369999999999,0.0583534,0.0035481,6.08,NULL,NULL,normalized_exact,0.7,valid,Pre-monsoon_WL_1994-2025.pdf,GWRA_2025.pdf,NULL,local_pdf,local_pdf,official_web_fallback,pdf_text,pdf_table,NULL,608,NULL,NULL,https://cgwb.gov.in
meghalaya,ri bhoi,umling,umling,Byrnihat,Byrnihat Station,26.04889,91.86889,2024,3,Pre-monsoon,3.2,2025.0,Safe,0.0648369999999999,0.0583534,0.0035481,6.08,NULL,NULL,normalized_exact,0.7,valid,Pre-monsoon_WL_1994-2025.pdf,GWRA_2025.pdf,NULL,local_pdf,local_pdf,official_web_fallback,pdf_text,pdf_table,NULL,609,NULL,NULL,https://cgwb.gov.in
meghalaya,ri bhoi,umling,umling,Lower Balian,Lower Balian Station,26.028,91.846,2024,3,Pre-monsoon,3.6,2025.0,Safe,0.0648369999999999,0.0583534,0.0035481,6.08,NULL,NULL,normalized_exact,0.7,valid,Pre-monsoon_WL_1994-2025.pdf,GWRA_2025.pdf,NULL,local_pdf,local_pdf,official_web_fallback,pdf_text,pdf_table,NULL,609,NULL,NULL,https://cgwb.gov.in
meghalaya,ri bhoi,umling,umling,Pahanmawlien,Pahanmawlien Station,25.99472,91.86167,2024,3,Pre-monsoon,1.0,2025.0,Safe,0.0648369999999999,0.0583534,0.0035481,6.08,NULL,NULL,normalized_exact,0.7,valid,Pre-monsoon_WL_1994-2025.pdf,GWRA_2025.pdf,NULL,local_pdf,local_pdf,official_web_fallback,pdf_text,pdf_table,NULL,609,NULL,NULL,https://cgwb.gov.in
meghalaya,ri bhoi,umling,umling,Tamenpoanglong,Tamenpoanglong Station,25.92583,91.94472,2024,3,Pre-monsoon,2.3,2025.0,Safe,0.0648369999999999,0.0583534,0.0035481,6.08,NULL,NULL,normalized_exact,0.7,valid,Pre-monsoon_WL_1994-2025.pdf,GWRA_2025.pdf,NULL,local_pdf,local_pdf,official_web_fallback,pdf_text,pdf_table,NULL,609,NULL,NULL,https://cgwb.gov.in
meghalaya,ri bhoi,umsning,umsning,Nayabunglow,Nayabunglow Station,25.74667,91.88667,2024,3,Pre-monsoon,4.6,2025.0,Safe,0.0648369999999999,0.0583534,0.0035481,6.08,NULL,NULL,normalized_exact,0.7,valid,Pre-monsoon_WL_1994-2025.pdf,GWRA_2025.pdf,NULL,local_pdf,local_pdf,official_web_fallback,pdf_text,pdf_table,NULL,609,NULL,NULL,https://cgwb.gov.in
meghalaya,south garo hills,baghmara,baghmara,Baghmara,Baghmara Station,25.20417,90.63194,2024,3,Pre-monsoon,2.0,2025.0,Safe,0.2347366,0.2112628,0.0025698,1.22,NULL,NULL,normalized_exact,0.7,valid,Pre-monsoon_WL_1994-2025.pdf,GWRA_2025.pdf,NULL,local_pdf,local_pdf,official_web_fallback,pdf_text,pdf_table,NULL,609,NULL,NULL,https://cgwb.gov.in
meghalaya,south garo hills,baghmara,baghmara,Bamongre,Bamongre Station,25.21498,90.48371,2024,3,Pre-monsoon,3.1,2025.0,Safe,0.2347366,0.2112628,0.0025698,1.22,NULL,NULL,normalized_exact,0.7,valid,Pre-monsoon_WL_1994-2025.pdf,GWRA_2025.pdf,NULL,local_pdf,local_pdf,official_web_fallback,pdf_text,pdf_table,NULL,609,NULL,NULL,https://cgwb.gov.in
meghalaya,south garo hills,baghmara,baghmara,Dopha-Adan,Dopha-Adan Station,25.20194,90.61611,2024,3,Pre-monsoon,1.5,2025.0,Safe,0.2347366,0.2112628,0.0025698,1.22,NULL,NULL,normalized_exact,0.7,valid,Pre-monsoon_WL_1994-2025.pdf,GWRA_2025.pdf,NULL,local_pdf,local_pdf,official_web_fallback,pdf_text,pdf_table,NULL,609,NULL,NULL,https://cgwb.gov.in
meghalaya,south garo hills,chokpot,chokpot,Betagre,Betagre Station,25.25028,90.48694,2024,3,Pre-monsoon,2.8,2025.0,Safe,0.2347366,0.2112628,0.0025698,1.22,NULL,NULL,normalized_exact,0.7,valid,Pre-monsoon_WL_1994-2025.pdf,GWRA_2025.pdf,NULL,local_pdf,local_pdf,official_web_fallback,pdf_text,pdf_table,NULL,609,NULL,NULL,https://cgwb.gov.in
meghalaya,south garo hills,chokpot,chokpot,Glmatkolgre,Glmatkolgre Station,25.28694,90.43444,2024,3,Pre-monsoon,2.8,2025.0,Safe,0.2347366,0.2112628,0.0025698,1.22,NULL,NULL,normalized_exact,0.7,valid,Pre-monsoon_WL_1994-2025.pdf,GWRA_2025.pdf,NULL,local_pdf,local_pdf,official_web_fallback,pdf_text,pdf_table,NULL,609,NULL,NULL,https://cgwb.gov.in
meghalaya,south garo hills,gasuapara,gasuapara,Chirenpara,Chirenpara Station,25.20722,90.27139,2024,3,Pre-monsoon,3.5,2025.0,Safe,0.2347366,0.2112628,0.0025698,1.22,NULL,NULL,normalized_exact,0.7,valid,Pre-monsoon_WL_1994-2025.pdf,GWRA_2025.pdf,NULL,local_pdf,local_pdf,official_web_fallback,pdf_text,pdf_table,NULL,609,NULL,NULL,https://cgwb.gov.in
meghalaya,south garo hills,gasuapara,gasuapara,Dumnikura,Dumnikura Station,25.185,90.38917,2024,3,Pre-monsoon,3.3,2025.0,Safe,0.2347366,0.2112628,0.0025698,1.22,NULL,NULL,normalized_exact,0.7,valid,Pre-monsoon_WL_1994-2025.pdf,GWRA_2025.pdf,NULL,local_pdf,local_pdf,official_web_fallback,pdf_text,pdf_table,NULL,609,NULL,NULL,https://cgwb.gov.in
meghalaya,south garo hills,gasuapara,gasuapara,Gasuapara,Gasuapara Station,25.19417,90.34889,2024,3,Pre-monsoon,2.6,2025.0,Safe,0.2347366,0.2112628,0.0025698,1.22,NULL,NULL,normalized_exact,0.7,valid,Pre-monsoon_WL_1994-2025.pdf,GWRA_2025.pdf,NULL,local_pdf,local_pdf,official_web_fallback,pdf_text,pdf_table,NULL,609,NULL,NULL,https://cgwb.gov.in
meghalaya,south garo hills,gasuapara,gasuapara,Konduk,Konduk Station,25.19333,90.35694,2024,3,Pre-monsoon,3.5,2025.0,Safe,0.2347366,0.2112628,0.0025698,1.22,NULL,NULL,normalized_exact,0.7,valid,Pre-monsoon_WL_1994-2025.pdf,GWRA_2025.pdf,NULL,local_pdf,local_pdf,official_web_fallback,pdf_text,pdf_table,NULL,609,NULL,NULL,https://cgwb.gov.in
meghalaya,south garo hills,gasuapara,gasuapara,Mandangre,Mandangre Station,25.16833,90.47833,2024,3,Pre-monsoon,1.3,2025.0,Safe,0.2347366,0.2112628,0.0025698,1.22,NULL,NULL,normalized_exact,0.7,valid,Pre-monsoon_WL_1994-2025.pdf,GWRA_2025.pdf,NULL,local_pdf,local_pdf,official_web_fallback,pdf_text,pdf_table,NULL,609,NULL,NULL,https://cgwb.gov.in
meghalaya,south west garo hills,betasing,betasing,Ampati,Ampati Station,25.5,89.95833,2024,3,Pre-monsoon,2.4,2025.0,Safe,0.079896,0.0387598,0.0076644,19.77,NULL,NULL,normalized_exact,0.7,valid,Pre-monsoon_WL_1994-2025.pdf,GWRA_2025.pdf,NULL,local_pdf,local_pdf,official_web_fallback,pdf_text,pdf_table,NULL,609,NULL,NULL,https://cgwb.gov.in
meghalaya,south west garo hills,betasing,betasing,Ampati New,Ampati New Station,25.47504,89.93387,2024,3,Pre-monsoon,1.4,2025.0,Safe,0.079896,0.0387598,0.0076644,19.77,NULL,NULL,normalized_exact,0.7,valid,Pre-monsoon_WL_1994-2025.pdf,GWRA_2025.pdf,NULL,local_pdf,local_pdf,official_web_fallback,pdf_text,pdf_table,NULL,609,NULL,NULL,https://cgwb.gov.in
meghalaya,south west garo hills,betasing,betasing,Betasing,Betasing Station,25.51339,89.95672,2024,3,Pre-monsoon,2.5,2025.0,Safe,0.079896,0.0387598,0.0076644,19.77,NULL,NULL,normalized_exact,0.7,valid,Pre-monsoon_WL_1994-2025.pdf,GWRA_2025.pdf,NULL,local_pdf,local_pdf,official_web_fallback,pdf_text,pdf_table,NULL,609,NULL,NULL,https://cgwb.gov.in
meghalaya,south west garo hills,rerapara,rerapara,Chimesengre,Chimesengre Station,25.53369,90.10868,2024,3,Pre-monsoon,2.2,2025.0,Safe,0.079896,0.0387598,0.0076644,19.77,NULL,NULL,normalized_exact,0.7,valid,Pre-monsoon_WL_1994-2025.pdf,GWRA_2025.pdf,NULL,local_pdf,local_pdf,official_web_fallback,pdf_text,pdf_table,NULL,609,NULL,NULL,https://cgwb.gov.in
meghalaya,south west garo hills,rerapara,rerapara,Garobandha,Garobandha Station,25.58028,90.02222,2024,3,Pre-monsoon,4.8,2025.0,Safe,0.079896,0.0387598,0.0076644,19.77,NULL,NULL,normalized_exact,0.7,valid,Pre-monsoon_WL_1994-2025.pdf,GWRA_2025.pdf,NULL,local_pdf,local_pdf,official_web_fallback,pdf_text,pdf_table,NULL,609,NULL,NULL,https://cgwb.gov.in
meghalaya,south west garo hills,zikzak,zikzak,Mahendraganj,Mahendraganj Station,25.3,89.85972,2024,3,Pre-monsoon,3.7,2025.0,Safe,0.079896,0.0387598,0.0076644,19.77,NULL,NULL,normalized_exact,0.7,valid,Pre-monsoon_WL_1994-2025.pdf,GWRA_2025.pdf,NULL,local_pdf,local_pdf,official_web_fallback,pdf_text,pdf_table,NULL,609,NULL,NULL,https://cgwb.gov.in
meghalaya,west garo hills,batabari,batabari,Rajabala,Rajabala Station,25.75556,89.98083,2024,3,Pre-monsoon,5.8,2025.0,Safe,0.2912522,0.1904695,0.036739,19.29,NULL,NULL,normalized_exact,0.7,valid,Pre-monsoon_WL_1994-2025.pdf,GWRA_2025.pdf,NULL,local_pdf,local_pdf,official_web_fallback,pdf_text,pdf_table,NULL,609,NULL,NULL,https://cgwb.gov.in
meghalaya,west garo hills,dalu,dalu,Dalu,Dalu Station,25.22778,90.2125,2024,3,Pre-monsoon,4.9,2025.0,Safe,0.2912522,0.1904695,0.036739,19.29,NULL,NULL,normalized_exact,0.7,valid,Pre-monsoon_WL_1994-2025.pdf,GWRA_2025.pdf,NULL,local_pdf,local_pdf,official_web_fallback,pdf_text,pdf_table,NULL,609,NULL,NULL,https://cgwb.gov.in
meghalaya,west garo hills,dalu,dalu,Kherapara Bazar,Kherapara Bazar Station,25.34467,90.21565,2024,3,Pre-monsoon,3.9,2025.0,Safe,0.2912522,0.1904695,0.036739,19.29,NULL,NULL,normalized_exact,0.7,valid,Pre-monsoon_WL_1994-2025.pdf,GWRA_2025.pdf,NULL,local_pdf,local_pdf,official_web_fallback,pdf_text,pdf_table,NULL,609,NULL,NULL,https://cgwb.gov.in
meghalaya,west garo hills,dalu,dalu,Porakhasia,Porakhasia Station,25.3,90.01667,2024,3,Pre-monsoon,4.8,2025.0,Safe,0.2912522,0.1904695,0.036739,19.29,NULL,NULL,normalized_exact,0.7,valid,Pre-monsoon_WL_1994-2025.pdf,GWRA_2025.pdf,NULL,local_pdf,local_pdf,official_web_fallback,pdf_text,pdf_table,NULL,609,NULL,NULL,https://cgwb.gov.in
meghalaya,west garo hills,demdema,demdema,Nidanpur,Nidanpur Station,25.9125,90.12778,2024,3,Pre-monsoon,2.6,2025.0,Safe,0.2912522,0.1904695,0.036739,19.29,NULL,NULL,normalized_exact,0.7,valid,Pre-monsoon_WL_1994-2025.pdf,GWRA_2025.pdf,NULL,local_pdf,local_pdf,official_web_fallback,pdf_text,pdf_table,NULL,609,NULL,NULL,https://cgwb.gov.in
meghalaya,west garo hills,rongram,rongram,Asanang,Asanang Station,25.59944,90.27556,2024,3,Pre-monsoon,5.4,2025.0,Safe,0.2912522,0.1904695,0.036739,19.29,NULL,NULL,normalized_exact,0.7,valid,Pre-monsoon_WL_1994-2025.pdf,GWRA_2025.pdf,NULL,local_pdf,local_pdf,official_web_fallback,pdf_text,pdf_table,NULL,609,NULL,NULL,https://cgwb.gov.in
meghalaya,west garo hills,rongram,rongram,Baljek,Baljek Station,25.66439,90.34159,2024,3,Pre-monsoon,1.6,2025.0,Safe,0.2912522,0.1904695,0.036739,19.29,NULL,NULL,normalized_exact,0.7,valid,Pre-monsoon_WL_1994-2025.pdf,GWRA_2025.pdf,NULL,local_pdf,local_pdf,official_web_fallback,pdf_text,pdf_table,NULL,609,NULL,NULL,https://cgwb.gov.in
meghalaya,west garo hills,rongram,rongram,Baljek New,Baljek New Station,25.66057,90.33997,2024,3,Pre-monsoon,1.7,2025.0,Safe,0.2912522,0.1904695,0.036739,19.29,NULL,NULL,normalized_exact,0.7,valid,Pre-monsoon_WL_1994-2025.pdf,GWRA_2025.pdf,NULL,local_pdf,local_pdf,official_web_fallback,pdf_text,pdf_table,NULL,609,NULL,NULL,https://cgwb.gov.in
meghalaya,west garo hills,rongram,rongram,Rongram,Rongram Station,25.59408,90.24997,2024,3,Pre-monsoon,3.3,2025.0,Safe,0.2912522,0.1904695,0.036739,19.29,NULL,NULL,normalized_exact,0.7,valid,Pre-monsoon_WL_1994-2025.pdf,GWRA_2025.pdf,NULL,local_pdf,local_pdf,official_web_fallback,pdf_text,pdf_table,NULL,609,NULL,NULL,https://cgwb.gov.in
meghalaya,west garo hills,salsella,salsella,Balachanda,Balachanda Station,25.75114,89.9993,2024,3,Pre-monsoon,4.7,2025.0,Safe,0.2912522,0.1904695,0.036739,19.29,NULL,NULL,normalized_exact,0.7,valid,Pre-monsoon_WL_1994-2025.pdf,GWRA_2025.pdf,NULL,local_pdf,local_pdf,official_web_fallback,pdf_text,pdf_table,NULL,609,NULL,NULL,https://cgwb.gov.in
meghalaya,west garo hills,salsella,salsella,Damjongre,Damjongre Station,25.61354,90.0359,2024,3,Pre-monsoon,4.0,2025.0,Safe,0.2912522,0.1904695,0.036739,19.29,NULL,NULL,normalized_exact,0.7,valid,Pre-monsoon_WL_1994-2025.pdf,GWRA_2025.pdf,NULL,local_pdf,local_pdf,official_web_fallback,pdf_text,pdf_table,NULL,609,NULL,NULL,https://cgwb.gov.in
meghalaya,west garo hills,salsella,salsella,Phulbari,Phulbari Station,25.88333,90.05,2024,3,Pre-monsoon,3.1,2025.0,Safe,0.2912522,0.1904695,0.036739,19.29,NULL,NULL,normalized_exact,0.7,valid,Pre-monsoon_WL_1994-2025.pdf,GWRA_2025.pdf,NULL,local_pdf,local_pdf,official_web_fallback,pdf_text,pdf_table,NULL,609,NULL,NULL,https://cgwb.gov.in
meghalaya,west garo hills,salsella,salsella,Salsella,Salsella Station,25.69472,90.01389,2024,3,Pre-monsoon,2.9,2025.0,Safe,0.2912522,0.1904695,0.036739,19.29,NULL,NULL,normalized_exact,0.7,valid,Pre-monsoon_WL_1994-2025.pdf,GWRA_2025.pdf,NULL,local_pdf,local_pdf,official_web_fallback,pdf_text,pdf_table,NULL,609,NULL,NULL,https://cgwb.gov.in
meghalaya,west garo hills,tikrikilla,tikrikilla,Belguri,Belguri Station,25.96389,90.34278,2024,3,Pre-monsoon,8.4,2025.0,Safe,0.2912522,0.1904695,0.036739,19.29,NULL,NULL,normalized_exact,0.7,valid,Pre-monsoon_WL_1994-2025.pdf,GWRA_2025.pdf,NULL,local_pdf,local_pdf,official_web_fallback,pdf_text,pdf_table,NULL,609,NULL,NULL,https://cgwb.gov.in
meghalaya,west garo hills,tikrikilla,tikrikilla,Phutamamri,Phutamamri Station,25.94333,90.22,2024,3,Pre-monsoon,3.3,2025.0,Safe,0.2912522,0.1904695,0.036739,19.29,NULL,NULL,normalized_exact,0.7,valid,Pre-monsoon_WL_1994-2025.pdf,GWRA_2025.pdf,NULL,local_pdf,local_pdf,official_web_fallback,pdf_text,pdf_table,NULL,609,NULL,NULL,https://cgwb.gov.in
meghalaya,west garo hills,tikrikilla,tikrikilla,Tikrikilla,Tikrikilla Station,25.94583,90.24444,2024,3,Pre-monsoon,3.4,2025.0,Safe,0.2912522,0.1904695,0.036739,19.29,NULL,NULL,normalized_exact,0.7,valid,Pre-monsoon_WL_1994-2025.pdf,GWRA_2025.pdf,NULL,local_pdf,local_pdf,official_web_fallback,pdf_text,pdf_table,NULL,609,NULL,NULL,https://cgwb.gov.in
meghalaya,west jaintia hills,amlarem,amlarem,Dauki,Dauki Station,25.2,92.03333,2024,3,Pre-monsoon,0.9,2025.0,Safe,0.1116346999999999,0.1004712,0.0061129999999999,6.08,NULL,NULL,normalized_exact,0.7,valid,Pre-monsoon_WL_1994-2025.pdf,GWRA_2025.pdf,NULL,local_pdf,local_pdf,official_web_fallback,pdf_text,pdf_table,NULL,609,NULL,NULL,https://cgwb.gov.in
meghalaya,west jaintia hills,thadlaskein,thadlaskein,Jowai,Jowai Station,25.44167,92.175,2024,3,Pre-monsoon,0.7,2025.0,Safe,0.1116346999999999,0.1004712,0.0061129999999999,6.08,NULL,NULL,normalized_exact,0.7,valid,Pre-monsoon_WL_1994-2025.pdf,GWRA_2025.pdf,NULL,local_pdf,local_pdf,official_web_fallback,pdf_text,pdf_table,NULL,610,NULL,NULL,https://cgwb.gov.in
meghalaya,west khasi hills,mawshynrut,mawshynrut,Nongshram Bolking,Nongshram Bolking Station,25.5771,90.80751,2024,3,Pre-monsoon,4.3,2025.0,Safe,0.339654,0.3056885,0.0046341,1.52,NULL,NULL,normalized_exact,0.7,valid,Pre-monsoon_WL_1994-2025.pdf,GWRA_2025.pdf,NULL,local_pdf,local_pdf,official_web_fallback,pdf_text,pdf_table,NULL,610,NULL,NULL,https://cgwb.gov.in
meghalaya,west khasi hills,shallang,shallang,Nongdaju,Nongdaju Station,25.55056,90.91861,2024,3,Pre-monsoon,3.1,2025.0,Safe,0.339654,0.3056885,0.0046341,1.52,NULL,NULL,normalized_exact,0.7,valid,Pre-monsoon_WL_1994-2025.pdf,GWRA_2025.pdf,NULL,local_pdf,local_pdf,official_web_fallback,pdf_text,pdf_table,NULL,610,NULL,NULL,https://cgwb.gov.in
meghalaya,east garo hills,dambo rongjeng,dambo rongjeng,Darugiri,Darugiri Station,25.61917,90.7675,2023,3,Pre-monsoon,4.4,2025.0,Safe,0.0849275,0.0764346,0.003461,4.53,NULL,NULL,normalized_exact,0.7,valid,Pre-monsoon_WL_1994-2025.pdf,GWRA_2025.pdf,NULL,local_pdf,local_pdf,official_web_fallback,pdf_text,pdf_table,NULL,1067,NULL,NULL,https://cgwb.gov.in
meghalaya,east garo hills,dambo rongjeng,dambo rongjeng,Narringirri,Narringirri Station,25.61028,90.73972,2023,3,Pre-monsoon,2.0,2025.0,Safe,0.0849275,0.0764346,0.003461,4.53,NULL,NULL,normalized_exact,0.7,valid,Pre-monsoon_WL_1994-2025.pdf,GWRA_2025.pdf,NULL,local_pdf,local_pdf,official_web_fallback,pdf_text,pdf_table,NULL,1067,NULL,NULL,https://cgwb.gov.in
meghalaya,east garo hills,dambo rongjeng,dambo rongjeng,Rongjeng,Rongjeng Station,25.66667,90.80417,2023,3,Pre-monsoon,5.2,2025.0,Safe,0.0849275,0.0764346,0.003461,4.53,NULL,NULL,normalized_exact,0.7,valid,Pre-monsoon_WL_1994-2025.pdf,GWRA_2025.pdf,NULL,local_pdf,local_pdf,official_web_fallback,pdf_text,pdf_table,NULL,1067,NULL,NULL,https://cgwb.gov.in
meghalaya,east garo hills,dambo rongjeng,dambo rongjeng,Rongmil,Rongmil Station,25.73611,90.82444,2023,3,Pre-monsoon,3.5,2025.0,Safe,0.0849275,0.0764346,0.003461,4.53,NULL,NULL,normalized_exact,0.7,valid,Pre-monsoon_WL_1994-2025.pdf,GWRA_2025.pdf,NULL,local_pdf,local_pdf,official_web_fallback,pdf_text,pdf_table,NULL,1067,NULL,NULL,https://cgwb.gov.in
meghalaya,east garo hills,samanda,samanda,Baiza Rongreng,Baiza Rongreng Station,25.5425,90.585,2023,3,Pre-monsoon,4.4,2025.0,Safe,0.0849275,0.0764346,0.003461,4.53,NULL,NULL,normalized_exact,0.7,valid,Pre-monsoon_WL_1994-2025.pdf,GWRA_2025.pdf,NULL,local_pdf,local_pdf,official_web_fallback,pdf_text,pdf_table,NULL,1067,NULL,NULL,https://cgwb.gov.in
meghalaya,east garo hills,samanda,samanda,Dobetkolgiri,Dobetkolgiri Station,25.50917,90.61167,2023,3,Pre-monsoon,2.2,2025.0,Safe,0.0849275,0.0764346,0.003461,4.53,NULL,NULL,normalized_exact,0.7,valid,Pre-monsoon_WL_1994-2025.pdf,GWRA_2025.pdf,NULL,local_pdf,local_pdf,official_web_fallback,pdf_text,pdf_table,NULL,1067,NULL,NULL,https://cgwb.gov.in
meghalaya,east garo hills,samanda,samanda,Samanda Megapagre,Samanda Megapagre Station,25.58004,90.52681,2023,3,Pre-monsoon,4.4,2025.0,Safe,0.0849275,0.0764346,0.003461,4.53,NULL,NULL,normalized_exact,0.7,valid,Pre-monsoon_WL_1994-2025.pdf,GWRA_2025.pdf,NULL,local_pdf,local_pdf,official_web_fallback,pdf_text,pdf_table,NULL,1067,NULL,NULL,https://cgwb.gov.in
meghalaya,east garo hills,samanda,samanda,Williamnagar,Williamnagar Station,25.51,90.51944,2023,3,Pre-monsoon,2.0,2025.0,Safe,0.0849275,0.0764346,0.003461,4.53,NULL,NULL,normalized_exact,0.7,valid,Pre-monsoon_WL_1994-2025.pdf,GWRA_2025.pdf,NULL,local_pdf,local_pdf,official_web_fallback,pdf_text,pdf_table,NULL,1067,NULL,NULL,https://cgwb.gov.in
meghalaya,east garo hills,songsak,songsak,Dobu,Dobu Station,25.55612,90.71481,2023,3,Pre-monsoon,3.2,2025.0,Safe,0.0849275,0.0764346,0.003461,4.53,NULL,NULL,normalized_exact,0.7,valid,Pre-monsoon_WL_1994-2025.pdf,GWRA_2025.pdf,NULL,local_pdf,local_pdf,official_web_fallback,pdf_text,pdf_table,NULL,1067,NULL,NULL,https://cgwb.gov.in
meghalaya,east garo hills,songsak,songsak,Songsak,Songsak Station,25.66333,90.61028,2023,3,Pre-monsoon,1.6,2025.0,Safe,0.0849275,0.0764346,0.003461,4.53,NULL,NULL,normalized_exact,0.7,valid,Pre-monsoon_WL_1994-2025.pdf,GWRA_2025.pdf,NULL,local_pdf,local_pdf,official_web_fallback,pdf_text,pdf_table,NULL,1067,NULL,NULL,https://cgwb.gov.in
meghalaya,east khasi hills,mawsynram,mawsynram,Dangar,Dangar Station,25.18889,91.38139,2023,3,Pre-monsoon,2.2,2025.0,Safe,0.2181741,0.1963567,0.006982,3.56,NULL,NULL,normalized_exact,0.7,valid,Pre-monsoon_WL_1994-2025.pdf,GWRA_2025.pdf,NULL,local_pdf,local_pdf,official_web_fallback,pdf_text,pdf_table,NULL,1067,NULL,NULL,https://cgwb.gov.in
meghalaya,east khasi hills,mylliem,mylliem,Lachuamiere,Lachuamiere Station,25.57056,91.89028,2023,3,Pre-monsoon,0.4,2025.0,Safe,0.2181741,0.1963567,0.006982,3.56,NULL,NULL,normalized_exact,0.7,valid,Pre-monsoon_WL_1994-2025.pdf,GWRA_2025.pdf,NULL,local_pdf,local_pdf,official_web_fallback,pdf_text,pdf_table,NULL,1067,NULL,NULL,https://cgwb.gov.in
meghalaya,east khasi hills,mylliem,mylliem,Nongmynsong,Nongmynsong Station,25.57972,91.90694,2023,3,Pre-monsoon,2.9,2025.0,Safe,0.2181741,0.1963567,0.006982,3.56,NULL,NULL,normalized_exact,0.7,valid,Pre-monsoon_WL_1994-2025.pdf,GWRA_2025.pdf,NULL,local_pdf,local_pdf,official_web_fallback,pdf_text,pdf_table,NULL,1067,NULL,NULL,https://cgwb.gov.in
meghalaya,east khasi hills,mylliem,mylliem,Shillong Golf Link,Shillong Golf Link Station,25.58194,91.89444,2023,3,Pre-monsoon,6.5,2025.0,Safe,0.2181741,0.1963567,0.006982,3.56,NULL,NULL,normalized_exact,0.7,valid,Pre-monsoon_WL_1994-2025.pdf,GWRA_2025.pdf,NULL,local_pdf,local_pdf,official_web_fallback,pdf_text,pdf_table,NULL,1068,NULL,NULL,https://cgwb.gov.in
meghalaya,east khasi hills,mylliem,mylliem,Water Resources Dept,Water Resources Dept Station,25.56556,91.89611,2023,3,Pre-monsoon,2.0,2025.0,Safe,0.2181741,0.1963567,0.006982,3.56,NULL,NULL,normalized_exact,0.7,valid,Pre-monsoon_WL_1994-2025.pdf,GWRA_2025.pdf,NULL,local_pdf,local_pdf,official_web_fallback,pdf_text,pdf_table,NULL,1068,NULL,NULL,https://cgwb.gov.in
meghalaya,east khasi hills,shella bholaganj,shella bholaganj,Cherrapunji,Cherrapunji Station,25.28333,91.71667,2023,3,Pre-monsoon,0.1,2025.0,Safe,0.2181741,0.1963567,0.006982,3.56,NULL,NULL,normalized_exact,0.7,valid,Pre-monsoon_WL_1994-2025.pdf,GWRA_2025.pdf,NULL,local_pdf,local_pdf,official_web_fallback,pdf_text,pdf_table,NULL,1068,NULL,NULL,https://cgwb.gov.in
meghalaya,east khasi hills,shella bholaganj,shella bholaganj,Ichamati,Ichamati Station,25.165,91.68683,2023,3,Pre-monsoon,1.1,2025.0,Safe,0.2181741,0.1963567,0.006982,3.56,NULL,NULL,normalized_exact,0.7,valid,Pre-monsoon_WL_1994-2025.pdf,GWRA_2025.pdf,NULL,local_pdf,local_pdf,official_web_fallback,pdf_text,pdf_table,NULL,1068,NULL,NULL,https://cgwb.gov.in
meghalaya,east khasi hills,shella bholaganj,shella bholaganj,Nit Cherrapunji1,Nit Cherrapunji1 Station,25.25028,91.74417,2023,3,Pre-monsoon,4.8,2025.0,Safe,0.2181741,0.1963567,0.006982,3.56,NULL,NULL,normalized_exact,0.7,valid,Pre-monsoon_WL_1994-2025.pdf,GWRA_2025.pdf,NULL,local_pdf,local_pdf,official_web_fallback,pdf_text,pdf_table,NULL,1068,NULL,NULL,https://cgwb.gov.in
meghalaya,west khasi hills,Mairang,Mairang,Mairang N,Mairang N Station,25.56222,91.63917,2023,3,Pre-monsoon,1.1,2025.0,NULL,0.339654,0.3056885,0.0046341,1.52,NULL,NULL,historical_mapping,0.5,valid,Pre-monsoon_WL_1994-2025.pdf,GWRA_2025.pdf,NULL,local_pdf,local_pdf,official_web_fallback,pdf_text,pdf_table,NULL,1068,NULL,NULL,https://cgwb.gov.in
meghalaya,north garo hills,bajengdoba,bajengdoba,Bajengdoba,Bajengdoba Station,25.88611,90.5125,2023,3,Pre-monsoon,3.3,2025.0,Safe,0.0986029,0.0774368,0.0049870999999999,6.44,NULL,NULL,normalized_exact,0.7,valid,Pre-monsoon_WL_1994-2025.pdf,GWRA_2025.pdf,NULL,local_pdf,local_pdf,official_web_fallback,pdf_text,pdf_table,NULL,1068,NULL,NULL,https://cgwb.gov.in
meghalaya,north garo hills,bajengdoba,bajengdoba,Snalgre,Snalgre Station,25.74882,90.40422,2023,3,Pre-monsoon,1.2,2025.0,Safe,0.0986029,0.0774368,0.0049870999999999,6.44,NULL,NULL,normalized_exact,0.7,valid,Pre-monsoon_WL_1994-2025.pdf,GWRA_2025.pdf,NULL,local_pdf,local_pdf,official_web_fallback,pdf_text,pdf_table,NULL,1068,NULL,NULL,https://cgwb.gov.in
meghalaya,north garo hills,kharkutta,kharkutta,Kharkutta,Kharkutta Station,25.90556,90.89444,2023,3,Pre-monsoon,2.5,2025.0,Safe,0.0986029,0.0774368,0.0049870999999999,6.44,NULL,NULL,normalized_exact,0.7,valid,Pre-monsoon_WL_1994-2025.pdf,GWRA_2025.pdf,NULL,local_pdf,local_pdf,official_web_fallback,pdf_text,pdf_table,NULL,1068,NULL,NULL,https://cgwb.gov.in
meghalaya,north garo hills,kharkutta,kharkutta,Wageasi,Wageasi Station,25.82235,90.78752,2023,3,Pre-monsoon,3.8,2025.0,Safe,0.0986029,0.0774368,0.0049870999999999,6.44,NULL,NULL,normalized_exact,0.7,valid,Pre-monsoon_WL_1994-2025.pdf,GWRA_2025.pdf,NULL,local_pdf,local_pdf,official_web_fallback,pdf_text,pdf_table,NULL,1068,NULL,NULL,https://cgwb.gov.in
meghalaya,north garo hills,resubelpara,resubelpara,Dainadubi,Dainadubi Station,25.89889,90.7775,2023,3,Pre-monsoon,3.4,2025.0,Safe,0.0986029,0.0774368,0.0049870999999999,6.44,NULL,NULL,normalized_exact,0.7,valid,Pre-monsoon_WL_1994-2025.pdf,GWRA_2025.pdf,NULL,local_pdf,local_pdf,official_web_fallback,pdf_text,pdf_table,NULL,1068,NULL,NULL,https://cgwb.gov.in
meghalaya,north garo hills,resubelpara,resubelpara,Mendal,Mendal Station,25.82472,90.46583,2023,3,Pre-monsoon,2.7,2025.0,Safe,0.0986029,0.0774368,0.0049870999999999,6.44,NULL,NULL,normalized_exact,0.7,valid,Pre-monsoon_WL_1994-2025.pdf,GWRA_2025.pdf,NULL,local_pdf,local_pdf,official_web_fallback,pdf_text,pdf_table,NULL,1068,NULL,NULL,https://cgwb.gov.in
meghalaya,north garo hills,resubelpara,resubelpara,Mendipathar,Mendipathar Station,25.92083,90.50833,2023,3,Pre-monsoon,6.5,2025.0,Safe,0.0986029,0.0774368,0.0049870999999999,6.44,NULL,NULL,normalized_exact,0.7,valid,Pre-monsoon_WL_1994-2025.pdf,GWRA_2025.pdf,NULL,local_pdf,local_pdf,official_web_fallback,pdf_text,pdf_table,NULL,1068,NULL,NULL,https://cgwb.gov.in
meghalaya,ri bhoi,jirang,jirang,Patharkhamma Barigaon,Patharkhamma Barigaon Station,25.87139,91.59472,2023,3,Pre-monsoon,4.8,2025.0,Safe,0.0648369999999999,0.0583534,0.0035481,6.08,NULL,NULL,normalized_exact,0.7,valid,Pre-monsoon_WL_1994-2025.pdf,GWRA_2025.pdf,NULL,local_pdf,local_pdf,official_web_fallback,pdf_text,pdf_table,NULL,1068,NULL,NULL,https://cgwb.gov.in
meghalaya,ri bhoi,nongpoh,nongpoh,Nongpoh,Nongpoh Station,25.9,91.88333,2023,3,Pre-monsoon,3.1,2025.0,Safe,0.0648369999999999,0.0583534,0.0035481,6.08,NULL,NULL,normalized_exact,0.7,valid,Pre-monsoon_WL_1994-2025.pdf,GWRA_2025.pdf,NULL,local_pdf,local_pdf,official_web_fallback,pdf_text,pdf_table,NULL,1068,NULL,NULL,https://cgwb.gov.in
meghalaya,ri bhoi,umling,umling,Byrnihat,Byrnihat Station,26.04889,91.86889,2023,3,Pre-monsoon,3.2,2025.0,Safe,0.0648369999999999,0.0583534,0.0035481,6.08,NULL,NULL,normalized_exact,0.7,valid,Pre-monsoon_WL_1994-2025.pdf,GWRA_2025.pdf,NULL,local_pdf,local_pdf,official_web_fallback,pdf_text,pdf_table,NULL,1068,NULL,NULL,https://cgwb.gov.in
meghalaya,ri bhoi,umling,umling,Pahanmawlien,Pahanmawlien Station,25.99472,91.86167,2023,3,Pre-monsoon,0.3,2025.0,Safe,0.0648369999999999,0.0583534,0.0035481,6.08,NULL,NULL,normalized_exact,0.7,valid,Pre-monsoon_WL_1994-2025.pdf,GWRA_2025.pdf,NULL,local_pdf,local_pdf,official_web_fallback,pdf_text,pdf_table,NULL,1068,NULL,NULL,https://cgwb.gov.in
meghalaya,ri bhoi,umling,umling,Tamenpoanglong,Tamenpoanglong Station,25.92583,91.94472,2023,3,Pre-monsoon,2.2,2025.0,Safe,0.0648369999999999,0.0583534,0.0035481,6.08,NULL,NULL,normalized_exact,0.7,valid,Pre-monsoon_WL_1994-2025.pdf,GWRA_2025.pdf,NULL,local_pdf,local_pdf,official_web_fallback,pdf_text,pdf_table,NULL,1068,NULL,NULL,https://cgwb.gov.in
meghalaya,ri bhoi,umsning,umsning,Nayabunglow,Nayabunglow Station,25.74667,91.88667,2023,3,Pre-monsoon,5.8,2025.0,Safe,0.0648369999999999,0.0583534,0.0035481,6.08,NULL,NULL,normalized_exact,0.7,valid,Pre-monsoon_WL_1994-2025.pdf,GWRA_2025.pdf,NULL,local_pdf,local_pdf,official_web_fallback,pdf_text,pdf_table,NULL,1068,NULL,NULL,https://cgwb.gov.in
meghalaya,south garo hills,baghmara,baghmara,Baghmara,Baghmara Station,25.20417,90.63194,2023,3,Pre-monsoon,2.0,2025.0,Safe,0.2347366,0.2112628,0.0025698,1.22,NULL,NULL,normalized_exact,0.7,valid,Pre-monsoon_WL_1994-2025.pdf,GWRA_2025.pdf,NULL,local_pdf,local_pdf,official_web_fallback,pdf_text,pdf_table,NULL,1068,NULL,NULL,https://cgwb.gov.in
meghalaya,south garo hills,baghmara,baghmara,Dopha-Adan,Dopha-Adan Station,25.20194,90.61611,2023,3,Pre-monsoon,0.9,2025.0,Safe,0.2347366,0.2112628,0.0025698,1.22,NULL,NULL,normalized_exact,0.7,valid,Pre-monsoon_WL_1994-2025.pdf,GWRA_2025.pdf,NULL,local_pdf,local_pdf,official_web_fallback,pdf_text,pdf_table,NULL,1068,NULL,NULL,https://cgwb.gov.in
meghalaya,south garo hills,chokpot,chokpot,Betagre,Betagre Station,25.25028,90.48694,2023,3,Pre-monsoon,1.8,2025.0,Safe,0.2347366,0.2112628,0.0025698,1.22,NULL,NULL,normalized_exact,0.7,valid,Pre-monsoon_WL_1994-2025.pdf,GWRA_2025.pdf,NULL,local_pdf,local_pdf,official_web_fallback,pdf_text,pdf_table,NULL,1068,NULL,NULL,https://cgwb.gov.in
meghalaya,south garo hills,chokpot,chokpot,Glmatkolgre,Glmatkolgre Station,25.28694,90.43444,2023,3,Pre-monsoon,4.0,2025.0,Safe,0.2347366,0.2112628,0.0025698,1.22,NULL,NULL,normalized_exact,0.7,valid,Pre-monsoon_WL_1994-2025.pdf,GWRA_2025.pdf,NULL,local_pdf,local_pdf,official_web_fallback,pdf_text,pdf_table,NULL,1068,NULL,NULL,https://cgwb.gov.in
meghalaya,south garo hills,gasuapara,gasuapara,Chirenpara,Chirenpara Station,25.20722,90.27139,2023,3,Pre-monsoon,4.6,2025.0,Safe,0.2347366,0.2112628,0.0025698,1.22,NULL,NULL,normalized_exact,0.7,valid,Pre-monsoon_WL_1994-2025.pdf,GWRA_2025.pdf,NULL,local_pdf,local_pdf,official_web_fallback,pdf_text,pdf_table,NULL,1068,NULL,NULL,https://cgwb.gov.in
meghalaya,south garo hills,gasuapara,gasuapara,Dumnikura,Dumnikura Station,25.185,90.38917,2023,3,Pre-monsoon,3.4,2025.0,Safe,0.2347366,0.2112628,0.0025698,1.22,NULL,NULL,normalized_exact,0.7,valid,Pre-monsoon_WL_1994-2025.pdf,GWRA_2025.pdf,NULL,local_pdf,local_pdf,official_web_fallback,pdf_text,pdf_table,NULL,1068,NULL,NULL,https://cgwb.gov.in
meghalaya,south garo hills,gasuapara,gasuapara,Gasuapara,Gasuapara Station,25.19417,90.34889,2023,3,Pre-monsoon,2.6,2025.0,Safe,0.2347366,0.2112628,0.0025698,1.22,NULL,NULL,normalized_exact,0.7,valid,Pre-monsoon_WL_1994-2025.pdf,GWRA_2025.pdf,NULL,local_pdf,local_pdf,official_web_fallback,pdf_text,pdf_table,NULL,1068,NULL,NULL,https://cgwb.gov.in
meghalaya,south garo hills,gasuapara,gasuapara,Konduk,Konduk Station,25.19333,90.35694,2023,3,Pre-monsoon,3.6,2025.0,Safe,0.2347366,0.2112628,0.0025698,1.22,NULL,NULL,normalized_exact,0.7,valid,Pre-monsoon_WL_1994-2025.pdf,GWRA_2025.pdf,NULL,local_pdf,local_pdf,official_web_fallback,pdf_text,pdf_table,NULL,1068,NULL,NULL,https://cgwb.gov.in
meghalaya,south garo hills,gasuapara,gasuapara,Mandangre,Mandangre Station,25.16833,90.47833,2023,3,Pre-monsoon,0.4,2025.0,Safe,0.2347366,0.2112628,0.0025698,1.22,NULL,NULL,normalized_exact,0.7,valid,Pre-monsoon_WL_1994-2025.pdf,GWRA_2025.pdf,NULL,local_pdf,local_pdf,official_web_fallback,pdf_text,pdf_table,NULL,1068,NULL,NULL,https://cgwb.gov.in
meghalaya,south west garo hills,betasing,betasing,Ampati,Ampati Station,25.5,89.95833,2023,3,Pre-monsoon,2.6,2025.0,Safe,0.079896,0.0387598,0.0076644,19.77,NULL,NULL,normalized_exact,0.7,valid,Pre-monsoon_WL_1994-2025.pdf,GWRA_2025.pdf,NULL,local_pdf,local_pdf,official_web_fallback,pdf_text,pdf_table,NULL,1068,NULL,NULL,https://cgwb.gov.in
meghalaya,south west garo hills,betasing,betasing,Betasing,Betasing Station,25.51339,89.95672,2023,3,Pre-monsoon,0.4,2025.0,Safe,0.079896,0.0387598,0.0076644,19.77,NULL,NULL,normalized_exact,0.7,valid,Pre-monsoon_WL_1994-2025.pdf,GWRA_2025.pdf,NULL,local_pdf,local_pdf,official_web_fallback,pdf_text,pdf_table,NULL,1068,NULL,NULL,https://cgwb.gov.in
meghalaya,south west garo hills,rerapara,rerapara,Garobandha,Garobandha Station,25.58028,90.02222,2023,3,Pre-monsoon,3.9,2025.0,Safe,0.079896,0.0387598,0.0076644,19.77,NULL,NULL,normalized_exact,0.7,valid,Pre-monsoon_WL_1994-2025.pdf,GWRA_2025.pdf,NULL,local_pdf,local_pdf,official_web_fallback,pdf_text,pdf_table,NULL,1068,NULL,NULL,https://cgwb.gov.in
meghalaya,south west garo hills,zikzak,zikzak,Mahendraganj,Mahendraganj Station,25.3,89.85972,2023,3,Pre-monsoon,3.2,2025.0,Safe,0.079896,0.0387598,0.0076644,19.77,NULL,NULL,normalized_exact,0.7,valid,Pre-monsoon_WL_1994-2025.pdf,GWRA_2025.pdf,NULL,local_pdf,local_pdf,official_web_fallback,pdf_text,pdf_table,NULL,1068,NULL,NULL,https://cgwb.gov.in
meghalaya,west garo hills,batabari,batabari,Rajabala,Rajabala Station,25.75556,89.98083,2023,3,Pre-monsoon,6.0,2025.0,Safe,0.2912522,0.1904695,0.036739,19.29,NULL,NULL,normalized_exact,0.7,valid,Pre-monsoon_WL_1994-2025.pdf,GWRA_2025.pdf,NULL,local_pdf,local_pdf,official_web_fallback,pdf_text,pdf_table,NULL,1068,NULL,NULL,https://cgwb.gov.in
meghalaya,west garo hills,dalu,dalu,Dalu,Dalu Station,25.22778,90.2125,2023,3,Pre-monsoon,4.8,2025.0,Safe,0.2912522,0.1904695,0.036739,19.29,NULL,NULL,normalized_exact,0.7,valid,Pre-monsoon_WL_1994-2025.pdf,GWRA_2025.pdf,NULL,local_pdf,local_pdf,official_web_fallback,pdf_text,pdf_table,NULL,1068,NULL,NULL,https://cgwb.gov.in
meghalaya,west garo hills,dalu,dalu,Porakhasia,Porakhasia Station,25.3,90.01667,2023,3,Pre-monsoon,4.3,2025.0,Safe,0.2912522,0.1904695,0.036739,19.29,NULL,NULL,normalized_exact,0.7,valid,Pre-monsoon_WL_1994-2025.pdf,GWRA_2025.pdf,NULL,local_pdf,local_pdf,official_web_fallback,pdf_text,pdf_table,NULL,1068,NULL,NULL,https://cgwb.gov.in
meghalaya,west garo hills,demdema,demdema,Nidanpur,Nidanpur Station,25.9125,90.12778,2023,3,Pre-monsoon,2.2,2025.0,Safe,0.2912522,0.1904695,0.036739,19.29,NULL,NULL,normalized_exact,0.7,valid,Pre-monsoon_WL_1994-2025.pdf,GWRA_2025.pdf,NULL,local_pdf,local_pdf,official_web_fallback,pdf_text,pdf_table,NULL,1068,NULL,NULL,https://cgwb.gov.in
meghalaya,west garo hills,rongram,rongram,Asanang,Asanang Station,25.59944,90.27556,2023,3,Pre-monsoon,4.5,2025.0,Safe,0.2912522,0.1904695,0.036739,19.29,NULL,NULL,normalized_exact,0.7,valid,Pre-monsoon_WL_1994-2025.pdf,GWRA_2025.pdf,NULL,local_pdf,local_pdf,official_web_fallback,pdf_text,pdf_table,NULL,1068,NULL,NULL,https://cgwb.gov.in
meghalaya,west garo hills,rongram,rongram,Baljek,Baljek Station,25.66439,90.34159,2023,3,Pre-monsoon,2.6,2025.0,Safe,0.2912522,0.1904695,0.036739,19.29,NULL,NULL,normalized_exact,0.7,valid,Pre-monsoon_WL_1994-2025.pdf,GWRA_2025.pdf,NULL,local_pdf,local_pdf,official_web_fallback,pdf_text,pdf_table,NULL,1068,NULL,NULL,https://cgwb.gov.in
meghalaya,west garo hills,rongram,rongram,Rongram,Rongram Station,25.59408,90.24997,2023,3,Pre-monsoon,3.0,2025.0,Safe,0.2912522,0.1904695,0.036739,19.29,NULL,NULL,normalized_exact,0.7,valid,Pre-monsoon_WL_1994-2025.pdf,GWRA_2025.pdf,NULL,local_pdf,local_pdf,official_web_fallback,pdf_text,pdf_table,NULL,1069,NULL,NULL,https://cgwb.gov.in
meghalaya,west garo hills,salsella,salsella,Damjongre,Damjongre Station,25.61354,90.0359,2023,3,Pre-monsoon,4.0,2025.0,Safe,0.2912522,0.1904695,0.036739,19.29,NULL,NULL,normalized_exact,0.7,valid,Pre-monsoon_WL_1994-2025.pdf,GWRA_2025.pdf,NULL,local_pdf,local_pdf,official_web_fallback,pdf_text,pdf_table,NULL,1069,NULL,NULL,https://cgwb.gov.in
meghalaya,west garo hills,salsella,salsella,Phulbari,Phulbari Station,25.88333,90.05,2023,3,Pre-monsoon,3.4,2025.0,Safe,0.2912522,0.1904695,0.036739,19.29,NULL,NULL,normalized_exact,0.7,valid,Pre-monsoon_WL_1994-2025.pdf,GWRA_2025.pdf,NULL,local_pdf,local_pdf,official_web_fallback,pdf_text,pdf_table,NULL,1069,NULL,NULL,https://cgwb.gov.in
meghalaya,west garo hills,salsella,salsella,Salsella,Salsella Station,25.69472,90.01389,2023,3,Pre-monsoon,2.6,2025.0,Safe,0.2912522,0.1904695,0.036739,19.29,NULL,NULL,normalized_exact,0.7,valid,Pre-monsoon_WL_1994-2025.pdf,GWRA_2025.pdf,NULL,local_pdf,local_pdf,official_web_fallback,pdf_text,pdf_table,NULL,1069,NULL,NULL,https://cgwb.gov.in
meghalaya,west garo hills,tikrikilla,tikrikilla,Belguri,Belguri Station,25.96389,90.34278,2023,3,Pre-monsoon,7.9,2025.0,Safe,0.2912522,0.1904695,0.036739,19.29,NULL,NULL,normalized_exact,0.7,valid,Pre-monsoon_WL_1994-2025.pdf,GWRA_2025.pdf,NULL,local_pdf,local_pdf,official_web_fallback,pdf_text,pdf_table,NULL,1069,NULL,NULL,https://cgwb.gov.in
meghalaya,west garo hills,tikrikilla,tikrikilla,Phutamamri,Phutamamri Station,25.94333,90.22,2023,3,Pre-monsoon,3.5,2025.0,Safe,0.2912522,0.1904695,0.036739,19.29,NULL,NULL,normalized_exact,0.7,valid,Pre-monsoon_WL_1994-2025.pdf,GWRA_2025.pdf,NULL,local_pdf,local_pdf,official_web_fallback,pdf_text,pdf_table,NULL,1069,NULL,NULL,https://cgwb.gov.in
meghalaya,west garo hills,tikrikilla,tikrikilla,Tikrikilla,Tikrikilla Station,25.94583,90.24444,2023,3,Pre-monsoon,3.4,2025.0,Safe,0.2912522,0.1904695,0.036739,19.29,NULL,NULL,normalized_exact,0.7,valid,Pre-monsoon_WL_1994-2025.pdf,GWRA_2025.pdf,NULL,local_pdf,local_pdf,official_web_fallback,pdf_text,pdf_table,NULL,1069,NULL,NULL,https://cgwb.gov.in
meghalaya,west jaintia hills,amlarem,amlarem,Dauki,Dauki Station,25.2,92.03333,2023,3,Pre-monsoon,1.1,2025.0,Safe,0.1116346999999999,0.1004712,0.0061129999999999,6.08,NULL,NULL,normalized_exact,0.7,valid,Pre-monsoon_WL_1994-2025.pdf,GWRA_2025.pdf,NULL,local_pdf,local_pdf,official_web_fallback,pdf_text,pdf_table,NULL,1069,NULL,NULL,https://cgwb.gov.in
meghalaya,west jaintia hills,thadlaskein,thadlaskein,Jowai,Jowai Station,25.44167,92.175,2023,3,Pre-monsoon,0.5,2025.0,Safe,0.1116346999999999,0.1004712,0.0061129999999999,6.08,NULL,NULL,normalized_exact,0.7,valid,Pre-monsoon_WL_1994-2025.pdf,GWRA_2025.pdf,NULL,local_pdf,local_pdf,official_web_fallback,pdf_text,pdf_table,NULL,1069,NULL,NULL,https://cgwb.gov.in
meghalaya,west khasi hills,shallang,shallang,Nongdaju,Nongdaju Station,25.55056,90.91861,2023,3,Pre-monsoon,3.7,2025.0,Safe,0.339654,0.3056885,0.0046341,1.52,NULL,NULL,normalized_exact,0.7,valid,Pre-monsoon_WL_1994-2025.pdf,GWRA_2025.pdf,NULL,local_pdf,local_pdf,official_web_fallback,pdf_text,pdf_table,NULL,1069,NULL,NULL,https://cgwb.gov.in
meghalaya,east garo hills,dambo rongjeng,dambo rongjeng,Darugiri,Darugiri Station,25.61917,90.7675,2022,3,Pre-monsoon,4.6,2025.0,Safe,0.0849275,0.0764346,0.003461,4.53,NULL,NULL,normalized_exact,0.7,valid,Pre-monsoon_WL_1994-2025.pdf,GWRA_2025.pdf,NULL,local_pdf,local_pdf,official_web_fallback,pdf_text,pdf_table,NULL,1511,NULL,NULL,https://cgwb.gov.in
meghalaya,east garo hills,dambo rongjeng,dambo rongjeng,Narringirri,Narringirri Station,25.61028,90.73972,2022,3,Pre-monsoon,1.7,2025.0,Safe,0.0849275,0.0764346,0.003461,4.53,NULL,NULL,normalized_exact,0.7,valid,Pre-monsoon_WL_1994-2025.pdf,GWRA_2025.pdf,NULL,local_pdf,local_pdf,official_web_fallback,pdf_text,pdf_table,NULL,1511,NULL,NULL,https://cgwb.gov.in
meghalaya,east garo hills,dambo rongjeng,dambo rongjeng,Rongjeng,Rongjeng Station,25.66667,90.80417,2022,3,Pre-monsoon,5.7,2025.0,Safe,0.0849275,0.0764346,0.003461,4.53,NULL,NULL,normalized_exact,0.7,valid,Pre-monsoon_WL_1994-2025.pdf,GWRA_2025.pdf,NULL,local_pdf,local_pdf,official_web_fallback,pdf_text,pdf_table,NULL,1511,NULL,NULL,https://cgwb.gov.in
meghalaya,east garo hills,dambo rongjeng,dambo rongjeng,Rongmil,Rongmil Station,25.73611,90.82444,2022,3,Pre-monsoon,3.5,2025.0,Safe,0.0849275,0.0764346,0.003461,4.53,NULL,NULL,normalized_exact,0.7,valid,Pre-monsoon_WL_1994-2025.pdf,GWRA_2025.pdf,NULL,local_pdf,local_pdf,official_web_fallback,pdf_text,pdf_table,NULL,1511,NULL,NULL,https://cgwb.gov.in
meghalaya,east garo hills,samanda,samanda,Baiza Rongreng,Baiza Rongreng Station,25.5425,90.585,2022,3,Pre-monsoon,4.9,2025.0,Safe,0.0849275,0.0764346,0.003461,4.53,NULL,NULL,normalized_exact,0.7,valid,Pre-monsoon_WL_1994-2025.pdf,GWRA_2025.pdf,NULL,local_pdf,local_pdf,official_web_fallback,pdf_text,pdf_table,NULL,1511,NULL,NULL,https://cgwb.gov.in
meghalaya,east garo hills,samanda,samanda,Dobetkolgiri,Dobetkolgiri Station,25.50917,90.61167,2022,3,Pre-monsoon,4.9,2025.0,Safe,0.0849275,0.0764346,0.003461,4.53,NULL,NULL,normalized_exact,0.7,valid,Pre-monsoon_WL_1994-2025.pdf,GWRA_2025.pdf,NULL,local_pdf,local_pdf,official_web_fallback,pdf_text,pdf_table,NULL,1511,NULL,NULL,https://cgwb.gov.in
meghalaya,east garo hills,samanda,samanda,Samanda Megapagre,Samanda Megapagre Station,25.58004,90.52681,2022,3,Pre-monsoon,3.1,2025.0,Safe,0.0849275,0.0764346,0.003461,4.53,NULL,NULL,normalized_exact,0.7,valid,Pre-monsoon_WL_1994-2025.pdf,GWRA_2025.pdf,NULL,local_pdf,local_pdf,official_web_fallback,pdf_text,pdf_table,NULL,1511,NULL,NULL,https://cgwb.gov.in
meghalaya,east garo hills,samanda,samanda,Williamnagar,Williamnagar Station,25.51,90.51944,2022,3,Pre-monsoon,2.0,2025.0,Safe,0.0849275,0.0764346,0.003461,4.53,NULL,NULL,normalized_exact,0.7,valid,Pre-monsoon_WL_1994-2025.pdf,GWRA_2025.pdf,NULL,local_pdf,local_pdf,official_web_fallback,pdf_text,pdf_table,NULL,1512,NULL,NULL,https://cgwb.gov.in
meghalaya,east garo hills,songsak,songsak,Dobu,Dobu Station,25.55612,90.71481,2022,3,Pre-monsoon,3.2,2025.0,Safe,0.0849275,0.0764346,0.003461,4.53,NULL,NULL,normalized_exact,0.7,valid,Pre-monsoon_WL_1994-2025.pdf,GWRA_2025.pdf,NULL,local_pdf,local_pdf,official_web_fallback,pdf_text,pdf_table,NULL,1512,NULL,NULL,https://cgwb.gov.in
meghalaya,east garo hills,songsak,songsak,Songsak,Songsak Station,25.66333,90.61028,2022,3,Pre-monsoon,2.8,2025.0,Safe,0.0849275,0.0764346,0.003461,4.53,NULL,NULL,normalized_exact,0.7,valid,Pre-monsoon_WL_1994-2025.pdf,GWRA_2025.pdf,NULL,local_pdf,local_pdf,official_web_fallback,pdf_text,pdf_table,NULL,1512,NULL,NULL,https://cgwb.gov.in
meghalaya,east khasi hills,mylliem,mylliem,Lachuamiere,Lachuamiere Station,25.57056,91.89028,2022,3,Pre-monsoon,0.9,2025.0,Safe,0.2181741,0.1963567,0.006982,3.56,NULL,NULL,normalized_exact,0.7,valid,Pre-monsoon_WL_1994-2025.pdf,GWRA_2025.pdf,NULL,local_pdf,local_pdf,official_web_fallback,pdf_text,pdf_table,NULL,1512,NULL,NULL,https://cgwb.gov.in
meghalaya,east khasi hills,mylliem,mylliem,Nongmynsong,Nongmynsong Station,25.57972,91.90694,2022,3,Pre-monsoon,2.8,2025.0,Safe,0.2181741,0.1963567,0.006982,3.56,NULL,NULL,normalized_exact,0.7,valid,Pre-monsoon_WL_1994-2025.pdf,GWRA_2025.pdf,NULL,local_pdf,local_pdf,official_web_fallback,pdf_text,pdf_table,NULL,1512,NULL,NULL,https://cgwb.gov.in
meghalaya,east khasi hills,mylliem,mylliem,Shillong Golf Link,Shillong Golf Link Station,25.58194,91.89444,2022,3,Pre-monsoon,9.4,2025.0,Safe,0.2181741,0.1963567,0.006982,3.56,NULL,NULL,normalized_exact,0.7,valid,Pre-monsoon_WL_1994-2025.pdf,GWRA_2025.pdf,NULL,local_pdf,local_pdf,official_web_fallback,pdf_text,pdf_table,NULL,1512,NULL,NULL,https://cgwb.gov.in
meghalaya,east khasi hills,mylliem,mylliem,Water Resources Dept,Water Resources Dept Station,25.56556,91.89611,2022,3,Pre-monsoon,5.0,2025.0,Safe,0.2181741,0.1963567,0.006982,3.56,NULL,NULL,normalized_exact,0.7,valid,Pre-monsoon_WL_1994-2025.pdf,GWRA_2025.pdf,NULL,local_pdf,local_pdf,official_web_fallback,pdf_text,pdf_table,NULL,1512,NULL,NULL,https://cgwb.gov.in
meghalaya,east khasi hills,shella bholaganj,shella bholaganj,Cherrapunji,Cherrapunji Station,25.28333,91.71667,2022,3,Pre-monsoon,1.1,2025.0,Safe,0.2181741,0.1963567,0.006982,3.56,NULL,NULL,normalized_exact,0.7,valid,Pre-monsoon_WL_1994-2025.pdf,GWRA_2025.pdf,NULL,local_pdf,local_pdf,official_web_fallback,pdf_text,pdf_table,NULL,1512,NULL,NULL,https://cgwb.gov.in
meghalaya,east khasi hills,shella bholaganj,shella bholaganj,Ichamati,Ichamati Station,25.165,91.68683,2022,3,Pre-monsoon,1.1,2025.0,Safe,0.2181741,0.1963567,0.006982,3.56,NULL,NULL,normalized_exact,0.7,valid,Pre-monsoon_WL_1994-2025.pdf,GWRA_2025.pdf,NULL,local_pdf,local_pdf,official_web_fallback,pdf_text,pdf_table,NULL,1512,NULL,NULL,https://cgwb.gov.in
meghalaya,east khasi hills,shella bholaganj,shella bholaganj,Nit Cherrapunji1,Nit Cherrapunji1 Station,25.25028,91.74417,2022,3,Pre-monsoon,4.0,2025.0,Safe,0.2181741,0.1963567,0.006982,3.56,NULL,NULL,normalized_exact,0.7,valid,Pre-monsoon_WL_1994-2025.pdf,GWRA_2025.pdf,NULL,local_pdf,local_pdf,official_web_fallback,pdf_text,pdf_table,NULL,1512,NULL,NULL,https://cgwb.gov.in
meghalaya,west khasi hills,Mairang,Mairang,Mairang N,Mairang N Station,25.56222,91.63917,2022,3,Pre-monsoon,0.9,2025.0,NULL,0.339654,0.3056885,0.0046341,1.52,NULL,NULL,historical_mapping,0.5,valid,Pre-monsoon_WL_1994-2025.pdf,GWRA_2025.pdf,NULL,local_pdf,local_pdf,official_web_fallback,pdf_text,pdf_table,NULL,1512,NULL,NULL,https://cgwb.gov.in
meghalaya,north garo hills,bajengdoba,bajengdoba,Bajengdoba,Bajengdoba Station,25.88611,90.5125,2022,3,Pre-monsoon,5.2,2025.0,Safe,0.0986029,0.0774368,0.0049870999999999,6.44,NULL,NULL,normalized_exact,0.7,valid,Pre-monsoon_WL_1994-2025.pdf,GWRA_2025.pdf,NULL,local_pdf,local_pdf,official_web_fallback,pdf_text,pdf_table,NULL,1512,NULL,NULL,https://cgwb.gov.in
meghalaya,north garo hills,bajengdoba,bajengdoba,Snalgre,Snalgre Station,25.74882,90.40422,2022,3,Pre-monsoon,3.5,2025.0,Safe,0.0986029,0.0774368,0.0049870999999999,6.44,NULL,NULL,normalized_exact,0.7,valid,Pre-monsoon_WL_1994-2025.pdf,GWRA_2025.pdf,NULL,local_pdf,local_pdf,official_web_fallback,pdf_text,pdf_table,NULL,1512,NULL,NULL,https://cgwb.gov.in
meghalaya,north garo hills,kharkutta,kharkutta,Kharkutta,Kharkutta Station,25.90556,90.89444,2022,3,Pre-monsoon,3.6,2025.0,Safe,0.0986029,0.0774368,0.0049870999999999,6.44,NULL,NULL,normalized_exact,0.7,valid,Pre-monsoon_WL_1994-2025.pdf,GWRA_2025.pdf,NULL,local_pdf,local_pdf,official_web_fallback,pdf_text,pdf_table,NULL,1512,NULL,NULL,https://cgwb.gov.in
meghalaya,north garo hills,kharkutta,kharkutta,Wageasi,Wageasi Station,25.82235,90.78752,2022,3,Pre-monsoon,4.9,2025.0,Safe,0.0986029,0.0774368,0.0049870999999999,6.44,NULL,NULL,normalized_exact,0.7,valid,Pre-monsoon_WL_1994-2025.pdf,GWRA_2025.pdf,NULL,local_pdf,local_pdf,official_web_fallback,pdf_text,pdf_table,NULL,1512,NULL,NULL,https://cgwb.gov.in
meghalaya,north garo hills,resubelpara,resubelpara,Dainadubi,Dainadubi Station,25.89889,90.7775,2022,3,Pre-monsoon,3.5,2025.0,Safe,0.0986029,0.0774368,0.0049870999999999,6.44,NULL,NULL,normalized_exact,0.7,valid,Pre-monsoon_WL_1994-2025.pdf,GWRA_2025.pdf,NULL,local_pdf,local_pdf,official_web_fallback,pdf_text,pdf_table,NULL,1512,NULL,NULL,https://cgwb.gov.in
meghalaya,north garo hills,resubelpara,resubelpara,Mendal,Mendal Station,25.82472,90.46583,2022,3,Pre-monsoon,2.7,2025.0,Safe,0.0986029,0.0774368,0.0049870999999999,6.44,NULL,NULL,normalized_exact,0.7,valid,Pre-monsoon_WL_1994-2025.pdf,GWRA_2025.pdf,NULL,local_pdf,local_pdf,official_web_fallback,pdf_text,pdf_table,NULL,1512,NULL,NULL,https://cgwb.gov.in
meghalaya,north garo hills,resubelpara,resubelpara,Mendipathar,Mendipathar Station,25.92083,90.50833,2022,3,Pre-monsoon,5.0,2025.0,Safe,0.0986029,0.0774368,0.0049870999999999,6.44,NULL,NULL,normalized_exact,0.7,valid,Pre-monsoon_WL_1994-2025.pdf,GWRA_2025.pdf,NULL,local_pdf,local_pdf,official_web_fallback,pdf_text,pdf_table,NULL,1512,NULL,NULL,https://cgwb.gov.in
meghalaya,ri bhoi,jirang,jirang,Patharkhamma Barigaon,Patharkhamma Barigaon Station,25.87139,91.59472,2022,3,Pre-monsoon,4.9,2025.0,Safe,0.0648369999999999,0.0583534,0.0035481,6.08,NULL,NULL,normalized_exact,0.7,valid,Pre-monsoon_WL_1994-2025.pdf,GWRA_2025.pdf,NULL,local_pdf,local_pdf,official_web_fallback,pdf_text,pdf_table,NULL,1512,NULL,NULL,https://cgwb.gov.in
meghalaya,ri bhoi,nongpoh,nongpoh,Nongpoh,Nongpoh Station,25.9,91.88333,2022,3,Pre-monsoon,3.0,2025.0,Safe,0.0648369999999999,0.0583534,0.0035481,6.08,NULL,NULL,normalized_exact,0.7,valid,Pre-monsoon_WL_1994-2025.pdf,GWRA_2025.pdf,NULL,local_pdf,local_pdf,official_web_fallback,pdf_text,pdf_table,NULL,1512,NULL,NULL,https://cgwb.gov.in
meghalaya,ri bhoi,umling,umling,Byrnihat,Byrnihat Station,26.04889,91.86889,2022,3,Pre-monsoon,2.9,2025.0,Safe,0.0648369999999999,0.0583534,0.0035481,6.08,NULL,NULL,normalized_exact,0.7,valid,Pre-monsoon_WL_1994-2025.pdf,GWRA_2025.pdf,NULL,local_pdf,local_pdf,official_web_fallback,pdf_text,pdf_table,NULL,1512,NULL,NULL,https://cgwb.gov.in
meghalaya,ri bhoi,umling,umling,Tamenpoanglong,Tamenpoanglong Station,25.92583,91.94472,2022,3,Pre-monsoon,2.2,2025.0,Safe,0.0648369999999999,0.0583534,0.0035481,6.08,NULL,NULL,normalized_exact,0.7,valid,Pre-monsoon_WL_1994-2025.pdf,GWRA_2025.pdf,NULL,local_pdf,local_pdf,official_web_fallback,pdf_text,pdf_table,NULL,1512,NULL,NULL,https://cgwb.gov.in
meghalaya,ri bhoi,umsning,umsning,Nayabunglow,Nayabunglow Station,25.74667,91.88667,2022,3,Pre-monsoon,5.3,2025.0,Safe,0.0648369999999999,0.0583534,0.0035481,6.08,NULL,NULL,normalized_exact,0.7,valid,Pre-monsoon_WL_1994-2025.pdf,GWRA_2025.pdf,NULL,local_pdf,local_pdf,official_web_fallback,pdf_text,pdf_table,NULL,1512,NULL,NULL,https://cgwb.gov.in
meghalaya,south garo hills,baghmara,baghmara,Baghmara,Baghmara Station,25.20417,90.63194,2022,3,Pre-monsoon,2.8,2025.0,Safe,0.2347366,0.2112628,0.0025698,1.22,NULL,NULL,normalized_exact,0.7,valid,Pre-monsoon_WL_1994-2025.pdf,GWRA_2025.pdf,NULL,local_pdf,local_pdf,official_web_fallback,pdf_text,pdf_table,NULL,1512,NULL,NULL,https://cgwb.gov.in
meghalaya,south garo hills,baghmara,baghmara,Dopha-Adan,Dopha-Adan Station,25.20194,90.61611,2022,3,Pre-monsoon,1.9,2025.0,Safe,0.2347366,0.2112628,0.0025698,1.22,NULL,NULL,normalized_exact,0.7,valid,Pre-monsoon_WL_1994-2025.pdf,GWRA_2025.pdf,NULL,local_pdf,local_pdf,official_web_fallback,pdf_text,pdf_table,NULL,1512,NULL,NULL,https://cgwb.gov.in
meghalaya,south garo hills,chokpot,chokpot,Betagre,Betagre Station,25.25028,90.48694,2022,3,Pre-monsoon,2.4,2025.0,Safe,0.2347366,0.2112628,0.0025698,1.22,NULL,NULL,normalized_exact,0.7,valid,Pre-monsoon_WL_1994-2025.pdf,GWRA_2025.pdf,NULL,local_pdf,local_pdf,official_web_fallback,pdf_text,pdf_table,NULL,1512,NULL,NULL,https://cgwb.gov.in
meghalaya,south garo hills,chokpot,chokpot,Glmatkolgre,Glmatkolgre Station,25.28694,90.43444,2022,3,Pre-monsoon,3.2,2025.0,Safe,0.2347366,0.2112628,0.0025698,1.22,NULL,NULL,normalized_exact,0.7,valid,Pre-monsoon_WL_1994-2025.pdf,GWRA_2025.pdf,NULL,local_pdf,local_pdf,official_web_fallback,pdf_text,pdf_table,NULL,1512,NULL,NULL,https://cgwb.gov.in
meghalaya,south garo hills,gasuapara,gasuapara,Chirenpara,Chirenpara Station,25.20722,90.27139,2022,3,Pre-monsoon,5.1,2025.0,Safe,0.2347366,0.2112628,0.0025698,1.22,NULL,NULL,normalized_exact,0.7,valid,Pre-monsoon_WL_1994-2025.pdf,GWRA_2025.pdf,NULL,local_pdf,local_pdf,official_web_fallback,pdf_text,pdf_table,NULL,1512,NULL,NULL,https://cgwb.gov.in
meghalaya,south garo hills,gasuapara,gasuapara,Dumnikura,Dumnikura Station,25.185,90.38917,2022,3,Pre-monsoon,4.8,2025.0,Safe,0.2347366,0.2112628,0.0025698,1.22,NULL,NULL,normalized_exact,0.7,valid,Pre-monsoon_WL_1994-2025.pdf,GWRA_2025.pdf,NULL,local_pdf,local_pdf,official_web_fallback,pdf_text,pdf_table,NULL,1512,NULL,NULL,https://cgwb.gov.in
meghalaya,south garo hills,gasuapara,gasuapara,Gasuapara,Gasuapara Station,25.19417,90.34889,2022,3,Pre-monsoon,3.1,2025.0,Safe,0.2347366,0.2112628,0.0025698,1.22,NULL,NULL,normalized_exact,0.7,valid,Pre-monsoon_WL_1994-2025.pdf,GWRA_2025.pdf,NULL,local_pdf,local_pdf,official_web_fallback,pdf_text,pdf_table,NULL,1512,NULL,NULL,https://cgwb.gov.in
meghalaya,south garo hills,gasuapara,gasuapara,Konduk,Konduk Station,25.19333,90.35694,2022,3,Pre-monsoon,4.6,2025.0,Safe,0.2347366,0.2112628,0.0025698,1.22,NULL,NULL,normalized_exact,0.7,valid,Pre-monsoon_WL_1994-2025.pdf,GWRA_2025.pdf,NULL,local_pdf,local_pdf,official_web_fallback,pdf_text,pdf_table,NULL,1512,NULL,NULL,https://cgwb.gov.in
meghalaya,south garo hills,gasuapara,gasuapara,Mandangre,Mandangre Station,25.16833,90.47833,2022,3,Pre-monsoon,2.1,2025.0,Safe,0.2347366,0.2112628,0.0025698,1.22,NULL,NULL,normalized_exact,0.7,valid,Pre-monsoon_WL_1994-2025.pdf,GWRA_2025.pdf,NULL,local_pdf,local_pdf,official_web_fallback,pdf_text,pdf_table,NULL,1512,NULL,NULL,https://cgwb.gov.in
meghalaya,south west garo hills,betasing,betasing,Ampati,Ampati Station,25.5,89.95833,2022,3,Pre-monsoon,3.3,2025.0,Safe,0.079896,0.0387598,0.0076644,19.77,NULL,NULL,normalized_exact,0.7,valid,Pre-monsoon_WL_1994-2025.pdf,GWRA_2025.pdf,NULL,local_pdf,local_pdf,official_web_fallback,pdf_text,pdf_table,NULL,1512,NULL,NULL,https://cgwb.gov.in
meghalaya,south west garo hills,betasing,betasing,Betasing,Betasing Station,25.51339,89.95672,2022,3,Pre-monsoon,3.6,2025.0,Safe,0.079896,0.0387598,0.0076644,19.77,NULL,NULL,normalized_exact,0.7,valid,Pre-monsoon_WL_1994-2025.pdf,GWRA_2025.pdf,NULL,local_pdf,local_pdf,official_web_fallback,pdf_text,pdf_table,NULL,1512,NULL,NULL,https://cgwb.gov.in
meghalaya,south west garo hills,rerapara,rerapara,Garobandha,Garobandha Station,25.58028,90.02222,2022,3,Pre-monsoon,5.0,2025.0,Safe,0.079896,0.0387598,0.0076644,19.77,NULL,NULL,normalized_exact,0.7,valid,Pre-monsoon_WL_1994-2025.pdf,GWRA_2025.pdf,NULL,local_pdf,local_pdf,official_web_fallback,pdf_text,pdf_table,NULL,1512,NULL,NULL,https://cgwb.gov.in
meghalaya,south west garo hills,zikzak,zikzak,Mahendraganj,Mahendraganj Station,25.3,89.85972,2022,3,Pre-monsoon,3.1,2025.0,Safe,0.079896,0.0387598,0.0076644,19.77,NULL,NULL,normalized_exact,0.7,valid,Pre-monsoon_WL_1994-2025.pdf,GWRA_2025.pdf,NULL,local_pdf,local_pdf,official_web_fallback,pdf_text,pdf_table,NULL,1512,NULL,NULL,https://cgwb.gov.in
meghalaya,west garo hills,batabari,batabari,Rajabala,Rajabala Station,25.75556,89.98083,2022,3,Pre-monsoon,6.9,2025.0,Safe,0.2912522,0.1904695,0.036739,19.29,NULL,NULL,normalized_exact,0.7,valid,Pre-monsoon_WL_1994-2025.pdf,GWRA_2025.pdf,NULL,local_pdf,local_pdf,official_web_fallback,pdf_text,pdf_table,NULL,1512,NULL,NULL,https://cgwb.gov.in
meghalaya,west garo hills,dalu,dalu,Dalu,Dalu Station,25.22778,90.2125,2022,3,Pre-monsoon,5.3,2025.0,Safe,0.2912522,0.1904695,0.036739,19.29,NULL,NULL,normalized_exact,0.7,valid,Pre-monsoon_WL_1994-2025.pdf,GWRA_2025.pdf,NULL,local_pdf,local_pdf,official_web_fallback,pdf_text,pdf_table,NULL,1512,NULL,NULL,https://cgwb.gov.in
meghalaya,west garo hills,dalu,dalu,Porakhasia,Porakhasia Station,25.3,90.01667,2022,3,Pre-monsoon,4.3,2025.0,Safe,0.2912522,0.1904695,0.036739,19.29,NULL,NULL,normalized_exact,0.7,valid,Pre-monsoon_WL_1994-2025.pdf,GWRA_2025.pdf,NULL,local_pdf,local_pdf,official_web_fallback,pdf_text,pdf_table,NULL,1513,NULL,NULL,https://cgwb.gov.in
meghalaya,west garo hills,demdema,demdema,Nidanpur,Nidanpur Station,25.9125,90.12778,2022,3,Pre-monsoon,3.5,2025.0,Safe,0.2912522,0.1904695,0.036739,19.29,NULL,NULL,normalized_exact,0.7,valid,Pre-monsoon_WL_1994-2025.pdf,GWRA_2025.pdf,NULL,local_pdf,local_pdf,official_web_fallback,pdf_text,pdf_table,NULL,1513,NULL,NULL,https://cgwb.gov.in
meghalaya,west garo hills,rongram,rongram,Asanang,Asanang Station,25.59944,90.27556,2022,3,Pre-monsoon,5.7,2025.0,Safe,0.2912522,0.1904695,0.036739,19.29,NULL,NULL,normalized_exact,0.7,valid,Pre-monsoon_WL_1994-2025.pdf,GWRA_2025.pdf,NULL,local_pdf,local_pdf,official_web_fallback,pdf_text,pdf_table,NULL,1513,NULL,NULL,https://cgwb.gov.in
meghalaya,west garo hills,rongram,rongram,Baljek,Baljek Station,25.66439,90.34159,2022,3,Pre-monsoon,2.8,2025.0,Safe,0.2912522,0.1904695,0.036739,19.29,NULL,NULL,normalized_exact,0.7,valid,Pre-monsoon_WL_1994-2025.pdf,GWRA_2025.pdf,NULL,local_pdf,local_pdf,official_web_fallback,pdf_text,pdf_table,NULL,1513,NULL,NULL,https://cgwb.gov.in
meghalaya,west garo hills,rongram,rongram,Rongram,Rongram Station,25.59408,90.24997,2022,3,Pre-monsoon,3.1,2025.0,Safe,0.2912522,0.1904695,0.036739,19.29,NULL,NULL,normalized_exact,0.7,valid,Pre-monsoon_WL_1994-2025.pdf,GWRA_2025.pdf,NULL,local_pdf,local_pdf,official_web_fallback,pdf_text,pdf_table,NULL,1513,NULL,NULL,https://cgwb.gov.in
meghalaya,west garo hills,salsella,salsella,Damjongre,Damjongre Station,25.61354,90.0359,2022,3,Pre-monsoon,4.8,2025.0,Safe,0.2912522,0.1904695,0.036739,19.29,NULL,NULL,normalized_exact,0.7,valid,Pre-monsoon_WL_1994-2025.pdf,GWRA_2025.pdf,NULL,local_pdf,local_pdf,official_web_fallback,pdf_text,pdf_table,NULL,1513,NULL,NULL,https://cgwb.gov.in
meghalaya,west garo hills,salsella,salsella,Phulbari,Phulbari Station,25.88333,90.05,2022,3,Pre-monsoon,5.3,2025.0,Safe,0.2912522,0.1904695,0.036739,19.29,NULL,NULL,normalized_exact,0.7,valid,Pre-monsoon_WL_1994-2025.pdf,GWRA_2025.pdf,NULL,local_pdf,local_pdf,official_web_fallback,pdf_text,pdf_table,NULL,1513,NULL,NULL,https://cgwb.gov.in
meghalaya,west garo hills,salsella,salsella,Salsella,Salsella Station,25.69472,90.01389,2022,3,Pre-monsoon,3.3,2025.0,Safe,0.2912522,0.1904695,0.036739,19.29,NULL,NULL,normalized_exact,0.7,valid,Pre-monsoon_WL_1994-2025.pdf,GWRA_2025.pdf,NULL,local_pdf,local_pdf,official_web_fallback,pdf_text,pdf_table,NULL,1513,NULL,NULL,https://cgwb.gov.in
meghalaya,west garo hills,tikrikilla,tikrikilla,Belguri,Belguri Station,25.96389,90.34278,2022,3,Pre-monsoon,8.7,2025.0,Safe,0.2912522,0.1904695,0.036739,19.29,NULL,NULL,normalized_exact,0.7,valid,Pre-monsoon_WL_1994-2025.pdf,GWRA_2025.pdf,NULL,local_pdf,local_pdf,official_web_fallback,pdf_text,pdf_table,NULL,1513,NULL,NULL,https://cgwb.gov.in
meghalaya,west garo hills,tikrikilla,tikrikilla,Phutamamri,Phutamamri Station,25.94333,90.22,2022,3,Pre-monsoon,4.2,2025.0,Safe,0.2912522,0.1904695,0.036739,19.29,NULL,NULL,normalized_exact,0.7,valid,Pre-monsoon_WL_1994-2025.pdf,GWRA_2025.pdf,NULL,local_pdf,local_pdf,official_web_fallback,pdf_text,pdf_table,NULL,1513,NULL,NULL,https://cgwb.gov.in
meghalaya,west garo hills,tikrikilla,tikrikilla,Tikrikilla,Tikrikilla Station,25.94583,90.24444,2022,3,Pre-monsoon,4.1,2025.0,Safe,0.2912522,0.1904695,0.036739,19.29,NULL,NULL,normalized_exact,0.7,valid,Pre-monsoon_WL_1994-2025.pdf,GWRA_2025.pdf,NULL,local_pdf,local_pdf,official_web_fallback,pdf_text,pdf_table,NULL,1513,NULL,NULL,https://cgwb.gov.in
meghalaya,west jaintia hills,amlarem,amlarem,Dauki,Dauki Station,25.2,92.03333,2022,3,Pre-monsoon,1.1,2025.0,Safe,0.1116346999999999,0.1004712,0.0061129999999999,6.08,NULL,NULL,normalized_exact,0.7,valid,Pre-monsoon_WL_1994-2025.pdf,GWRA_2025.pdf,NULL,local_pdf,local_pdf,official_web_fallback,pdf_text,pdf_table,NULL,1513,NULL,NULL,https://cgwb.gov.in
meghalaya,west jaintia hills,thadlaskein,thadlaskein,Jowai,Jowai Station,25.44167,92.175,2022,3,Pre-monsoon,0.6,2025.0,Safe,0.1116346999999999,0.1004712,0.0061129999999999,6.08,NULL,NULL,normalized_exact,0.7,valid,Pre-monsoon_WL_1994-2025.pdf,GWRA_2025.pdf,NULL,local_pdf,local_pdf,official_web_fallback,pdf_text,pdf_table,NULL,1513,NULL,NULL,https://cgwb.gov.in
meghalaya,west khasi hills,shallang,shallang,Nongdaju,Nongdaju Station,25.55056,90.91861,2022,3,Pre-monsoon,3.6,2025.0,Safe,0.339654,0.3056885,0.0046341,1.52,NULL,NULL,normalized_exact,0.7,valid,Pre-monsoon_WL_1994-2025.pdf,GWRA_2025.pdf,NULL,local_pdf,local_pdf,official_web_fallback,pdf_text,pdf_table,NULL,1513,NULL,NULL,https://cgwb.gov.in
meghalaya,east garo hills,dambo rongjeng,dambo rongjeng,Darugiri,Darugiri Station,25.61917,90.7675,2021,3,Pre-monsoon,4.6,2025.0,Safe,0.0849275,0.0764346,0.003461,4.53,NULL,NULL,normalized_exact,0.7,valid,Pre-monsoon_WL_1994-2025.pdf,GWRA_2025.pdf,NULL,local_pdf,local_pdf,official_web_fallback,pdf_text,pdf_table,NULL,1828,NULL,NULL,https://cgwb.gov.in
meghalaya,east garo hills,dambo rongjeng,dambo rongjeng,Narringirri,Narringirri Station,25.61028,90.73972,2021,3,Pre-monsoon,1.9,2025.0,Safe,0.0849275,0.0764346,0.003461,4.53,NULL,NULL,normalized_exact,0.7,valid,Pre-monsoon_WL_1994-2025.pdf,GWRA_2025.pdf,NULL,local_pdf,local_pdf,official_web_fallback,pdf_text,pdf_table,NULL,1828,NULL,NULL,https://cgwb.gov.in
meghalaya,east garo hills,dambo rongjeng,dambo rongjeng,Rongjeng,Rongjeng Station,25.66667,90.80417,2021,3,Pre-monsoon,5.2,2025.0,Safe,0.0849275,0.0764346,0.003461,4.53,NULL,NULL,normalized_exact,0.7,valid,Pre-monsoon_WL_1994-2025.pdf,GWRA_2025.pdf,NULL,local_pdf,local_pdf,official_web_fallback,pdf_text,pdf_table,NULL,1828,NULL,NULL,https://cgwb.gov.in
meghalaya,east garo hills,dambo rongjeng,dambo rongjeng,Rongmil,Rongmil Station,25.73611,90.82444,2021,3,Pre-monsoon,3.3,2025.0,Safe,0.0849275,0.0764346,0.003461,4.53,NULL,NULL,normalized_exact,0.7,valid,Pre-monsoon_WL_1994-2025.pdf,GWRA_2025.pdf,NULL,local_pdf,local_pdf,official_web_fallback,pdf_text,pdf_table,NULL,1828,NULL,NULL,https://cgwb.gov.in
meghalaya,east garo hills,samanda,samanda,Baiza Rongreng,Baiza Rongreng Station,25.5425,90.585,2021,3,Pre-monsoon,3.8,2025.0,Safe,0.0849275,0.0764346,0.003461,4.53,NULL,NULL,normalized_exact,0.7,valid,Pre-monsoon_WL_1994-2025.pdf,GWRA_2025.pdf,NULL,local_pdf,local_pdf,official_web_fallback,pdf_text,pdf_table,NULL,1828,NULL,NULL,https://cgwb.gov.in
meghalaya,east garo hills,samanda,samanda,Samanda Megapagre,Samanda Megapagre Station,25.58004,90.52681,2021,3,Pre-monsoon,3.5,2025.0,Safe,0.0849275,0.0764346,0.003461,4.53,NULL,NULL,normalized_exact,0.7,valid,Pre-monsoon_WL_1994-2025.pdf,GWRA_2025.pdf,NULL,local_pdf,local_pdf,official_web_fallback,pdf_text,pdf_table,NULL,1828,NULL,NULL,https://cgwb.gov.in
meghalaya,east garo hills,samanda,samanda,Williamnagar,Williamnagar Station,25.51,90.51944,2021,3,Pre-monsoon,2.8,2025.0,Safe,0.0849275,0.0764346,0.003461,4.53,NULL,NULL,normalized_exact,0.7,valid,Pre-monsoon_WL_1994-2025.pdf,GWRA_2025.pdf,NULL,local_pdf,local_pdf,official_web_fallback,pdf_text,pdf_table,NULL,1828,NULL,NULL,https://cgwb.gov.in
meghalaya,east garo hills,songsak,songsak,Dobu,Dobu Station,25.55612,90.71481,2021,3,Pre-monsoon,2.6,2025.0,Safe,0.0849275,0.0764346,0.003461,4.53,NULL,NULL,normalized_exact,0.7,valid,Pre-monsoon_WL_1994-2025.pdf,GWRA_2025.pdf,NULL,local_pdf,local_pdf,official_web_fallback,pdf_text,pdf_table,NULL,1828,NULL,NULL,https://cgwb.gov.in
meghalaya,east garo hills,songsak,songsak,Songsak,Songsak Station,25.66333,90.61028,2021,3,Pre-monsoon,3.0,2025.0,Safe,0.0849275,0.0764346,0.003461,4.53,NULL,NULL,normalized_exact,0.7,valid,Pre-monsoon_WL_1994-2025.pdf,GWRA_2025.pdf,NULL,local_pdf,local_pdf,official_web_fallback,pdf_text,pdf_table,NULL,1828,NULL,NULL,https://cgwb.gov.in
meghalaya,east khasi hills,mawsynram,mawsynram,Dangar,Dangar Station,25.18889,91.38139,2021,3,Pre-monsoon,2.2,2025.0,Safe,0.2181741,0.1963567,0.006982,3.56,NULL,NULL,normalized_exact,0.7,valid,Pre-monsoon_WL_1994-2025.pdf,GWRA_2025.pdf,NULL,local_pdf,local_pdf,official_web_fallback,pdf_text,pdf_table,NULL,1828,NULL,NULL,https://cgwb.gov.in
meghalaya,east khasi hills,mylliem,mylliem,Lachuamiere,Lachuamiere Station,25.57056,91.89028,2021,3,Pre-monsoon,0.6,2025.0,Safe,0.2181741,0.1963567,0.006982,3.56,NULL,NULL,normalized_exact,0.7,valid,Pre-monsoon_WL_1994-2025.pdf,GWRA_2025.pdf,NULL,local_pdf,local_pdf,official_web_fallback,pdf_text,pdf_table,NULL,1828,NULL,NULL,https://cgwb.gov.in
meghalaya,east khasi hills,mylliem,mylliem,Nongmynsong,Nongmynsong Station,25.57972,91.90694,2021,3,Pre-monsoon,3.0,2025.0,Safe,0.2181741,0.1963567,0.006982,3.56,NULL,NULL,normalized_exact,0.7,valid,Pre-monsoon_WL_1994-2025.pdf,GWRA_2025.pdf,NULL,local_pdf,local_pdf,official_web_fallback,pdf_text,pdf_table,NULL,1828,NULL,NULL,https://cgwb.gov.in
meghalaya,east khasi hills,mylliem,mylliem,Shillong Golf Link,Shillong Golf Link Station,25.58194,91.89444,2021,3,Pre-monsoon,9.6,2025.0,Safe,0.2181741,0.1963567,0.006982,3.56,NULL,NULL,normalized_exact,0.7,valid,Pre-monsoon_WL_1994-2025.pdf,GWRA_2025.pdf,NULL,local_pdf,local_pdf,official_web_fallback,pdf_text,pdf_table,NULL,1828,NULL,NULL,https://cgwb.gov.in
meghalaya,east khasi hills,mylliem,mylliem,Water Resources Dept,Water Resources Dept Station,25.56556,91.89611,2021,3,Pre-monsoon,5.0,2025.0,Safe,0.2181741,0.1963567,0.006982,3.56,NULL,NULL,normalized_exact,0.7,valid,Pre-monsoon_WL_1994-2025.pdf,GWRA_2025.pdf,NULL,local_pdf,local_pdf,official_web_fallback,pdf_text,pdf_table,NULL,1828,NULL,NULL,https://cgwb.gov.in
meghalaya,east khasi hills,shella bholaganj,shella bholaganj,Cherrapunji,Cherrapunji Station,25.28333,91.71667,2021,3,Pre-monsoon,1.1,2025.0,Safe,0.2181741,0.1963567,0.006982,3.56,NULL,NULL,normalized_exact,0.7,valid,Pre-monsoon_WL_1994-2025.pdf,GWRA_2025.pdf,NULL,local_pdf,local_pdf,official_web_fallback,pdf_text,pdf_table,NULL,1828,NULL,NULL,https://cgwb.gov.in
meghalaya,east khasi hills,shella bholaganj,shella bholaganj,Ichamati,Ichamati Station,25.165,91.68683,2021,3,Pre-monsoon,0.4,2025.0,Safe,0.2181741,0.1963567,0.006982,3.56,NULL,NULL,normalized_exact,0.7,valid,Pre-monsoon_WL_1994-2025.pdf,GWRA_2025.pdf,NULL,local_pdf,local_pdf,official_web_fallback,pdf_text,pdf_table,NULL,1828,NULL,NULL,https://cgwb.gov.in
meghalaya,east khasi hills,shella bholaganj,shella bholaganj,Nit Cherrapunji1,Nit Cherrapunji1 Station,25.25028,91.74417,2021,3,Pre-monsoon,4.7,2025.0,Safe,0.2181741,0.1963567,0.006982,3.56,NULL,NULL,normalized_exact,0.7,valid,Pre-monsoon_WL_1994-2025.pdf,GWRA_2025.pdf,NULL,local_pdf,local_pdf,official_web_fallback,pdf_text,pdf_table,NULL,1828,NULL,NULL,https://cgwb.gov.in
meghalaya,west khasi hills,Mairang,Mairang,Mairang N,Mairang N Station,25.56222,91.63917,2021,3,Pre-monsoon,1.0,2025.0,NULL,0.339654,0.3056885,0.0046341,1.52,NULL,NULL,historical_mapping,0.5,valid,Pre-monsoon_WL_1994-2025.pdf,GWRA_2025.pdf,NULL,local_pdf,local_pdf,official_web_fallback,pdf_text,pdf_table,NULL,1828,NULL,NULL,https://cgwb.gov.in
meghalaya,north garo hills,bajengdoba,bajengdoba,Bajengdoba,Bajengdoba Station,25.88611,90.5125,2021,3,Pre-monsoon,3.2,2025.0,Safe,0.0986029,0.0774368,0.0049870999999999,6.44,NULL,NULL,normalized_exact,0.7,valid,Pre-monsoon_WL_1994-2025.pdf,GWRA_2025.pdf,NULL,local_pdf,local_pdf,official_web_fallback,pdf_text,pdf_table,NULL,1828,NULL,NULL,https://cgwb.gov.in
meghalaya,north garo hills,bajengdoba,bajengdoba,Snalgre,Snalgre Station,25.74882,90.40422,2021,3,Pre-monsoon,1.5,2025.0,Safe,0.0986029,0.0774368,0.0049870999999999,6.44,NULL,NULL,normalized_exact,0.7,valid,Pre-monsoon_WL_1994-2025.pdf,GWRA_2025.pdf,NULL,local_pdf,local_pdf,official_web_fallback,pdf_text,pdf_table,NULL,1828,NULL,NULL,https://cgwb.gov.in
meghalaya,north garo hills,kharkutta,kharkutta,Kharkutta,Kharkutta Station,25.90556,90.89444,2021,3,Pre-monsoon,5.5,2025.0,Safe,0.0986029,0.0774368,0.0049870999999999,6.44,NULL,NULL,normalized_exact,0.7,valid,Pre-monsoon_WL_1994-2025.pdf,GWRA_2025.pdf,NULL,local_pdf,local_pdf,official_web_fallback,pdf_text,pdf_table,NULL,1828,NULL,NULL,https://cgwb.gov.in
meghalaya,north garo hills,resubelpara,resubelpara,Dainadubi,Dainadubi Station,25.89889,90.7775,2021,3,Pre-monsoon,3.5,2025.0,Safe,0.0986029,0.0774368,0.0049870999999999,6.44,NULL,NULL,normalized_exact,0.7,valid,Pre-monsoon_WL_1994-2025.pdf,GWRA_2025.pdf,NULL,local_pdf,local_pdf,official_web_fallback,pdf_text,pdf_table,NULL,1828,NULL,NULL,https://cgwb.gov.in
meghalaya,north garo hills,resubelpara,resubelpara,Mendal,Mendal Station,25.82472,90.46583,2021,3,Pre-monsoon,3.1,2025.0,Safe,0.0986029,0.0774368,0.0049870999999999,6.44,NULL,NULL,normalized_exact,0.7,valid,Pre-monsoon_WL_1994-2025.pdf,GWRA_2025.pdf,NULL,local_pdf,local_pdf,official_web_fallback,pdf_text,pdf_table,NULL,1828,NULL,NULL,https://cgwb.gov.in
meghalaya,north garo hills,resubelpara,resubelpara,Mendipathar,Mendipathar Station,25.92083,90.50833,2021,3,Pre-monsoon,5.3,2025.0,Safe,0.0986029,0.0774368,0.0049870999999999,6.44,NULL,NULL,normalized_exact,0.7,valid,Pre-monsoon_WL_1994-2025.pdf,GWRA_2025.pdf,NULL,local_pdf,local_pdf,official_web_fallback,pdf_text,pdf_table,NULL,1828,NULL,NULL,https://cgwb.gov.in
meghalaya,ri bhoi,jirang,jirang,Patharkhamma Barigaon,Patharkhamma Barigaon Station,25.87139,91.59472,2021,3,Pre-monsoon,4.4,2025.0,Safe,0.0648369999999999,0.0583534,0.0035481,6.08,NULL,NULL,normalized_exact,0.7,valid,Pre-monsoon_WL_1994-2025.pdf,GWRA_2025.pdf,NULL,local_pdf,local_pdf,official_web_fallback,pdf_text,pdf_table,NULL,1828,NULL,NULL,https://cgwb.gov.in
meghalaya,ri bhoi,nongpoh,nongpoh,Nongpoh,Nongpoh Station,25.9,91.88333,2021,3,Pre-monsoon,4.2,2025.0,Safe,0.0648369999999999,0.0583534,0.0035481,6.08,NULL,NULL,normalized_exact,0.7,valid,Pre-monsoon_WL_1994-2025.pdf,GWRA_2025.pdf,NULL,local_pdf,local_pdf,official_web_fallback,pdf_text,pdf_table,NULL,1828,NULL,NULL,https://cgwb.gov.in
meghalaya,ri bhoi,umling,umling,Byrnihat,Byrnihat Station,26.04889,91.86889,2021,3,Pre-monsoon,3.3,2025.0,Safe,0.0648369999999999,0.0583534,0.0035481,6.08,NULL,NULL,normalized_exact,0.7,valid,Pre-monsoon_WL_1994-2025.pdf,GWRA_2025.pdf,NULL,local_pdf,local_pdf,official_web_fallback,pdf_text,pdf_table,NULL,1828,NULL,NULL,https://cgwb.gov.in
meghalaya,ri bhoi,umling,umling,Pahanmawlien,Pahanmawlien Station,25.99472,91.86167,2021,3,Pre-monsoon,0.5,2025.0,Safe,0.0648369999999999,0.0583534,0.0035481,6.08,NULL,NULL,normalized_exact,0.7,valid,Pre-monsoon_WL_1994-2025.pdf,GWRA_2025.pdf,NULL,local_pdf,local_pdf,official_web_fallback,pdf_text,pdf_table,NULL,1829,NULL,NULL,https://cgwb.gov.in
meghalaya,ri bhoi,umling,umling,Tamenpoanglong,Tamenpoanglong Station,25.92583,91.94472,2021,3,Pre-monsoon,2.1,2025.0,Safe,0.0648369999999999,0.0583534,0.0035481,6.08,NULL,NULL,normalized_exact,0.7,valid,Pre-monsoon_WL_1994-2025.pdf,GWRA_2025.pdf,NULL,local_pdf,local_pdf,official_web_fallback,pdf_text,pdf_table,NULL,1829,NULL,NULL,https://cgwb.gov.in
meghalaya,ri bhoi,umsning,umsning,Nayabunglow,Nayabunglow Station,25.74667,91.88667,2021,3,Pre-monsoon,4.7,2025.0,Safe,0.0648369999999999,0.0583534,0.0035481,6.08,NULL,NULL,normalized_exact,0.7,valid,Pre-monsoon_WL_1994-2025.pdf,GWRA_2025.pdf,NULL,local_pdf,local_pdf,official_web_fallback,pdf_text,pdf_table,NULL,1829,NULL,NULL,https://cgwb.gov.in
meghalaya,south west garo hills,betasing,betasing,Ampati,Ampati Station,25.5,89.95833,2021,3,Pre-monsoon,1.4,2025.0,Safe,0.079896,0.0387598,0.0076644,19.77,NULL,NULL,normalized_exact,0.7,valid,Pre-monsoon_WL_1994-2025.pdf,GWRA_2025.pdf,NULL,local_pdf,local_pdf,official_web_fallback,pdf_text,pdf_table,NULL,1829,NULL,NULL,https://cgwb.gov.in
meghalaya,south west garo hills,betasing,betasing,Betasing,Betasing Station,25.51339,89.95672,2021,3,Pre-monsoon,2.7,2025.0,Safe,0.079896,0.0387598,0.0076644,19.77,NULL,NULL,normalized_exact,0.7,valid,Pre-monsoon_WL_1994-2025.pdf,GWRA_2025.pdf,NULL,local_pdf,local_pdf,official_web_fallback,pdf_text,pdf_table,NULL,1829,NULL,NULL,https://cgwb.gov.in
meghalaya,south west garo hills,rerapara,rerapara,Garobandha,Garobandha Station,25.58028,90.02222,2021,3,Pre-monsoon,4.8,2025.0,Safe,0.079896,0.0387598,0.0076644,19.77,NULL,NULL,normalized_exact,0.7,valid,Pre-monsoon_WL_1994-2025.pdf,GWRA_2025.pdf,NULL,local_pdf,local_pdf,official_web_fallback,pdf_text,pdf_table,NULL,1829,NULL,NULL,https://cgwb.gov.in
meghalaya,south west garo hills,zikzak,zikzak,Mahendraganj,Mahendraganj Station,25.3,89.85972,2021,3,Pre-monsoon,2.9,2025.0,Safe,0.079896,0.0387598,0.0076644,19.77,NULL,NULL,normalized_exact,0.7,valid,Pre-monsoon_WL_1994-2025.pdf,GWRA_2025.pdf,NULL,local_pdf,local_pdf,official_web_fallback,pdf_text,pdf_table,NULL,1829,NULL,NULL,https://cgwb.gov.in
meghalaya,west garo hills,batabari,batabari,Rajabala,Rajabala Station,25.75556,89.98083,2021,3,Pre-monsoon,5.9,2025.0,Safe,0.2912522,0.1904695,0.036739,19.29,NULL,NULL,normalized_exact,0.7,valid,Pre-monsoon_WL_1994-2025.pdf,GWRA_2025.pdf,NULL,local_pdf,local_pdf,official_web_fallback,pdf_text,pdf_table,NULL,1829,NULL,NULL,https://cgwb.gov.in
meghalaya,west garo hills,dalu,dalu,Dalu,Dalu Station,25.22778,90.2125,2021,3,Pre-monsoon,4.5,2025.0,Safe,0.2912522,0.1904695,0.036739,19.29,NULL,NULL,normalized_exact,0.7,valid,Pre-monsoon_WL_1994-2025.pdf,GWRA_2025.pdf,NULL,local_pdf,local_pdf,official_web_fallback,pdf_text,pdf_table,NULL,1829,NULL,NULL,https://cgwb.gov.in
meghalaya,west garo hills,dalu,dalu,Porakhasia,Porakhasia Station,25.3,90.01667,2021,3,Pre-monsoon,3.5,2025.0,Safe,0.2912522,0.1904695,0.036739,19.29,NULL,NULL,normalized_exact,0.7,valid,Pre-monsoon_WL_1994-2025.pdf,GWRA_2025.pdf,NULL,local_pdf,local_pdf,official_web_fallback,pdf_text,pdf_table,NULL,1829,NULL,NULL,https://cgwb.gov.in
meghalaya,west garo hills,demdema,demdema,Nidanpur,Nidanpur Station,25.9125,90.12778,2021,3,Pre-monsoon,2.3,2025.0,Safe,0.2912522,0.1904695,0.036739,19.29,NULL,NULL,normalized_exact,0.7,valid,Pre-monsoon_WL_1994-2025.pdf,GWRA_2025.pdf,NULL,local_pdf,local_pdf,official_web_fallback,pdf_text,pdf_table,NULL,1829,NULL,NULL,https://cgwb.gov.in
meghalaya,west garo hills,rongram,rongram,Asanang,Asanang Station,25.59944,90.27556,2021,3,Pre-monsoon,4.3,2025.0,Safe,0.2912522,0.1904695,0.036739,19.29,NULL,NULL,normalized_exact,0.7,valid,Pre-monsoon_WL_1994-2025.pdf,GWRA_2025.pdf,NULL,local_pdf,local_pdf,official_web_fallback,pdf_text,pdf_table,NULL,1829,NULL,NULL,https://cgwb.gov.in
meghalaya,west garo hills,rongram,rongram,Baljek,Baljek Station,25.66439,90.34159,2021,3,Pre-monsoon,2.1,2025.0,Safe,0.2912522,0.1904695,0.036739,19.29,NULL,NULL,normalized_exact,0.7,valid,Pre-monsoon_WL_1994-2025.pdf,GWRA_2025.pdf,NULL,local_pdf,local_pdf,official_web_fallback,pdf_text,pdf_table,NULL,1829,NULL,NULL,https://cgwb.gov.in
meghalaya,west garo hills,rongram,rongram,Rongram,Rongram Station,25.59408,90.24997,2021,3,Pre-monsoon,3.5,2025.0,Safe,0.2912522,0.1904695,0.036739,19.29,NULL,NULL,normalized_exact,0.7,valid,Pre-monsoon_WL_1994-2025.pdf,GWRA_2025.pdf,NULL,local_pdf,local_pdf,official_web_fallback,pdf_text,pdf_table,NULL,1829,NULL,NULL,https://cgwb.gov.in
meghalaya,west garo hills,salsella,salsella,Damjongre,Damjongre Station,25.61354,90.0359,2021,3,Pre-monsoon,3.6,2025.0,Safe,0.2912522,0.1904695,0.036739,19.29,NULL,NULL,normalized_exact,0.7,valid,Pre-monsoon_WL_1994-2025.pdf,GWRA_2025.pdf,NULL,local_pdf,local_pdf,official_web_fallback,pdf_text,pdf_table,NULL,1829,NULL,NULL,https://cgwb.gov.in
meghalaya,west garo hills,salsella,salsella,Phulbari,Phulbari Station,25.88333,90.05,2021,3,Pre-monsoon,3.2,2025.0,Safe,0.2912522,0.1904695,0.036739,19.29,NULL,NULL,normalized_exact,0.7,valid,Pre-monsoon_WL_1994-2025.pdf,GWRA_2025.pdf,NULL,local_pdf,local_pdf,official_web_fallback,pdf_text,pdf_table,NULL,1829,NULL,NULL,https://cgwb.gov.in
meghalaya,west garo hills,salsella,salsella,Salsella,Salsella Station,25.69472,90.01389,2021,3,Pre-monsoon,2.4,2025.0,Safe,0.2912522,0.1904695,0.036739,19.29,NULL,NULL,normalized_exact,0.7,valid,Pre-monsoon_WL_1994-2025.pdf,GWRA_2025.pdf,NULL,local_pdf,local_pdf,official_web_fallback,pdf_text,pdf_table,NULL,1829,NULL,NULL,https://cgwb.gov.in
meghalaya,west garo hills,tikrikilla,tikrikilla,Belguri,Belguri Station,25.96389,90.34278,2021,3,Pre-monsoon,7.4,2025.0,Safe,0.2912522,0.1904695,0.036739,19.29,NULL,NULL,normalized_exact,0.7,valid,Pre-monsoon_WL_1994-2025.pdf,GWRA_2025.pdf,NULL,local_pdf,local_pdf,official_web_fallback,pdf_text,pdf_table,NULL,1829,NULL,NULL,https://cgwb.gov.in
meghalaya,west garo hills,tikrikilla,tikrikilla,Phutamamri,Phutamamri Station,25.94333,90.22,2021,3,Pre-monsoon,3.5,2025.0,Safe,0.2912522,0.1904695,0.036739,19.29,NULL,NULL,normalized_exact,0.7,valid,Pre-monsoon_WL_1994-2025.pdf,GWRA_2025.pdf,NULL,local_pdf,local_pdf,official_web_fallback,pdf_text,pdf_table,NULL,1829,NULL,NULL,https://cgwb.gov.in
meghalaya,west garo hills,tikrikilla,tikrikilla,Tikrikilla,Tikrikilla Station,25.94583,90.24444,2021,3,Pre-monsoon,3.1,2025.0,Safe,0.2912522,0.1904695,0.036739,19.29,NULL,NULL,normalized_exact,0.7,valid,Pre-monsoon_WL_1994-2025.pdf,GWRA_2025.pdf,NULL,local_pdf,local_pdf,official_web_fallback,pdf_text,pdf_table,NULL,1829,NULL,NULL,https://cgwb.gov.in
meghalaya,west jaintia hills,amlarem,amlarem,Dauki,Dauki Station,25.2,92.03333,2021,3,Pre-monsoon,0.9,2025.0,Safe,0.1116346999999999,0.1004712,0.0061129999999999,6.08,NULL,NULL,normalized_exact,0.7,valid,Pre-monsoon_WL_1994-2025.pdf,GWRA_2025.pdf,NULL,local_pdf,local_pdf,official_web_fallback,pdf_text,pdf_table,NULL,1829,NULL,NULL,https://cgwb.gov.in
meghalaya,west jaintia hills,thadlaskein,thadlaskein,Jowai,Jowai Station,25.44167,92.175,2021,3,Pre-monsoon,0.4,2025.0,Safe,0.1116346999999999,0.1004712,0.0061129999999999,6.08,NULL,NULL,normalized_exact,0.7,valid,Pre-monsoon_WL_1994-2025.pdf,GWRA_2025.pdf,NULL,local_pdf,local_pdf,official_web_fallback,pdf_text,pdf_table,NULL,1829,NULL,NULL,https://cgwb.gov.in
meghalaya,east garo hills,dambo rongjeng,dambo rongjeng,Darugiri,Darugiri Station,25.61917,90.7675,2020,3,Pre-monsoon,4.7,2025.0,Safe,0.0849275,0.0764346,0.003461,4.53,NULL,NULL,normalized_exact,0.7,valid,Pre-monsoon_WL_1994-2025.pdf,GWRA_2025.pdf,NULL,local_pdf,local_pdf,official_web_fallback,pdf_text,pdf_table,NULL,2074,NULL,NULL,https://cgwb.gov.in
meghalaya,east garo hills,dambo rongjeng,dambo rongjeng,Narringirri,Narringirri Station,25.61028,90.73972,2020,3,Pre-monsoon,2.2,2025.0,Safe,0.0849275,0.0764346,0.003461,4.53,NULL,NULL,normalized_exact,0.7,valid,Pre-monsoon_WL_1994-2025.pdf,GWRA_2025.pdf,NULL,local_pdf,local_pdf,official_web_fallback,pdf_text,pdf_table,NULL,2074,NULL,NULL,https://cgwb.gov.in
meghalaya,east garo hills,dambo rongjeng,dambo rongjeng,Rongjeng,Rongjeng Station,25.66667,90.80417,2020,3,Pre-monsoon,5.3,2025.0,Safe,0.0849275,0.0764346,0.003461,4.53,NULL,NULL,normalized_exact,0.7,valid,Pre-monsoon_WL_1994-2025.pdf,GWRA_2025.pdf,NULL,local_pdf,local_pdf,official_web_fallback,pdf_text,pdf_table,NULL,2074,NULL,NULL,https://cgwb.gov.in
meghalaya,east garo hills,dambo rongjeng,dambo rongjeng,Rongmil,Rongmil Station,25.73611,90.82444,2020,3,Pre-monsoon,3.5,2025.0,Safe,0.0849275,0.0764346,0.003461,4.53,NULL,NULL,normalized_exact,0.7,valid,Pre-monsoon_WL_1994-2025.pdf,GWRA_2025.pdf,NULL,local_pdf,local_pdf,official_web_fallback,pdf_text,pdf_table,NULL,2074,NULL,NULL,https://cgwb.gov.in
meghalaya,east garo hills,samanda,samanda,Baiza Rongreng,Baiza Rongreng Station,25.5425,90.585,2020,3,Pre-monsoon,4.6,2025.0,Safe,0.0849275,0.0764346,0.003461,4.53,NULL,NULL,normalized_exact,0.7,valid,Pre-monsoon_WL_1994-2025.pdf,GWRA_2025.pdf,NULL,local_pdf,local_pdf,official_web_fallback,pdf_text,pdf_table,NULL,2074,NULL,NULL,https://cgwb.gov.in
meghalaya,east garo hills,samanda,samanda,Samanda Megapagre,Samanda Megapagre Station,25.58004,90.52681,2020,3,Pre-monsoon,3.1,2025.0,Safe,0.0849275,0.0764346,0.003461,4.53,NULL,NULL,normalized_exact,0.7,valid,Pre-monsoon_WL_1994-2025.pdf,GWRA_2025.pdf,NULL,local_pdf,local_pdf,official_web_fallback,pdf_text,pdf_table,NULL,2074,NULL,NULL,https://cgwb.gov.in
meghalaya,east garo hills,samanda,samanda,Williamnagar,Williamnagar Station,25.51,90.51944,2020,3,Pre-monsoon,3.7,2025.0,Safe,0.0849275,0.0764346,0.003461,4.53,NULL,NULL,normalized_exact,0.7,valid,Pre-monsoon_WL_1994-2025.pdf,GWRA_2025.pdf,NULL,local_pdf,local_pdf,official_web_fallback,pdf_text,pdf_table,NULL,2074,NULL,NULL,https://cgwb.gov.in
meghalaya,east garo hills,songsak,songsak,Dobu,Dobu Station,25.55612,90.71481,2020,3,Pre-monsoon,3.5,2025.0,Safe,0.0849275,0.0764346,0.003461,4.53,NULL,NULL,normalized_exact,0.7,valid,Pre-monsoon_WL_1994-2025.pdf,GWRA_2025.pdf,NULL,local_pdf,local_pdf,official_web_fallback,pdf_text,pdf_table,NULL,2074,NULL,NULL,https://cgwb.gov.in
meghalaya,east garo hills,songsak,songsak,Songsak,Songsak Station,25.66333,90.61028,2020,3,Pre-monsoon,3.4,2025.0,Safe,0.0849275,0.0764346,0.003461,4.53,NULL,NULL,normalized_exact,0.7,valid,Pre-monsoon_WL_1994-2025.pdf,GWRA_2025.pdf,NULL,local_pdf,local_pdf,official_web_fallback,pdf_text,pdf_table,NULL,2074,NULL,NULL,https://cgwb.gov.in
meghalaya,east khasi hills,mawpat,mawpat,Mawpat,Mawpat Station,25.59278,91.91917,2020,3,Pre-monsoon,5.8,2025.0,Safe,0.2181741,0.1963567,0.006982,3.56,NULL,NULL,normalized_exact,0.7,valid,Pre-monsoon_WL_1994-2025.pdf,GWRA_2025.pdf,NULL,local_pdf,local_pdf,official_web_fallback,pdf_text,pdf_table,NULL,2074,NULL,NULL,https://cgwb.gov.in
meghalaya,east khasi hills,mylliem,mylliem,Lachuamiere,Lachuamiere Station,25.57056,91.89028,2020,3,Pre-monsoon,0.9,2025.0,Safe,0.2181741,0.1963567,0.006982,3.56,NULL,NULL,normalized_exact,0.7,valid,Pre-monsoon_WL_1994-2025.pdf,GWRA_2025.pdf,NULL,local_pdf,local_pdf,official_web_fallback,pdf_text,pdf_table,NULL,2074,NULL,NULL,https://cgwb.gov.in
meghalaya,east khasi hills,mylliem,mylliem,Nongmynsong,Nongmynsong Station,25.57972,91.90694,2020,3,Pre-monsoon,2.9,2025.0,Safe,0.2181741,0.1963567,0.006982,3.56,NULL,NULL,normalized_exact,0.7,valid,Pre-monsoon_WL_1994-2025.pdf,GWRA_2025.pdf,NULL,local_pdf,local_pdf,official_web_fallback,pdf_text,pdf_table,NULL,2074,NULL,NULL,https://cgwb.gov.in
meghalaya,east khasi hills,mylliem,mylliem,Shillong Golf Link,Shillong Golf Link Station,25.58194,91.89444,2020,3,Pre-monsoon,4.7,2025.0,Safe,0.2181741,0.1963567,0.006982,3.56,NULL,NULL,normalized_exact,0.7,valid,Pre-monsoon_WL_1994-2025.pdf,GWRA_2025.pdf,NULL,local_pdf,local_pdf,official_web_fallback,pdf_text,pdf_table,NULL,2075,NULL,NULL,https://cgwb.gov.in
meghalaya,north garo hills,bajengdoba,bajengdoba,Bajengdoba,Bajengdoba Station,25.88611,90.5125,2020,3,Pre-monsoon,4.4,2025.0,Safe,0.0986029,0.0774368,0.0049870999999999,6.44,NULL,NULL,normalized_exact,0.7,valid,Pre-monsoon_WL_1994-2025.pdf,GWRA_2025.pdf,NULL,local_pdf,local_pdf,official_web_fallback,pdf_text,pdf_table,NULL,2075,NULL,NULL,https://cgwb.gov.in
meghalaya,north garo hills,bajengdoba,bajengdoba,Snalgre,Snalgre Station,25.74882,90.40422,2020,3,Pre-monsoon,3.5,2025.0,Safe,0.0986029,0.0774368,0.0049870999999999,6.44,NULL,NULL,normalized_exact,0.7,valid,Pre-monsoon_WL_1994-2025.pdf,GWRA_2025.pdf,NULL,local_pdf,local_pdf,official_web_fallback,pdf_text,pdf_table,NULL,2075,NULL,NULL,https://cgwb.gov.in
meghalaya,north garo hills,kharkutta,kharkutta,Kharkutta,Kharkutta Station,25.90556,90.89444,2020,3,Pre-monsoon,5.9,2025.0,Safe,0.0986029,0.0774368,0.0049870999999999,6.44,NULL,NULL,normalized_exact,0.7,valid,Pre-monsoon_WL_1994-2025.pdf,GWRA_2025.pdf,NULL,local_pdf,local_pdf,official_web_fallback,pdf_text,pdf_table,NULL,2075,NULL,NULL,https://cgwb.gov.in
meghalaya,north garo hills,resubelpara,resubelpara,Dainadubi,Dainadubi Station,25.89889,90.7775,2020,3,Pre-monsoon,4.2,2025.0,Safe,0.0986029,0.0774368,0.0049870999999999,6.44,NULL,NULL,normalized_exact,0.7,valid,Pre-monsoon_WL_1994-2025.pdf,GWRA_2025.pdf,NULL,local_pdf,local_pdf,official_web_fallback,pdf_text,pdf_table,NULL,2075,NULL,NULL,https://cgwb.gov.in
meghalaya,north garo hills,resubelpara,resubelpara,Mendal,Mendal Station,25.82472,90.46583,2020,3,Pre-monsoon,4.5,2025.0,Safe,0.0986029,0.0774368,0.0049870999999999,6.44,NULL,NULL,normalized_exact,0.7,valid,Pre-monsoon_WL_1994-2025.pdf,GWRA_2025.pdf,NULL,local_pdf,local_pdf,official_web_fallback,pdf_text,pdf_table,NULL,2075,NULL,NULL,https://cgwb.gov.in
meghalaya,north garo hills,resubelpara,resubelpara,Mendipathar,Mendipathar Station,25.92083,90.50833,2020,3,Pre-monsoon,4.9,2025.0,Safe,0.0986029,0.0774368,0.0049870999999999,6.44,NULL,NULL,normalized_exact,0.7,valid,Pre-monsoon_WL_1994-2025.pdf,GWRA_2025.pdf,NULL,local_pdf,local_pdf,official_web_fallback,pdf_text,pdf_table,NULL,2075,NULL,NULL,https://cgwb.gov.in
meghalaya,ri bhoi,bhoirymbong,bhoirymbong,Umroi Maidan,Umroi Maidan Station,25.71833,91.97278,2020,3,Pre-monsoon,2.5,2025.0,Safe,0.0648369999999999,0.0583534,0.0035481,6.08,NULL,NULL,normalized_exact,0.7,valid,Pre-monsoon_WL_1994-2025.pdf,GWRA_2025.pdf,NULL,local_pdf,local_pdf,official_web_fallback,pdf_text,pdf_table,NULL,2075,NULL,NULL,https://cgwb.gov.in
meghalaya,ri bhoi,umling,umling,Byrnihat,Byrnihat Station,26.04889,91.86889,2020,3,Pre-monsoon,3.1,2025.0,Safe,0.0648369999999999,0.0583534,0.0035481,6.08,NULL,NULL,normalized_exact,0.7,valid,Pre-monsoon_WL_1994-2025.pdf,GWRA_2025.pdf,NULL,local_pdf,local_pdf,official_web_fallback,pdf_text,pdf_table,NULL,2075,NULL,NULL,https://cgwb.gov.in
meghalaya,ri bhoi,umling,umling,Pahanmawlien,Pahanmawlien Station,25.99472,91.86167,2020,3,Pre-monsoon,0.9,2025.0,Safe,0.0648369999999999,0.0583534,0.0035481,6.08,NULL,NULL,normalized_exact,0.7,valid,Pre-monsoon_WL_1994-2025.pdf,GWRA_2025.pdf,NULL,local_pdf,local_pdf,official_web_fallback,pdf_text,pdf_table,NULL,2075,NULL,NULL,https://cgwb.gov.in
meghalaya,ri bhoi,umsning,umsning,Nayabunglow,Nayabunglow Station,25.74667,91.88667,2020,3,Pre-monsoon,4.9,2025.0,Safe,0.0648369999999999,0.0583534,0.0035481,6.08,NULL,NULL,normalized_exact,0.7,valid,Pre-monsoon_WL_1994-2025.pdf,GWRA_2025.pdf,NULL,local_pdf,local_pdf,official_web_fallback,pdf_text,pdf_table,NULL,2075,NULL,NULL,https://cgwb.gov.in
meghalaya,south west garo hills,betasing,betasing,Ampati,Ampati Station,25.5,89.95833,2020,3,Pre-monsoon,2.1,2025.0,Safe,0.079896,0.0387598,0.0076644,19.77,NULL,NULL,normalized_exact,0.7,valid,Pre-monsoon_WL_1994-2025.pdf,GWRA_2025.pdf,NULL,local_pdf,local_pdf,official_web_fallback,pdf_text,pdf_table,NULL,2075,NULL,NULL,https://cgwb.gov.in
meghalaya,south west garo hills,betasing,betasing,Betasing,Betasing Station,25.51339,89.95672,2020,3,Pre-monsoon,3.1,2025.0,Safe,0.079896,0.0387598,0.0076644,19.77,NULL,NULL,normalized_exact,0.7,valid,Pre-monsoon_WL_1994-2025.pdf,GWRA_2025.pdf,NULL,local_pdf,local_pdf,official_web_fallback,pdf_text,pdf_table,NULL,2075,NULL,NULL,https://cgwb.gov.in
meghalaya,south west garo hills,rerapara,rerapara,Garobandha,Garobandha Station,25.58028,90.02222,2020,3,Pre-monsoon,3.2,2025.0,Safe,0.079896,0.0387598,0.0076644,19.77,NULL,NULL,normalized_exact,0.7,valid,Pre-monsoon_WL_1994-2025.pdf,GWRA_2025.pdf,NULL,local_pdf,local_pdf,official_web_fallback,pdf_text,pdf_table,NULL,2075,NULL,NULL,https://cgwb.gov.in
meghalaya,south west garo hills,zikzak,zikzak,Mahendraganj,Mahendraganj Station,25.3,89.85972,2020,3,Pre-monsoon,3.5,2025.0,Safe,0.079896,0.0387598,0.0076644,19.77,NULL,NULL,normalized_exact,0.7,valid,Pre-monsoon_WL_1994-2025.pdf,GWRA_2025.pdf,NULL,local_pdf,local_pdf,official_web_fallback,pdf_text,pdf_table,NULL,2075,NULL,NULL,https://cgwb.gov.in
meghalaya,west garo hills,batabari,batabari,Rajabala,Rajabala Station,25.75556,89.98083,2020,3,Pre-monsoon,2.7,2025.0,Safe,0.2912522,0.1904695,0.036739,19.29,NULL,NULL,normalized_exact,0.7,valid,Pre-monsoon_WL_1994-2025.pdf,GWRA_2025.pdf,NULL,local_pdf,local_pdf,official_web_fallback,pdf_text,pdf_table,NULL,2075,NULL,NULL,https://cgwb.gov.in
meghalaya,west garo hills,dalu,dalu,Dalu,Dalu Station,25.22778,90.2125,2020,3,Pre-monsoon,4.6,2025.0,Safe,0.2912522,0.1904695,0.036739,19.29,NULL,NULL,normalized_exact,0.7,valid,Pre-monsoon_WL_1994-2025.pdf,GWRA_2025.pdf,NULL,local_pdf,local_pdf,official_web_fallback,pdf_text,pdf_table,NULL,2075,NULL,NULL,https://cgwb.gov.in
meghalaya,west garo hills,dalu,dalu,Porakhasia,Porakhasia Station,25.3,90.01667,2020,3,Pre-monsoon,3.6,2025.0,Safe,0.2912522,0.1904695,0.036739,19.29,NULL,NULL,normalized_exact,0.7,valid,Pre-monsoon_WL_1994-2025.pdf,GWRA_2025.pdf,NULL,local_pdf,local_pdf,official_web_fallback,pdf_text,pdf_table,NULL,2075,NULL,NULL,https://cgwb.gov.in
meghalaya,west garo hills,demdema,demdema,Nidanpur,Nidanpur Station,25.9125,90.12778,2020,3,Pre-monsoon,4.3,2025.0,Safe,0.2912522,0.1904695,0.036739,19.29,NULL,NULL,normalized_exact,0.7,valid,Pre-monsoon_WL_1994-2025.pdf,GWRA_2025.pdf,NULL,local_pdf,local_pdf,official_web_fallback,pdf_text,pdf_table,NULL,2075,NULL,NULL,https://cgwb.gov.in
meghalaya,west garo hills,rongram,rongram,Asanang,Asanang Station,25.59944,90.27556,2020,3,Pre-monsoon,4.8,2025.0,Safe,0.2912522,0.1904695,0.036739,19.29,NULL,NULL,normalized_exact,0.7,valid,Pre-monsoon_WL_1994-2025.pdf,GWRA_2025.pdf,NULL,local_pdf,local_pdf,official_web_fallback,pdf_text,pdf_table,NULL,2075,NULL,NULL,https://cgwb.gov.in
meghalaya,west garo hills,rongram,rongram,Baljek,Baljek Station,25.66439,90.34159,2020,3,Pre-monsoon,1.8,2025.0,Safe,0.2912522,0.1904695,0.036739,19.29,NULL,NULL,normalized_exact,0.7,valid,Pre-monsoon_WL_1994-2025.pdf,GWRA_2025.pdf,NULL,local_pdf,local_pdf,official_web_fallback,pdf_text,pdf_table,NULL,2075,NULL,NULL,https://cgwb.gov.in
meghalaya,west garo hills,rongram,rongram,Rongram,Rongram Station,25.59408,90.24997,2020,3,Pre-monsoon,3.9,2025.0,Safe,0.2912522,0.1904695,0.036739,19.29,NULL,NULL,normalized_exact,0.7,valid,Pre-monsoon_WL_1994-2025.pdf,GWRA_2025.pdf,NULL,local_pdf,local_pdf,official_web_fallback,pdf_text,pdf_table,NULL,2075,NULL,NULL,https://cgwb.gov.in
meghalaya,west garo hills,salsella,salsella,Damjongre,Damjongre Station,25.61354,90.0359,2020,3,Pre-monsoon,3.8,2025.0,Safe,0.2912522,0.1904695,0.036739,19.29,NULL,NULL,normalized_exact,0.7,valid,Pre-monsoon_WL_1994-2025.pdf,GWRA_2025.pdf,NULL,local_pdf,local_pdf,official_web_fallback,pdf_text,pdf_table,NULL,2075,NULL,NULL,https://cgwb.gov.in
meghalaya,west garo hills,salsella,salsella,Phulbari,Phulbari Station,25.88333,90.05,2020,3,Pre-monsoon,3.0,2025.0,Safe,0.2912522,0.1904695,0.036739,19.29,NULL,NULL,normalized_exact,0.7,valid,Pre-monsoon_WL_1994-2025.pdf,GWRA_2025.pdf,NULL,local_pdf,local_pdf,official_web_fallback,pdf_text,pdf_table,NULL,2075,NULL,NULL,https://cgwb.gov.in
meghalaya,west garo hills,salsella,salsella,Salsella,Salsella Station,25.69472,90.01389,2020,3,Pre-monsoon,2.1,2025.0,Safe,0.2912522,0.1904695,0.036739,19.29,NULL,NULL,normalized_exact,0.7,valid,Pre-monsoon_WL_1994-2025.pdf,GWRA_2025.pdf,NULL,local_pdf,local_pdf,official_web_fallback,pdf_text,pdf_table,NULL,2075,NULL,NULL,https://cgwb.gov.in
meghalaya,west garo hills,tikrikilla,tikrikilla,Belguri,Belguri Station,25.96389,90.34278,2020,3,Pre-monsoon,8.1,2025.0,Safe,0.2912522,0.1904695,0.036739,19.29,NULL,NULL,normalized_exact,0.7,valid,Pre-monsoon_WL_1994-2025.pdf,GWRA_2025.pdf,NULL,local_pdf,local_pdf,official_web_fallback,pdf_text,pdf_table,NULL,2075,NULL,NULL,https://cgwb.gov.in
meghalaya,west garo hills,tikrikilla,tikrikilla,Phutamamri,Phutamamri Station,25.94333,90.22,2020,3,Pre-monsoon,4.2,2025.0,Safe,0.2912522,0.1904695,0.036739,19.29,NULL,NULL,normalized_exact,0.7,valid,Pre-monsoon_WL_1994-2025.pdf,GWRA_2025.pdf,NULL,local_pdf,local_pdf,official_web_fallback,pdf_text,pdf_table,NULL,2075,NULL,NULL,https://cgwb.gov.in
meghalaya,west garo hills,tikrikilla,tikrikilla,Tikrikilla,Tikrikilla Station,25.94583,90.24444,2020,3,Pre-monsoon,5.7,2025.0,Safe,0.2912522,0.1904695,0.036739,19.29,NULL,NULL,normalized_exact,0.7,valid,Pre-monsoon_WL_1994-2025.pdf,GWRA_2025.pdf,NULL,local_pdf,local_pdf,official_web_fallback,pdf_text,pdf_table,NULL,2075,NULL,NULL,https://cgwb.gov.in
meghalaya,west jaintia hills,thadlaskein,thadlaskein,Jowai,Jowai Station,25.44167,92.175,2020,3,Pre-monsoon,0.3,2025.0,Safe,0.1116346999999999,0.1004712,0.0061129999999999,6.08,NULL,NULL,normalized_exact,0.7,valid,Pre-monsoon_WL_1994-2025.pdf,GWRA_2025.pdf,NULL,local_pdf,local_pdf,official_web_fallback,pdf_text,pdf_table,NULL,2075,NULL,NULL,https://cgwb.gov.in
meghalaya,east garo hills,dambo rongjeng,dambo rongjeng,Darugiri,Darugiri Station,25.61917,90.7675,2019,3,Pre-monsoon,3.87,2025.0,Safe,0.0849275,0.0764346,0.003461,4.53,NULL,NULL,normalized_exact,0.7,valid,Pre-monsoon_WL_1994-2025.pdf,GWRA_2025.pdf,NULL,local_pdf,local_pdf,official_web_fallback,pdf_text,pdf_table,NULL,2457,NULL,NULL,https://cgwb.gov.in
meghalaya,east garo hills,dambo rongjeng,dambo rongjeng,Narringirri,Narringirri Station,25.61028,90.73972,2019,3,Pre-monsoon,4.34,2025.0,Safe,0.0849275,0.0764346,0.003461,4.53,NULL,NULL,normalized_exact,0.7,valid,Pre-monsoon_WL_1994-2025.pdf,GWRA_2025.pdf,NULL,local_pdf,local_pdf,official_web_fallback,pdf_text,pdf_table,NULL,2457,NULL,NULL,https://cgwb.gov.in
meghalaya,east garo hills,dambo rongjeng,dambo rongjeng,Rongjeng,Rongjeng Station,25.66667,90.80417,2019,3,Pre-monsoon,6.38,2025.0,Safe,0.0849275,0.0764346,0.003461,4.53,NULL,NULL,normalized_exact,0.7,valid,Pre-monsoon_WL_1994-2025.pdf,GWRA_2025.pdf,NULL,local_pdf,local_pdf,official_web_fallback,pdf_text,pdf_table,NULL,2457,NULL,NULL,https://cgwb.gov.in
meghalaya,east garo hills,dambo rongjeng,dambo rongjeng,Rongmil,Rongmil Station,25.73611,90.82444,2019,3,Pre-monsoon,4.63,2025.0,Safe,0.0849275,0.0764346,0.003461,4.53,NULL,NULL,normalized_exact,0.7,valid,Pre-monsoon_WL_1994-2025.pdf,GWRA_2025.pdf,NULL,local_pdf,local_pdf,official_web_fallback,pdf_text,pdf_table,NULL,2457,NULL,NULL,https://cgwb.gov.in
meghalaya,east garo hills,samanda,samanda,Baiza Rongreng,Baiza Rongreng Station,25.5425,90.585,2019,3,Pre-monsoon,4.65,2025.0,Safe,0.0849275,0.0764346,0.003461,4.53,NULL,NULL,normalized_exact,0.7,valid,Pre-monsoon_WL_1994-2025.pdf,GWRA_2025.pdf,NULL,local_pdf,local_pdf,official_web_fallback,pdf_text,pdf_table,NULL,2457,NULL,NULL,https://cgwb.gov.in
meghalaya,east garo hills,samanda,samanda,Samanda Megapagre,Samanda Megapagre Station,25.58004,90.52681,2019,3,Pre-monsoon,4.55,2025.0,Safe,0.0849275,0.0764346,0.003461,4.53,NULL,NULL,normalized_exact,0.7,valid,Pre-monsoon_WL_1994-2025.pdf,GWRA_2025.pdf,NULL,local_pdf,local_pdf,official_web_fallback,pdf_text,pdf_table,NULL,2457,NULL,NULL,https://cgwb.gov.in
meghalaya,east garo hills,samanda,samanda,Williamnagar,Williamnagar Station,25.51,90.51944,2019,3,Pre-monsoon,3.54,2025.0,Safe,0.0849275,0.0764346,0.003461,4.53,NULL,NULL,normalized_exact,0.7,valid,Pre-monsoon_WL_1994-2025.pdf,GWRA_2025.pdf,NULL,local_pdf,local_pdf,official_web_fallback,pdf_text,pdf_table,NULL,2457,NULL,NULL,https://cgwb.gov.in
meghalaya,east garo hills,songsak,songsak,Dobu,Dobu Station,25.55612,90.71481,2019,3,Pre-monsoon,3.43,2025.0,Safe,0.0849275,0.0764346,0.003461,4.53,NULL,NULL,normalized_exact,0.7,valid,Pre-monsoon_WL_1994-2025.pdf,GWRA_2025.pdf,NULL,local_pdf,local_pdf,official_web_fallback,pdf_text,pdf_table,NULL,2457,NULL,NULL,https://cgwb.gov.in
meghalaya,east garo hills,songsak,songsak,Songsak,Songsak Station,25.66333,90.61028,2019,3,Pre-monsoon,3.53,2025.0,Safe,0.0849275,0.0764346,0.003461,4.53,NULL,NULL,normalized_exact,0.7,valid,Pre-monsoon_WL_1994-2025.pdf,GWRA_2025.pdf,NULL,local_pdf,local_pdf,official_web_fallback,pdf_text,pdf_table,NULL,2457,NULL,NULL,https://cgwb.gov.in
meghalaya,east khasi hills,mawpat,mawpat,Mawpat,Mawpat Station,25.59278,91.91917,2019,3,Pre-monsoon,9.09,2025.0,Safe,0.2181741,0.1963567,0.006982,3.56,NULL,NULL,normalized_exact,0.7,valid,Pre-monsoon_WL_1994-2025.pdf,GWRA_2025.pdf,NULL,local_pdf,local_pdf,official_web_fallback,pdf_text,pdf_table,NULL,2457,NULL,NULL,https://cgwb.gov.in
meghalaya,east khasi hills,mawsynram,mawsynram,Dangar,Dangar Station,25.18889,91.38139,2019,3,Pre-monsoon,2.34,2025.0,Safe,0.2181741,0.1963567,0.006982,3.56,NULL,NULL,normalized_exact,0.7,valid,Pre-monsoon_WL_1994-2025.pdf,GWRA_2025.pdf,NULL,local_pdf,local_pdf,official_web_fallback,pdf_text,pdf_table,NULL,2457,NULL,NULL,https://cgwb.gov.in
meghalaya,east khasi hills,mylliem,mylliem,Lachuamiere,Lachuamiere Station,25.57056,91.89028,2019,3,Pre-monsoon,0.94,2025.0,Safe,0.2181741,0.1963567,0.006982,3.56,NULL,NULL,normalized_exact,0.7,valid,Pre-monsoon_WL_1994-2025.pdf,GWRA_2025.pdf,NULL,local_pdf,local_pdf,official_web_fallback,pdf_text,pdf_table,NULL,2457,NULL,NULL,https://cgwb.gov.in
meghalaya,east khasi hills,mylliem,mylliem,Nongmynsong,Nongmynsong Station,25.57972,91.90694,2019,3,Pre-monsoon,2.71,2025.0,Safe,0.2181741,0.1963567,0.006982,3.56,NULL,NULL,normalized_exact,0.7,valid,Pre-monsoon_WL_1994-2025.pdf,GWRA_2025.pdf,NULL,local_pdf,local_pdf,official_web_fallback,pdf_text,pdf_table,NULL,2457,NULL,NULL,https://cgwb.gov.in
meghalaya,east khasi hills,mylliem,mylliem,Shillong Dhankheti,Shillong Dhankheti Station,25.56611,91.89278,2019,3,Pre-monsoon,1.92,2025.0,Safe,0.2181741,0.1963567,0.006982,3.56,NULL,NULL,normalized_exact,0.7,valid,Pre-monsoon_WL_1994-2025.pdf,GWRA_2025.pdf,NULL,local_pdf,local_pdf,official_web_fallback,pdf_text,pdf_table,NULL,2457,NULL,NULL,https://cgwb.gov.in
meghalaya,east khasi hills,mylliem,mylliem,Water Resources Dept,Water Resources Dept Station,25.56556,91.89611,2019,3,Pre-monsoon,2.98,2025.0,Safe,0.2181741,0.1963567,0.006982,3.56,NULL,NULL,normalized_exact,0.7,valid,Pre-monsoon_WL_1994-2025.pdf,GWRA_2025.pdf,NULL,local_pdf,local_pdf,official_web_fallback,pdf_text,pdf_table,NULL,2457,NULL,NULL,https://cgwb.gov.in
meghalaya,east khasi hills,shella bholaganj,shella bholaganj,Cherrapunji,Cherrapunji Station,25.28333,91.71667,2019,3,Pre-monsoon,1.48,2025.0,Safe,0.2181741,0.1963567,0.006982,3.56,NULL,NULL,normalized_exact,0.7,valid,Pre-monsoon_WL_1994-2025.pdf,GWRA_2025.pdf,NULL,local_pdf,local_pdf,official_web_fallback,pdf_text,pdf_table,NULL,2457,NULL,NULL,https://cgwb.gov.in
meghalaya,east khasi hills,shella bholaganj,shella bholaganj,Ichamati,Ichamati Station,25.165,91.68683,2019,3,Pre-monsoon,1.05,2025.0,Safe,0.2181741,0.1963567,0.006982,3.56,NULL,NULL,normalized_exact,0.7,valid,Pre-monsoon_WL_1994-2025.pdf,GWRA_2025.pdf,NULL,local_pdf,local_pdf,official_web_fallback,pdf_text,pdf_table,NULL,2457,NULL,NULL,https://cgwb.gov.in
meghalaya,east khasi hills,shella bholaganj,shella bholaganj,Nit Cherrapunji1,Nit Cherrapunji1 Station,25.25028,91.74417,2019,3,Pre-monsoon,5.42,2025.0,Safe,0.2181741,0.1963567,0.006982,3.56,NULL,NULL,normalized_exact,0.7,valid,Pre-monsoon_WL_1994-2025.pdf,GWRA_2025.pdf,NULL,local_pdf,local_pdf,official_web_fallback,pdf_text,pdf_table,NULL,2457,NULL,NULL,https://cgwb.gov.in
meghalaya,west khasi hills,Mairang,Mairang,Mairang N,Mairang N Station,25.56222,91.63917,2019,3,Pre-monsoon,0.8,2025.0,NULL,0.339654,0.3056885,0.0046341,1.52,NULL,NULL,historical_mapping,0.5,valid,Pre-monsoon_WL_1994-2025.pdf,GWRA_2025.pdf,NULL,local_pdf,local_pdf,official_web_fallback,pdf_text,pdf_table,NULL,2457,NULL,NULL,https://cgwb.gov.in
meghalaya,north garo hills,bajengdoba,bajengdoba,Bajengdoba,Bajengdoba Station,25.88611,90.5125,2019,3,Pre-monsoon,4.34,2025.0,Safe,0.0986029,0.0774368,0.0049870999999999,6.44,NULL,NULL,normalized_exact,0.7,valid,Pre-monsoon_WL_1994-2025.pdf,GWRA_2025.pdf,NULL,local_pdf,local_pdf,official_web_fallback,pdf_text,pdf_table,NULL,2458,NULL,NULL,https://cgwb.gov.in
meghalaya,north garo hills,bajengdoba,bajengdoba,Snalgre,Snalgre Station,25.74882,90.40422,2019,3,Pre-monsoon,3.12,2025.0,Safe,0.0986029,0.0774368,0.0049870999999999,6.44,NULL,NULL,normalized_exact,0.7,valid,Pre-monsoon_WL_1994-2025.pdf,GWRA_2025.pdf,NULL,local_pdf,local_pdf,official_web_fallback,pdf_text,pdf_table,NULL,2458,NULL,NULL,https://cgwb.gov.in
meghalaya,north garo hills,resubelpara,resubelpara,Dainadubi,Dainadubi Station,25.89889,90.7775,2019,3,Pre-monsoon,5.75,2025.0,Safe,0.0986029,0.0774368,0.0049870999999999,6.44,NULL,NULL,normalized_exact,0.7,valid,Pre-monsoon_WL_1994-2025.pdf,GWRA_2025.pdf,NULL,local_pdf,local_pdf,official_web_fallback,pdf_text,pdf_table,NULL,2458,NULL,NULL,https://cgwb.gov.in
meghalaya,north garo hills,resubelpara,resubelpara,Mendal,Mendal Station,25.82472,90.46583,2019,3,Pre-monsoon,4.01,2025.0,Safe,0.0986029,0.0774368,0.0049870999999999,6.44,NULL,NULL,normalized_exact,0.7,valid,Pre-monsoon_WL_1994-2025.pdf,GWRA_2025.pdf,NULL,local_pdf,local_pdf,official_web_fallback,pdf_text,pdf_table,NULL,2458,NULL,NULL,https://cgwb.gov.in
meghalaya,ri bhoi,bhoirymbong,bhoirymbong,Umroi Maidan,Umroi Maidan Station,25.71833,91.97278,2019,3,Pre-monsoon,2.25,2025.0,Safe,0.0648369999999999,0.0583534,0.0035481,6.08,NULL,NULL,normalized_exact,0.7,valid,Pre-monsoon_WL_1994-2025.pdf,GWRA_2025.pdf,NULL,local_pdf,local_pdf,official_web_fallback,pdf_text,pdf_table,NULL,2458,NULL,NULL,https://cgwb.gov.in
meghalaya,ri bhoi,jirang,jirang,Patharkhamma Barigaon,Patharkhamma Barigaon Station,25.87139,91.59472,2019,3,Pre-monsoon,5.73,2025.0,Safe,0.0648369999999999,0.0583534,0.0035481,6.08,NULL,NULL,normalized_exact,0.7,valid,Pre-monsoon_WL_1994-2025.pdf,GWRA_2025.pdf,NULL,local_pdf,local_pdf,official_web_fallback,pdf_text,pdf_table,NULL,2458,NULL,NULL,https://cgwb.gov.in
meghalaya,ri bhoi,nongpoh,nongpoh,Nongpoh,Nongpoh Station,25.9,91.88333,2019,3,Pre-monsoon,4.46,2025.0,Safe,0.0648369999999999,0.0583534,0.0035481,6.08,NULL,NULL,normalized_exact,0.7,valid,Pre-monsoon_WL_1994-2025.pdf,GWRA_2025.pdf,NULL,local_pdf,local_pdf,official_web_fallback,pdf_text,pdf_table,NULL,2458,NULL,NULL,https://cgwb.gov.in
meghalaya,ri bhoi,umling,umling,Byrnihat,Byrnihat Station,26.04889,91.86889,2019,3,Pre-monsoon,3.19,2025.0,Safe,0.0648369999999999,0.0583534,0.0035481,6.08,NULL,NULL,normalized_exact,0.7,valid,Pre-monsoon_WL_1994-2025.pdf,GWRA_2025.pdf,NULL,local_pdf,local_pdf,official_web_fallback,pdf_text,pdf_table,NULL,2458,NULL,NULL,https://cgwb.gov.in
meghalaya,ri bhoi,umling,umling,Pahanmawlien,Pahanmawlien Station,25.99472,91.86167,2019,3,Pre-monsoon,0.56,2025.0,Safe,0.0648369999999999,0.0583534,0.0035481,6.08,NULL,NULL,normalized_exact,0.7,valid,Pre-monsoon_WL_1994-2025.pdf,GWRA_2025.pdf,NULL,local_pdf,local_pdf,official_web_fallback,pdf_text,pdf_table,NULL,2458,NULL,NULL,https://cgwb.gov.in
meghalaya,ri bhoi,umling,umling,Tamenpoanglong,Tamenpoanglong Station,25.92583,91.94472,2019,3,Pre-monsoon,2.29,2025.0,Safe,0.0648369999999999,0.0583534,0.0035481,6.08,NULL,NULL,normalized_exact,0.7,valid,Pre-monsoon_WL_1994-2025.pdf,GWRA_2025.pdf,NULL,local_pdf,local_pdf,official_web_fallback,pdf_text,pdf_table,NULL,2458,NULL,NULL,https://cgwb.gov.in
meghalaya,ri bhoi,umsning,umsning,Nayabunglow,Nayabunglow Station,25.74667,91.88667,2019,3,Pre-monsoon,5.6,2025.0,Safe,0.0648369999999999,0.0583534,0.0035481,6.08,NULL,NULL,normalized_exact,0.7,valid,Pre-monsoon_WL_1994-2025.pdf,GWRA_2025.pdf,NULL,local_pdf,local_pdf,official_web_fallback,pdf_text,pdf_table,NULL,2458,NULL,NULL,https://cgwb.gov.in
meghalaya,south west garo hills,betasing,betasing,Ampati,Ampati Station,25.5,89.95833,2019,3,Pre-monsoon,3.7,2025.0,Safe,0.079896,0.0387598,0.0076644,19.77,NULL,NULL,normalized_exact,0.7,valid,Pre-monsoon_WL_1994-2025.pdf,GWRA_2025.pdf,NULL,local_pdf,local_pdf,official_web_fallback,pdf_text,pdf_table,NULL,2458,NULL,NULL,https://cgwb.gov.in
meghalaya,south west garo hills,betasing,betasing,Betasing,Betasing Station,25.51339,89.95672,2019,3,Pre-monsoon,3.34,2025.0,Safe,0.079896,0.0387598,0.0076644,19.77,NULL,NULL,normalized_exact,0.7,valid,Pre-monsoon_WL_1994-2025.pdf,GWRA_2025.pdf,NULL,local_pdf,local_pdf,official_web_fallback,pdf_text,pdf_table,NULL,2458,NULL,NULL,https://cgwb.gov.in
meghalaya,south west garo hills,rerapara,rerapara,Garobandha,Garobandha Station,25.58028,90.02222,2019,3,Pre-monsoon,6.45,2025.0,Safe,0.079896,0.0387598,0.0076644,19.77,NULL,NULL,normalized_exact,0.7,valid,Pre-monsoon_WL_1994-2025.pdf,GWRA_2025.pdf,NULL,local_pdf,local_pdf,official_web_fallback,pdf_text,pdf_table,NULL,2458,NULL,NULL,https://cgwb.gov.in
meghalaya,west garo hills,dalu,dalu,Dalu,Dalu Station,25.22778,90.2125,2019,3,Pre-monsoon,5.66,2025.0,Safe,0.2912522,0.1904695,0.036739,19.29,NULL,NULL,normalized_exact,0.7,valid,Pre-monsoon_WL_1994-2025.pdf,GWRA_2025.pdf,NULL,local_pdf,local_pdf,official_web_fallback,pdf_text,pdf_table,NULL,2458,NULL,NULL,https://cgwb.gov.in
meghalaya,west garo hills,dalu,dalu,Porakhasia,Porakhasia Station,25.3,90.01667,2019,3,Pre-monsoon,4.67,2025.0,Safe,0.2912522,0.1904695,0.036739,19.29,NULL,NULL,normalized_exact,0.7,valid,Pre-monsoon_WL_1994-2025.pdf,GWRA_2025.pdf,NULL,local_pdf,local_pdf,official_web_fallback,pdf_text,pdf_table,NULL,2458,NULL,NULL,https://cgwb.gov.in
meghalaya,west garo hills,demdema,demdema,Nidanpur,Nidanpur Station,25.9125,90.12778,2019,3,Pre-monsoon,4.34,2025.0,Safe,0.2912522,0.1904695,0.036739,19.29,NULL,NULL,normalized_exact,0.7,valid,Pre-monsoon_WL_1994-2025.pdf,GWRA_2025.pdf,NULL,local_pdf,local_pdf,official_web_fallback,pdf_text,pdf_table,NULL,2458,NULL,NULL,https://cgwb.gov.in
meghalaya,west garo hills,rongram,rongram,Asanang,Asanang Station,25.59944,90.27556,2019,3,Pre-monsoon,5.01,2025.0,Safe,0.2912522,0.1904695,0.036739,19.29,NULL,NULL,normalized_exact,0.7,valid,Pre-monsoon_WL_1994-2025.pdf,GWRA_2025.pdf,NULL,local_pdf,local_pdf,official_web_fallback,pdf_text,pdf_table,NULL,2458,NULL,NULL,https://cgwb.gov.in
meghalaya,west garo hills,rongram,rongram,Rongram,Rongram Station,25.59408,90.24997,2019,3,Pre-monsoon,4.55,2025.0,Safe,0.2912522,0.1904695,0.036739,19.29,NULL,NULL,normalized_exact,0.7,valid,Pre-monsoon_WL_1994-2025.pdf,GWRA_2025.pdf,NULL,local_pdf,local_pdf,official_web_fallback,pdf_text,pdf_table,NULL,2458,NULL,NULL,https://cgwb.gov.in
meghalaya,west garo hills,salsella,salsella,Damjongre,Damjongre Station,25.61354,90.0359,2019,3,Pre-monsoon,4.56,2025.0,Safe,0.2912522,0.1904695,0.036739,19.29,NULL,NULL,normalized_exact,0.7,valid,Pre-monsoon_WL_1994-2025.pdf,GWRA_2025.pdf,NULL,local_pdf,local_pdf,official_web_fallback,pdf_text,pdf_table,NULL,2458,NULL,NULL,https://cgwb.gov.in
meghalaya,west garo hills,salsella,salsella,Phulbari,Phulbari Station,25.88333,90.05,2019,3,Pre-monsoon,4.01,2025.0,Safe,0.2912522,0.1904695,0.036739,19.29,NULL,NULL,normalized_exact,0.7,valid,Pre-monsoon_WL_1994-2025.pdf,GWRA_2025.pdf,NULL,local_pdf,local_pdf,official_web_fallback,pdf_text,pdf_table,NULL,2458,NULL,NULL,https://cgwb.gov.in
meghalaya,west garo hills,tikrikilla,tikrikilla,Belguri,Belguri Station,25.96389,90.34278,2019,3,Pre-monsoon,8.35,2025.0,Safe,0.2912522,0.1904695,0.036739,19.29,NULL,NULL,normalized_exact,0.7,valid,Pre-monsoon_WL_1994-2025.pdf,GWRA_2025.pdf,NULL,local_pdf,local_pdf,official_web_fallback,pdf_text,pdf_table,NULL,2458,NULL,NULL,https://cgwb.gov.in
meghalaya,west garo hills,tikrikilla,tikrikilla,Phutamamri,Phutamamri Station,25.94333,90.22,2019,3,Pre-monsoon,4.3,2025.0,Safe,0.2912522,0.1904695,0.036739,19.29,NULL,NULL,normalized_exact,0.7,valid,Pre-monsoon_WL_1994-2025.pdf,GWRA_2025.pdf,NULL,local_pdf,local_pdf,official_web_fallback,pdf_text,pdf_table,NULL,2458,NULL,NULL,https://cgwb.gov.in
meghalaya,west garo hills,tikrikilla,tikrikilla,Tikrikilla,Tikrikilla Station,25.94583,90.24444,2019,3,Pre-monsoon,5.67,2025.0,Safe,0.2912522,0.1904695,0.036739,19.29,NULL,NULL,normalized_exact,0.7,valid,Pre-monsoon_WL_1994-2025.pdf,GWRA_2025.pdf,NULL,local_pdf,local_pdf,official_web_fallback,pdf_text,pdf_table,NULL,2458,NULL,NULL,https://cgwb.gov.in
meghalaya,west jaintia hills,amlarem,amlarem,Dauki,Dauki Station,25.2,92.03333,2019,3,Pre-monsoon,0.85,2025.0,Safe,0.1116346999999999,0.1004712,0.0061129999999999,6.08,NULL,NULL,normalized_exact,0.7,valid,Pre-monsoon_WL_1994-2025.pdf,GWRA_2025.pdf,NULL,local_pdf,local_pdf,official_web_fallback,pdf_text,pdf_table,NULL,2458,NULL,NULL,https://cgwb.gov.in
meghalaya,west jaintia hills,thadlaskein,thadlaskein,Jowai,Jowai Station,25.44167,92.175,2019,3,Pre-monsoon,0.51,2025.0,Safe,0.1116346999999999,0.1004712,0.0061129999999999,6.08,NULL,NULL,normalized_exact,0.7,valid,Pre-monsoon_WL_1994-2025.pdf,GWRA_2025.pdf,NULL,local_pdf,local_pdf,official_web_fallback,pdf_text,pdf_table,NULL,2458,NULL,NULL,https://cgwb.gov.in
meghalaya,east garo hills,dambo rongjeng,dambo rongjeng,Darugiri,Darugiri Station,25.61917,90.7675,2018,3,Pre-monsoon,3.21,2025.0,Safe,0.0849275,0.0764346,0.003461,4.53,NULL,NULL,normalized_exact,0.7,valid,Pre-monsoon_WL_1994-2025.pdf,GWRA_2025.pdf,NULL,local_pdf,local_pdf,official_web_fallback,pdf_text,pdf_table,NULL,2894,NULL,NULL,https://cgwb.gov.in
meghalaya,east garo hills,dambo rongjeng,dambo rongjeng,Narringirri,Narringirri Station,25.61028,90.73972,2018,3,Pre-monsoon,3.92,2025.0,Safe,0.0849275,0.0764346,0.003461,4.53,NULL,NULL,normalized_exact,0.7,valid,Pre-monsoon_WL_1994-2025.pdf,GWRA_2025.pdf,NULL,local_pdf,local_pdf,official_web_fallback,pdf_text,pdf_table,NULL,2894,NULL,NULL,https://cgwb.gov.in
meghalaya,east garo hills,dambo rongjeng,dambo rongjeng,Rongjeng,Rongjeng Station,25.66667,90.80417,2018,3,Pre-monsoon,5.01,2025.0,Safe,0.0849275,0.0764346,0.003461,4.53,NULL,NULL,normalized_exact,0.7,valid,Pre-monsoon_WL_1994-2025.pdf,GWRA_2025.pdf,NULL,local_pdf,local_pdf,official_web_fallback,pdf_text,pdf_table,NULL,2894,NULL,NULL,https://cgwb.gov.in
meghalaya,east garo hills,dambo rongjeng,dambo rongjeng,Rongmil,Rongmil Station,25.73611,90.82444,2018,3,Pre-monsoon,4.0,2025.0,Safe,0.0849275,0.0764346,0.003461,4.53,NULL,NULL,normalized_exact,0.7,valid,Pre-monsoon_WL_1994-2025.pdf,GWRA_2025.pdf,NULL,local_pdf,local_pdf,official_web_fallback,pdf_text,pdf_table,NULL,2894,NULL,NULL,https://cgwb.gov.in
meghalaya,east garo hills,samanda,samanda,Baiza Rongreng,Baiza Rongreng Station,25.5425,90.585,2018,3,Pre-monsoon,4.11,2025.0,Safe,0.0849275,0.0764346,0.003461,4.53,NULL,NULL,normalized_exact,0.7,valid,Pre-monsoon_WL_1994-2025.pdf,GWRA_2025.pdf,NULL,local_pdf,local_pdf,official_web_fallback,pdf_text,pdf_table,NULL,2894,NULL,NULL,https://cgwb.gov.in
meghalaya,east garo hills,samanda,samanda,Dobetkolgiri,Dobetkolgiri Station,25.50917,90.61167,2018,3,Pre-monsoon,3.2,2025.0,Safe,0.0849275,0.0764346,0.003461,4.53,NULL,NULL,normalized_exact,0.7,valid,Pre-monsoon_WL_1994-2025.pdf,GWRA_2025.pdf,NULL,local_pdf,local_pdf,official_web_fallback,pdf_text,pdf_table,NULL,2894,NULL,NULL,https://cgwb.gov.in
meghalaya,east garo hills,samanda,samanda,Samanda Megapagre,Samanda Megapagre Station,25.58004,90.52681,2018,3,Pre-monsoon,3.11,2025.0,Safe,0.0849275,0.0764346,0.003461,4.53,NULL,NULL,normalized_exact,0.7,valid,Pre-monsoon_WL_1994-2025.pdf,GWRA_2025.pdf,NULL,local_pdf,local_pdf,official_web_fallback,pdf_text,pdf_table,NULL,2894,NULL,NULL,https://cgwb.gov.in
meghalaya,east garo hills,samanda,samanda,Williamnagar,Williamnagar Station,25.51,90.51944,2018,3,Pre-monsoon,2.25,2025.0,Safe,0.0849275,0.0764346,0.003461,4.53,NULL,NULL,normalized_exact,0.7,valid,Pre-monsoon_WL_1994-2025.pdf,GWRA_2025.pdf,NULL,local_pdf,local_pdf,official_web_fallback,pdf_text,pdf_table,NULL,2894,NULL,NULL,https://cgwb.gov.in
meghalaya,east garo hills,songsak,songsak,Dobu,Dobu Station,25.55612,90.71481,2018,3,Pre-monsoon,2.81,2025.0,Safe,0.0849275,0.0764346,0.003461,4.53,NULL,NULL,normalized_exact,0.7,valid,Pre-monsoon_WL_1994-2025.pdf,GWRA_2025.pdf,NULL,local_pdf,local_pdf,official_web_fallback,pdf_text,pdf_table,NULL,2894,NULL,NULL,https://cgwb.gov.in
meghalaya,east garo hills,songsak,songsak,Songsak,Songsak Station,25.66333,90.61028,2018,3,Pre-monsoon,2.86,2025.0,Safe,0.0849275,0.0764346,0.003461,4.53,NULL,NULL,normalized_exact,0.7,valid,Pre-monsoon_WL_1994-2025.pdf,GWRA_2025.pdf,NULL,local_pdf,local_pdf,official_web_fallback,pdf_text,pdf_table,NULL,2894,NULL,NULL,https://cgwb.gov.in
meghalaya,east khasi hills,mawsynram,mawsynram,Dangar,Dangar Station,25.18889,91.38139,2018,3,Pre-monsoon,3.2,2025.0,Safe,0.2181741,0.1963567,0.006982,3.56,NULL,NULL,normalized_exact,0.7,valid,Pre-monsoon_WL_1994-2025.pdf,GWRA_2025.pdf,NULL,local_pdf,local_pdf,official_web_fallback,pdf_text,pdf_table,NULL,2894,NULL,NULL,https://cgwb.gov.in
meghalaya,east khasi hills,mylliem,mylliem,Lachuamiere,Lachuamiere Station,25.57056,91.89028,2018,3,Pre-monsoon,1.47,2025.0,Safe,0.2181741,0.1963567,0.006982,3.56,NULL,NULL,normalized_exact,0.7,valid,Pre-monsoon_WL_1994-2025.pdf,GWRA_2025.pdf,NULL,local_pdf,local_pdf,official_web_fallback,pdf_text,pdf_table,NULL,2894,NULL,NULL,https://cgwb.gov.in
meghalaya,east khasi hills,mylliem,mylliem,Nongmynsong,Nongmynsong Station,25.57972,91.90694,2018,3,Pre-monsoon,3.1,2025.0,Safe,0.2181741,0.1963567,0.006982,3.56,NULL,NULL,normalized_exact,0.7,valid,Pre-monsoon_WL_1994-2025.pdf,GWRA_2025.pdf,NULL,local_pdf,local_pdf,official_web_fallback,pdf_text,pdf_table,NULL,2894,NULL,NULL,https://cgwb.gov.in
meghalaya,east khasi hills,mylliem,mylliem,Shillong Dhankheti,Shillong Dhankheti Station,25.56611,91.89278,2018,3,Pre-monsoon,3.4,2025.0,Safe,0.2181741,0.1963567,0.006982,3.56,NULL,NULL,normalized_exact,0.7,valid,Pre-monsoon_WL_1994-2025.pdf,GWRA_2025.pdf,NULL,local_pdf,local_pdf,official_web_fallback,pdf_text,pdf_table,NULL,2895,NULL,NULL,https://cgwb.gov.in
meghalaya,east khasi hills,mylliem,mylliem,Shillong Golf Link,Shillong Golf Link Station,25.58194,91.89444,2018,3,Pre-monsoon,8.1,2025.0,Safe,0.2181741,0.1963567,0.006982,3.56,NULL,NULL,normalized_exact,0.7,valid,Pre-monsoon_WL_1994-2025.pdf,GWRA_2025.pdf,NULL,local_pdf,local_pdf,official_web_fallback,pdf_text,pdf_table,NULL,2895,NULL,NULL,https://cgwb.gov.in
meghalaya,east khasi hills,mylliem,mylliem,Water Resources Dept,Water Resources Dept Station,25.56556,91.89611,2018,3,Pre-monsoon,4.42,2025.0,Safe,0.2181741,0.1963567,0.006982,3.56,NULL,NULL,normalized_exact,0.7,valid,Pre-monsoon_WL_1994-2025.pdf,GWRA_2025.pdf,NULL,local_pdf,local_pdf,official_web_fallback,pdf_text,pdf_table,NULL,2895,NULL,NULL,https://cgwb.gov.in
meghalaya,east khasi hills,shella bholaganj,shella bholaganj,Cherrapunji,Cherrapunji Station,25.28333,91.71667,2018,3,Pre-monsoon,0.2,2025.0,Safe,0.2181741,0.1963567,0.006982,3.56,NULL,NULL,normalized_exact,0.7,valid,Pre-monsoon_WL_1994-2025.pdf,GWRA_2025.pdf,NULL,local_pdf,local_pdf,official_web_fallback,pdf_text,pdf_table,NULL,2895,NULL,NULL,https://cgwb.gov.in
meghalaya,east khasi hills,shella bholaganj,shella bholaganj,Nit Cherrapunji,Nit Cherrapunji Station,25.25028,91.74417,2018,3,Pre-monsoon,6.63,2025.0,Safe,0.2181741,0.1963567,0.006982,3.56,NULL,NULL,normalized_exact,0.7,valid,Pre-monsoon_WL_1994-2025.pdf,GWRA_2025.pdf,NULL,local_pdf,local_pdf,official_web_fallback,pdf_text,pdf_table,NULL,2895,NULL,NULL,https://cgwb.gov.in
meghalaya,east khasi hills,shella bholaganj,shella bholaganj,Nit Cherrapunji1,Nit Cherrapunji1 Station,25.25028,91.74417,2018,3,Pre-monsoon,6.63,2025.0,Safe,0.2181741,0.1963567,0.006982,3.56,NULL,NULL,normalized_exact,0.7,valid,Pre-monsoon_WL_1994-2025.pdf,GWRA_2025.pdf,NULL,local_pdf,local_pdf,official_web_fallback,pdf_text,pdf_table,NULL,2895,NULL,NULL,https://cgwb.gov.in
meghalaya,east khasi hills,shella bholaganj,shella bholaganj,Shella,Shella Station,25.165,91.68667,2018,3,Pre-monsoon,2.3,2025.0,Safe,0.2181741,0.1963567,0.006982,3.56,NULL,NULL,normalized_exact,0.7,valid,Pre-monsoon_WL_1994-2025.pdf,GWRA_2025.pdf,NULL,local_pdf,local_pdf,official_web_fallback,pdf_text,pdf_table,NULL,2895,NULL,NULL,https://cgwb.gov.in
meghalaya,west khasi hills,Mairang,Mairang,Mairang N,Mairang N Station,25.56222,91.63917,2018,3,Pre-monsoon,0.95,2025.0,NULL,0.339654,0.3056885,0.0046341,1.52,NULL,NULL,historical_mapping,0.5,valid,Pre-monsoon_WL_1994-2025.pdf,GWRA_2025.pdf,NULL,local_pdf,local_pdf,official_web_fallback,pdf_text,pdf_table,NULL,2895,NULL,NULL,https://cgwb.gov.in
meghalaya,north garo hills,bajengdoba,bajengdoba,Bajengdoba,Bajengdoba Station,25.88611,90.5125,2018,3,Pre-monsoon,3.67,2025.0,Safe,0.0986029,0.0774368,0.0049870999999999,6.44,NULL,NULL,normalized_exact,0.7,valid,Pre-monsoon_WL_1994-2025.pdf,GWRA_2025.pdf,NULL,local_pdf,local_pdf,official_web_fallback,pdf_text,pdf_table,NULL,2895,NULL,NULL,https://cgwb.gov.in
meghalaya,north garo hills,bajengdoba,bajengdoba,Snalgre,Snalgre Station,25.74882,90.40422,2018,3,Pre-monsoon,2.01,2025.0,Safe,0.0986029,0.0774368,0.0049870999999999,6.44,NULL,NULL,normalized_exact,0.7,valid,Pre-monsoon_WL_1994-2025.pdf,GWRA_2025.pdf,NULL,local_pdf,local_pdf,official_web_fallback,pdf_text,pdf_table,NULL,2895,NULL,NULL,https://cgwb.gov.in
meghalaya,north garo hills,kharkutta,kharkutta,Kharkutta,Kharkutta Station,25.90556,90.89444,2018,3,Pre-monsoon,3.89,2025.0,Safe,0.0986029,0.0774368,0.0049870999999999,6.44,NULL,NULL,normalized_exact,0.7,valid,Pre-monsoon_WL_1994-2025.pdf,GWRA_2025.pdf,NULL,local_pdf,local_pdf,official_web_fallback,pdf_text,pdf_table,NULL,2895,NULL,NULL,https://cgwb.gov.in
meghalaya,north garo hills,resubelpara,resubelpara,Dainadubi,Dainadubi Station,25.89889,90.7775,2018,3,Pre-monsoon,4.11,2025.0,Safe,0.0986029,0.0774368,0.0049870999999999,6.44,NULL,NULL,normalized_exact,0.7,valid,Pre-monsoon_WL_1994-2025.pdf,GWRA_2025.pdf,NULL,local_pdf,local_pdf,official_web_fallback,pdf_text,pdf_table,NULL,2895,NULL,NULL,https://cgwb.gov.in
meghalaya,north garo hills,resubelpara,resubelpara,Mendal,Mendal Station,25.82472,90.46583,2018,3,Pre-monsoon,3.82,2025.0,Safe,0.0986029,0.0774368,0.0049870999999999,6.44,NULL,NULL,normalized_exact,0.7,valid,Pre-monsoon_WL_1994-2025.pdf,GWRA_2025.pdf,NULL,local_pdf,local_pdf,official_web_fallback,pdf_text,pdf_table,NULL,2895,NULL,NULL,https://cgwb.gov.in
meghalaya,north garo hills,resubelpara,resubelpara,Mendipathar,Mendipathar Station,25.92083,90.50833,2018,3,Pre-monsoon,3.79,2025.0,Safe,0.0986029,0.0774368,0.0049870999999999,6.44,NULL,NULL,normalized_exact,0.7,valid,Pre-monsoon_WL_1994-2025.pdf,GWRA_2025.pdf,NULL,local_pdf,local_pdf,official_web_fallback,pdf_text,pdf_table,NULL,2895,NULL,NULL,https://cgwb.gov.in
meghalaya,ri bhoi,bhoirymbong,bhoirymbong,Umroi Maidan,Umroi Maidan Station,25.71833,91.97278,2018,3,Pre-monsoon,3.22,2025.0,Safe,0.0648369999999999,0.0583534,0.0035481,6.08,NULL,NULL,normalized_exact,0.7,valid,Pre-monsoon_WL_1994-2025.pdf,GWRA_2025.pdf,NULL,local_pdf,local_pdf,official_web_fallback,pdf_text,pdf_table,NULL,2895,NULL,NULL,https://cgwb.gov.in
meghalaya,ri bhoi,jirang,jirang,Patharkhamma Barigaon,Patharkhamma Barigaon Station,25.87139,91.59472,2018,3,Pre-monsoon,3.4,2025.0,Safe,0.0648369999999999,0.0583534,0.0035481,6.08,NULL,NULL,normalized_exact,0.7,valid,Pre-monsoon_WL_1994-2025.pdf,GWRA_2025.pdf,NULL,local_pdf,local_pdf,official_web_fallback,pdf_text,pdf_table,NULL,2895,NULL,NULL,https://cgwb.gov.in
meghalaya,ri bhoi,nongpoh,nongpoh,Nongpoh,Nongpoh Station,25.9,91.88333,2018,3,Pre-monsoon,2.85,2025.0,Safe,0.0648369999999999,0.0583534,0.0035481,6.08,NULL,NULL,normalized_exact,0.7,valid,Pre-monsoon_WL_1994-2025.pdf,GWRA_2025.pdf,NULL,local_pdf,local_pdf,official_web_fallback,pdf_text,pdf_table,NULL,2895,NULL,NULL,https://cgwb.gov.in
meghalaya,ri bhoi,umling,umling,Byrnihat,Byrnihat Station,26.04889,91.86889,2018,3,Pre-monsoon,2.55,2025.0,Safe,0.0648369999999999,0.0583534,0.0035481,6.08,NULL,NULL,normalized_exact,0.7,valid,Pre-monsoon_WL_1994-2025.pdf,GWRA_2025.pdf,NULL,local_pdf,local_pdf,official_web_fallback,pdf_text,pdf_table,NULL,2895,NULL,NULL,https://cgwb.gov.in
meghalaya,ri bhoi,umling,umling,Pahanmawlien,Pahanmawlien Station,25.99472,91.86167,2018,3,Pre-monsoon,1.57,2025.0,Safe,0.0648369999999999,0.0583534,0.0035481,6.08,NULL,NULL,normalized_exact,0.7,valid,Pre-monsoon_WL_1994-2025.pdf,GWRA_2025.pdf,NULL,local_pdf,local_pdf,official_web_fallback,pdf_text,pdf_table,NULL,2895,NULL,NULL,https://cgwb.gov.in
meghalaya,ri bhoi,umling,umling,Tamenpoanglong,Tamenpoanglong Station,25.92583,91.94472,2018,3,Pre-monsoon,1.94,2025.0,Safe,0.0648369999999999,0.0583534,0.0035481,6.08,NULL,NULL,normalized_exact,0.7,valid,Pre-monsoon_WL_1994-2025.pdf,GWRA_2025.pdf,NULL,local_pdf,local_pdf,official_web_fallback,pdf_text,pdf_table,NULL,2895,NULL,NULL,https://cgwb.gov.in
meghalaya,ri bhoi,umsning,umsning,Mawtari Myrdon,Mawtari Myrdon Station,25.8025,91.84639,2018,3,Pre-monsoon,8.75,2025.0,Safe,0.0648369999999999,0.0583534,0.0035481,6.08,NULL,NULL,normalized_exact,0.7,valid,Pre-monsoon_WL_1994-2025.pdf,GWRA_2025.pdf,NULL,local_pdf,local_pdf,official_web_fallback,pdf_text,pdf_table,NULL,2895,NULL,NULL,https://cgwb.gov.in
meghalaya,ri bhoi,umsning,umsning,Nayabunglow,Nayabunglow Station,25.74667,91.88667,2018,3,Pre-monsoon,4.8,2025.0,Safe,0.0648369999999999,0.0583534,0.0035481,6.08,NULL,NULL,normalized_exact,0.7,valid,Pre-monsoon_WL_1994-2025.pdf,GWRA_2025.pdf,NULL,local_pdf,local_pdf,official_web_fallback,pdf_text,pdf_table,NULL,2895,NULL,NULL,https://cgwb.gov.in
meghalaya,south west garo hills,betasing,betasing,Ampati,Ampati Station,25.5,89.95833,2018,3,Pre-monsoon,2.82,2025.0,Safe,0.079896,0.0387598,0.0076644,19.77,NULL,NULL,normalized_exact,0.7,valid,Pre-monsoon_WL_1994-2025.pdf,GWRA_2025.pdf,NULL,local_pdf,local_pdf,official_web_fallback,pdf_text,pdf_table,NULL,2895,NULL,NULL,https://cgwb.gov.in
meghalaya,south west garo hills,betasing,betasing,Betasing,Betasing Station,25.51339,89.95672,2018,3,Pre-monsoon,3.32,2025.0,Safe,0.079896,0.0387598,0.0076644,19.77,NULL,NULL,normalized_exact,0.7,valid,Pre-monsoon_WL_1994-2025.pdf,GWRA_2025.pdf,NULL,local_pdf,local_pdf,official_web_fallback,pdf_text,pdf_table,NULL,2895,NULL,NULL,https://cgwb.gov.in
meghalaya,south west garo hills,rerapara,rerapara,Garobandha,Garobandha Station,25.58028,90.02222,2018,3,Pre-monsoon,5.06,2025.0,Safe,0.079896,0.0387598,0.0076644,19.77,NULL,NULL,normalized_exact,0.7,valid,Pre-monsoon_WL_1994-2025.pdf,GWRA_2025.pdf,NULL,local_pdf,local_pdf,official_web_fallback,pdf_text,pdf_table,NULL,2895,NULL,NULL,https://cgwb.gov.in
meghalaya,south west garo hills,zikzak,zikzak,Mahendraganj,Mahendraganj Station,25.3,89.85972,2018,3,Pre-monsoon,3.19,2025.0,Safe,0.079896,0.0387598,0.0076644,19.77,NULL,NULL,normalized_exact,0.7,valid,Pre-monsoon_WL_1994-2025.pdf,GWRA_2025.pdf,NULL,local_pdf,local_pdf,official_web_fallback,pdf_text,pdf_table,NULL,2895,NULL,NULL,https://cgwb.gov.in
meghalaya,west garo hills,batabari,batabari,Rajabala,Rajabala Station,25.75556,89.98083,2018,3,Pre-monsoon,4.82,2025.0,Safe,0.2912522,0.1904695,0.036739,19.29,NULL,NULL,normalized_exact,0.7,valid,Pre-monsoon_WL_1994-2025.pdf,GWRA_2025.pdf,NULL,local_pdf,local_pdf,official_web_fallback,pdf_text,pdf_table,NULL,2895,NULL,NULL,https://cgwb.gov.in
meghalaya,west garo hills,dalu,dalu,Dalu,Dalu Station,25.22778,90.2125,2018,3,Pre-monsoon,4.13,2025.0,Safe,0.2912522,0.1904695,0.036739,19.29,NULL,NULL,normalized_exact,0.7,valid,Pre-monsoon_WL_1994-2025.pdf,GWRA_2025.pdf,NULL,local_pdf,local_pdf,official_web_fallback,pdf_text,pdf_table,NULL,2895,NULL,NULL,https://cgwb.gov.in
meghalaya,west garo hills,dalu,dalu,Porakhasia,Porakhasia Station,25.3,90.01667,2018,3,Pre-monsoon,3.9,2025.0,Safe,0.2912522,0.1904695,0.036739,19.29,NULL,NULL,normalized_exact,0.7,valid,Pre-monsoon_WL_1994-2025.pdf,GWRA_2025.pdf,NULL,local_pdf,local_pdf,official_web_fallback,pdf_text,pdf_table,NULL,2895,NULL,NULL,https://cgwb.gov.in
meghalaya,west garo hills,demdema,demdema,Nidanpur,Nidanpur Station,25.9125,90.12778,2018,3,Pre-monsoon,4.01,2025.0,Safe,0.2912522,0.1904695,0.036739,19.29,NULL,NULL,normalized_exact,0.7,valid,Pre-monsoon_WL_1994-2025.pdf,GWRA_2025.pdf,NULL,local_pdf,local_pdf,official_web_fallback,pdf_text,pdf_table,NULL,2895,NULL,NULL,https://cgwb.gov.in
meghalaya,west garo hills,rongram,rongram,Asanang,Asanang Station,25.59944,90.27556,2018,3,Pre-monsoon,4.4,2025.0,Safe,0.2912522,0.1904695,0.036739,19.29,NULL,NULL,normalized_exact,0.7,valid,Pre-monsoon_WL_1994-2025.pdf,GWRA_2025.pdf,NULL,local_pdf,local_pdf,official_web_fallback,pdf_text,pdf_table,NULL,2895,NULL,NULL,https://cgwb.gov.in
meghalaya,west garo hills,rongram,rongram,Baljek,Baljek Station,25.66439,90.34159,2018,3,Pre-monsoon,1.3,2025.0,Safe,0.2912522,0.1904695,0.036739,19.29,NULL,NULL,normalized_exact,0.7,valid,Pre-monsoon_WL_1994-2025.pdf,GWRA_2025.pdf,NULL,local_pdf,local_pdf,official_web_fallback,pdf_text,pdf_table,NULL,2895,NULL,NULL,https://cgwb.gov.in
meghalaya,west garo hills,rongram,rongram,Rongram,Rongram Station,25.59408,90.24997,2018,3,Pre-monsoon,3.92,2025.0,Safe,0.2912522,0.1904695,0.036739,19.29,NULL,NULL,normalized_exact,0.7,valid,Pre-monsoon_WL_1994-2025.pdf,GWRA_2025.pdf,NULL,local_pdf,local_pdf,official_web_fallback,pdf_text,pdf_table,NULL,2895,NULL,NULL,https://cgwb.gov.in
meghalaya,west garo hills,salsella,salsella,Damjongre,Damjongre Station,25.61354,90.0359,2018,3,Pre-monsoon,3.89,2025.0,Safe,0.2912522,0.1904695,0.036739,19.29,NULL,NULL,normalized_exact,0.7,valid,Pre-monsoon_WL_1994-2025.pdf,GWRA_2025.pdf,NULL,local_pdf,local_pdf,official_web_fallback,pdf_text,pdf_table,NULL,2895,NULL,NULL,https://cgwb.gov.in
meghalaya,west garo hills,salsella,salsella,Phulbari,Phulbari Station,25.88333,90.05,2018,3,Pre-monsoon,3.65,2025.0,Safe,0.2912522,0.1904695,0.036739,19.29,NULL,NULL,normalized_exact,0.7,valid,Pre-monsoon_WL_1994-2025.pdf,GWRA_2025.pdf,NULL,local_pdf,local_pdf,official_web_fallback,pdf_text,pdf_table,NULL,2895,NULL,NULL,https://cgwb.gov.in
meghalaya,west garo hills,salsella,salsella,Salsella,Salsella Station,25.69472,90.01389,2018,3,Pre-monsoon,3.82,2025.0,Safe,0.2912522,0.1904695,0.036739,19.29,NULL,NULL,normalized_exact,0.7,valid,Pre-monsoon_WL_1994-2025.pdf,GWRA_2025.pdf,NULL,local_pdf,local_pdf,official_web_fallback,pdf_text,pdf_table,NULL,2895,NULL,NULL,https://cgwb.gov.in
meghalaya,west garo hills,tikrikilla,tikrikilla,Belguri,Belguri Station,25.96389,90.34278,2018,3,Pre-monsoon,6.52,2025.0,Safe,0.2912522,0.1904695,0.036739,19.29,NULL,NULL,normalized_exact,0.7,valid,Pre-monsoon_WL_1994-2025.pdf,GWRA_2025.pdf,NULL,local_pdf,local_pdf,official_web_fallback,pdf_text,pdf_table,NULL,2895,NULL,NULL,https://cgwb.gov.in
meghalaya,west garo hills,tikrikilla,tikrikilla,Phutamamri,Phutamamri Station,25.94333,90.22,2018,3,Pre-monsoon,4.21,2025.0,Safe,0.2912522,0.1904695,0.036739,19.29,NULL,NULL,normalized_exact,0.7,valid,Pre-monsoon_WL_1994-2025.pdf,GWRA_2025.pdf,NULL,local_pdf,local_pdf,official_web_fallback,pdf_text,pdf_table,NULL,2895,NULL,NULL,https://cgwb.gov.in
meghalaya,west garo hills,tikrikilla,tikrikilla,Tikrikilla,Tikrikilla Station,25.94583,90.24444,2018,3,Pre-monsoon,4.02,2025.0,Safe,0.2912522,0.1904695,0.036739,19.29,NULL,NULL,normalized_exact,0.7,valid,Pre-monsoon_WL_1994-2025.pdf,GWRA_2025.pdf,NULL,local_pdf,local_pdf,official_web_fallback,pdf_text,pdf_table,NULL,2896,NULL,NULL,https://cgwb.gov.in
meghalaya,west jaintia hills,amlarem,amlarem,Dauki,Dauki Station,25.2,92.03333,2018,3,Pre-monsoon,1.0,2025.0,Safe,0.1116346999999999,0.1004712,0.0061129999999999,6.08,NULL,NULL,normalized_exact,0.7,valid,Pre-monsoon_WL_1994-2025.pdf,GWRA_2025.pdf,NULL,local_pdf,local_pdf,official_web_fallback,pdf_text,pdf_table,NULL,2896,NULL,NULL,https://cgwb.gov.in
meghalaya,west jaintia hills,thadlaskein,thadlaskein,Jowai,Jowai Station,25.44167,92.175,2018,3,Pre-monsoon,0.51,2025.0,Safe,0.1116346999999999,0.1004712,0.0061129999999999,6.08,NULL,NULL,normalized_exact,0.7,valid,Pre-monsoon_WL_1994-2025.pdf,GWRA_2025.pdf,NULL,local_pdf,local_pdf,official_web_fallback,pdf_text,pdf_table,NULL,2896,NULL,NULL,https://cgwb.gov.in
meghalaya,west khasi hills,shallang,shallang,Nongdaju,Nongdaju Station,25.55056,90.91861,2018,3,Pre-monsoon,4.42,2025.0,Safe,0.339654,0.3056885,0.0046341,1.52,NULL,NULL,normalized_exact,0.7,valid,Pre-monsoon_WL_1994-2025.pdf,GWRA_2025.pdf,NULL,local_pdf,local_pdf,official_web_fallback,pdf_text,pdf_table,NULL,2896,NULL,NULL,https://cgwb.gov.in
meghalaya,east garo hills,dambo rongjeng,dambo rongjeng,Darugiri,Darugiri Station,25.61917,90.7675,2017,3,Pre-monsoon,3.71,2025.0,Safe,0.0849275,0.0764346,0.003461,4.53,NULL,NULL,normalized_exact,0.7,valid,Pre-monsoon_WL_1994-2025.pdf,GWRA_2025.pdf,NULL,local_pdf,local_pdf,official_web_fallback,pdf_text,pdf_table,NULL,3343,NULL,NULL,https://cgwb.gov.in
meghalaya,east garo hills,dambo rongjeng,dambo rongjeng,Narringirri,Narringirri Station,25.61028,90.73972,2017,3,Pre-monsoon,4.11,2025.0,Safe,0.0849275,0.0764346,0.003461,4.53,NULL,NULL,normalized_exact,0.7,valid,Pre-monsoon_WL_1994-2025.pdf,GWRA_2025.pdf,NULL,local_pdf,local_pdf,official_web_fallback,pdf_text,pdf_table,NULL,3343,NULL,NULL,https://cgwb.gov.in
meghalaya,east garo hills,dambo rongjeng,dambo rongjeng,Rongjeng,Rongjeng Station,25.66667,90.80417,2017,3,Pre-monsoon,5.32,2025.0,Safe,0.0849275,0.0764346,0.003461,4.53,NULL,NULL,normalized_exact,0.7,valid,Pre-monsoon_WL_1994-2025.pdf,GWRA_2025.pdf,NULL,local_pdf,local_pdf,official_web_fallback,pdf_text,pdf_table,NULL,3343,NULL,NULL,https://cgwb.gov.in
meghalaya,east garo hills,dambo rongjeng,dambo rongjeng,Rongmil,Rongmil Station,25.73611,90.82444,2017,3,Pre-monsoon,4.26,2025.0,Safe,0.0849275,0.0764346,0.003461,4.53,NULL,NULL,normalized_exact,0.7,valid,Pre-monsoon_WL_1994-2025.pdf,GWRA_2025.pdf,NULL,local_pdf,local_pdf,official_web_fallback,pdf_text,pdf_table,NULL,3343,NULL,NULL,https://cgwb.gov.in
meghalaya,east garo hills,samanda,samanda,Baiza Rongreng,Baiza Rongreng Station,25.5425,90.585,2017,3,Pre-monsoon,4.26,2025.0,Safe,0.0849275,0.0764346,0.003461,4.53,NULL,NULL,normalized_exact,0.7,valid,Pre-monsoon_WL_1994-2025.pdf,GWRA_2025.pdf,NULL,local_pdf,local_pdf,official_web_fallback,pdf_text,pdf_table,NULL,3343,NULL,NULL,https://cgwb.gov.in
meghalaya,east garo hills,samanda,samanda,Samanda Megapagre,Samanda Megapagre Station,25.58004,90.52681,2017,3,Pre-monsoon,3.56,2025.0,Safe,0.0849275,0.0764346,0.003461,4.53,NULL,NULL,normalized_exact,0.7,valid,Pre-monsoon_WL_1994-2025.pdf,GWRA_2025.pdf,NULL,local_pdf,local_pdf,official_web_fallback,pdf_text,pdf_table,NULL,3343,NULL,NULL,https://cgwb.gov.in
meghalaya,east garo hills,samanda,samanda,Williamnagar,Williamnagar Station,25.51,90.51944,2017,3,Pre-monsoon,3.0,2025.0,Safe,0.0849275,0.0764346,0.003461,4.53,NULL,NULL,normalized_exact,0.7,valid,Pre-monsoon_WL_1994-2025.pdf,GWRA_2025.pdf,NULL,local_pdf,local_pdf,official_web_fallback,pdf_text,pdf_table,NULL,3343,NULL,NULL,https://cgwb.gov.in
meghalaya,east garo hills,songsak,songsak,Dobu,Dobu Station,25.55612,90.71481,2017,3,Pre-monsoon,3.05,2025.0,Safe,0.0849275,0.0764346,0.003461,4.53,NULL,NULL,normalized_exact,0.7,valid,Pre-monsoon_WL_1994-2025.pdf,GWRA_2025.pdf,NULL,local_pdf,local_pdf,official_web_fallback,pdf_text,pdf_table,NULL,3343,NULL,NULL,https://cgwb.gov.in
meghalaya,east garo hills,songsak,songsak,Songsak,Songsak Station,25.66333,90.61028,2017,3,Pre-monsoon,3.21,2025.0,Safe,0.0849275,0.0764346,0.003461,4.53,NULL,NULL,normalized_exact,0.7,valid,Pre-monsoon_WL_1994-2025.pdf,GWRA_2025.pdf,NULL,local_pdf,local_pdf,official_web_fallback,pdf_text,pdf_table,NULL,3343,NULL,NULL,https://cgwb.gov.in
meghalaya,east khasi hills,mawpat,mawpat,Mawpat,Mawpat Station,25.59278,91.91917,2017,3,Pre-monsoon,3.4,2025.0,Safe,0.2181741,0.1963567,0.006982,3.56,NULL,NULL,normalized_exact,0.7,valid,Pre-monsoon_WL_1994-2025.pdf,GWRA_2025.pdf,NULL,local_pdf,local_pdf,official_web_fallback,pdf_text,pdf_table,NULL,3343,NULL,NULL,https://cgwb.gov.in
meghalaya,east khasi hills,mawsynram,mawsynram,Dangar,Dangar Station,25.18889,91.38139,2017,3,Pre-monsoon,2.37,2025.0,Safe,0.2181741,0.1963567,0.006982,3.56,NULL,NULL,normalized_exact,0.7,valid,Pre-monsoon_WL_1994-2025.pdf,GWRA_2025.pdf,NULL,local_pdf,local_pdf,official_web_fallback,pdf_text,pdf_table,NULL,3343,NULL,NULL,https://cgwb.gov.in
meghalaya,east khasi hills,mylliem,mylliem,Lachuamiere,Lachuamiere Station,25.57056,91.89028,2017,3,Pre-monsoon,0.95,2025.0,Safe,0.2181741,0.1963567,0.006982,3.56,NULL,NULL,normalized_exact,0.7,valid,Pre-monsoon_WL_1994-2025.pdf,GWRA_2025.pdf,NULL,local_pdf,local_pdf,official_web_fallback,pdf_text,pdf_table,NULL,3343,NULL,NULL,https://cgwb.gov.in
meghalaya,east khasi hills,mylliem,mylliem,Nongmynsong,Nongmynsong Station,25.57972,91.90694,2017,3,Pre-monsoon,2.84,2025.0,Safe,0.2181741,0.1963567,0.006982,3.56,NULL,NULL,normalized_exact,0.7,valid,Pre-monsoon_WL_1994-2025.pdf,GWRA_2025.pdf,NULL,local_pdf,local_pdf,official_web_fallback,pdf_text,pdf_table,NULL,3343,NULL,NULL,https://cgwb.gov.in
meghalaya,east khasi hills,mylliem,mylliem,Shillong Dhankheti,Shillong Dhankheti Station,25.56611,91.89278,2017,3,Pre-monsoon,1.78,2025.0,Safe,0.2181741,0.1963567,0.006982,3.56,NULL,NULL,normalized_exact,0.7,valid,Pre-monsoon_WL_1994-2025.pdf,GWRA_2025.pdf,NULL,local_pdf,local_pdf,official_web_fallback,pdf_text,pdf_table,NULL,3343,NULL,NULL,https://cgwb.gov.in
meghalaya,east khasi hills,mylliem,mylliem,Shillong Golf Link,Shillong Golf Link Station,25.58194,91.89444,2017,3,Pre-monsoon,6.97,2025.0,Safe,0.2181741,0.1963567,0.006982,3.56,NULL,NULL,normalized_exact,0.7,valid,Pre-monsoon_WL_1994-2025.pdf,GWRA_2025.pdf,NULL,local_pdf,local_pdf,official_web_fallback,pdf_text,pdf_table,NULL,3343,NULL,NULL,https://cgwb.gov.in
meghalaya,east khasi hills,mylliem,mylliem,Water Resources Dept,Water Resources Dept Station,25.56556,91.89611,2017,3,Pre-monsoon,2.42,2025.0,Safe,0.2181741,0.1963567,0.006982,3.56,NULL,NULL,normalized_exact,0.7,valid,Pre-monsoon_WL_1994-2025.pdf,GWRA_2025.pdf,NULL,local_pdf,local_pdf,official_web_fallback,pdf_text,pdf_table,NULL,3343,NULL,NULL,https://cgwb.gov.in
meghalaya,east khasi hills,shella bholaganj,shella bholaganj,Cherrapunji,Cherrapunji Station,25.28333,91.71667,2017,3,Pre-monsoon,0.15,2025.0,Safe,0.2181741,0.1963567,0.006982,3.56,NULL,NULL,normalized_exact,0.7,valid,Pre-monsoon_WL_1994-2025.pdf,GWRA_2025.pdf,NULL,local_pdf,local_pdf,official_web_fallback,pdf_text,pdf_table,NULL,3343,NULL,NULL,https://cgwb.gov.in
meghalaya,west khasi hills,Mairang,Mairang,Mairang,Mairang Station,25.57778,91.64167,2017,3,Pre-monsoon,0.89,2025.0,NULL,0.339654,0.3056885,0.0046341,1.52,NULL,NULL,historical_mapping,0.5,valid,Pre-monsoon_WL_1994-2025.pdf,GWRA_2025.pdf,NULL,local_pdf,local_pdf,official_web_fallback,pdf_text,pdf_table,NULL,3343,NULL,NULL,https://cgwb.gov.in
meghalaya,north garo hills,bajengdoba,bajengdoba,Bajengdoba,Bajengdoba Station,25.88611,90.5125,2017,3,Pre-monsoon,3.82,2025.0,Safe,0.0986029,0.0774368,0.0049870999999999,6.44,NULL,NULL,normalized_exact,0.7,valid,Pre-monsoon_WL_1994-2025.pdf,GWRA_2025.pdf,NULL,local_pdf,local_pdf,official_web_fallback,pdf_text,pdf_table,NULL,3343,NULL,NULL,https://cgwb.gov.in
meghalaya,north garo hills,bajengdoba,bajengdoba,Snalgre,Snalgre Station,25.74882,90.40422,2017,3,Pre-monsoon,2.12,2025.0,Safe,0.0986029,0.0774368,0.0049870999999999,6.44,NULL,NULL,normalized_exact,0.7,valid,Pre-monsoon_WL_1994-2025.pdf,GWRA_2025.pdf,NULL,local_pdf,local_pdf,official_web_fallback,pdf_text,pdf_table,NULL,3343,NULL,NULL,https://cgwb.gov.in
meghalaya,north garo hills,kharkutta,kharkutta,Kharkutta,Kharkutta Station,25.90556,90.89444,2017,3,Pre-monsoon,4.02,2025.0,Safe,0.0986029,0.0774368,0.0049870999999999,6.44,NULL,NULL,normalized_exact,0.7,valid,Pre-monsoon_WL_1994-2025.pdf,GWRA_2025.pdf,NULL,local_pdf,local_pdf,official_web_fallback,pdf_text,pdf_table,NULL,3343,NULL,NULL,https://cgwb.gov.in
meghalaya,north garo hills,resubelpara,resubelpara,Dainadubi,Dainadubi Station,25.89889,90.7775,2017,3,Pre-monsoon,4.6,2025.0,Safe,0.0986029,0.0774368,0.0049870999999999,6.44,NULL,NULL,normalized_exact,0.7,valid,Pre-monsoon_WL_1994-2025.pdf,GWRA_2025.pdf,NULL,local_pdf,local_pdf,official_web_fallback,pdf_text,pdf_table,NULL,3343,NULL,NULL,https://cgwb.gov.in
meghalaya,north garo hills,resubelpara,resubelpara,Mendal,Mendal Station,25.82472,90.46583,2017,3,Pre-monsoon,3.83,2025.0,Safe,0.0986029,0.0774368,0.0049870999999999,6.44,NULL,NULL,normalized_exact,0.7,valid,Pre-monsoon_WL_1994-2025.pdf,GWRA_2025.pdf,NULL,local_pdf,local_pdf,official_web_fallback,pdf_text,pdf_table,NULL,3343,NULL,NULL,https://cgwb.gov.in
meghalaya,north garo hills,resubelpara,resubelpara,Mendipathar,Mendipathar Station,25.92083,90.50833,2017,3,Pre-monsoon,3.81,2025.0,Safe,0.0986029,0.0774368,0.0049870999999999,6.44,NULL,NULL,normalized_exact,0.7,valid,Pre-monsoon_WL_1994-2025.pdf,GWRA_2025.pdf,NULL,local_pdf,local_pdf,official_web_fallback,pdf_text,pdf_table,NULL,3343,NULL,NULL,https://cgwb.gov.in
meghalaya,ri bhoi,bhoirymbong,bhoirymbong,Umroi Maidan,Umroi Maidan Station,25.71833,91.97278,2017,3,Pre-monsoon,2.97,2025.0,Safe,0.0648369999999999,0.0583534,0.0035481,6.08,NULL,NULL,normalized_exact,0.7,valid,Pre-monsoon_WL_1994-2025.pdf,GWRA_2025.pdf,NULL,local_pdf,local_pdf,official_web_fallback,pdf_text,pdf_table,NULL,3343,NULL,NULL,https://cgwb.gov.in
meghalaya,ri bhoi,jirang,jirang,Patharkhamma Barigaon,Patharkhamma Barigaon Station,25.87139,91.59472,2017,3,Pre-monsoon,5.3,2025.0,Safe,0.0648369999999999,0.0583534,0.0035481,6.08,NULL,NULL,normalized_exact,0.7,valid,Pre-monsoon_WL_1994-2025.pdf,GWRA_2025.pdf,NULL,local_pdf,local_pdf,official_web_fallback,pdf_text,pdf_table,NULL,3343,NULL,NULL,https://cgwb.gov.in
meghalaya,ri bhoi,umling,umling,Byrnihat,Byrnihat Station,26.04889,91.86889,2017,3,Pre-monsoon,2.85,2025.0,Safe,0.0648369999999999,0.0583534,0.0035481,6.08,NULL,NULL,normalized_exact,0.7,valid,Pre-monsoon_WL_1994-2025.pdf,GWRA_2025.pdf,NULL,local_pdf,local_pdf,official_web_fallback,pdf_text,pdf_table,NULL,3343,NULL,NULL,https://cgwb.gov.in
meghalaya,ri bhoi,umling,umling,Pahanmawlien,Pahanmawlien Station,25.99472,91.86167,2017,3,Pre-monsoon,1.11,2025.0,Safe,0.0648369999999999,0.0583534,0.0035481,6.08,NULL,NULL,normalized_exact,0.7,valid,Pre-monsoon_WL_1994-2025.pdf,GWRA_2025.pdf,NULL,local_pdf,local_pdf,official_web_fallback,pdf_text,pdf_table,NULL,3343,NULL,NULL,https://cgwb.gov.in
meghalaya,ri bhoi,umling,umling,Tamenpoanglong,Tamenpoanglong Station,25.92583,91.94472,2017,3,Pre-monsoon,2.37,2025.0,Safe,0.0648369999999999,0.0583534,0.0035481,6.08,NULL,NULL,normalized_exact,0.7,valid,Pre-monsoon_WL_1994-2025.pdf,GWRA_2025.pdf,NULL,local_pdf,local_pdf,official_web_fallback,pdf_text,pdf_table,NULL,3343,NULL,NULL,https://cgwb.gov.in
meghalaya,ri bhoi,umsning,umsning,Mawtari Myrdon,Mawtari Myrdon Station,25.8025,91.84639,2017,3,Pre-monsoon,8.87,2025.0,Safe,0.0648369999999999,0.0583534,0.0035481,6.08,NULL,NULL,normalized_exact,0.7,valid,Pre-monsoon_WL_1994-2025.pdf,GWRA_2025.pdf,NULL,local_pdf,local_pdf,official_web_fallback,pdf_text,pdf_table,NULL,3343,NULL,NULL,https://cgwb.gov.in
meghalaya,ri bhoi,umsning,umsning,Nayabunglow,Nayabunglow Station,25.74667,91.88667,2017,3,Pre-monsoon,7.96,2025.0,Safe,0.0648369999999999,0.0583534,0.0035481,6.08,NULL,NULL,normalized_exact,0.7,valid,Pre-monsoon_WL_1994-2025.pdf,GWRA_2025.pdf,NULL,local_pdf,local_pdf,official_web_fallback,pdf_text,pdf_table,NULL,3343,NULL,NULL,https://cgwb.gov.in
meghalaya,south west garo hills,betasing,betasing,Ampati,Ampati Station,25.5,89.95833,2017,3,Pre-monsoon,3.19,2025.0,Safe,0.079896,0.0387598,0.0076644,19.77,NULL,NULL,normalized_exact,0.7,valid,Pre-monsoon_WL_1994-2025.pdf,GWRA_2025.pdf,NULL,local_pdf,local_pdf,official_web_fallback,pdf_text,pdf_table,NULL,3343,NULL,NULL,https://cgwb.gov.in
meghalaya,south west garo hills,betasing,betasing,Betasing,Betasing Station,25.51339,89.95672,2017,3,Pre-monsoon,2.96,2025.0,Safe,0.079896,0.0387598,0.0076644,19.77,NULL,NULL,normalized_exact,0.7,valid,Pre-monsoon_WL_1994-2025.pdf,GWRA_2025.pdf,NULL,local_pdf,local_pdf,official_web_fallback,pdf_text,pdf_table,NULL,3343,NULL,NULL,https://cgwb.gov.in
meghalaya,south west garo hills,zikzak,zikzak,Mahendraganj,Mahendraganj Station,25.3,89.85972,2017,3,Pre-monsoon,3.92,2025.0,Safe,0.079896,0.0387598,0.0076644,19.77,NULL,NULL,normalized_exact,0.7,valid,Pre-monsoon_WL_1994-2025.pdf,GWRA_2025.pdf,NULL,local_pdf,local_pdf,official_web_fallback,pdf_text,pdf_table,NULL,3344,NULL,NULL,https://cgwb.gov.in
meghalaya,west garo hills,batabari,batabari,Rajabala,Rajabala Station,25.75556,89.98083,2017,3,Pre-monsoon,6.12,2025.0,Safe,0.2912522,0.1904695,0.036739,19.29,NULL,NULL,normalized_exact,0.7,valid,Pre-monsoon_WL_1994-2025.pdf,GWRA_2025.pdf,NULL,local_pdf,local_pdf,official_web_fallback,pdf_text,pdf_table,NULL,3344,NULL,NULL,https://cgwb.gov.in
meghalaya,west garo hills,dalu,dalu,Dalu,Dalu Station,25.22778,90.2125,2017,3,Pre-monsoon,5.01,2025.0,Safe,0.2912522,0.1904695,0.036739,19.29,NULL,NULL,normalized_exact,0.7,valid,Pre-monsoon_WL_1994-2025.pdf,GWRA_2025.pdf,NULL,local_pdf,local_pdf,official_web_fallback,pdf_text,pdf_table,NULL,3344,NULL,NULL,https://cgwb.gov.in
meghalaya,west garo hills,dalu,dalu,Porakhasia,Porakhasia Station,25.3,90.01667,2017,3,Pre-monsoon,4.16,2025.0,Safe,0.2912522,0.1904695,0.036739,19.29,NULL,NULL,normalized_exact,0.7,valid,Pre-monsoon_WL_1994-2025.pdf,GWRA_2025.pdf,NULL,local_pdf,local_pdf,official_web_fallback,pdf_text,pdf_table,NULL,3344,NULL,NULL,https://cgwb.gov.in
meghalaya,west garo hills,demdema,demdema,Nidanpur,Nidanpur Station,25.9125,90.12778,2017,3,Pre-monsoon,4.2,2025.0,Safe,0.2912522,0.1904695,0.036739,19.29,NULL,NULL,normalized_exact,0.7,valid,Pre-monsoon_WL_1994-2025.pdf,GWRA_2025.pdf,NULL,local_pdf,local_pdf,official_web_fallback,pdf_text,pdf_table,NULL,3344,NULL,NULL,https://cgwb.gov.in
meghalaya,west garo hills,rongram,rongram,Asanang,Asanang Station,25.59944,90.27556,2017,3,Pre-monsoon,4.52,2025.0,Safe,0.2912522,0.1904695,0.036739,19.29,NULL,NULL,normalized_exact,0.7,valid,Pre-monsoon_WL_1994-2025.pdf,GWRA_2025.pdf,NULL,local_pdf,local_pdf,official_web_fallback,pdf_text,pdf_table,NULL,3344,NULL,NULL,https://cgwb.gov.in
meghalaya,west garo hills,rongram,rongram,Rongram,Rongram Station,25.59408,90.24997,2017,3,Pre-monsoon,4.52,2025.0,Safe,0.2912522,0.1904695,0.036739,19.29,NULL,NULL,normalized_exact,0.7,valid,Pre-monsoon_WL_1994-2025.pdf,GWRA_2025.pdf,NULL,local_pdf,local_pdf,official_web_fallback,pdf_text,pdf_table,NULL,3344,NULL,NULL,https://cgwb.gov.in
meghalaya,west garo hills,salsella,salsella,Damjongre,Damjongre Station,25.61354,90.0359,2017,3,Pre-monsoon,4.12,2025.0,Safe,0.2912522,0.1904695,0.036739,19.29,NULL,NULL,normalized_exact,0.7,valid,Pre-monsoon_WL_1994-2025.pdf,GWRA_2025.pdf,NULL,local_pdf,local_pdf,official_web_fallback,pdf_text,pdf_table,NULL,3344,NULL,NULL,https://cgwb.gov.in
meghalaya,west garo hills,salsella,salsella,Phulbari,Phulbari Station,25.88333,90.05,2017,3,Pre-monsoon,3.76,2025.0,Safe,0.2912522,0.1904695,0.036739,19.29,NULL,NULL,normalized_exact,0.7,valid,Pre-monsoon_WL_1994-2025.pdf,GWRA_2025.pdf,NULL,local_pdf,local_pdf,official_web_fallback,pdf_text,pdf_table,NULL,3344,NULL,NULL,https://cgwb.gov.in
meghalaya,west garo hills,salsella,salsella,Salsella,Salsella Station,25.69472,90.01389,2017,3,Pre-monsoon,4.06,2025.0,Safe,0.2912522,0.1904695,0.036739,19.29,NULL,NULL,normalized_exact,0.7,valid,Pre-monsoon_WL_1994-2025.pdf,GWRA_2025.pdf,NULL,local_pdf,local_pdf,official_web_fallback,pdf_text,pdf_table,NULL,3344,NULL,NULL,https://cgwb.gov.in
meghalaya,west garo hills,tikrikilla,tikrikilla,Belguri,Belguri Station,25.96389,90.34278,2017,3,Pre-monsoon,8.12,2025.0,Safe,0.2912522,0.1904695,0.036739,19.29,NULL,NULL,normalized_exact,0.7,valid,Pre-monsoon_WL_1994-2025.pdf,GWRA_2025.pdf,NULL,local_pdf,local_pdf,official_web_fallback,pdf_text,pdf_table,NULL,3344,NULL,NULL,https://cgwb.gov.in
meghalaya,west garo hills,tikrikilla,tikrikilla,Phutamamri,Phutamamri Station,25.94333,90.22,2017,3,Pre-monsoon,4.36,2025.0,Safe,0.2912522,0.1904695,0.036739,19.29,NULL,NULL,normalized_exact,0.7,valid,Pre-monsoon_WL_1994-2025.pdf,GWRA_2025.pdf,NULL,local_pdf,local_pdf,official_web_fallback,pdf_text,pdf_table,NULL,3344,NULL,NULL,https://cgwb.gov.in
meghalaya,west garo hills,tikrikilla,tikrikilla,Tikrikilla,Tikrikilla Station,25.94583,90.24444,2017,3,Pre-monsoon,5.2,2025.0,Safe,0.2912522,0.1904695,0.036739,19.29,NULL,NULL,normalized_exact,0.7,valid,Pre-monsoon_WL_1994-2025.pdf,GWRA_2025.pdf,NULL,local_pdf,local_pdf,official_web_fallback,pdf_text,pdf_table,NULL,3344,NULL,NULL,https://cgwb.gov.in
meghalaya,west jaintia hills,amlarem,amlarem,Dauki,Dauki Station,25.2,92.03333,2017,3,Pre-monsoon,1.1,2025.0,Safe,0.1116346999999999,0.1004712,0.0061129999999999,6.08,NULL,NULL,normalized_exact,0.7,valid,Pre-monsoon_WL_1994-2025.pdf,GWRA_2025.pdf,NULL,local_pdf,local_pdf,official_web_fallback,pdf_text,pdf_table,NULL,3344,NULL,NULL,https://cgwb.gov.in
meghalaya,west jaintia hills,thadlaskein,thadlaskein,Jowai,Jowai Station,25.44167,92.175,2017,3,Pre-monsoon,0.77,2025.0,Safe,0.1116346999999999,0.1004712,0.0061129999999999,6.08,NULL,NULL,normalized_exact,0.7,valid,Pre-monsoon_WL_1994-2025.pdf,GWRA_2025.pdf,NULL,local_pdf,local_pdf,official_web_fallback,pdf_text,pdf_table,NULL,3344,NULL,NULL,https://cgwb.gov.in
meghalaya,east garo hills,dambo rongjeng,dambo rongjeng,Darugiri,Darugiri Station,25.61917,90.7675,2016,3,Pre-monsoon,3.63,2025.0,Safe,0.0849275,0.0764346,0.003461,4.53,NULL,NULL,normalized_exact,0.7,valid,Pre-monsoon_WL_1994-2025.pdf,GWRA_2025.pdf,NULL,local_pdf,local_pdf,official_web_fallback,pdf_text,pdf_table,NULL,3783,NULL,NULL,https://cgwb.gov.in
meghalaya,east garo hills,dambo rongjeng,dambo rongjeng,Narringirri,Narringirri Station,25.61028,90.73972,2016,3,Pre-monsoon,3.85,2025.0,Safe,0.0849275,0.0764346,0.003461,4.53,NULL,NULL,normalized_exact,0.7,valid,Pre-monsoon_WL_1994-2025.pdf,GWRA_2025.pdf,NULL,local_pdf,local_pdf,official_web_fallback,pdf_text,pdf_table,NULL,3783,NULL,NULL,https://cgwb.gov.in
meghalaya,east garo hills,dambo rongjeng,dambo rongjeng,Rongjeng,Rongjeng Station,25.66667,90.80417,2016,3,Pre-monsoon,5.2,2025.0,Safe,0.0849275,0.0764346,0.003461,4.53,NULL,NULL,normalized_exact,0.7,valid,Pre-monsoon_WL_1994-2025.pdf,GWRA_2025.pdf,NULL,local_pdf,local_pdf,official_web_fallback,pdf_text,pdf_table,NULL,3783,NULL,NULL,https://cgwb.gov.in
meghalaya,east garo hills,dambo rongjeng,dambo rongjeng,Rongmil,Rongmil Station,25.73611,90.82444,2016,3,Pre-monsoon,3.8,2025.0,Safe,0.0849275,0.0764346,0.003461,4.53,NULL,NULL,normalized_exact,0.7,valid,Pre-monsoon_WL_1994-2025.pdf,GWRA_2025.pdf,NULL,local_pdf,local_pdf,official_web_fallback,pdf_text,pdf_table,NULL,3783,NULL,NULL,https://cgwb.gov.in
meghalaya,east garo hills,samanda,samanda,Baiza Rongreng,Baiza Rongreng Station,25.5425,90.585,2016,3,Pre-monsoon,4.15,2025.0,Safe,0.0849275,0.0764346,0.003461,4.53,NULL,NULL,normalized_exact,0.7,valid,Pre-monsoon_WL_1994-2025.pdf,GWRA_2025.pdf,NULL,local_pdf,local_pdf,official_web_fallback,pdf_text,pdf_table,NULL,3783,NULL,NULL,https://cgwb.gov.in
meghalaya,east garo hills,samanda,samanda,Dobetkolgiri,Dobetkolgiri Station,25.50917,90.61167,2016,3,Pre-monsoon,3.2,2025.0,Safe,0.0849275,0.0764346,0.003461,4.53,NULL,NULL,normalized_exact,0.7,valid,Pre-monsoon_WL_1994-2025.pdf,GWRA_2025.pdf,NULL,local_pdf,local_pdf,official_web_fallback,pdf_text,pdf_table,NULL,3783,NULL,NULL,https://cgwb.gov.in
meghalaya,east garo hills,samanda,samanda,Samanda Megapagre,Samanda Megapagre Station,25.58004,90.52681,2016,3,Pre-monsoon,3.25,2025.0,Safe,0.0849275,0.0764346,0.003461,4.53,NULL,NULL,normalized_exact,0.7,valid,Pre-monsoon_WL_1994-2025.pdf,GWRA_2025.pdf,NULL,local_pdf,local_pdf,official_web_fallback,pdf_text,pdf_table,NULL,3783,NULL,NULL,https://cgwb.gov.in
meghalaya,east garo hills,samanda,samanda,Williamnagar,Williamnagar Station,25.51,90.51944,2016,3,Pre-monsoon,2.5,2025.0,Safe,0.0849275,0.0764346,0.003461,4.53,NULL,NULL,normalized_exact,0.7,valid,Pre-monsoon_WL_1994-2025.pdf,GWRA_2025.pdf,NULL,local_pdf,local_pdf,official_web_fallback,pdf_text,pdf_table,NULL,3783,NULL,NULL,https://cgwb.gov.in
meghalaya,east garo hills,songsak,songsak,Dobu,Dobu Station,25.55612,90.71481,2016,3,Pre-monsoon,2.82,2025.0,Safe,0.0849275,0.0764346,0.003461,4.53,NULL,NULL,normalized_exact,0.7,valid,Pre-monsoon_WL_1994-2025.pdf,GWRA_2025.pdf,NULL,local_pdf,local_pdf,official_web_fallback,pdf_text,pdf_table,NULL,3783,NULL,NULL,https://cgwb.gov.in
meghalaya,east garo hills,songsak,songsak,Songsak,Songsak Station,25.66333,90.61028,2016,3,Pre-monsoon,2.25,2025.0,Safe,0.0849275,0.0764346,0.003461,4.53,NULL,NULL,normalized_exact,0.7,valid,Pre-monsoon_WL_1994-2025.pdf,GWRA_2025.pdf,NULL,local_pdf,local_pdf,official_web_fallback,pdf_text,pdf_table,NULL,3783,NULL,NULL,https://cgwb.gov.in
meghalaya,east khasi hills,mawpat,mawpat,Mawpat,Mawpat Station,25.59278,91.91917,2016,3,Pre-monsoon,2.2,2025.0,Safe,0.2181741,0.1963567,0.006982,3.56,NULL,NULL,normalized_exact,0.7,valid,Pre-monsoon_WL_1994-2025.pdf,GWRA_2025.pdf,NULL,local_pdf,local_pdf,official_web_fallback,pdf_text,pdf_table,NULL,3783,NULL,NULL,https://cgwb.gov.in
meghalaya,east khasi hills,mylliem,mylliem,Lachuamiere,Lachuamiere Station,25.57056,91.89028,2016,3,Pre-monsoon,0.8,2025.0,Safe,0.2181741,0.1963567,0.006982,3.56,NULL,NULL,normalized_exact,0.7,valid,Pre-monsoon_WL_1994-2025.pdf,GWRA_2025.pdf,NULL,local_pdf,local_pdf,official_web_fallback,pdf_text,pdf_table,NULL,3783,NULL,NULL,https://cgwb.gov.in
meghalaya,east khasi hills,mylliem,mylliem,Nongmynsong,Nongmynsong Station,25.57972,91.90694,2016,3,Pre-monsoon,2.88,2025.0,Safe,0.2181741,0.1963567,0.006982,3.56,NULL,NULL,normalized_exact,0.7,valid,Pre-monsoon_WL_1994-2025.pdf,GWRA_2025.pdf,NULL,local_pdf,local_pdf,official_web_fallback,pdf_text,pdf_table,NULL,3783,NULL,NULL,https://cgwb.gov.in
meghalaya,east khasi hills,mylliem,mylliem,Shillong Dhankheti,Shillong Dhankheti Station,25.56611,91.89278,2016,3,Pre-monsoon,1.74,2025.0,Safe,0.2181741,0.1963567,0.006982,3.56,NULL,NULL,normalized_exact,0.7,valid,Pre-monsoon_WL_1994-2025.pdf,GWRA_2025.pdf,NULL,local_pdf,local_pdf,official_web_fallback,pdf_text,pdf_table,NULL,3783,NULL,NULL,https://cgwb.gov.in
meghalaya,east khasi hills,mylliem,mylliem,Shillong Golf Link,Shillong Golf Link Station,25.58194,91.89444,2016,3,Pre-monsoon,6.6,2025.0,Safe,0.2181741,0.1963567,0.006982,3.56,NULL,NULL,normalized_exact,0.7,valid,Pre-monsoon_WL_1994-2025.pdf,GWRA_2025.pdf,NULL,local_pdf,local_pdf,official_web_fallback,pdf_text,pdf_table,NULL,3783,NULL,NULL,https://cgwb.gov.in
meghalaya,west khasi hills,Mairang,Mairang,Mairang,Mairang Station,25.57778,91.64167,2016,3,Pre-monsoon,0.85,2025.0,NULL,0.339654,0.3056885,0.0046341,1.52,NULL,NULL,historical_mapping,0.5,valid,Pre-monsoon_WL_1994-2025.pdf,GWRA_2025.pdf,NULL,local_pdf,local_pdf,official_web_fallback,pdf_text,pdf_table,NULL,3783,NULL,NULL,https://cgwb.gov.in
meghalaya,north garo hills,bajengdoba,bajengdoba,Bajengdoba,Bajengdoba Station,25.88611,90.5125,2016,3,Pre-monsoon,3.81,2025.0,Safe,0.0986029,0.0774368,0.0049870999999999,6.44,NULL,NULL,normalized_exact,0.7,valid,Pre-monsoon_WL_1994-2025.pdf,GWRA_2025.pdf,NULL,local_pdf,local_pdf,official_web_fallback,pdf_text,pdf_table,NULL,3783,NULL,NULL,https://cgwb.gov.in
meghalaya,north garo hills,kharkutta,kharkutta,Kharkutta,Kharkutta Station,25.90556,90.89444,2016,3,Pre-monsoon,3.51,2025.0,Safe,0.0986029,0.0774368,0.0049870999999999,6.44,NULL,NULL,normalized_exact,0.7,valid,Pre-monsoon_WL_1994-2025.pdf,GWRA_2025.pdf,NULL,local_pdf,local_pdf,official_web_fallback,pdf_text,pdf_table,NULL,3783,NULL,NULL,https://cgwb.gov.in
meghalaya,north garo hills,resubelpara,resubelpara,Dainadubi,Dainadubi Station,25.89889,90.7775,2016,3,Pre-monsoon,4.45,2025.0,Safe,0.0986029,0.0774368,0.0049870999999999,6.44,NULL,NULL,normalized_exact,0.7,valid,Pre-monsoon_WL_1994-2025.pdf,GWRA_2025.pdf,NULL,local_pdf,local_pdf,official_web_fallback,pdf_text,pdf_table,NULL,3783,NULL,NULL,https://cgwb.gov.in
meghalaya,north garo hills,resubelpara,resubelpara,Mendal,Mendal Station,25.82472,90.46583,2016,3,Pre-monsoon,3.82,2025.0,Safe,0.0986029,0.0774368,0.0049870999999999,6.44,NULL,NULL,normalized_exact,0.7,valid,Pre-monsoon_WL_1994-2025.pdf,GWRA_2025.pdf,NULL,local_pdf,local_pdf,official_web_fallback,pdf_text,pdf_table,NULL,3783,NULL,NULL,https://cgwb.gov.in
meghalaya,north garo hills,resubelpara,resubelpara,Mendipathar,Mendipathar Station,25.92083,90.50833,2016,3,Pre-monsoon,3.75,2025.0,Safe,0.0986029,0.0774368,0.0049870999999999,6.44,NULL,NULL,normalized_exact,0.7,valid,Pre-monsoon_WL_1994-2025.pdf,GWRA_2025.pdf,NULL,local_pdf,local_pdf,official_web_fallback,pdf_text,pdf_table,NULL,3783,NULL,NULL,https://cgwb.gov.in
meghalaya,ri bhoi,nongpoh,nongpoh,Nongpoh,Nongpoh Station,25.9,91.88333,2016,3,Pre-monsoon,3.02,2025.0,Safe,0.0648369999999999,0.0583534,0.0035481,6.08,NULL,NULL,normalized_exact,0.7,valid,Pre-monsoon_WL_1994-2025.pdf,GWRA_2025.pdf,NULL,local_pdf,local_pdf,official_web_fallback,pdf_text,pdf_table,NULL,3783,NULL,NULL,https://cgwb.gov.in
meghalaya,ri bhoi,umling,umling,Byrnihat,Byrnihat Station,26.04889,91.86889,2016,3,Pre-monsoon,2.67,2025.0,Safe,0.0648369999999999,0.0583534,0.0035481,6.08,NULL,NULL,normalized_exact,0.7,valid,Pre-monsoon_WL_1994-2025.pdf,GWRA_2025.pdf,NULL,local_pdf,local_pdf,official_web_fallback,pdf_text,pdf_table,NULL,3784,NULL,NULL,https://cgwb.gov.in
meghalaya,ri bhoi,umling,umling,Pahanmawlien,Pahanmawlien Station,25.99472,91.86167,2016,3,Pre-monsoon,0.69,2025.0,Safe,0.0648369999999999,0.0583534,0.0035481,6.08,NULL,NULL,normalized_exact,0.7,valid,Pre-monsoon_WL_1994-2025.pdf,GWRA_2025.pdf,NULL,local_pdf,local_pdf,official_web_fallback,pdf_text,pdf_table,NULL,3784,NULL,NULL,https://cgwb.gov.in
meghalaya,ri bhoi,umsning,umsning,Nayabunglow,Nayabunglow Station,25.74667,91.88667,2016,3,Pre-monsoon,7.06,2025.0,Safe,0.0648369999999999,0.0583534,0.0035481,6.08,NULL,NULL,normalized_exact,0.7,valid,Pre-monsoon_WL_1994-2025.pdf,GWRA_2025.pdf,NULL,local_pdf,local_pdf,official_web_fallback,pdf_text,pdf_table,NULL,3784,NULL,NULL,https://cgwb.gov.in
meghalaya,south west garo hills,rerapara,rerapara,Garobandha,Garobandha Station,25.58028,90.02222,2016,3,Pre-monsoon,5.6,2025.0,Safe,0.079896,0.0387598,0.0076644,19.77,NULL,NULL,normalized_exact,0.7,valid,Pre-monsoon_WL_1994-2025.pdf,GWRA_2025.pdf,NULL,local_pdf,local_pdf,official_web_fallback,pdf_text,pdf_table,NULL,3784,NULL,NULL,https://cgwb.gov.in
meghalaya,west garo hills,batabari,batabari,Rajabala,Rajabala Station,25.75556,89.98083,2016,3,Pre-monsoon,6.9,2025.0,Safe,0.2912522,0.1904695,0.036739,19.29,NULL,NULL,normalized_exact,0.7,valid,Pre-monsoon_WL_1994-2025.pdf,GWRA_2025.pdf,NULL,local_pdf,local_pdf,official_web_fallback,pdf_text,pdf_table,NULL,3784,NULL,NULL,https://cgwb.gov.in
meghalaya,west garo hills,demdema,demdema,Nidanpur,Nidanpur Station,25.93528,90.125,2016,3,Pre-monsoon,2.5,2025.0,Safe,0.2912522,0.1904695,0.036739,19.29,NULL,NULL,normalized_exact,0.7,valid,Pre-monsoon_WL_1994-2025.pdf,GWRA_2025.pdf,NULL,local_pdf,local_pdf,official_web_fallback,pdf_text,pdf_table,NULL,3784,NULL,NULL,https://cgwb.gov.in
meghalaya,west garo hills,rongram,rongram,Asanang,Asanang Station,25.59944,90.27556,2016,3,Pre-monsoon,4.33,2025.0,Safe,0.2912522,0.1904695,0.036739,19.29,NULL,NULL,normalized_exact,0.7,valid,Pre-monsoon_WL_1994-2025.pdf,GWRA_2025.pdf,NULL,local_pdf,local_pdf,official_web_fallback,pdf_text,pdf_table,NULL,3784,NULL,NULL,https://cgwb.gov.in
meghalaya,west garo hills,rongram,rongram,Baljek,Baljek Station,25.66439,90.34159,2016,3,Pre-monsoon,3.23,2025.0,Safe,0.2912522,0.1904695,0.036739,19.29,NULL,NULL,normalized_exact,0.7,valid,Pre-monsoon_WL_1994-2025.pdf,GWRA_2025.pdf,NULL,local_pdf,local_pdf,official_web_fallback,pdf_text,pdf_table,NULL,3784,NULL,NULL,https://cgwb.gov.in
meghalaya,west garo hills,rongram,rongram,Rongram,Rongram Station,25.59408,90.24997,2016,3,Pre-monsoon,3.1,2025.0,Safe,0.2912522,0.1904695,0.036739,19.29,NULL,NULL,normalized_exact,0.7,valid,Pre-monsoon_WL_1994-2025.pdf,GWRA_2025.pdf,NULL,local_pdf,local_pdf,official_web_fallback,pdf_text,pdf_table,NULL,3784,NULL,NULL,https://cgwb.gov.in
meghalaya,west garo hills,salsella,salsella,Phulbari,Phulbari Station,25.88333,90.05,2016,3,Pre-monsoon,3.8,2025.0,Safe,0.2912522,0.1904695,0.036739,19.29,NULL,NULL,normalized_exact,0.7,valid,Pre-monsoon_WL_1994-2025.pdf,GWRA_2025.pdf,NULL,local_pdf,local_pdf,official_web_fallback,pdf_text,pdf_table,NULL,3784,NULL,NULL,https://cgwb.gov.in
meghalaya,west garo hills,tikrikilla,tikrikilla,Belguri,Belguri Station,25.96389,90.34278,2016,3,Pre-monsoon,11.8,2025.0,Safe,0.2912522,0.1904695,0.036739,19.29,NULL,NULL,normalized_exact,0.7,valid,Pre-monsoon_WL_1994-2025.pdf,GWRA_2025.pdf,NULL,local_pdf,local_pdf,official_web_fallback,pdf_text,pdf_table,NULL,3784,NULL,NULL,https://cgwb.gov.in
meghalaya,west garo hills,tikrikilla,tikrikilla,Phutamamri,Phutamamri Station,25.94333,90.22,2016,3,Pre-monsoon,3.6,2025.0,Safe,0.2912522,0.1904695,0.036739,19.29,NULL,NULL,normalized_exact,0.7,valid,Pre-monsoon_WL_1994-2025.pdf,GWRA_2025.pdf,NULL,local_pdf,local_pdf,official_web_fallback,pdf_text,pdf_table,NULL,3784,NULL,NULL,https://cgwb.gov.in
meghalaya,west garo hills,tikrikilla,tikrikilla,Tikrikilla,Tikrikilla Station,25.94583,90.24444,2016,3,Pre-monsoon,3.45,2025.0,Safe,0.2912522,0.1904695,0.036739,19.29,NULL,NULL,normalized_exact,0.7,valid,Pre-monsoon_WL_1994-2025.pdf,GWRA_2025.pdf,NULL,local_pdf,local_pdf,official_web_fallback,pdf_text,pdf_table,NULL,3784,NULL,NULL,https://cgwb.gov.in
meghalaya,west jaintia hills,amlarem,amlarem,Dauki,Dauki Station,25.2,92.03333,2016,3,Pre-monsoon,1.43,2025.0,Safe,0.1116346999999999,0.1004712,0.0061129999999999,6.08,NULL,NULL,normalized_exact,0.7,valid,Pre-monsoon_WL_1994-2025.pdf,GWRA_2025.pdf,NULL,local_pdf,local_pdf,official_web_fallback,pdf_text,pdf_table,NULL,3784,NULL,NULL,https://cgwb.gov.in
meghalaya,west jaintia hills,thadlaskein,thadlaskein,Jowai,Jowai Station,25.44167,92.175,2016,3,Pre-monsoon,0.71,2025.0,Safe,0.1116346999999999,0.1004712,0.0061129999999999,6.08,NULL,NULL,normalized_exact,0.7,valid,Pre-monsoon_WL_1994-2025.pdf,GWRA_2025.pdf,NULL,local_pdf,local_pdf,official_web_fallback,pdf_text,pdf_table,NULL,3784,NULL,NULL,https://cgwb.gov.in
meghalaya,east garo hills,dambo rongjeng,dambo rongjeng,Darugiri,Darugiri Station,25.61917,90.7675,2015,3,Pre-monsoon,4.09,2025.0,Safe,0.0849275,0.0764346,0.003461,4.53,NULL,NULL,normalized_exact,0.7,valid,Pre-monsoon_WL_1994-2025.pdf,GWRA_2025.pdf,NULL,local_pdf,local_pdf,official_web_fallback,pdf_text,pdf_table,NULL,4203,NULL,NULL,https://cgwb.gov.in
meghalaya,east garo hills,dambo rongjeng,dambo rongjeng,Narringirri,Narringirri Station,25.61028,90.73972,2015,3,Pre-monsoon,3.2,2025.0,Safe,0.0849275,0.0764346,0.003461,4.53,NULL,NULL,normalized_exact,0.7,valid,Pre-monsoon_WL_1994-2025.pdf,GWRA_2025.pdf,NULL,local_pdf,local_pdf,official_web_fallback,pdf_text,pdf_table,NULL,4203,NULL,NULL,https://cgwb.gov.in
meghalaya,east garo hills,dambo rongjeng,dambo rongjeng,Rongjeng,Rongjeng Station,25.66667,90.80417,2015,3,Pre-monsoon,5.83,2025.0,Safe,0.0849275,0.0764346,0.003461,4.53,NULL,NULL,normalized_exact,0.7,valid,Pre-monsoon_WL_1994-2025.pdf,GWRA_2025.pdf,NULL,local_pdf,local_pdf,official_web_fallback,pdf_text,pdf_table,NULL,4203,NULL,NULL,https://cgwb.gov.in
meghalaya,east garo hills,dambo rongjeng,dambo rongjeng,Rongmil,Rongmil Station,25.73611,90.82444,2015,3,Pre-monsoon,3.27,2025.0,Safe,0.0849275,0.0764346,0.003461,4.53,NULL,NULL,normalized_exact,0.7,valid,Pre-monsoon_WL_1994-2025.pdf,GWRA_2025.pdf,NULL,local_pdf,local_pdf,official_web_fallback,pdf_text,pdf_table,NULL,4203,NULL,NULL,https://cgwb.gov.in
meghalaya,east garo hills,samanda,samanda,Baiza Rongreng,Baiza Rongreng Station,25.5425,90.585,2015,3,Pre-monsoon,4.35,2025.0,Safe,0.0849275,0.0764346,0.003461,4.53,NULL,NULL,normalized_exact,0.7,valid,Pre-monsoon_WL_1994-2025.pdf,GWRA_2025.pdf,NULL,local_pdf,local_pdf,official_web_fallback,pdf_text,pdf_table,NULL,4203,NULL,NULL,https://cgwb.gov.in
meghalaya,east garo hills,samanda,samanda,Dobetkolgiri,Dobetkolgiri Station,25.50917,90.61167,2015,3,Pre-monsoon,3.35,2025.0,Safe,0.0849275,0.0764346,0.003461,4.53,NULL,NULL,normalized_exact,0.7,valid,Pre-monsoon_WL_1994-2025.pdf,GWRA_2025.pdf,NULL,local_pdf,local_pdf,official_web_fallback,pdf_text,pdf_table,NULL,4203,NULL,NULL,https://cgwb.gov.in
meghalaya,east garo hills,samanda,samanda,Samanda Megapagre,Samanda Megapagre Station,25.58004,90.52681,2015,3,Pre-monsoon,3.55,2025.0,Safe,0.0849275,0.0764346,0.003461,4.53,NULL,NULL,normalized_exact,0.7,valid,Pre-monsoon_WL_1994-2025.pdf,GWRA_2025.pdf,NULL,local_pdf,local_pdf,official_web_fallback,pdf_text,pdf_table,NULL,4203,NULL,NULL,https://cgwb.gov.in
meghalaya,east garo hills,samanda,samanda,Williamnagar,Williamnagar Station,25.51,90.51944,2015,3,Pre-monsoon,2.5,2025.0,Safe,0.0849275,0.0764346,0.003461,4.53,NULL,NULL,normalized_exact,0.7,valid,Pre-monsoon_WL_1994-2025.pdf,GWRA_2025.pdf,NULL,local_pdf,local_pdf,official_web_fallback,pdf_text,pdf_table,NULL,4203,NULL,NULL,https://cgwb.gov.in
meghalaya,east garo hills,songsak,songsak,Dobu,Dobu Station,25.55612,90.71481,2015,3,Pre-monsoon,2.95,2025.0,Safe,0.0849275,0.0764346,0.003461,4.53,NULL,NULL,normalized_exact,0.7,valid,Pre-monsoon_WL_1994-2025.pdf,GWRA_2025.pdf,NULL,local_pdf,local_pdf,official_web_fallback,pdf_text,pdf_table,NULL,4203,NULL,NULL,https://cgwb.gov.in
meghalaya,east garo hills,songsak,songsak,Songsak,Songsak Station,25.66333,90.61028,2015,3,Pre-monsoon,2.05,2025.0,Safe,0.0849275,0.0764346,0.003461,4.53,NULL,NULL,normalized_exact,0.7,valid,Pre-monsoon_WL_1994-2025.pdf,GWRA_2025.pdf,NULL,local_pdf,local_pdf,official_web_fallback,pdf_text,pdf_table,NULL,4203,NULL,NULL,https://cgwb.gov.in
meghalaya,east khasi hills,mawpat,mawpat,Mawpat,Mawpat Station,25.59278,91.91917,2015,3,Pre-monsoon,3.06,2025.0,Safe,0.2181741,0.1963567,0.006982,3.56,NULL,NULL,normalized_exact,0.7,valid,Pre-monsoon_WL_1994-2025.pdf,GWRA_2025.pdf,NULL,local_pdf,local_pdf,official_web_fallback,pdf_text,pdf_table,NULL,4203,NULL,NULL,https://cgwb.gov.in
meghalaya,east khasi hills,mawpat,mawpat,Rynjah,Rynjah Station,25.58028,91.9,2015,3,Pre-monsoon,5.31,2025.0,Safe,0.2181741,0.1963567,0.006982,3.56,NULL,NULL,normalized_exact,0.7,valid,Pre-monsoon_WL_1994-2025.pdf,GWRA_2025.pdf,NULL,local_pdf,local_pdf,official_web_fallback,pdf_text,pdf_table,NULL,4203,NULL,NULL,https://cgwb.gov.in
meghalaya,east khasi hills,mylliem,mylliem,Lachuamiere,Lachuamiere Station,25.57056,91.89028,2015,3,Pre-monsoon,0.81,2025.0,Safe,0.2181741,0.1963567,0.006982,3.56,NULL,NULL,normalized_exact,0.7,valid,Pre-monsoon_WL_1994-2025.pdf,GWRA_2025.pdf,NULL,local_pdf,local_pdf,official_web_fallback,pdf_text,pdf_table,NULL,4203,NULL,NULL,https://cgwb.gov.in
meghalaya,east khasi hills,mylliem,mylliem,Nongmynsong,Nongmynsong Station,25.57972,91.90694,2015,3,Pre-monsoon,3.12,2025.0,Safe,0.2181741,0.1963567,0.006982,3.56,NULL,NULL,normalized_exact,0.7,valid,Pre-monsoon_WL_1994-2025.pdf,GWRA_2025.pdf,NULL,local_pdf,local_pdf,official_web_fallback,pdf_text,pdf_table,NULL,4203,NULL,NULL,https://cgwb.gov.in
meghalaya,east khasi hills,mylliem,mylliem,Shillong Dhankheti,Shillong Dhankheti Station,25.56611,91.89278,2015,3,Pre-monsoon,1.77,2025.0,Safe,0.2181741,0.1963567,0.006982,3.56,NULL,NULL,normalized_exact,0.7,valid,Pre-monsoon_WL_1994-2025.pdf,GWRA_2025.pdf,NULL,local_pdf,local_pdf,official_web_fallback,pdf_text,pdf_table,NULL,4203,NULL,NULL,https://cgwb.gov.in
meghalaya,east khasi hills,mylliem,mylliem,Shillong Golf Link,Shillong Golf Link Station,25.58194,91.89444,2015,3,Pre-monsoon,5.96,2025.0,Safe,0.2181741,0.1963567,0.006982,3.56,NULL,NULL,normalized_exact,0.7,valid,Pre-monsoon_WL_1994-2025.pdf,GWRA_2025.pdf,NULL,local_pdf,local_pdf,official_web_fallback,pdf_text,pdf_table,NULL,4203,NULL,NULL,https://cgwb.gov.in
meghalaya,east khasi hills,shella bholaganj,shella bholaganj,Cherrapunji,Cherrapunji Station,25.28333,91.71667,2015,3,Pre-monsoon,1.09,2025.0,Safe,0.2181741,0.1963567,0.006982,3.56,NULL,NULL,normalized_exact,0.7,valid,Pre-monsoon_WL_1994-2025.pdf,GWRA_2025.pdf,NULL,local_pdf,local_pdf,official_web_fallback,pdf_text,pdf_table,NULL,4203,NULL,NULL,https://cgwb.gov.in
meghalaya,west khasi hills,Mairang,Mairang,Mairang,Mairang Station,25.57778,91.64167,2015,3,Pre-monsoon,1.01,2025.0,NULL,0.339654,0.3056885,0.0046341,1.52,NULL,NULL,historical_mapping,0.5,valid,Pre-monsoon_WL_1994-2025.pdf,GWRA_2025.pdf,NULL,local_pdf,local_pdf,official_web_fallback,pdf_text,pdf_table,NULL,4203,NULL,NULL,https://cgwb.gov.in
meghalaya,north garo hills,bajengdoba,bajengdoba,Bajengdoba,Bajengdoba Station,25.88611,90.5125,2015,3,Pre-monsoon,3.85,2025.0,Safe,0.0986029,0.0774368,0.0049870999999999,6.44,NULL,NULL,normalized_exact,0.7,valid,Pre-monsoon_WL_1994-2025.pdf,GWRA_2025.pdf,NULL,local_pdf,local_pdf,official_web_fallback,pdf_text,pdf_table,NULL,4203,NULL,NULL,https://cgwb.gov.in
meghalaya,north garo hills,kharkutta,kharkutta,Depa Sarangma,Depa Sarangma Station,25.86667,90.78333,2015,3,Pre-monsoon,2.28,2025.0,Safe,0.0986029,0.0774368,0.0049870999999999,6.44,NULL,NULL,normalized_exact,0.7,valid,Pre-monsoon_WL_1994-2025.pdf,GWRA_2025.pdf,NULL,local_pdf,local_pdf,official_web_fallback,pdf_text,pdf_table,NULL,4203,NULL,NULL,https://cgwb.gov.in
meghalaya,north garo hills,kharkutta,kharkutta,Kharkutta,Kharkutta Station,25.90556,90.89444,2015,3,Pre-monsoon,3.32,2025.0,Safe,0.0986029,0.0774368,0.0049870999999999,6.44,NULL,NULL,normalized_exact,0.7,valid,Pre-monsoon_WL_1994-2025.pdf,GWRA_2025.pdf,NULL,local_pdf,local_pdf,official_web_fallback,pdf_text,pdf_table,NULL,4203,NULL,NULL,https://cgwb.gov.in
meghalaya,north garo hills,resubelpara,resubelpara,Dainadubi,Dainadubi Station,25.89889,90.7775,2015,3,Pre-monsoon,4.02,2025.0,Safe,0.0986029,0.0774368,0.0049870999999999,6.44,NULL,NULL,normalized_exact,0.7,valid,Pre-monsoon_WL_1994-2025.pdf,GWRA_2025.pdf,NULL,local_pdf,local_pdf,official_web_fallback,pdf_text,pdf_table,NULL,4203,NULL,NULL,https://cgwb.gov.in
meghalaya,north garo hills,resubelpara,resubelpara,Mendal,Mendal Station,25.82472,90.46583,2015,3,Pre-monsoon,2.87,2025.0,Safe,0.0986029,0.0774368,0.0049870999999999,6.44,NULL,NULL,normalized_exact,0.7,valid,Pre-monsoon_WL_1994-2025.pdf,GWRA_2025.pdf,NULL,local_pdf,local_pdf,official_web_fallback,pdf_text,pdf_table,NULL,4203,NULL,NULL,https://cgwb.gov.in
meghalaya,north garo hills,resubelpara,resubelpara,Mendipathar,Mendipathar Station,25.92083,90.50833,2015,3,Pre-monsoon,3.76,2025.0,Safe,0.0986029,0.0774368,0.0049870999999999,6.44,NULL,NULL,normalized_exact,0.7,valid,Pre-monsoon_WL_1994-2025.pdf,GWRA_2025.pdf,NULL,local_pdf,local_pdf,official_web_fallback,pdf_text,pdf_table,NULL,4204,NULL,NULL,https://cgwb.gov.in
meghalaya,ri bhoi,nongpoh,nongpoh,Nongpoh,Nongpoh Station,25.9,91.88333,2015,3,Pre-monsoon,3.53,2025.0,Safe,0.0648369999999999,0.0583534,0.0035481,6.08,NULL,NULL,normalized_exact,0.7,valid,Pre-monsoon_WL_1994-2025.pdf,GWRA_2025.pdf,NULL,local_pdf,local_pdf,official_web_fallback,pdf_text,pdf_table,NULL,4204,NULL,NULL,https://cgwb.gov.in
meghalaya,ri bhoi,umling,umling,Byrnihat,Byrnihat Station,26.04889,91.86889,2015,3,Pre-monsoon,2.85,2025.0,Safe,0.0648369999999999,0.0583534,0.0035481,6.08,NULL,NULL,normalized_exact,0.7,valid,Pre-monsoon_WL_1994-2025.pdf,GWRA_2025.pdf,NULL,local_pdf,local_pdf,official_web_fallback,pdf_text,pdf_table,NULL,4204,NULL,NULL,https://cgwb.gov.in
meghalaya,ri bhoi,umling,umling,Pahanmawlien,Pahanmawlien Station,25.99472,91.86167,2015,3,Pre-monsoon,0.53,2025.0,Safe,0.0648369999999999,0.0583534,0.0035481,6.08,NULL,NULL,normalized_exact,0.7,valid,Pre-monsoon_WL_1994-2025.pdf,GWRA_2025.pdf,NULL,local_pdf,local_pdf,official_web_fallback,pdf_text,pdf_table,NULL,4204,NULL,NULL,https://cgwb.gov.in
meghalaya,ri bhoi,umsning,umsning,Umsiang Ow,Umsiang Ow Station,25.73417,91.88167,2015,3,Pre-monsoon,8.19,2025.0,Safe,0.0648369999999999,0.0583534,0.0035481,6.08,NULL,NULL,normalized_exact,0.7,valid,Pre-monsoon_WL_1994-2025.pdf,GWRA_2025.pdf,NULL,local_pdf,local_pdf,official_web_fallback,pdf_text,pdf_table,NULL,4204,NULL,NULL,https://cgwb.gov.in
meghalaya,west garo hills,dalu,dalu,Barengapara,Barengapara Station,25.21667,90.23333,2015,3,Pre-monsoon,7.32,2025.0,Safe,0.2912522,0.1904695,0.036739,19.29,NULL,NULL,normalized_exact,0.7,valid,Pre-monsoon_WL_1994-2025.pdf,GWRA_2025.pdf,NULL,local_pdf,local_pdf,official_web_fallback,pdf_text,pdf_table,NULL,4204,NULL,NULL,https://cgwb.gov.in
meghalaya,west garo hills,dalu,dalu,Kherapara,Kherapara Station,25.34167,90.225,2015,3,Pre-monsoon,4.01,2025.0,Safe,0.2912522,0.1904695,0.036739,19.29,NULL,NULL,normalized_exact,0.7,valid,Pre-monsoon_WL_1994-2025.pdf,GWRA_2025.pdf,NULL,local_pdf,local_pdf,official_web_fallback,pdf_text,pdf_table,NULL,4204,NULL,NULL,https://cgwb.gov.in
meghalaya,west garo hills,dalu,dalu,Porakhasia,Porakhasia Station,25.3,90.01667,2015,3,Pre-monsoon,4.97,2025.0,Safe,0.2912522,0.1904695,0.036739,19.29,NULL,NULL,normalized_exact,0.7,valid,Pre-monsoon_WL_1994-2025.pdf,GWRA_2025.pdf,NULL,local_pdf,local_pdf,official_web_fallback,pdf_text,pdf_table,NULL,4204,NULL,NULL,https://cgwb.gov.in
meghalaya,west garo hills,demdema,demdema,Nidanpur,Nidanpur Station,25.93528,90.125,2015,3,Pre-monsoon,2.2,2025.0,Safe,0.2912522,0.1904695,0.036739,19.29,NULL,NULL,normalized_exact,0.7,valid,Pre-monsoon_WL_1994-2025.pdf,GWRA_2025.pdf,NULL,local_pdf,local_pdf,official_web_fallback,pdf_text,pdf_table,NULL,4204,NULL,NULL,https://cgwb.gov.in
meghalaya,west garo hills,rongram,rongram,Asanang,Asanang Station,25.59944,90.27556,2015,3,Pre-monsoon,4.08,2025.0,Safe,0.2912522,0.1904695,0.036739,19.29,NULL,NULL,normalized_exact,0.7,valid,Pre-monsoon_WL_1994-2025.pdf,GWRA_2025.pdf,NULL,local_pdf,local_pdf,official_web_fallback,pdf_text,pdf_table,NULL,4204,NULL,NULL,https://cgwb.gov.in
meghalaya,west garo hills,rongram,rongram,Baljek,Baljek Station,25.66439,90.34159,2015,3,Pre-monsoon,3.2,2025.0,Safe,0.2912522,0.1904695,0.036739,19.29,NULL,NULL,normalized_exact,0.7,valid,Pre-monsoon_WL_1994-2025.pdf,GWRA_2025.pdf,NULL,local_pdf,local_pdf,official_web_fallback,pdf_text,pdf_table,NULL,4204,NULL,NULL,https://cgwb.gov.in
meghalaya,west garo hills,rongram,rongram,Rongram,Rongram Station,25.59408,90.24997,2015,3,Pre-monsoon,3.35,2025.0,Safe,0.2912522,0.1904695,0.036739,19.29,NULL,NULL,normalized_exact,0.7,valid,Pre-monsoon_WL_1994-2025.pdf,GWRA_2025.pdf,NULL,local_pdf,local_pdf,official_web_fallback,pdf_text,pdf_table,NULL,4204,NULL,NULL,https://cgwb.gov.in
meghalaya,west garo hills,salsella,salsella,Phulbari,Phulbari Station,25.88333,90.05,2015,3,Pre-monsoon,4.15,2025.0,Safe,0.2912522,0.1904695,0.036739,19.29,NULL,NULL,normalized_exact,0.7,valid,Pre-monsoon_WL_1994-2025.pdf,GWRA_2025.pdf,NULL,local_pdf,local_pdf,official_web_fallback,pdf_text,pdf_table,NULL,4204,NULL,NULL,https://cgwb.gov.in
meghalaya,west garo hills,tikrikilla,tikrikilla,Belguri,Belguri Station,25.96389,90.34278,2015,3,Pre-monsoon,8.45,2025.0,Safe,0.2912522,0.1904695,0.036739,19.29,NULL,NULL,normalized_exact,0.7,valid,Pre-monsoon_WL_1994-2025.pdf,GWRA_2025.pdf,NULL,local_pdf,local_pdf,official_web_fallback,pdf_text,pdf_table,NULL,4204,NULL,NULL,https://cgwb.gov.in
meghalaya,west garo hills,tikrikilla,tikrikilla,Phutamamri,Phutamamri Station,25.94333,90.22,2015,3,Pre-monsoon,2.7,2025.0,Safe,0.2912522,0.1904695,0.036739,19.29,NULL,NULL,normalized_exact,0.7,valid,Pre-monsoon_WL_1994-2025.pdf,GWRA_2025.pdf,NULL,local_pdf,local_pdf,official_web_fallback,pdf_text,pdf_table,NULL,4204,NULL,NULL,https://cgwb.gov.in
meghalaya,west jaintia hills,amlarem,amlarem,Dauki,Dauki Station,25.2,92.03333,2015,3,Pre-monsoon,1.49,2025.0,Safe,0.1116346999999999,0.1004712,0.0061129999999999,6.08,NULL,NULL,normalized_exact,0.7,valid,Pre-monsoon_WL_1994-2025.pdf,GWRA_2025.pdf,NULL,local_pdf,local_pdf,official_web_fallback,pdf_text,pdf_table,NULL,4204,NULL,NULL,https://cgwb.gov.in
meghalaya,west jaintia hills,thadlaskein,thadlaskein,Jowai,Jowai Station,25.44167,92.175,2015,3,Pre-monsoon,0.58,2025.0,Safe,0.1116346999999999,0.1004712,0.0061129999999999,6.08,NULL,NULL,normalized_exact,0.7,valid,Pre-monsoon_WL_1994-2025.pdf,GWRA_2025.pdf,NULL,local_pdf,local_pdf,official_web_fallback,pdf_text,pdf_table,NULL,4204,NULL,NULL,https://cgwb.gov.in
meghalaya,east garo hills,dambo rongjeng,dambo rongjeng,Darugiri,Darugiri Station,25.61917,90.7675,2014,3,Pre-monsoon,4.15,2025.0,Safe,0.0849275,0.0764346,0.003461,4.53,NULL,NULL,normalized_exact,0.7,valid,Pre-monsoon_WL_1994-2025.pdf,GWRA_2025.pdf,NULL,local_pdf,local_pdf,official_web_fallback,pdf_text,pdf_table,NULL,4581,NULL,NULL,https://cgwb.gov.in
meghalaya,east garo hills,dambo rongjeng,dambo rongjeng,Rongjeng,Rongjeng Station,25.66667,90.80417,2014,3,Pre-monsoon,5.25,2025.0,Safe,0.0849275,0.0764346,0.003461,4.53,NULL,NULL,normalized_exact,0.7,valid,Pre-monsoon_WL_1994-2025.pdf,GWRA_2025.pdf,NULL,local_pdf,local_pdf,official_web_fallback,pdf_text,pdf_table,NULL,4581,NULL,NULL,https://cgwb.gov.in
meghalaya,east garo hills,dambo rongjeng,dambo rongjeng,Rongmil,Rongmil Station,25.73611,90.82444,2014,3,Pre-monsoon,3.9,2025.0,Safe,0.0849275,0.0764346,0.003461,4.53,NULL,NULL,normalized_exact,0.7,valid,Pre-monsoon_WL_1994-2025.pdf,GWRA_2025.pdf,NULL,local_pdf,local_pdf,official_web_fallback,pdf_text,pdf_table,NULL,4581,NULL,NULL,https://cgwb.gov.in
meghalaya,east garo hills,samanda,samanda,Samanda Megapagre,Samanda Megapagre Station,25.58004,90.52681,2014,3,Pre-monsoon,3.3,2025.0,Safe,0.0849275,0.0764346,0.003461,4.53,NULL,NULL,normalized_exact,0.7,valid,Pre-monsoon_WL_1994-2025.pdf,GWRA_2025.pdf,NULL,local_pdf,local_pdf,official_web_fallback,pdf_text,pdf_table,NULL,4581,NULL,NULL,https://cgwb.gov.in
meghalaya,east garo hills,samanda,samanda,Williamnagar,Williamnagar Station,25.51,90.51944,2014,3,Pre-monsoon,2.08,2025.0,Safe,0.0849275,0.0764346,0.003461,4.53,NULL,NULL,normalized_exact,0.7,valid,Pre-monsoon_WL_1994-2025.pdf,GWRA_2025.pdf,NULL,local_pdf,local_pdf,official_web_fallback,pdf_text,pdf_table,NULL,4581,NULL,NULL,https://cgwb.gov.in
meghalaya,east khasi hills,mawsynram,mawsynram,Balat,Balat Station,25.20556,91.4,2014,3,Pre-monsoon,7.51,2025.0,Safe,0.2181741,0.1963567,0.006982,3.56,NULL,NULL,normalized_exact,0.7,valid,Pre-monsoon_WL_1994-2025.pdf,GWRA_2025.pdf,NULL,local_pdf,local_pdf,official_web_fallback,pdf_text,pdf_table,NULL,4581,NULL,NULL,https://cgwb.gov.in
meghalaya,east khasi hills,mylliem,mylliem,Lachuamiere,Lachuamiere Station,25.57056,91.89028,2014,3,Pre-monsoon,1.11,2025.0,Safe,0.2181741,0.1963567,0.006982,3.56,NULL,NULL,normalized_exact,0.7,valid,Pre-monsoon_WL_1994-2025.pdf,GWRA_2025.pdf,NULL,local_pdf,local_pdf,official_web_fallback,pdf_text,pdf_table,NULL,4582,NULL,NULL,https://cgwb.gov.in
meghalaya,east khasi hills,mylliem,mylliem,Shillong Dhankheti,Shillong Dhankheti Station,25.56611,91.89278,2014,3,Pre-monsoon,1.86,2025.0,Safe,0.2181741,0.1963567,0.006982,3.56,NULL,NULL,normalized_exact,0.7,valid,Pre-monsoon_WL_1994-2025.pdf,GWRA_2025.pdf,NULL,local_pdf,local_pdf,official_web_fallback,pdf_text,pdf_table,NULL,4582,NULL,NULL,https://cgwb.gov.in
meghalaya,east khasi hills,mylliem,mylliem,Shillong Golf Link,Shillong Golf Link Station,25.58194,91.89444,2014,3,Pre-monsoon,7.57,2025.0,Safe,0.2181741,0.1963567,0.006982,3.56,NULL,NULL,normalized_exact,0.7,valid,Pre-monsoon_WL_1994-2025.pdf,GWRA_2025.pdf,NULL,local_pdf,local_pdf,official_web_fallback,pdf_text,pdf_table,NULL,4582,NULL,NULL,https://cgwb.gov.in
meghalaya,east khasi hills,mylliem,mylliem,Shillong Polo,Shillong Polo Station,25.58333,91.88333,2014,3,Pre-monsoon,7.57,2025.0,Safe,0.2181741,0.1963567,0.006982,3.56,NULL,NULL,normalized_exact,0.7,valid,Pre-monsoon_WL_1994-2025.pdf,GWRA_2025.pdf,NULL,local_pdf,local_pdf,official_web_fallback,pdf_text,pdf_table,NULL,4582,NULL,NULL,https://cgwb.gov.in
meghalaya,east khasi hills,shella bholaganj,shella bholaganj,Cherrapunji,Cherrapunji Station,25.28333,91.71667,2014,3,Pre-monsoon,1.38,2025.0,Safe,0.2181741,0.1963567,0.006982,3.56,NULL,NULL,normalized_exact,0.7,valid,Pre-monsoon_WL_1994-2025.pdf,GWRA_2025.pdf,NULL,local_pdf,local_pdf,official_web_fallback,pdf_text,pdf_table,NULL,4582,NULL,NULL,https://cgwb.gov.in
meghalaya,west khasi hills,Mairang,Mairang,Mairang,Mairang Station,25.57778,91.64167,2014,3,Pre-monsoon,1.16,2025.0,NULL,0.339654,0.3056885,0.0046341,1.52,NULL,NULL,historical_mapping,0.5,valid,Pre-monsoon_WL_1994-2025.pdf,GWRA_2025.pdf,NULL,local_pdf,local_pdf,official_web_fallback,pdf_text,pdf_table,NULL,4582,NULL,NULL,https://cgwb.gov.in
meghalaya,north garo hills,kharkutta,kharkutta,Kharkutta,Kharkutta Station,25.90556,90.89444,2014,3,Pre-monsoon,4.32,2025.0,Safe,0.0986029,0.0774368,0.0049870999999999,6.44,NULL,NULL,normalized_exact,0.7,valid,Pre-monsoon_WL_1994-2025.pdf,GWRA_2025.pdf,NULL,local_pdf,local_pdf,official_web_fallback,pdf_text,pdf_table,NULL,4582,NULL,NULL,https://cgwb.gov.in
meghalaya,north garo hills,resubelpara,resubelpara,Dainadubi,Dainadubi Station,25.89889,90.7775,2014,3,Pre-monsoon,4.21,2025.0,Safe,0.0986029,0.0774368,0.0049870999999999,6.44,NULL,NULL,normalized_exact,0.7,valid,Pre-monsoon_WL_1994-2025.pdf,GWRA_2025.pdf,NULL,local_pdf,local_pdf,official_web_fallback,pdf_text,pdf_table,NULL,4582,NULL,NULL,https://cgwb.gov.in
meghalaya,ri bhoi,nongpoh,nongpoh,Nongpoh,Nongpoh Station,25.9,91.88333,2014,3,Pre-monsoon,2.9,2025.0,Safe,0.0648369999999999,0.0583534,0.0035481,6.08,NULL,NULL,normalized_exact,0.7,valid,Pre-monsoon_WL_1994-2025.pdf,GWRA_2025.pdf,NULL,local_pdf,local_pdf,official_web_fallback,pdf_text,pdf_table,NULL,4582,NULL,NULL,https://cgwb.gov.in
meghalaya,ri bhoi,umling,umling,Byrnihat,Byrnihat Station,26.04889,91.86889,2014,3,Pre-monsoon,2.75,2025.0,Safe,0.0648369999999999,0.0583534,0.0035481,6.08,NULL,NULL,normalized_exact,0.7,valid,Pre-monsoon_WL_1994-2025.pdf,GWRA_2025.pdf,NULL,local_pdf,local_pdf,official_web_fallback,pdf_text,pdf_table,NULL,4582,NULL,NULL,https://cgwb.gov.in
meghalaya,ri bhoi,umsning,umsning,Umsiang Ow,Umsiang Ow Station,25.73417,91.88167,2014,3,Pre-monsoon,7.01,2025.0,Safe,0.0648369999999999,0.0583534,0.0035481,6.08,NULL,NULL,normalized_exact,0.7,valid,Pre-monsoon_WL_1994-2025.pdf,GWRA_2025.pdf,NULL,local_pdf,local_pdf,official_web_fallback,pdf_text,pdf_table,NULL,4582,NULL,NULL,https://cgwb.gov.in
meghalaya,south west garo hills,betasing,betasing,Ampati,Ampati Station,25.5,89.95833,2014,3,Pre-monsoon,4.3,2025.0,Safe,0.079896,0.0387598,0.0076644,19.77,NULL,NULL,normalized_exact,0.7,valid,Pre-monsoon_WL_1994-2025.pdf,GWRA_2025.pdf,NULL,local_pdf,local_pdf,official_web_fallback,pdf_text,pdf_table,NULL,4582,NULL,NULL,https://cgwb.gov.in
meghalaya,south west garo hills,rerapara,rerapara,Garobandha,Garobandha Station,25.58028,90.02222,2014,3,Pre-monsoon,2.16,2025.0,Safe,0.079896,0.0387598,0.0076644,19.77,NULL,NULL,normalized_exact,0.7,valid,Pre-monsoon_WL_1994-2025.pdf,GWRA_2025.pdf,NULL,local_pdf,local_pdf,official_web_fallback,pdf_text,pdf_table,NULL,4582,NULL,NULL,https://cgwb.gov.in
meghalaya,south west garo hills,zikzak,zikzak,Nogorpara,Nogorpara Station,25.34806,89.84417,2014,3,Pre-monsoon,2.45,2025.0,Safe,0.079896,0.0387598,0.0076644,19.77,NULL,NULL,normalized_exact,0.7,valid,Pre-monsoon_WL_1994-2025.pdf,GWRA_2025.pdf,NULL,local_pdf,local_pdf,official_web_fallback,pdf_text,pdf_table,NULL,4582,NULL,NULL,https://cgwb.gov.in
meghalaya,south west garo hills,zikzak,zikzak,Zikzak,Zikzak Station,25.39111,89.89889,2014,3,Pre-monsoon,4.25,2025.0,Safe,0.079896,0.0387598,0.0076644,19.77,NULL,NULL,normalized_exact,0.7,valid,Pre-monsoon_WL_1994-2025.pdf,GWRA_2025.pdf,NULL,local_pdf,local_pdf,official_web_fallback,pdf_text,pdf_table,NULL,4582,NULL,NULL,https://cgwb.gov.in
meghalaya,west garo hills,dalu,dalu,Barengapara,Barengapara Station,25.21667,90.23333,2014,3,Pre-monsoon,5.03,2025.0,Safe,0.2912522,0.1904695,0.036739,19.29,NULL,NULL,normalized_exact,0.7,valid,Pre-monsoon_WL_1994-2025.pdf,GWRA_2025.pdf,NULL,local_pdf,local_pdf,official_web_fallback,pdf_text,pdf_table,NULL,4582,NULL,NULL,https://cgwb.gov.in
meghalaya,west garo hills,dalu,dalu,Porakhasia,Porakhasia Station,25.3,90.01667,2014,3,Pre-monsoon,4.92,2025.0,Safe,0.2912522,0.1904695,0.036739,19.29,NULL,NULL,normalized_exact,0.7,valid,Pre-monsoon_WL_1994-2025.pdf,GWRA_2025.pdf,NULL,local_pdf,local_pdf,official_web_fallback,pdf_text,pdf_table,NULL,4582,NULL,NULL,https://cgwb.gov.in
meghalaya,west garo hills,rongram,rongram,Asanang,Asanang Station,25.59944,90.27556,2014,3,Pre-monsoon,4.03,2025.0,Safe,0.2912522,0.1904695,0.036739,19.29,NULL,NULL,normalized_exact,0.7,valid,Pre-monsoon_WL_1994-2025.pdf,GWRA_2025.pdf,NULL,local_pdf,local_pdf,official_web_fallback,pdf_text,pdf_table,NULL,4582,NULL,NULL,https://cgwb.gov.in
meghalaya,west garo hills,rongram,rongram,Baljek,Baljek Station,25.66439,90.34159,2014,3,Pre-monsoon,2.85,2025.0,Safe,0.2912522,0.1904695,0.036739,19.29,NULL,NULL,normalized_exact,0.7,valid,Pre-monsoon_WL_1994-2025.pdf,GWRA_2025.pdf,NULL,local_pdf,local_pdf,official_web_fallback,pdf_text,pdf_table,NULL,4582,NULL,NULL,https://cgwb.gov.in
meghalaya,west garo hills,rongram,rongram,Rongram,Rongram Station,25.59408,90.24997,2014,3,Pre-monsoon,3.2,2025.0,Safe,0.2912522,0.1904695,0.036739,19.29,NULL,NULL,normalized_exact,0.7,valid,Pre-monsoon_WL_1994-2025.pdf,GWRA_2025.pdf,NULL,local_pdf,local_pdf,official_web_fallback,pdf_text,pdf_table,NULL,4582,NULL,NULL,https://cgwb.gov.in
meghalaya,west garo hills,salsella,salsella,Phulbari,Phulbari Station,25.88333,90.05,2014,3,Pre-monsoon,7.47,2025.0,Safe,0.2912522,0.1904695,0.036739,19.29,NULL,NULL,normalized_exact,0.7,valid,Pre-monsoon_WL_1994-2025.pdf,GWRA_2025.pdf,NULL,local_pdf,local_pdf,official_web_fallback,pdf_text,pdf_table,NULL,4582,NULL,NULL,https://cgwb.gov.in
meghalaya,west garo hills,tikrikilla,tikrikilla,Belguri,Belguri Station,25.96389,90.34278,2014,3,Pre-monsoon,7.1,2025.0,Safe,0.2912522,0.1904695,0.036739,19.29,NULL,NULL,normalized_exact,0.7,valid,Pre-monsoon_WL_1994-2025.pdf,GWRA_2025.pdf,NULL,local_pdf,local_pdf,official_web_fallback,pdf_text,pdf_table,NULL,4582,NULL,NULL,https://cgwb.gov.in
meghalaya,west garo hills,tikrikilla,tikrikilla,Phutamamri,Phutamamri Station,25.94333,90.22,2014,3,Pre-monsoon,2.7,2025.0,Safe,0.2912522,0.1904695,0.036739,19.29,NULL,NULL,normalized_exact,0.7,valid,Pre-monsoon_WL_1994-2025.pdf,GWRA_2025.pdf,NULL,local_pdf,local_pdf,official_web_fallback,pdf_text,pdf_table,NULL,4582,NULL,NULL,https://cgwb.gov.in
meghalaya,west garo hills,tikrikilla,tikrikilla,Tikrikilla,Tikrikilla Station,25.94583,90.24444,2014,3,Pre-monsoon,7.78,2025.0,Safe,0.2912522,0.1904695,0.036739,19.29,NULL,NULL,normalized_exact,0.7,valid,Pre-monsoon_WL_1994-2025.pdf,GWRA_2025.pdf,NULL,local_pdf,local_pdf,official_web_fallback,pdf_text,pdf_table,NULL,4582,NULL,NULL,https://cgwb.gov.in
meghalaya,west jaintia hills,amlarem,amlarem,Dauki,Dauki Station,25.2,92.03333,2014,3,Pre-monsoon,3.08,2025.0,Safe,0.1116346999999999,0.1004712,0.0061129999999999,6.08,NULL,NULL,normalized_exact,0.7,valid,Pre-monsoon_WL_1994-2025.pdf,GWRA_2025.pdf,NULL,local_pdf,local_pdf,official_web_fallback,pdf_text,pdf_table,NULL,4582,NULL,NULL,https://cgwb.gov.in
meghalaya,east garo hills,dambo rongjeng,dambo rongjeng,Darugiri,Darugiri Station,25.61917,90.7675,2013,3,Pre-monsoon,4.2,2025.0,Safe,0.0849275,0.0764346,0.003461,4.53,NULL,NULL,normalized_exact,0.7,valid,Pre-monsoon_WL_1994-2025.pdf,GWRA_2025.pdf,NULL,local_pdf,local_pdf,official_web_fallback,pdf_text,pdf_table,NULL,4930,NULL,NULL,https://cgwb.gov.in
meghalaya,east garo hills,dambo rongjeng,dambo rongjeng,Narringirri,Narringirri Station,25.61028,90.73972,2013,3,Pre-monsoon,2.0,2025.0,Safe,0.0849275,0.0764346,0.003461,4.53,NULL,NULL,normalized_exact,0.7,valid,Pre-monsoon_WL_1994-2025.pdf,GWRA_2025.pdf,NULL,local_pdf,local_pdf,official_web_fallback,pdf_text,pdf_table,NULL,4930,NULL,NULL,https://cgwb.gov.in
meghalaya,east garo hills,dambo rongjeng,dambo rongjeng,Rongjeng,Rongjeng Station,25.66667,90.80417,2013,3,Pre-monsoon,5.45,2025.0,Safe,0.0849275,0.0764346,0.003461,4.53,NULL,NULL,normalized_exact,0.7,valid,Pre-monsoon_WL_1994-2025.pdf,GWRA_2025.pdf,NULL,local_pdf,local_pdf,official_web_fallback,pdf_text,pdf_table,NULL,4930,NULL,NULL,https://cgwb.gov.in
meghalaya,east garo hills,dambo rongjeng,dambo rongjeng,Rongmil,Rongmil Station,25.73611,90.82444,2013,3,Pre-monsoon,2.63,2025.0,Safe,0.0849275,0.0764346,0.003461,4.53,NULL,NULL,normalized_exact,0.7,valid,Pre-monsoon_WL_1994-2025.pdf,GWRA_2025.pdf,NULL,local_pdf,local_pdf,official_web_fallback,pdf_text,pdf_table,NULL,4930,NULL,NULL,https://cgwb.gov.in
meghalaya,east garo hills,samanda,samanda,Baiza Rongreng,Baiza Rongreng Station,25.5425,90.585,2013,3,Pre-monsoon,3.3,2025.0,Safe,0.0849275,0.0764346,0.003461,4.53,NULL,NULL,normalized_exact,0.7,valid,Pre-monsoon_WL_1994-2025.pdf,GWRA_2025.pdf,NULL,local_pdf,local_pdf,official_web_fallback,pdf_text,pdf_table,NULL,4930,NULL,NULL,https://cgwb.gov.in
meghalaya,east garo hills,samanda,samanda,Dobetkolgiri,Dobetkolgiri Station,25.50917,90.61167,2013,3,Pre-monsoon,2.6,2025.0,Safe,0.0849275,0.0764346,0.003461,4.53,NULL,NULL,normalized_exact,0.7,valid,Pre-monsoon_WL_1994-2025.pdf,GWRA_2025.pdf,NULL,local_pdf,local_pdf,official_web_fallback,pdf_text,pdf_table,NULL,4930,NULL,NULL,https://cgwb.gov.in
meghalaya,east garo hills,samanda,samanda,Samanda Megapagre,Samanda Megapagre Station,25.58004,90.52681,2013,3,Pre-monsoon,3.47,2025.0,Safe,0.0849275,0.0764346,0.003461,4.53,NULL,NULL,normalized_exact,0.7,valid,Pre-monsoon_WL_1994-2025.pdf,GWRA_2025.pdf,NULL,local_pdf,local_pdf,official_web_fallback,pdf_text,pdf_table,NULL,4930,NULL,NULL,https://cgwb.gov.in
meghalaya,east garo hills,samanda,samanda,Williamnagar,Williamnagar Station,25.51,90.51944,2013,3,Pre-monsoon,1.93,2025.0,Safe,0.0849275,0.0764346,0.003461,4.53,NULL,NULL,normalized_exact,0.7,valid,Pre-monsoon_WL_1994-2025.pdf,GWRA_2025.pdf,NULL,local_pdf,local_pdf,official_web_fallback,pdf_text,pdf_table,NULL,4930,NULL,NULL,https://cgwb.gov.in
meghalaya,east garo hills,songsak,songsak,Dobu,Dobu Station,25.55612,90.71481,2013,3,Pre-monsoon,2.6,2025.0,Safe,0.0849275,0.0764346,0.003461,4.53,NULL,NULL,normalized_exact,0.7,valid,Pre-monsoon_WL_1994-2025.pdf,GWRA_2025.pdf,NULL,local_pdf,local_pdf,official_web_fallback,pdf_text,pdf_table,NULL,4930,NULL,NULL,https://cgwb.gov.in
meghalaya,east garo hills,songsak,songsak,Songsak,Songsak Station,25.66333,90.61028,2013,3,Pre-monsoon,2.65,2025.0,Safe,0.0849275,0.0764346,0.003461,4.53,NULL,NULL,normalized_exact,0.7,valid,Pre-monsoon_WL_1994-2025.pdf,GWRA_2025.pdf,NULL,local_pdf,local_pdf,official_web_fallback,pdf_text,pdf_table,NULL,4930,NULL,NULL,https://cgwb.gov.in
meghalaya,east jaintia hills,khliehriat,khliehriat,Khondoh,Khondoh Station,25.20694,92.35694,2013,3,Pre-monsoon,2.05,2025.0,Safe,0.1679591,0.1511631,0.0023374,1.55,NULL,NULL,normalized_exact,0.7,valid,Pre-monsoon_WL_1994-2025.pdf,GWRA_2025.pdf,NULL,local_pdf,local_pdf,official_web_fallback,pdf_text,pdf_table,NULL,4930,NULL,NULL,https://cgwb.gov.in
meghalaya,west khasi hills,Mairang,Mairang,Mairang,Mairang Station,25.57778,91.64167,2013,3,Pre-monsoon,0.93,2025.0,NULL,0.339654,0.3056885,0.0046341,1.52,NULL,NULL,historical_mapping,0.5,valid,Pre-monsoon_WL_1994-2025.pdf,GWRA_2025.pdf,NULL,local_pdf,local_pdf,official_web_fallback,pdf_text,pdf_table,NULL,4930,NULL,NULL,https://cgwb.gov.in
meghalaya,north garo hills,bajengdoba,bajengdoba,Bajengdoba,Bajengdoba Station,25.88611,90.5125,2013,3,Pre-monsoon,3.3,2025.0,Safe,0.0986029,0.0774368,0.0049870999999999,6.44,NULL,NULL,normalized_exact,0.7,valid,Pre-monsoon_WL_1994-2025.pdf,GWRA_2025.pdf,NULL,local_pdf,local_pdf,official_web_fallback,pdf_text,pdf_table,NULL,4930,NULL,NULL,https://cgwb.gov.in
meghalaya,north garo hills,kharkutta,kharkutta,Depa Sarangma,Depa Sarangma Station,25.86667,90.78333,2013,3,Pre-monsoon,4.01,2025.0,Safe,0.0986029,0.0774368,0.0049870999999999,6.44,NULL,NULL,normalized_exact,0.7,valid,Pre-monsoon_WL_1994-2025.pdf,GWRA_2025.pdf,NULL,local_pdf,local_pdf,official_web_fallback,pdf_text,pdf_table,NULL,4930,NULL,NULL,https://cgwb.gov.in
meghalaya,north garo hills,kharkutta,kharkutta,Kharkutta,Kharkutta Station,25.90556,90.89444,2013,3,Pre-monsoon,3.17,2025.0,Safe,0.0986029,0.0774368,0.0049870999999999,6.44,NULL,NULL,normalized_exact,0.7,valid,Pre-monsoon_WL_1994-2025.pdf,GWRA_2025.pdf,NULL,local_pdf,local_pdf,official_web_fallback,pdf_text,pdf_table,NULL,4930,NULL,NULL,https://cgwb.gov.in
meghalaya,north garo hills,resubelpara,resubelpara,Dainadubi,Dainadubi Station,25.89889,90.7775,2013,3,Pre-monsoon,4.75,2025.0,Safe,0.0986029,0.0774368,0.0049870999999999,6.44,NULL,NULL,normalized_exact,0.7,valid,Pre-monsoon_WL_1994-2025.pdf,GWRA_2025.pdf,NULL,local_pdf,local_pdf,official_web_fallback,pdf_text,pdf_table,NULL,4930,NULL,NULL,https://cgwb.gov.in
meghalaya,north garo hills,resubelpara,resubelpara,Mendal,Mendal Station,25.82472,90.46583,2013,3,Pre-monsoon,2.75,2025.0,Safe,0.0986029,0.0774368,0.0049870999999999,6.44,NULL,NULL,normalized_exact,0.7,valid,Pre-monsoon_WL_1994-2025.pdf,GWRA_2025.pdf,NULL,local_pdf,local_pdf,official_web_fallback,pdf_text,pdf_table,NULL,4930,NULL,NULL,https://cgwb.gov.in
meghalaya,north garo hills,resubelpara,resubelpara,Mendipathar,Mendipathar Station,25.92083,90.50833,2013,3,Pre-monsoon,4.88,2025.0,Safe,0.0986029,0.0774368,0.0049870999999999,6.44,NULL,NULL,normalized_exact,0.7,valid,Pre-monsoon_WL_1994-2025.pdf,GWRA_2025.pdf,NULL,local_pdf,local_pdf,official_web_fallback,pdf_text,pdf_table,NULL,4930,NULL,NULL,https://cgwb.gov.in
meghalaya,ri bhoi,nongpoh,nongpoh,Nongpoh,Nongpoh Station,25.9,91.88333,2013,3,Pre-monsoon,3.01,2025.0,Safe,0.0648369999999999,0.0583534,0.0035481,6.08,NULL,NULL,normalized_exact,0.7,valid,Pre-monsoon_WL_1994-2025.pdf,GWRA_2025.pdf,NULL,local_pdf,local_pdf,official_web_fallback,pdf_text,pdf_table,NULL,4930,NULL,NULL,https://cgwb.gov.in
meghalaya,ri bhoi,umling,umling,Byrnihat,Byrnihat Station,26.04889,91.86889,2013,3,Pre-monsoon,3.2,2025.0,Safe,0.0648369999999999,0.0583534,0.0035481,6.08,NULL,NULL,normalized_exact,0.7,valid,Pre-monsoon_WL_1994-2025.pdf,GWRA_2025.pdf,NULL,local_pdf,local_pdf,official_web_fallback,pdf_text,pdf_table,NULL,4930,NULL,NULL,https://cgwb.gov.in
meghalaya,south garo hills,gasuapara,gasuapara,Dimapara,Dimapara Station,25.22528,90.24417,2013,3,Pre-monsoon,2.64,2025.0,Safe,0.2347366,0.2112628,0.0025698,1.22,NULL,NULL,normalized_exact,0.7,valid,Pre-monsoon_WL_1994-2025.pdf,GWRA_2025.pdf,NULL,local_pdf,local_pdf,official_web_fallback,pdf_text,pdf_table,NULL,4930,NULL,NULL,https://cgwb.gov.in
meghalaya,south garo hills,gasuapara,gasuapara,Dumnikura,Dumnikura Station,25.185,90.38917,2013,3,Pre-monsoon,1.84,2025.0,Safe,0.2347366,0.2112628,0.0025698,1.22,NULL,NULL,normalized_exact,0.7,valid,Pre-monsoon_WL_1994-2025.pdf,GWRA_2025.pdf,NULL,local_pdf,local_pdf,official_web_fallback,pdf_text,pdf_table,NULL,4930,NULL,NULL,https://cgwb.gov.in
meghalaya,south garo hills,gasuapara,gasuapara,Gasuapara,Gasuapara Station,25.19417,90.34889,2013,3,Pre-monsoon,1.95,2025.0,Safe,0.2347366,0.2112628,0.0025698,1.22,NULL,NULL,normalized_exact,0.7,valid,Pre-monsoon_WL_1994-2025.pdf,GWRA_2025.pdf,NULL,local_pdf,local_pdf,official_web_fallback,pdf_text,pdf_table,NULL,4930,NULL,NULL,https://cgwb.gov.in
meghalaya,south garo hills,gasuapara,gasuapara,Jatrakona,Jatrakona Station,25.20167,90.27333,2013,3,Pre-monsoon,2.05,2025.0,Safe,0.2347366,0.2112628,0.0025698,1.22,NULL,NULL,normalized_exact,0.7,valid,Pre-monsoon_WL_1994-2025.pdf,GWRA_2025.pdf,NULL,local_pdf,local_pdf,official_web_fallback,pdf_text,pdf_table,NULL,4930,NULL,NULL,https://cgwb.gov.in
meghalaya,south west garo hills,betasing,betasing,Ampati,Ampati Station,25.5,89.95833,2013,3,Pre-monsoon,3.74,2025.0,Safe,0.079896,0.0387598,0.0076644,19.77,NULL,NULL,normalized_exact,0.7,valid,Pre-monsoon_WL_1994-2025.pdf,GWRA_2025.pdf,NULL,local_pdf,local_pdf,official_web_fallback,pdf_text,pdf_table,NULL,4930,NULL,NULL,https://cgwb.gov.in
meghalaya,south west garo hills,betasing,betasing,Betasing,Betasing Station,25.51339,89.95672,2013,3,Pre-monsoon,5.28,2025.0,Safe,0.079896,0.0387598,0.0076644,19.77,NULL,NULL,normalized_exact,0.7,valid,Pre-monsoon_WL_1994-2025.pdf,GWRA_2025.pdf,NULL,local_pdf,local_pdf,official_web_fallback,pdf_text,pdf_table,NULL,4930,NULL,NULL,https://cgwb.gov.in
meghalaya,south west garo hills,betasing,betasing,Borkona,Borkona Station,25.56556,89.94306,2013,3,Pre-monsoon,2.75,2025.0,Safe,0.079896,0.0387598,0.0076644,19.77,NULL,NULL,normalized_exact,0.7,valid,Pre-monsoon_WL_1994-2025.pdf,GWRA_2025.pdf,NULL,local_pdf,local_pdf,official_web_fallback,pdf_text,pdf_table,NULL,4930,NULL,NULL,https://cgwb.gov.in
meghalaya,south west garo hills,rerapara,rerapara,Garobandha,Garobandha Station,25.58028,90.02222,2013,3,Pre-monsoon,4.21,2025.0,Safe,0.079896,0.0387598,0.0076644,19.77,NULL,NULL,normalized_exact,0.7,valid,Pre-monsoon_WL_1994-2025.pdf,GWRA_2025.pdf,NULL,local_pdf,local_pdf,official_web_fallback,pdf_text,pdf_table,NULL,4930,NULL,NULL,https://cgwb.gov.in
meghalaya,south west garo hills,zikzak,zikzak,Mahendraganj,Mahendraganj Station,25.3,89.85972,2013,3,Pre-monsoon,3.2,2025.0,Safe,0.079896,0.0387598,0.0076644,19.77,NULL,NULL,normalized_exact,0.7,valid,Pre-monsoon_WL_1994-2025.pdf,GWRA_2025.pdf,NULL,local_pdf,local_pdf,official_web_fallback,pdf_text,pdf_table,NULL,4930,NULL,NULL,https://cgwb.gov.in
meghalaya,south west garo hills,zikzak,zikzak,Nogorpara,Nogorpara Station,25.34806,89.84417,2013,3,Pre-monsoon,2.43,2025.0,Safe,0.079896,0.0387598,0.0076644,19.77,NULL,NULL,normalized_exact,0.7,valid,Pre-monsoon_WL_1994-2025.pdf,GWRA_2025.pdf,NULL,local_pdf,local_pdf,official_web_fallback,pdf_text,pdf_table,NULL,4930,NULL,NULL,https://cgwb.gov.in
meghalaya,south west garo hills,zikzak,zikzak,Zikzak,Zikzak Station,25.39111,89.89889,2013,3,Pre-monsoon,4.15,2025.0,Safe,0.079896,0.0387598,0.0076644,19.77,NULL,NULL,normalized_exact,0.7,valid,Pre-monsoon_WL_1994-2025.pdf,GWRA_2025.pdf,NULL,local_pdf,local_pdf,official_web_fallback,pdf_text,pdf_table,NULL,4930,NULL,NULL,https://cgwb.gov.in
meghalaya,west garo hills,batabari,batabari,Rajabala,Rajabala Station,25.75556,89.98083,2013,3,Pre-monsoon,3.96,2025.0,Safe,0.2912522,0.1904695,0.036739,19.29,NULL,NULL,normalized_exact,0.7,valid,Pre-monsoon_WL_1994-2025.pdf,GWRA_2025.pdf,NULL,local_pdf,local_pdf,official_web_fallback,pdf_text,pdf_table,NULL,4930,NULL,NULL,https://cgwb.gov.in
meghalaya,west garo hills,dalu,dalu,Barengapara,Barengapara Station,25.21667,90.23333,2013,3,Pre-monsoon,4.97,2025.0,Safe,0.2912522,0.1904695,0.036739,19.29,NULL,NULL,normalized_exact,0.7,valid,Pre-monsoon_WL_1994-2025.pdf,GWRA_2025.pdf,NULL,local_pdf,local_pdf,official_web_fallback,pdf_text,pdf_table,NULL,4930,NULL,NULL,https://cgwb.gov.in
meghalaya,west garo hills,dalu,dalu,Jarangkhona,Jarangkhona Station,25.29722,90.00917,2013,3,Pre-monsoon,6.2,2025.0,Safe,0.2912522,0.1904695,0.036739,19.29,NULL,NULL,normalized_exact,0.7,valid,Pre-monsoon_WL_1994-2025.pdf,GWRA_2025.pdf,NULL,local_pdf,local_pdf,official_web_fallback,pdf_text,pdf_table,NULL,4930,NULL,NULL,https://cgwb.gov.in
meghalaya,west garo hills,dalu,dalu,Kherapara,Kherapara Station,25.34167,90.225,2013,3,Pre-monsoon,2.86,2025.0,Safe,0.2912522,0.1904695,0.036739,19.29,NULL,NULL,normalized_exact,0.7,valid,Pre-monsoon_WL_1994-2025.pdf,GWRA_2025.pdf,NULL,local_pdf,local_pdf,official_web_fallback,pdf_text,pdf_table,NULL,4930,NULL,NULL,https://cgwb.gov.in
meghalaya,west garo hills,dalu,dalu,Porakhasia,Porakhasia Station,25.3,90.01667,2013,3,Pre-monsoon,4.82,2025.0,Safe,0.2912522,0.1904695,0.036739,19.29,NULL,NULL,normalized_exact,0.7,valid,Pre-monsoon_WL_1994-2025.pdf,GWRA_2025.pdf,NULL,local_pdf,local_pdf,official_web_fallback,pdf_text,pdf_table,NULL,4931,NULL,NULL,https://cgwb.gov.in
meghalaya,west garo hills,demdema,demdema,Nidanpur,Nidanpur Station,25.9125,90.12778,2013,3,Pre-monsoon,2.8,2025.0,Safe,0.2912522,0.1904695,0.036739,19.29,NULL,NULL,normalized_exact,0.7,valid,Pre-monsoon_WL_1994-2025.pdf,GWRA_2025.pdf,NULL,local_pdf,local_pdf,official_web_fallback,pdf_text,pdf_table,NULL,4931,NULL,NULL,https://cgwb.gov.in
meghalaya,west garo hills,rongram,rongram,Asanang,Asanang Station,25.59944,90.27556,2013,3,Pre-monsoon,4.21,2025.0,Safe,0.2912522,0.1904695,0.036739,19.29,NULL,NULL,normalized_exact,0.7,valid,Pre-monsoon_WL_1994-2025.pdf,GWRA_2025.pdf,NULL,local_pdf,local_pdf,official_web_fallback,pdf_text,pdf_table,NULL,4931,NULL,NULL,https://cgwb.gov.in
meghalaya,west garo hills,rongram,rongram,Baljek,Baljek Station,25.66439,90.34159,2013,3,Pre-monsoon,2.8,2025.0,Safe,0.2912522,0.1904695,0.036739,19.29,NULL,NULL,normalized_exact,0.7,valid,Pre-monsoon_WL_1994-2025.pdf,GWRA_2025.pdf,NULL,local_pdf,local_pdf,official_web_fallback,pdf_text,pdf_table,NULL,4931,NULL,NULL,https://cgwb.gov.in
meghalaya,west garo hills,rongram,rongram,Rongram,Rongram Station,25.59408,90.24997,2013,3,Pre-monsoon,3.0,2025.0,Safe,0.2912522,0.1904695,0.036739,19.29,NULL,NULL,normalized_exact,0.7,valid,Pre-monsoon_WL_1994-2025.pdf,GWRA_2025.pdf,NULL,local_pdf,local_pdf,official_web_fallback,pdf_text,pdf_table,NULL,4931,NULL,NULL,https://cgwb.gov.in
meghalaya,west garo hills,salsella,salsella,Phulbari,Phulbari Station,25.88333,90.05,2013,3,Pre-monsoon,4.2,2025.0,Safe,0.2912522,0.1904695,0.036739,19.29,NULL,NULL,normalized_exact,0.7,valid,Pre-monsoon_WL_1994-2025.pdf,GWRA_2025.pdf,NULL,local_pdf,local_pdf,official_web_fallback,pdf_text,pdf_table,NULL,4931,NULL,NULL,https://cgwb.gov.in
meghalaya,west garo hills,tikrikilla,tikrikilla,Belguri,Belguri Station,25.96389,90.34278,2013,3,Pre-monsoon,3.54,2025.0,Safe,0.2912522,0.1904695,0.036739,19.29,NULL,NULL,normalized_exact,0.7,valid,Pre-monsoon_WL_1994-2025.pdf,GWRA_2025.pdf,NULL,local_pdf,local_pdf,official_web_fallback,pdf_text,pdf_table,NULL,4931,NULL,NULL,https://cgwb.gov.in
meghalaya,west garo hills,tikrikilla,tikrikilla,Phutamamri,Phutamamri Station,25.94333,90.22,2013,3,Pre-monsoon,5.0,2025.0,Safe,0.2912522,0.1904695,0.036739,19.29,NULL,NULL,normalized_exact,0.7,valid,Pre-monsoon_WL_1994-2025.pdf,GWRA_2025.pdf,NULL,local_pdf,local_pdf,official_web_fallback,pdf_text,pdf_table,NULL,4931,NULL,NULL,https://cgwb.gov.in
meghalaya,west garo hills,tikrikilla,tikrikilla,Tikrikilla,Tikrikilla Station,25.94583,90.24444,2013,3,Pre-monsoon,8.13,2025.0,Safe,0.2912522,0.1904695,0.036739,19.29,NULL,NULL,normalized_exact,0.7,valid,Pre-monsoon_WL_1994-2025.pdf,GWRA_2025.pdf,NULL,local_pdf,local_pdf,official_web_fallback,pdf_text,pdf_table,NULL,4931,NULL,NULL,https://cgwb.gov.in
meghalaya,west jaintia hills,amlarem,amlarem,Dauki,Dauki Station,25.2,92.03333,2013,3,Pre-monsoon,2.59,2025.0,Safe,0.1116346999999999,0.1004712,0.0061129999999999,6.08,NULL,NULL,normalized_exact,0.7,valid,Pre-monsoon_WL_1994-2025.pdf,GWRA_2025.pdf,NULL,local_pdf,local_pdf,official_web_fallback,pdf_text,pdf_table,NULL,4931,NULL,NULL,https://cgwb.gov.in
meghalaya,west jaintia hills,thadlaskein,thadlaskein,Jowai,Jowai Station,25.44167,92.175,2013,3,Pre-monsoon,0.8,2025.0,Safe,0.1116346999999999,0.1004712,0.0061129999999999,6.08,NULL,NULL,normalized_exact,0.7,valid,Pre-monsoon_WL_1994-2025.pdf,GWRA_2025.pdf,NULL,local_pdf,local_pdf,official_web_fallback,pdf_text,pdf_table,NULL,4931,NULL,NULL,https://cgwb.gov.in
meghalaya,east garo hills,dambo rongjeng,dambo rongjeng,Darugiri,Darugiri Station,25.61917,90.7675,2012,3,Pre-monsoon,3.05,2025.0,Safe,0.0849275,0.0764346,0.003461,4.53,NULL,NULL,normalized_exact,0.7,valid,Pre-monsoon_WL_1994-2025.pdf,GWRA_2025.pdf,NULL,local_pdf,local_pdf,official_web_fallback,pdf_text,pdf_table,NULL,5221,NULL,NULL,https://cgwb.gov.in
meghalaya,east garo hills,dambo rongjeng,dambo rongjeng,Rongjeng,Rongjeng Station,25.66667,90.80417,2012,3,Pre-monsoon,2.97,2025.0,Safe,0.0849275,0.0764346,0.003461,4.53,NULL,NULL,normalized_exact,0.7,valid,Pre-monsoon_WL_1994-2025.pdf,GWRA_2025.pdf,NULL,local_pdf,local_pdf,official_web_fallback,pdf_text,pdf_table,NULL,5221,NULL,NULL,https://cgwb.gov.in
meghalaya,east garo hills,dambo rongjeng,dambo rongjeng,Rongmil,Rongmil Station,25.73611,90.82444,2012,3,Pre-monsoon,3.18,2025.0,Safe,0.0849275,0.0764346,0.003461,4.53,NULL,NULL,normalized_exact,0.7,valid,Pre-monsoon_WL_1994-2025.pdf,GWRA_2025.pdf,NULL,local_pdf,local_pdf,official_web_fallback,pdf_text,pdf_table,NULL,5221,NULL,NULL,https://cgwb.gov.in
meghalaya,east garo hills,samanda,samanda,Williamnagar,Williamnagar Station,25.51,90.51944,2012,3,Pre-monsoon,3.39,2025.0,Safe,0.0849275,0.0764346,0.003461,4.53,NULL,NULL,normalized_exact,0.7,valid,Pre-monsoon_WL_1994-2025.pdf,GWRA_2025.pdf,NULL,local_pdf,local_pdf,official_web_fallback,pdf_text,pdf_table,NULL,5221,NULL,NULL,https://cgwb.gov.in
meghalaya,east khasi hills,mawsynram,mawsynram,Balat,Balat Station,25.20556,91.4,2012,3,Pre-monsoon,8.17,2025.0,Safe,0.2181741,0.1963567,0.006982,3.56,NULL,NULL,normalized_exact,0.7,valid,Pre-monsoon_WL_1994-2025.pdf,GWRA_2025.pdf,NULL,local_pdf,local_pdf,official_web_fallback,pdf_text,pdf_table,NULL,5221,NULL,NULL,https://cgwb.gov.in
meghalaya,east khasi hills,mylliem,mylliem,Mawngap,Mawngap Station,25.47639,91.76944,2012,3,Pre-monsoon,2.94,2025.0,Safe,0.2181741,0.1963567,0.006982,3.56,NULL,NULL,normalized_exact,0.7,valid,Pre-monsoon_WL_1994-2025.pdf,GWRA_2025.pdf,NULL,local_pdf,local_pdf,official_web_fallback,pdf_text,pdf_table,NULL,5221,NULL,NULL,https://cgwb.gov.in
meghalaya,west khasi hills,Mairang,Mairang,Mairang,Mairang Station,25.57778,91.64167,2012,3,Pre-monsoon,1.16,2025.0,NULL,0.339654,0.3056885,0.0046341,1.52,NULL,NULL,historical_mapping,0.5,valid,Pre-monsoon_WL_1994-2025.pdf,GWRA_2025.pdf,NULL,local_pdf,local_pdf,official_web_fallback,pdf_text,pdf_table,NULL,5221,NULL,NULL,https://cgwb.gov.in
meghalaya,north garo hills,bajengdoba,bajengdoba,Bajengdoba,Bajengdoba Station,25.88611,90.5125,2012,3,Pre-monsoon,2.81,2025.0,Safe,0.0986029,0.0774368,0.0049870999999999,6.44,NULL,NULL,normalized_exact,0.7,valid,Pre-monsoon_WL_1994-2025.pdf,GWRA_2025.pdf,NULL,local_pdf,local_pdf,official_web_fallback,pdf_text,pdf_table,NULL,5221,NULL,NULL,https://cgwb.gov.in
meghalaya,north garo hills,kharkutta,kharkutta,Depa Sarangma,Depa Sarangma Station,25.86667,90.78333,2012,3,Pre-monsoon,3.92,2025.0,Safe,0.0986029,0.0774368,0.0049870999999999,6.44,NULL,NULL,normalized_exact,0.7,valid,Pre-monsoon_WL_1994-2025.pdf,GWRA_2025.pdf,NULL,local_pdf,local_pdf,official_web_fallback,pdf_text,pdf_table,NULL,5222,NULL,NULL,https://cgwb.gov.in
meghalaya,north garo hills,kharkutta,kharkutta,Kharkutta,Kharkutta Station,25.90556,90.89444,2012,3,Pre-monsoon,2.97,2025.0,Safe,0.0986029,0.0774368,0.0049870999999999,6.44,NULL,NULL,normalized_exact,0.7,valid,Pre-monsoon_WL_1994-2025.pdf,GWRA_2025.pdf,NULL,local_pdf,local_pdf,official_web_fallback,pdf_text,pdf_table,NULL,5222,NULL,NULL,https://cgwb.gov.in
meghalaya,north garo hills,resubelpara,resubelpara,Mendal,Mendal Station,25.82472,90.46583,2012,3,Pre-monsoon,2.21,2025.0,Safe,0.0986029,0.0774368,0.0049870999999999,6.44,NULL,NULL,normalized_exact,0.7,valid,Pre-monsoon_WL_1994-2025.pdf,GWRA_2025.pdf,NULL,local_pdf,local_pdf,official_web_fallback,pdf_text,pdf_table,NULL,5222,NULL,NULL,https://cgwb.gov.in
meghalaya,north garo hills,resubelpara,resubelpara,Mendipathar,Mendipathar Station,25.92083,90.50833,2012,3,Pre-monsoon,3.76,2025.0,Safe,0.0986029,0.0774368,0.0049870999999999,6.44,NULL,NULL,normalized_exact,0.7,valid,Pre-monsoon_WL_1994-2025.pdf,GWRA_2025.pdf,NULL,local_pdf,local_pdf,official_web_fallback,pdf_text,pdf_table,NULL,5222,NULL,NULL,https://cgwb.gov.in
meghalaya,ri bhoi,nongpoh,nongpoh,Nongpoh,Nongpoh Station,25.9,91.88333,2012,3,Pre-monsoon,5.14,2025.0,Safe,0.0648369999999999,0.0583534,0.0035481,6.08,NULL,NULL,normalized_exact,0.7,valid,Pre-monsoon_WL_1994-2025.pdf,GWRA_2025.pdf,NULL,local_pdf,local_pdf,official_web_fallback,pdf_text,pdf_table,NULL,5222,NULL,NULL,https://cgwb.gov.in
meghalaya,ri bhoi,umling,umling,Byrnihat,Byrnihat Station,26.04889,91.86889,2012,3,Pre-monsoon,2.95,2025.0,Safe,0.0648369999999999,0.0583534,0.0035481,6.08,NULL,NULL,normalized_exact,0.7,valid,Pre-monsoon_WL_1994-2025.pdf,GWRA_2025.pdf,NULL,local_pdf,local_pdf,official_web_fallback,pdf_text,pdf_table,NULL,5222,NULL,NULL,https://cgwb.gov.in
meghalaya,south west garo hills,betasing,betasing,Ampati,Ampati Station,25.5,89.95833,2012,3,Pre-monsoon,3.32,2025.0,Safe,0.079896,0.0387598,0.0076644,19.77,NULL,NULL,normalized_exact,0.7,valid,Pre-monsoon_WL_1994-2025.pdf,GWRA_2025.pdf,NULL,local_pdf,local_pdf,official_web_fallback,pdf_text,pdf_table,NULL,5222,NULL,NULL,https://cgwb.gov.in
meghalaya,south west garo hills,betasing,betasing,Borkona,Borkona Station,25.56556,89.94306,2012,3,Pre-monsoon,2.36,2025.0,Safe,0.079896,0.0387598,0.0076644,19.77,NULL,NULL,normalized_exact,0.7,valid,Pre-monsoon_WL_1994-2025.pdf,GWRA_2025.pdf,NULL,local_pdf,local_pdf,official_web_fallback,pdf_text,pdf_table,NULL,5222,NULL,NULL,https://cgwb.gov.in
meghalaya,south west garo hills,rerapara,rerapara,Garobandha,Garobandha Station,25.58028,90.02222,2012,3,Pre-monsoon,3.31,2025.0,Safe,0.079896,0.0387598,0.0076644,19.77,NULL,NULL,normalized_exact,0.7,valid,Pre-monsoon_WL_1994-2025.pdf,GWRA_2025.pdf,NULL,local_pdf,local_pdf,official_web_fallback,pdf_text,pdf_table,NULL,5222,NULL,NULL,https://cgwb.gov.in
meghalaya,south west garo hills,zikzak,zikzak,Mahendraganj,Mahendraganj Station,25.30556,89.85417,2012,3,Pre-monsoon,2.46,2025.0,Safe,0.079896,0.0387598,0.0076644,19.77,NULL,NULL,normalized_exact,0.7,valid,Pre-monsoon_WL_1994-2025.pdf,GWRA_2025.pdf,NULL,local_pdf,local_pdf,official_web_fallback,pdf_text,pdf_table,NULL,5222,NULL,NULL,https://cgwb.gov.in
meghalaya,west garo hills,dalu,dalu,Barengapara,Barengapara Station,25.21667,90.23333,2012,3,Pre-monsoon,4.71,2025.0,Safe,0.2912522,0.1904695,0.036739,19.29,NULL,NULL,normalized_exact,0.7,valid,Pre-monsoon_WL_1994-2025.pdf,GWRA_2025.pdf,NULL,local_pdf,local_pdf,official_web_fallback,pdf_text,pdf_table,NULL,5222,NULL,NULL,https://cgwb.gov.in
meghalaya,west garo hills,dalu,dalu,Kherapara,Kherapara Station,25.34167,90.225,2012,3,Pre-monsoon,2.7,2025.0,Safe,0.2912522,0.1904695,0.036739,19.29,NULL,NULL,normalized_exact,0.7,valid,Pre-monsoon_WL_1994-2025.pdf,GWRA_2025.pdf,NULL,local_pdf,local_pdf,official_web_fallback,pdf_text,pdf_table,NULL,5222,NULL,NULL,https://cgwb.gov.in
meghalaya,west garo hills,dalu,dalu,Porakhasia,Porakhasia Station,25.3,90.01667,2012,3,Pre-monsoon,4.84,2025.0,Safe,0.2912522,0.1904695,0.036739,19.29,NULL,NULL,normalized_exact,0.7,valid,Pre-monsoon_WL_1994-2025.pdf,GWRA_2025.pdf,NULL,local_pdf,local_pdf,official_web_fallback,pdf_text,pdf_table,NULL,5222,NULL,NULL,https://cgwb.gov.in
meghalaya,west garo hills,demdema,demdema,Nidanpur,Nidanpur Station,25.9125,90.12778,2012,3,Pre-monsoon,2.32,2025.0,Safe,0.2912522,0.1904695,0.036739,19.29,NULL,NULL,normalized_exact,0.7,valid,Pre-monsoon_WL_1994-2025.pdf,GWRA_2025.pdf,NULL,local_pdf,local_pdf,official_web_fallback,pdf_text,pdf_table,NULL,5222,NULL,NULL,https://cgwb.gov.in
meghalaya,west garo hills,rongram,rongram,Asanang,Asanang Station,25.59944,90.27556,2012,3,Pre-monsoon,3.83,2025.0,Safe,0.2912522,0.1904695,0.036739,19.29,NULL,NULL,normalized_exact,0.7,valid,Pre-monsoon_WL_1994-2025.pdf,GWRA_2025.pdf,NULL,local_pdf,local_pdf,official_web_fallback,pdf_text,pdf_table,NULL,5222,NULL,NULL,https://cgwb.gov.in
meghalaya,west garo hills,salsella,salsella,Phulbari,Phulbari Station,25.88333,90.05,2012,3,Pre-monsoon,3.91,2025.0,Safe,0.2912522,0.1904695,0.036739,19.29,NULL,NULL,normalized_exact,0.7,valid,Pre-monsoon_WL_1994-2025.pdf,GWRA_2025.pdf,NULL,local_pdf,local_pdf,official_web_fallback,pdf_text,pdf_table,NULL,5222,NULL,NULL,https://cgwb.gov.in
meghalaya,west garo hills,tikrikilla,tikrikilla,Tikrikilla,Tikrikilla Station,25.94583,90.24444,2012,3,Pre-monsoon,7.64,2025.0,Safe,0.2912522,0.1904695,0.036739,19.29,NULL,NULL,normalized_exact,0.7,valid,Pre-monsoon_WL_1994-2025.pdf,GWRA_2025.pdf,NULL,local_pdf,local_pdf,official_web_fallback,pdf_text,pdf_table,NULL,5222,NULL,NULL,https://cgwb.gov.in
meghalaya,west jaintia hills,amlarem,amlarem,Dauki,Dauki Station,25.2,92.03333,2012,3,Pre-monsoon,2.63,2025.0,Safe,0.1116346999999999,0.1004712,0.0061129999999999,6.08,NULL,NULL,normalized_exact,0.7,valid,Pre-monsoon_WL_1994-2025.pdf,GWRA_2025.pdf,NULL,local_pdf,local_pdf,official_web_fallback,pdf_text,pdf_table,NULL,5222,NULL,NULL,https://cgwb.gov.in
meghalaya,west jaintia hills,thadlaskein,thadlaskein,Jowai,Jowai Station,25.44167,92.175,2012,3,Pre-monsoon,0.77,2025.0,Safe,0.1116346999999999,0.1004712,0.0061129999999999,6.08,NULL,NULL,normalized_exact,0.7,valid,Pre-monsoon_WL_1994-2025.pdf,GWRA_2025.pdf,NULL,local_pdf,local_pdf,official_web_fallback,pdf_text,pdf_table,NULL,5222,NULL,NULL,https://cgwb.gov.in
meghalaya,east garo hills,dambo rongjeng,dambo rongjeng,Darugiri,Darugiri Station,25.61917,90.7675,2011,3,Pre-monsoon,3.12,2025.0,Safe,0.0849275,0.0764346,0.003461,4.53,NULL,NULL,normalized_exact,0.7,valid,Pre-monsoon_WL_1994-2025.pdf,GWRA_2025.pdf,NULL,local_pdf,local_pdf,official_web_fallback,pdf_text,pdf_table,NULL,5489,NULL,NULL,https://cgwb.gov.in
meghalaya,east garo hills,dambo rongjeng,dambo rongjeng,Rongjeng,Rongjeng Station,25.66667,90.80417,2011,3,Pre-monsoon,2.4,2025.0,Safe,0.0849275,0.0764346,0.003461,4.53,NULL,NULL,normalized_exact,0.7,valid,Pre-monsoon_WL_1994-2025.pdf,GWRA_2025.pdf,NULL,local_pdf,local_pdf,official_web_fallback,pdf_text,pdf_table,NULL,5489,NULL,NULL,https://cgwb.gov.in
meghalaya,east garo hills,dambo rongjeng,dambo rongjeng,Rongmil,Rongmil Station,25.73611,90.82444,2011,3,Pre-monsoon,2.54,2025.0,Safe,0.0849275,0.0764346,0.003461,4.53,NULL,NULL,normalized_exact,0.7,valid,Pre-monsoon_WL_1994-2025.pdf,GWRA_2025.pdf,NULL,local_pdf,local_pdf,official_web_fallback,pdf_text,pdf_table,NULL,5489,NULL,NULL,https://cgwb.gov.in
meghalaya,east garo hills,samanda,samanda,Williamnagar,Williamnagar Station,25.51,90.51944,2011,3,Pre-monsoon,2.19,2025.0,Safe,0.0849275,0.0764346,0.003461,4.53,NULL,NULL,normalized_exact,0.7,valid,Pre-monsoon_WL_1994-2025.pdf,GWRA_2025.pdf,NULL,local_pdf,local_pdf,official_web_fallback,pdf_text,pdf_table,NULL,5489,NULL,NULL,https://cgwb.gov.in
meghalaya,east khasi hills,mawsynram,mawsynram,Balat,Balat Station,25.20556,91.4,2011,3,Pre-monsoon,7.59,2025.0,Safe,0.2181741,0.1963567,0.006982,3.56,NULL,NULL,normalized_exact,0.7,valid,Pre-monsoon_WL_1994-2025.pdf,GWRA_2025.pdf,NULL,local_pdf,local_pdf,official_web_fallback,pdf_text,pdf_table,NULL,5489,NULL,NULL,https://cgwb.gov.in
meghalaya,east khasi hills,mylliem,mylliem,Mawngap,Mawngap Station,25.47639,91.76944,2011,3,Pre-monsoon,2.49,2025.0,Safe,0.2181741,0.1963567,0.006982,3.56,NULL,NULL,normalized_exact,0.7,valid,Pre-monsoon_WL_1994-2025.pdf,GWRA_2025.pdf,NULL,local_pdf,local_pdf,official_web_fallback,pdf_text,pdf_table,NULL,5489,NULL,NULL,https://cgwb.gov.in
meghalaya,east khasi hills,mylliem,mylliem,Shillong Polo,Shillong Polo Station,25.58333,91.88333,2011,3,Pre-monsoon,3.38,2025.0,Safe,0.2181741,0.1963567,0.006982,3.56,NULL,NULL,normalized_exact,0.7,valid,Pre-monsoon_WL_1994-2025.pdf,GWRA_2025.pdf,NULL,local_pdf,local_pdf,official_web_fallback,pdf_text,pdf_table,NULL,5489,NULL,NULL,https://cgwb.gov.in
meghalaya,east khasi hills,shella bholaganj,shella bholaganj,Cherrapunji,Cherrapunji Station,25.28333,91.71667,2011,3,Pre-monsoon,1.6,2025.0,Safe,0.2181741,0.1963567,0.006982,3.56,NULL,NULL,normalized_exact,0.7,valid,Pre-monsoon_WL_1994-2025.pdf,GWRA_2025.pdf,NULL,local_pdf,local_pdf,official_web_fallback,pdf_text,pdf_table,NULL,5489,NULL,NULL,https://cgwb.gov.in
meghalaya,west khasi hills,Mairang,Mairang,Mairang,Mairang Station,25.57778,91.64167,2011,3,Pre-monsoon,1.03,2025.0,NULL,0.339654,0.3056885,0.0046341,1.52,NULL,NULL,historical_mapping,0.5,valid,Pre-monsoon_WL_1994-2025.pdf,GWRA_2025.pdf,NULL,local_pdf,local_pdf,official_web_fallback,pdf_text,pdf_table,NULL,5489,NULL,NULL,https://cgwb.gov.in
meghalaya,north garo hills,kharkutta,kharkutta,Depa Sarangma,Depa Sarangma Station,25.86667,90.78333,2011,3,Pre-monsoon,3.77,2025.0,Safe,0.0986029,0.0774368,0.0049870999999999,6.44,NULL,NULL,normalized_exact,0.7,valid,Pre-monsoon_WL_1994-2025.pdf,GWRA_2025.pdf,NULL,local_pdf,local_pdf,official_web_fallback,pdf_text,pdf_table,NULL,5489,NULL,NULL,https://cgwb.gov.in
meghalaya,north garo hills,kharkutta,kharkutta,Kharkutta,Kharkutta Station,25.90556,90.89444,2011,3,Pre-monsoon,3.05,2025.0,Safe,0.0986029,0.0774368,0.0049870999999999,6.44,NULL,NULL,normalized_exact,0.7,valid,Pre-monsoon_WL_1994-2025.pdf,GWRA_2025.pdf,NULL,local_pdf,local_pdf,official_web_fallback,pdf_text,pdf_table,NULL,5489,NULL,NULL,https://cgwb.gov.in
meghalaya,north garo hills,resubelpara,resubelpara,Mendal,Mendal Station,25.82472,90.46583,2011,3,Pre-monsoon,2.29,2025.0,Safe,0.0986029,0.0774368,0.0049870999999999,6.44,NULL,NULL,normalized_exact,0.7,valid,Pre-monsoon_WL_1994-2025.pdf,GWRA_2025.pdf,NULL,local_pdf,local_pdf,official_web_fallback,pdf_text,pdf_table,NULL,5490,NULL,NULL,https://cgwb.gov.in
meghalaya,north garo hills,resubelpara,resubelpara,Mendipathar,Mendipathar Station,25.92083,90.50833,2011,3,Pre-monsoon,2.89,2025.0,Safe,0.0986029,0.0774368,0.0049870999999999,6.44,NULL,NULL,normalized_exact,0.7,valid,Pre-monsoon_WL_1994-2025.pdf,GWRA_2025.pdf,NULL,local_pdf,local_pdf,official_web_fallback,pdf_text,pdf_table,NULL,5490,NULL,NULL,https://cgwb.gov.in
meghalaya,ri bhoi,nongpoh,nongpoh,Nongpoh,Nongpoh Station,25.9,91.88333,2011,3,Pre-monsoon,3.63,2025.0,Safe,0.0648369999999999,0.0583534,0.0035481,6.08,NULL,NULL,normalized_exact,0.7,valid,Pre-monsoon_WL_1994-2025.pdf,GWRA_2025.pdf,NULL,local_pdf,local_pdf,official_web_fallback,pdf_text,pdf_table,NULL,5490,NULL,NULL,https://cgwb.gov.in
meghalaya,south west garo hills,betasing,betasing,Ampati,Ampati Station,25.5,89.95833,2011,3,Pre-monsoon,3.01,2025.0,Safe,0.079896,0.0387598,0.0076644,19.77,NULL,NULL,normalized_exact,0.7,valid,Pre-monsoon_WL_1994-2025.pdf,GWRA_2025.pdf,NULL,local_pdf,local_pdf,official_web_fallback,pdf_text,pdf_table,NULL,5490,NULL,NULL,https://cgwb.gov.in
meghalaya,south west garo hills,betasing,betasing,Borkona,Borkona Station,25.56556,89.94306,2011,3,Pre-monsoon,1.99,2025.0,Safe,0.079896,0.0387598,0.0076644,19.77,NULL,NULL,normalized_exact,0.7,valid,Pre-monsoon_WL_1994-2025.pdf,GWRA_2025.pdf,NULL,local_pdf,local_pdf,official_web_fallback,pdf_text,pdf_table,NULL,5490,NULL,NULL,https://cgwb.gov.in
meghalaya,south west garo hills,rerapara,rerapara,Garobandha,Garobandha Station,25.58028,90.02222,2011,3,Pre-monsoon,4.06,2025.0,Safe,0.079896,0.0387598,0.0076644,19.77,NULL,NULL,normalized_exact,0.7,valid,Pre-monsoon_WL_1994-2025.pdf,GWRA_2025.pdf,NULL,local_pdf,local_pdf,official_web_fallback,pdf_text,pdf_table,NULL,5490,NULL,NULL,https://cgwb.gov.in
meghalaya,south west garo hills,zikzak,zikzak,Mahendraganj,Mahendraganj Station,25.3,89.85972,2011,3,Pre-monsoon,2.39,2025.0,Safe,0.079896,0.0387598,0.0076644,19.77,NULL,NULL,normalized_exact,0.7,valid,Pre-monsoon_WL_1994-2025.pdf,GWRA_2025.pdf,NULL,local_pdf,local_pdf,official_web_fallback,pdf_text,pdf_table,NULL,5490,NULL,NULL,https://cgwb.gov.in
meghalaya,west garo hills,dalu,dalu,Barengapara,Barengapara Station,25.21667,90.23333,2011,3,Pre-monsoon,4.83,2025.0,Safe,0.2912522,0.1904695,0.036739,19.29,NULL,NULL,normalized_exact,0.7,valid,Pre-monsoon_WL_1994-2025.pdf,GWRA_2025.pdf,NULL,local_pdf,local_pdf,official_web_fallback,pdf_text,pdf_table,NULL,5490,NULL,NULL,https://cgwb.gov.in
meghalaya,west garo hills,dalu,dalu,Kherapara,Kherapara Station,25.34167,90.225,2011,3,Pre-monsoon,2.62,2025.0,Safe,0.2912522,0.1904695,0.036739,19.29,NULL,NULL,normalized_exact,0.7,valid,Pre-monsoon_WL_1994-2025.pdf,GWRA_2025.pdf,NULL,local_pdf,local_pdf,official_web_fallback,pdf_text,pdf_table,NULL,5490,NULL,NULL,https://cgwb.gov.in
meghalaya,west garo hills,dalu,dalu,Porakhasia,Porakhasia Station,25.3,90.01667,2011,3,Pre-monsoon,4.16,2025.0,Safe,0.2912522,0.1904695,0.036739,19.29,NULL,NULL,normalized_exact,0.7,valid,Pre-monsoon_WL_1994-2025.pdf,GWRA_2025.pdf,NULL,local_pdf,local_pdf,official_web_fallback,pdf_text,pdf_table,NULL,5490,NULL,NULL,https://cgwb.gov.in
meghalaya,west garo hills,demdema,demdema,Nidanpur,Nidanpur Station,25.9125,90.12778,2011,3,Pre-monsoon,1.21,2025.0,Safe,0.2912522,0.1904695,0.036739,19.29,NULL,NULL,normalized_exact,0.7,valid,Pre-monsoon_WL_1994-2025.pdf,GWRA_2025.pdf,NULL,local_pdf,local_pdf,official_web_fallback,pdf_text,pdf_table,NULL,5490,NULL,NULL,https://cgwb.gov.in
meghalaya,west garo hills,rongram,rongram,Asanang,Asanang Station,25.59944,90.27556,2011,3,Pre-monsoon,3.72,2025.0,Safe,0.2912522,0.1904695,0.036739,19.29,NULL,NULL,normalized_exact,0.7,valid,Pre-monsoon_WL_1994-2025.pdf,GWRA_2025.pdf,NULL,local_pdf,local_pdf,official_web_fallback,pdf_text,pdf_table,NULL,5490,NULL,NULL,https://cgwb.gov.in
meghalaya,west garo hills,salsella,salsella,Phulbari,Phulbari Station,25.88333,90.05,2011,3,Pre-monsoon,3.26,2025.0,Safe,0.2912522,0.1904695,0.036739,19.29,NULL,NULL,normalized_exact,0.7,valid,Pre-monsoon_WL_1994-2025.pdf,GWRA_2025.pdf,NULL,local_pdf,local_pdf,official_web_fallback,pdf_text,pdf_table,NULL,5490,NULL,NULL,https://cgwb.gov.in
meghalaya,west garo hills,tikrikilla,tikrikilla,Tikrikilla,Tikrikilla Station,25.94583,90.24444,2011,3,Pre-monsoon,8.09,2025.0,Safe,0.2912522,0.1904695,0.036739,19.29,NULL,NULL,normalized_exact,0.7,valid,Pre-monsoon_WL_1994-2025.pdf,GWRA_2025.pdf,NULL,local_pdf,local_pdf,official_web_fallback,pdf_text,pdf_table,NULL,5490,NULL,NULL,https://cgwb.gov.in
meghalaya,west jaintia hills,amlarem,amlarem,Dauki,Dauki Station,25.2,92.03333,2011,3,Pre-monsoon,3.36,2025.0,Safe,0.1116346999999999,0.1004712,0.0061129999999999,6.08,NULL,NULL,normalized_exact,0.7,valid,Pre-monsoon_WL_1994-2025.pdf,GWRA_2025.pdf,NULL,local_pdf,local_pdf,official_web_fallback,pdf_text,pdf_table,NULL,5490,NULL,NULL,https://cgwb.gov.in
meghalaya,east garo hills,dambo rongjeng,dambo rongjeng,Darugiri,Darugiri Station,25.61917,90.7675,2010,3,Pre-monsoon,1.72,2025.0,Safe,0.0849275,0.0764346,0.003461,4.53,NULL,NULL,normalized_exact,0.7,valid,Pre-monsoon_WL_1994-2025.pdf,GWRA_2025.pdf,NULL,local_pdf,local_pdf,official_web_fallback,pdf_text,pdf_table,NULL,5763,NULL,NULL,https://cgwb.gov.in
meghalaya,east garo hills,dambo rongjeng,dambo rongjeng,Rongjeng,Rongjeng Station,25.66667,90.80417,2010,3,Pre-monsoon,1.72,2025.0,Safe,0.0849275,0.0764346,0.003461,4.53,NULL,NULL,normalized_exact,0.7,valid,Pre-monsoon_WL_1994-2025.pdf,GWRA_2025.pdf,NULL,local_pdf,local_pdf,official_web_fallback,pdf_text,pdf_table,NULL,5763,NULL,NULL,https://cgwb.gov.in
meghalaya,east garo hills,dambo rongjeng,dambo rongjeng,Rongmil,Rongmil Station,25.73611,90.82444,2010,3,Pre-monsoon,2.39,2025.0,Safe,0.0849275,0.0764346,0.003461,4.53,NULL,NULL,normalized_exact,0.7,valid,Pre-monsoon_WL_1994-2025.pdf,GWRA_2025.pdf,NULL,local_pdf,local_pdf,official_web_fallback,pdf_text,pdf_table,NULL,5763,NULL,NULL,https://cgwb.gov.in
meghalaya,east garo hills,samanda,samanda,Williamnagar,Williamnagar Station,25.51,90.51944,2010,3,Pre-monsoon,2.42,2025.0,Safe,0.0849275,0.0764346,0.003461,4.53,NULL,NULL,normalized_exact,0.7,valid,Pre-monsoon_WL_1994-2025.pdf,GWRA_2025.pdf,NULL,local_pdf,local_pdf,official_web_fallback,pdf_text,pdf_table,NULL,5763,NULL,NULL,https://cgwb.gov.in
meghalaya,east khasi hills,mawsynram,mawsynram,Balat,Balat Station,25.20556,91.4,2010,3,Pre-monsoon,6.8,2025.0,Safe,0.2181741,0.1963567,0.006982,3.56,NULL,NULL,normalized_exact,0.7,valid,Pre-monsoon_WL_1994-2025.pdf,GWRA_2025.pdf,NULL,local_pdf,local_pdf,official_web_fallback,pdf_text,pdf_table,NULL,5763,NULL,NULL,https://cgwb.gov.in
meghalaya,east khasi hills,mylliem,mylliem,Mawngap,Mawngap Station,25.47639,91.76944,2010,3,Pre-monsoon,3.02,2025.0,Safe,0.2181741,0.1963567,0.006982,3.56,NULL,NULL,normalized_exact,0.7,valid,Pre-monsoon_WL_1994-2025.pdf,GWRA_2025.pdf,NULL,local_pdf,local_pdf,official_web_fallback,pdf_text,pdf_table,NULL,5763,NULL,NULL,https://cgwb.gov.in
meghalaya,east khasi hills,mylliem,mylliem,Shillong Polo,Shillong Polo Station,25.58333,91.88333,2010,3,Pre-monsoon,0.7,2025.0,Safe,0.2181741,0.1963567,0.006982,3.56,NULL,NULL,normalized_exact,0.7,valid,Pre-monsoon_WL_1994-2025.pdf,GWRA_2025.pdf,NULL,local_pdf,local_pdf,official_web_fallback,pdf_text,pdf_table,NULL,5763,NULL,NULL,https://cgwb.gov.in
meghalaya,west khasi hills,Mairang,Mairang,Mairang,Mairang Station,25.57778,91.64167,2010,3,Pre-monsoon,1.3,2025.0,NULL,0.339654,0.3056885,0.0046341,1.52,NULL,NULL,historical_mapping,0.5,valid,Pre-monsoon_WL_1994-2025.pdf,GWRA_2025.pdf,NULL,local_pdf,local_pdf,official_web_fallback,pdf_text,pdf_table,NULL,5763,NULL,NULL,https://cgwb.gov.in
meghalaya,north garo hills,bajengdoba,bajengdoba,Bajengdoba,Bajengdoba Station,25.88611,90.5125,2010,3,Pre-monsoon,1.01,2025.0,Safe,0.0986029,0.0774368,0.0049870999999999,6.44,NULL,NULL,normalized_exact,0.7,valid,Pre-monsoon_WL_1994-2025.pdf,GWRA_2025.pdf,NULL,local_pdf,local_pdf,official_web_fallback,pdf_text,pdf_table,NULL,5763,NULL,NULL,https://cgwb.gov.in
meghalaya,north garo hills,kharkutta,kharkutta,Depa Sarangma,Depa Sarangma Station,25.86667,90.78333,2010,3,Pre-monsoon,2.66,2025.0,Safe,0.0986029,0.0774368,0.0049870999999999,6.44,NULL,NULL,normalized_exact,0.7,valid,Pre-monsoon_WL_1994-2025.pdf,GWRA_2025.pdf,NULL,local_pdf,local_pdf,official_web_fallback,pdf_text,pdf_table,NULL,5763,NULL,NULL,https://cgwb.gov.in
meghalaya,north garo hills,kharkutta,kharkutta,Kharkutta,Kharkutta Station,25.90556,90.89444,2010,3,Pre-monsoon,3.9,2025.0,Safe,0.0986029,0.0774368,0.0049870999999999,6.44,NULL,NULL,normalized_exact,0.7,valid,Pre-monsoon_WL_1994-2025.pdf,GWRA_2025.pdf,NULL,local_pdf,local_pdf,official_web_fallback,pdf_text,pdf_table,NULL,5763,NULL,NULL,https://cgwb.gov.in
meghalaya,north garo hills,resubelpara,resubelpara,Mendal,Mendal Station,25.82472,90.46583,2010,3,Pre-monsoon,2.13,2025.0,Safe,0.0986029,0.0774368,0.0049870999999999,6.44,NULL,NULL,normalized_exact,0.7,valid,Pre-monsoon_WL_1994-2025.pdf,GWRA_2025.pdf,NULL,local_pdf,local_pdf,official_web_fallback,pdf_text,pdf_table,NULL,5763,NULL,NULL,https://cgwb.gov.in
meghalaya,north garo hills,resubelpara,resubelpara,Mendipathar,Mendipathar Station,25.92083,90.50833,2010,3,Pre-monsoon,2.78,2025.0,Safe,0.0986029,0.0774368,0.0049870999999999,6.44,NULL,NULL,normalized_exact,0.7,valid,Pre-monsoon_WL_1994-2025.pdf,GWRA_2025.pdf,NULL,local_pdf,local_pdf,official_web_fallback,pdf_text,pdf_table,NULL,5763,NULL,NULL,https://cgwb.gov.in
meghalaya,ri bhoi,nongpoh,nongpoh,Nongpoh,Nongpoh Station,25.9,91.88333,2010,3,Pre-monsoon,4.07,2025.0,Safe,0.0648369999999999,0.0583534,0.0035481,6.08,NULL,NULL,normalized_exact,0.7,valid,Pre-monsoon_WL_1994-2025.pdf,GWRA_2025.pdf,NULL,local_pdf,local_pdf,official_web_fallback,pdf_text,pdf_table,NULL,5763,NULL,NULL,https://cgwb.gov.in
meghalaya,ri bhoi,umling,umling,Jorabat,Jorabat Station,25.9,91.88333,2010,3,Pre-monsoon,6.43,2025.0,Safe,0.0648369999999999,0.0583534,0.0035481,6.08,NULL,NULL,normalized_exact,0.7,valid,Pre-monsoon_WL_1994-2025.pdf,GWRA_2025.pdf,NULL,local_pdf,local_pdf,official_web_fallback,pdf_text,pdf_table,NULL,5763,NULL,NULL,https://cgwb.gov.in
meghalaya,south garo hills,gasuapara,gasuapara,Sibbari,Sibbari Station,25.175,90.525,2010,3,Pre-monsoon,5.48,2025.0,Safe,0.2347366,0.2112628,0.0025698,1.22,NULL,NULL,normalized_exact,0.7,valid,Pre-monsoon_WL_1994-2025.pdf,GWRA_2025.pdf,NULL,local_pdf,local_pdf,official_web_fallback,pdf_text,pdf_table,NULL,5763,NULL,NULL,https://cgwb.gov.in
meghalaya,south west garo hills,betasing,betasing,Ampati,Ampati Station,25.5,89.95833,2010,3,Pre-monsoon,2.53,2025.0,Safe,0.079896,0.0387598,0.0076644,19.77,NULL,NULL,normalized_exact,0.7,valid,Pre-monsoon_WL_1994-2025.pdf,GWRA_2025.pdf,NULL,local_pdf,local_pdf,official_web_fallback,pdf_text,pdf_table,NULL,5763,NULL,NULL,https://cgwb.gov.in
meghalaya,south west garo hills,betasing,betasing,Borkona,Borkona Station,25.56556,89.94306,2010,3,Pre-monsoon,1.78,2025.0,Safe,0.079896,0.0387598,0.0076644,19.77,NULL,NULL,normalized_exact,0.7,valid,Pre-monsoon_WL_1994-2025.pdf,GWRA_2025.pdf,NULL,local_pdf,local_pdf,official_web_fallback,pdf_text,pdf_table,NULL,5763,NULL,NULL,https://cgwb.gov.in
meghalaya,south west garo hills,rerapara,rerapara,Garobandha,Garobandha Station,25.58028,90.02222,2010,3,Pre-monsoon,5.33,2025.0,Safe,0.079896,0.0387598,0.0076644,19.77,NULL,NULL,normalized_exact,0.7,valid,Pre-monsoon_WL_1994-2025.pdf,GWRA_2025.pdf,NULL,local_pdf,local_pdf,official_web_fallback,pdf_text,pdf_table,NULL,5763,NULL,NULL,https://cgwb.gov.in
meghalaya,south west garo hills,zikzak,zikzak,Mahendraganj,Mahendraganj Station,25.3,89.85972,2010,3,Pre-monsoon,2.41,2025.0,Safe,0.079896,0.0387598,0.0076644,19.77,NULL,NULL,normalized_exact,0.7,valid,Pre-monsoon_WL_1994-2025.pdf,GWRA_2025.pdf,NULL,local_pdf,local_pdf,official_web_fallback,pdf_text,pdf_table,NULL,5763,NULL,NULL,https://cgwb.gov.in
meghalaya,south west garo hills,zikzak,zikzak,Zikzak,Zikzak Station,25.39111,89.89889,2010,3,Pre-monsoon,0.01,2025.0,Safe,0.079896,0.0387598,0.0076644,19.77,NULL,NULL,normalized_exact,0.7,valid,Pre-monsoon_WL_1994-2025.pdf,GWRA_2025.pdf,NULL,local_pdf,local_pdf,official_web_fallback,pdf_text,pdf_table,NULL,5763,NULL,NULL,https://cgwb.gov.in
meghalaya,west garo hills,dalu,dalu,Barengapara,Barengapara Station,25.21667,90.23333,2010,3,Pre-monsoon,5.53,2025.0,Safe,0.2912522,0.1904695,0.036739,19.29,NULL,NULL,normalized_exact,0.7,valid,Pre-monsoon_WL_1994-2025.pdf,GWRA_2025.pdf,NULL,local_pdf,local_pdf,official_web_fallback,pdf_text,pdf_table,NULL,5763,NULL,NULL,https://cgwb.gov.in
meghalaya,west garo hills,dalu,dalu,Kherapara,Kherapara Station,25.34167,90.225,2010,3,Pre-monsoon,3.03,2025.0,Safe,0.2912522,0.1904695,0.036739,19.29,NULL,NULL,normalized_exact,0.7,valid,Pre-monsoon_WL_1994-2025.pdf,GWRA_2025.pdf,NULL,local_pdf,local_pdf,official_web_fallback,pdf_text,pdf_table,NULL,5763,NULL,NULL,https://cgwb.gov.in
meghalaya,west garo hills,dalu,dalu,Porakhasia,Porakhasia Station,25.3,90.01667,2010,3,Pre-monsoon,4.21,2025.0,Safe,0.2912522,0.1904695,0.036739,19.29,NULL,NULL,normalized_exact,0.7,valid,Pre-monsoon_WL_1994-2025.pdf,GWRA_2025.pdf,NULL,local_pdf,local_pdf,official_web_fallback,pdf_text,pdf_table,NULL,5763,NULL,NULL,https://cgwb.gov.in
meghalaya,west garo hills,demdema,demdema,Nidanpur,Nidanpur Station,25.9125,90.12778,2010,3,Pre-monsoon,1.87,2025.0,Safe,0.2912522,0.1904695,0.036739,19.29,NULL,NULL,normalized_exact,0.7,valid,Pre-monsoon_WL_1994-2025.pdf,GWRA_2025.pdf,NULL,local_pdf,local_pdf,official_web_fallback,pdf_text,pdf_table,NULL,5763,NULL,NULL,https://cgwb.gov.in
meghalaya,west garo hills,rongram,rongram,Asanang,Asanang Station,25.59944,90.27556,2010,3,Pre-monsoon,3.76,2025.0,Safe,0.2912522,0.1904695,0.036739,19.29,NULL,NULL,normalized_exact,0.7,valid,Pre-monsoon_WL_1994-2025.pdf,GWRA_2025.pdf,NULL,local_pdf,local_pdf,official_web_fallback,pdf_text,pdf_table,NULL,5763,NULL,NULL,https://cgwb.gov.in
meghalaya,west garo hills,salsella,salsella,Phulbari,Phulbari Station,25.88333,90.05,2010,3,Pre-monsoon,2.54,2025.0,Safe,0.2912522,0.1904695,0.036739,19.29,NULL,NULL,normalized_exact,0.7,valid,Pre-monsoon_WL_1994-2025.pdf,GWRA_2025.pdf,NULL,local_pdf,local_pdf,official_web_fallback,pdf_text,pdf_table,NULL,5763,NULL,NULL,https://cgwb.gov.in
meghalaya,west garo hills,tikrikilla,tikrikilla,Tikrikilla,Tikrikilla Station,25.94583,90.24444,2010,3,Pre-monsoon,7.37,2025.0,Safe,0.2912522,0.1904695,0.036739,19.29,NULL,NULL,normalized_exact,0.7,valid,Pre-monsoon_WL_1994-2025.pdf,GWRA_2025.pdf,NULL,local_pdf,local_pdf,official_web_fallback,pdf_text,pdf_table,NULL,5764,NULL,NULL,https://cgwb.gov.in
meghalaya,west jaintia hills,amlarem,amlarem,Dauki,Dauki Station,25.2,92.03333,2010,3,Pre-monsoon,0.25,2025.0,Safe,0.1116346999999999,0.1004712,0.0061129999999999,6.08,NULL,NULL,normalized_exact,0.7,valid,Pre-monsoon_WL_1994-2025.pdf,GWRA_2025.pdf,NULL,local_pdf,local_pdf,official_web_fallback,pdf_text,pdf_table,NULL,5764,NULL,NULL,https://cgwb.gov.in
meghalaya,west jaintia hills,thadlaskein,thadlaskein,Jowai,Jowai Station,25.44167,92.175,2010,3,Pre-monsoon,0.84,2025.0,Safe,0.1116346999999999,0.1004712,0.0061129999999999,6.08,NULL,NULL,normalized_exact,0.7,valid,Pre-monsoon_WL_1994-2025.pdf,GWRA_2025.pdf,NULL,local_pdf,local_pdf,official_web_fallback,pdf_text,pdf_table,NULL,5764,NULL,NULL,https://cgwb.gov.in
meghalaya,east garo hills,dambo rongjeng,dambo rongjeng,Darugiri,Darugiri Station,25.61917,90.7675,2009,3,Pre-monsoon,4.06,2025.0,Safe,0.0849275,0.0764346,0.003461,4.53,NULL,NULL,normalized_exact,0.7,valid,Pre-monsoon_WL_1994-2025.pdf,GWRA_2025.pdf,NULL,local_pdf,local_pdf,official_web_fallback,pdf_text,pdf_table,NULL,6025,NULL,NULL,https://cgwb.gov.in
meghalaya,east garo hills,dambo rongjeng,dambo rongjeng,Rongjeng,Rongjeng Station,25.66667,90.80417,2009,3,Pre-monsoon,2.89,2025.0,Safe,0.0849275,0.0764346,0.003461,4.53,NULL,NULL,normalized_exact,0.7,valid,Pre-monsoon_WL_1994-2025.pdf,GWRA_2025.pdf,NULL,local_pdf,local_pdf,official_web_fallback,pdf_text,pdf_table,NULL,6025,NULL,NULL,https://cgwb.gov.in
meghalaya,east garo hills,dambo rongjeng,dambo rongjeng,Rongmil,Rongmil Station,25.73611,90.82444,2009,3,Pre-monsoon,1.95,2025.0,Safe,0.0849275,0.0764346,0.003461,4.53,NULL,NULL,normalized_exact,0.7,valid,Pre-monsoon_WL_1994-2025.pdf,GWRA_2025.pdf,NULL,local_pdf,local_pdf,official_web_fallback,pdf_text,pdf_table,NULL,6025,NULL,NULL,https://cgwb.gov.in
meghalaya,east garo hills,samanda,samanda,Williamnagar,Williamnagar Station,25.51,90.51944,2009,3,Pre-monsoon,1.8,2025.0,Safe,0.0849275,0.0764346,0.003461,4.53,NULL,NULL,normalized_exact,0.7,valid,Pre-monsoon_WL_1994-2025.pdf,GWRA_2025.pdf,NULL,local_pdf,local_pdf,official_web_fallback,pdf_text,pdf_table,NULL,6025,NULL,NULL,https://cgwb.gov.in
meghalaya,east khasi hills,mawsynram,mawsynram,Balat,Balat Station,25.20556,91.4,2009,3,Pre-monsoon,6.34,2025.0,Safe,0.2181741,0.1963567,0.006982,3.56,NULL,NULL,normalized_exact,0.7,valid,Pre-monsoon_WL_1994-2025.pdf,GWRA_2025.pdf,NULL,local_pdf,local_pdf,official_web_fallback,pdf_text,pdf_table,NULL,6025,NULL,NULL,https://cgwb.gov.in
meghalaya,east khasi hills,mylliem,mylliem,Mawngap,Mawngap Station,25.47639,91.76944,2009,3,Pre-monsoon,1.76,2025.0,Safe,0.2181741,0.1963567,0.006982,3.56,NULL,NULL,normalized_exact,0.7,valid,Pre-monsoon_WL_1994-2025.pdf,GWRA_2025.pdf,NULL,local_pdf,local_pdf,official_web_fallback,pdf_text,pdf_table,NULL,6025,NULL,NULL,https://cgwb.gov.in
meghalaya,east khasi hills,mylliem,mylliem,Shillong Polo,Shillong Polo Station,25.58333,91.88333,2009,3,Pre-monsoon,0.85,2025.0,Safe,0.2181741,0.1963567,0.006982,3.56,NULL,NULL,normalized_exact,0.7,valid,Pre-monsoon_WL_1994-2025.pdf,GWRA_2025.pdf,NULL,local_pdf,local_pdf,official_web_fallback,pdf_text,pdf_table,NULL,6025,NULL,NULL,https://cgwb.gov.in
meghalaya,east khasi hills,shella bholaganj,shella bholaganj,Cherrapunji,Cherrapunji Station,25.28333,91.71667,2009,3,Pre-monsoon,2.0,2025.0,Safe,0.2181741,0.1963567,0.006982,3.56,NULL,NULL,normalized_exact,0.7,valid,Pre-monsoon_WL_1994-2025.pdf,GWRA_2025.pdf,NULL,local_pdf,local_pdf,official_web_fallback,pdf_text,pdf_table,NULL,6025,NULL,NULL,https://cgwb.gov.in
meghalaya,west khasi hills,Mairang,Mairang,Mairang,Mairang Station,25.57778,91.64167,2009,3,Pre-monsoon,1.65,2025.0,NULL,0.339654,0.3056885,0.0046341,1.52,NULL,NULL,historical_mapping,0.5,valid,Pre-monsoon_WL_1994-2025.pdf,GWRA_2025.pdf,NULL,local_pdf,local_pdf,official_web_fallback,pdf_text,pdf_table,NULL,6025,NULL,NULL,https://cgwb.gov.in
meghalaya,north garo hills,bajengdoba,bajengdoba,Bajengdoba,Bajengdoba Station,25.88611,90.5125,2009,3,Pre-monsoon,0.8,2025.0,Safe,0.0986029,0.0774368,0.0049870999999999,6.44,NULL,NULL,normalized_exact,0.7,valid,Pre-monsoon_WL_1994-2025.pdf,GWRA_2025.pdf,NULL,local_pdf,local_pdf,official_web_fallback,pdf_text,pdf_table,NULL,6025,NULL,NULL,https://cgwb.gov.in
meghalaya,north garo hills,kharkutta,kharkutta,Depa Sarangma,Depa Sarangma Station,25.86667,90.78333,2009,3,Pre-monsoon,3.33,2025.0,Safe,0.0986029,0.0774368,0.0049870999999999,6.44,NULL,NULL,normalized_exact,0.7,valid,Pre-monsoon_WL_1994-2025.pdf,GWRA_2025.pdf,NULL,local_pdf,local_pdf,official_web_fallback,pdf_text,pdf_table,NULL,6025,NULL,NULL,https://cgwb.gov.in
meghalaya,north garo hills,kharkutta,kharkutta,Kharkutta,Kharkutta Station,25.90556,90.89444,2009,3,Pre-monsoon,3.71,2025.0,Safe,0.0986029,0.0774368,0.0049870999999999,6.44,NULL,NULL,normalized_exact,0.7,valid,Pre-monsoon_WL_1994-2025.pdf,GWRA_2025.pdf,NULL,local_pdf,local_pdf,official_web_fallback,pdf_text,pdf_table,NULL,6025,NULL,NULL,https://cgwb.gov.in
meghalaya,north garo hills,resubelpara,resubelpara,Mendal,Mendal Station,25.82472,90.46583,2009,3,Pre-monsoon,2.66,2025.0,Safe,0.0986029,0.0774368,0.0049870999999999,6.44,NULL,NULL,normalized_exact,0.7,valid,Pre-monsoon_WL_1994-2025.pdf,GWRA_2025.pdf,NULL,local_pdf,local_pdf,official_web_fallback,pdf_text,pdf_table,NULL,6025,NULL,NULL,https://cgwb.gov.in
meghalaya,north garo hills,resubelpara,resubelpara,Mendipathar,Mendipathar Station,25.92083,90.50833,2009,3,Pre-monsoon,3.51,2025.0,Safe,0.0986029,0.0774368,0.0049870999999999,6.44,NULL,NULL,normalized_exact,0.7,valid,Pre-monsoon_WL_1994-2025.pdf,GWRA_2025.pdf,NULL,local_pdf,local_pdf,official_web_fallback,pdf_text,pdf_table,NULL,6026,NULL,NULL,https://cgwb.gov.in
meghalaya,ri bhoi,nongpoh,nongpoh,Nongpoh,Nongpoh Station,25.9,91.88333,2009,3,Pre-monsoon,3.85,2025.0,Safe,0.0648369999999999,0.0583534,0.0035481,6.08,NULL,NULL,normalized_exact,0.7,valid,Pre-monsoon_WL_1994-2025.pdf,GWRA_2025.pdf,NULL,local_pdf,local_pdf,official_web_fallback,pdf_text,pdf_table,NULL,6026,NULL,NULL,https://cgwb.gov.in
meghalaya,ri bhoi,umling,umling,Jorabat,Jorabat Station,25.9,91.88333,2009,3,Pre-monsoon,6.05,2025.0,Safe,0.0648369999999999,0.0583534,0.0035481,6.08,NULL,NULL,normalized_exact,0.7,valid,Pre-monsoon_WL_1994-2025.pdf,GWRA_2025.pdf,NULL,local_pdf,local_pdf,official_web_fallback,pdf_text,pdf_table,NULL,6026,NULL,NULL,https://cgwb.gov.in
meghalaya,south west garo hills,betasing,betasing,Ampati,Ampati Station,25.5,89.95833,2009,3,Pre-monsoon,4.45,2025.0,Safe,0.079896,0.0387598,0.0076644,19.77,NULL,NULL,normalized_exact,0.7,valid,Pre-monsoon_WL_1994-2025.pdf,GWRA_2025.pdf,NULL,local_pdf,local_pdf,official_web_fallback,pdf_text,pdf_table,NULL,6026,NULL,NULL,https://cgwb.gov.in
meghalaya,south west garo hills,betasing,betasing,Borkona,Borkona Station,25.56556,89.94306,2009,3,Pre-monsoon,2.43,2025.0,Safe,0.079896,0.0387598,0.0076644,19.77,NULL,NULL,normalized_exact,0.7,valid,Pre-monsoon_WL_1994-2025.pdf,GWRA_2025.pdf,NULL,local_pdf,local_pdf,official_web_fallback,pdf_text,pdf_table,NULL,6026,NULL,NULL,https://cgwb.gov.in
meghalaya,south west garo hills,zikzak,zikzak,Mahendraganj,Mahendraganj Station,25.3,89.85972,2009,3,Pre-monsoon,2.78,2025.0,Safe,0.079896,0.0387598,0.0076644,19.77,NULL,NULL,normalized_exact,0.7,valid,Pre-monsoon_WL_1994-2025.pdf,GWRA_2025.pdf,NULL,local_pdf,local_pdf,official_web_fallback,pdf_text,pdf_table,NULL,6026,NULL,NULL,https://cgwb.gov.in
meghalaya,west garo hills,dalu,dalu,Barengapara,Barengapara Station,25.21667,90.23333,2009,3,Pre-monsoon,5.79,2025.0,Safe,0.2912522,0.1904695,0.036739,19.29,NULL,NULL,normalized_exact,0.7,valid,Pre-monsoon_WL_1994-2025.pdf,GWRA_2025.pdf,NULL,local_pdf,local_pdf,official_web_fallback,pdf_text,pdf_table,NULL,6026,NULL,NULL,https://cgwb.gov.in
meghalaya,west garo hills,dalu,dalu,Kherapara,Kherapara Station,25.34167,90.225,2009,3,Pre-monsoon,2.85,2025.0,Safe,0.2912522,0.1904695,0.036739,19.29,NULL,NULL,normalized_exact,0.7,valid,Pre-monsoon_WL_1994-2025.pdf,GWRA_2025.pdf,NULL,local_pdf,local_pdf,official_web_fallback,pdf_text,pdf_table,NULL,6026,NULL,NULL,https://cgwb.gov.in
meghalaya,west garo hills,dalu,dalu,Porakhasia,Porakhasia Station,25.3,90.01667,2009,3,Pre-monsoon,4.09,2025.0,Safe,0.2912522,0.1904695,0.036739,19.29,NULL,NULL,normalized_exact,0.7,valid,Pre-monsoon_WL_1994-2025.pdf,GWRA_2025.pdf,NULL,local_pdf,local_pdf,official_web_fallback,pdf_text,pdf_table,NULL,6026,NULL,NULL,https://cgwb.gov.in
meghalaya,west garo hills,demdema,demdema,Nidanpur,Nidanpur Station,25.9125,90.12778,2009,3,Pre-monsoon,2.05,2025.0,Safe,0.2912522,0.1904695,0.036739,19.29,NULL,NULL,normalized_exact,0.7,valid,Pre-monsoon_WL_1994-2025.pdf,GWRA_2025.pdf,NULL,local_pdf,local_pdf,official_web_fallback,pdf_text,pdf_table,NULL,6026,NULL,NULL,https://cgwb.gov.in
meghalaya,west garo hills,rongram,rongram,Asanang,Asanang Station,25.59944,90.27556,2009,3,Pre-monsoon,3.82,2025.0,Safe,0.2912522,0.1904695,0.036739,19.29,NULL,NULL,normalized_exact,0.7,valid,Pre-monsoon_WL_1994-2025.pdf,GWRA_2025.pdf,NULL,local_pdf,local_pdf,official_web_fallback,pdf_text,pdf_table,NULL,6026,NULL,NULL,https://cgwb.gov.in
meghalaya,west garo hills,salsella,salsella,Phulbari,Phulbari Station,25.88333,90.05,2009,3,Pre-monsoon,3.4,2025.0,Safe,0.2912522,0.1904695,0.036739,19.29,NULL,NULL,normalized_exact,0.7,valid,Pre-monsoon_WL_1994-2025.pdf,GWRA_2025.pdf,NULL,local_pdf,local_pdf,official_web_fallback,pdf_text,pdf_table,NULL,6026,NULL,NULL,https://cgwb.gov.in
meghalaya,west garo hills,tikrikilla,tikrikilla,Tikrikilla,Tikrikilla Station,25.94583,90.24444,2009,3,Pre-monsoon,8.06,2025.0,Safe,0.2912522,0.1904695,0.036739,19.29,NULL,NULL,normalized_exact,0.7,valid,Pre-monsoon_WL_1994-2025.pdf,GWRA_2025.pdf,NULL,local_pdf,local_pdf,official_web_fallback,pdf_text,pdf_table,NULL,6026,NULL,NULL,https://cgwb.gov.in
meghalaya,west jaintia hills,amlarem,amlarem,Dauki,Dauki Station,25.2,92.03333,2009,3,Pre-monsoon,2.51,2025.0,Safe,0.1116346999999999,0.1004712,0.0061129999999999,6.08,NULL,NULL,normalized_exact,0.7,valid,Pre-monsoon_WL_1994-2025.pdf,GWRA_2025.pdf,NULL,local_pdf,local_pdf,official_web_fallback,pdf_text,pdf_table,NULL,6026,NULL,NULL,https://cgwb.gov.in
meghalaya,east garo hills,dambo rongjeng,dambo rongjeng,Darugiri,Darugiri Station,25.61917,90.7675,2008,3,Pre-monsoon,3.47,2025.0,Safe,0.0849275,0.0764346,0.003461,4.53,NULL,NULL,normalized_exact,0.7,valid,Pre-monsoon_WL_1994-2025.pdf,GWRA_2025.pdf,NULL,local_pdf,local_pdf,official_web_fallback,pdf_text,pdf_table,NULL,6312,NULL,NULL,https://cgwb.gov.in
meghalaya,east garo hills,dambo rongjeng,dambo rongjeng,Rongjeng,Rongjeng Station,25.66667,90.80417,2008,3,Pre-monsoon,4.9,2025.0,Safe,0.0849275,0.0764346,0.003461,4.53,NULL,NULL,normalized_exact,0.7,valid,Pre-monsoon_WL_1994-2025.pdf,GWRA_2025.pdf,NULL,local_pdf,local_pdf,official_web_fallback,pdf_text,pdf_table,NULL,6312,NULL,NULL,https://cgwb.gov.in
meghalaya,east garo hills,dambo rongjeng,dambo rongjeng,Rongmil,Rongmil Station,25.73611,90.82444,2008,3,Pre-monsoon,1.7,2025.0,Safe,0.0849275,0.0764346,0.003461,4.53,NULL,NULL,normalized_exact,0.7,valid,Pre-monsoon_WL_1994-2025.pdf,GWRA_2025.pdf,NULL,local_pdf,local_pdf,official_web_fallback,pdf_text,pdf_table,NULL,6312,NULL,NULL,https://cgwb.gov.in
meghalaya,east garo hills,samanda,samanda,Williamnagar,Williamnagar Station,25.51,90.51944,2008,3,Pre-monsoon,1.99,2025.0,Safe,0.0849275,0.0764346,0.003461,4.53,NULL,NULL,normalized_exact,0.7,valid,Pre-monsoon_WL_1994-2025.pdf,GWRA_2025.pdf,NULL,local_pdf,local_pdf,official_web_fallback,pdf_text,pdf_table,NULL,6312,NULL,NULL,https://cgwb.gov.in
meghalaya,east khasi hills,mawsynram,mawsynram,Balat,Balat Station,25.20556,91.4,2008,3,Pre-monsoon,5.82,2025.0,Safe,0.2181741,0.1963567,0.006982,3.56,NULL,NULL,normalized_exact,0.7,valid,Pre-monsoon_WL_1994-2025.pdf,GWRA_2025.pdf,NULL,local_pdf,local_pdf,official_web_fallback,pdf_text,pdf_table,NULL,6312,NULL,NULL,https://cgwb.gov.in
meghalaya,east khasi hills,mylliem,mylliem,Shillong Polo,Shillong Polo Station,25.58333,91.88333,2008,3,Pre-monsoon,0.47,2025.0,Safe,0.2181741,0.1963567,0.006982,3.56,NULL,NULL,normalized_exact,0.7,valid,Pre-monsoon_WL_1994-2025.pdf,GWRA_2025.pdf,NULL,local_pdf,local_pdf,official_web_fallback,pdf_text,pdf_table,NULL,6312,NULL,NULL,https://cgwb.gov.in
meghalaya,east khasi hills,shella bholaganj,shella bholaganj,Cherrapunji,Cherrapunji Station,25.28333,91.71667,2008,3,Pre-monsoon,0.28,2025.0,Safe,0.2181741,0.1963567,0.006982,3.56,NULL,NULL,normalized_exact,0.7,valid,Pre-monsoon_WL_1994-2025.pdf,GWRA_2025.pdf,NULL,local_pdf,local_pdf,official_web_fallback,pdf_text,pdf_table,NULL,6312,NULL,NULL,https://cgwb.gov.in
meghalaya,west khasi hills,Mairang,Mairang,Mairang,Mairang Station,25.57778,91.64167,2008,3,Pre-monsoon,0.92,2025.0,NULL,0.339654,0.3056885,0.0046341,1.52,NULL,NULL,historical_mapping,0.5,valid,Pre-monsoon_WL_1994-2025.pdf,GWRA_2025.pdf,NULL,local_pdf,local_pdf,official_web_fallback,pdf_text,pdf_table,NULL,6312,NULL,NULL,https://cgwb.gov.in
meghalaya,north garo hills,bajengdoba,bajengdoba,Bajengdoba,Bajengdoba Station,25.88611,90.5125,2008,3,Pre-monsoon,0.51,2025.0,Safe,0.0986029,0.0774368,0.0049870999999999,6.44,NULL,NULL,normalized_exact,0.7,valid,Pre-monsoon_WL_1994-2025.pdf,GWRA_2025.pdf,NULL,local_pdf,local_pdf,official_web_fallback,pdf_text,pdf_table,NULL,6312,NULL,NULL,https://cgwb.gov.in
meghalaya,north garo hills,kharkutta,kharkutta,Depa Sarangma,Depa Sarangma Station,25.86667,90.78333,2008,3,Pre-monsoon,2.98,2025.0,Safe,0.0986029,0.0774368,0.0049870999999999,6.44,NULL,NULL,normalized_exact,0.7,valid,Pre-monsoon_WL_1994-2025.pdf,GWRA_2025.pdf,NULL,local_pdf,local_pdf,official_web_fallback,pdf_text,pdf_table,NULL,6312,NULL,NULL,https://cgwb.gov.in
meghalaya,north garo hills,kharkutta,kharkutta,Kharkutta,Kharkutta Station,25.90556,90.89444,2008,3,Pre-monsoon,3.73,2025.0,Safe,0.0986029,0.0774368,0.0049870999999999,6.44,NULL,NULL,normalized_exact,0.7,valid,Pre-monsoon_WL_1994-2025.pdf,GWRA_2025.pdf,NULL,local_pdf,local_pdf,official_web_fallback,pdf_text,pdf_table,NULL,6312,NULL,NULL,https://cgwb.gov.in
meghalaya,north garo hills,resubelpara,resubelpara,Mendal,Mendal Station,25.82472,90.46583,2008,3,Pre-monsoon,2.72,2025.0,Safe,0.0986029,0.0774368,0.0049870999999999,6.44,NULL,NULL,normalized_exact,0.7,valid,Pre-monsoon_WL_1994-2025.pdf,GWRA_2025.pdf,NULL,local_pdf,local_pdf,official_web_fallback,pdf_text,pdf_table,NULL,6312,NULL,NULL,https://cgwb.gov.in
meghalaya,north garo hills,resubelpara,resubelpara,Mendipathar,Mendipathar Station,25.92083,90.50833,2008,3,Pre-monsoon,3.2,2025.0,Safe,0.0986029,0.0774368,0.0049870999999999,6.44,NULL,NULL,normalized_exact,0.7,valid,Pre-monsoon_WL_1994-2025.pdf,GWRA_2025.pdf,NULL,local_pdf,local_pdf,official_web_fallback,pdf_text,pdf_table,NULL,6312,NULL,NULL,https://cgwb.gov.in
meghalaya,ri bhoi,nongpoh,nongpoh,Nongpoh,Nongpoh Station,25.9,91.88333,2008,3,Pre-monsoon,3.39,2025.0,Safe,0.0648369999999999,0.0583534,0.0035481,6.08,NULL,NULL,normalized_exact,0.7,valid,Pre-monsoon_WL_1994-2025.pdf,GWRA_2025.pdf,NULL,local_pdf,local_pdf,official_web_fallback,pdf_text,pdf_table,NULL,6312,NULL,NULL,https://cgwb.gov.in
meghalaya,ri bhoi,umling,umling,Jorabat,Jorabat Station,25.9,91.88333,2008,3,Pre-monsoon,5.42,2025.0,Safe,0.0648369999999999,0.0583534,0.0035481,6.08,NULL,NULL,normalized_exact,0.7,valid,Pre-monsoon_WL_1994-2025.pdf,GWRA_2025.pdf,NULL,local_pdf,local_pdf,official_web_fallback,pdf_text,pdf_table,NULL,6312,NULL,NULL,https://cgwb.gov.in
meghalaya,south west garo hills,betasing,betasing,Ampati,Ampati Station,25.5,89.95833,2008,3,Pre-monsoon,3.5,2025.0,Safe,0.079896,0.0387598,0.0076644,19.77,NULL,NULL,normalized_exact,0.7,valid,Pre-monsoon_WL_1994-2025.pdf,GWRA_2025.pdf,NULL,local_pdf,local_pdf,official_web_fallback,pdf_text,pdf_table,NULL,6312,NULL,NULL,https://cgwb.gov.in
meghalaya,south west garo hills,betasing,betasing,Borkona,Borkona Station,25.56556,89.94306,2008,3,Pre-monsoon,1.21,2025.0,Safe,0.079896,0.0387598,0.0076644,19.77,NULL,NULL,normalized_exact,0.7,valid,Pre-monsoon_WL_1994-2025.pdf,GWRA_2025.pdf,NULL,local_pdf,local_pdf,official_web_fallback,pdf_text,pdf_table,NULL,6312,NULL,NULL,https://cgwb.gov.in
meghalaya,south west garo hills,rerapara,rerapara,Garobandha,Garobandha Station,25.58028,90.02222,2008,3,Pre-monsoon,4.91,2025.0,Safe,0.079896,0.0387598,0.0076644,19.77,NULL,NULL,normalized_exact,0.7,valid,Pre-monsoon_WL_1994-2025.pdf,GWRA_2025.pdf,NULL,local_pdf,local_pdf,official_web_fallback,pdf_text,pdf_table,NULL,6312,NULL,NULL,https://cgwb.gov.in
meghalaya,south west garo hills,zikzak,zikzak,Mahendraganj,Mahendraganj Station,25.3,89.85972,2008,3,Pre-monsoon,2.49,2025.0,Safe,0.079896,0.0387598,0.0076644,19.77,NULL,NULL,normalized_exact,0.7,valid,Pre-monsoon_WL_1994-2025.pdf,GWRA_2025.pdf,NULL,local_pdf,local_pdf,official_web_fallback,pdf_text,pdf_table,NULL,6312,NULL,NULL,https://cgwb.gov.in
meghalaya,west garo hills,dalu,dalu,Barengapara,Barengapara Station,25.21667,90.23333,2008,3,Pre-monsoon,5.32,2025.0,Safe,0.2912522,0.1904695,0.036739,19.29,NULL,NULL,normalized_exact,0.7,valid,Pre-monsoon_WL_1994-2025.pdf,GWRA_2025.pdf,NULL,local_pdf,local_pdf,official_web_fallback,pdf_text,pdf_table,NULL,6313,NULL,NULL,https://cgwb.gov.in
meghalaya,west garo hills,dalu,dalu,Kherapara,Kherapara Station,25.34167,90.225,2008,3,Pre-monsoon,2.23,2025.0,Safe,0.2912522,0.1904695,0.036739,19.29,NULL,NULL,normalized_exact,0.7,valid,Pre-monsoon_WL_1994-2025.pdf,GWRA_2025.pdf,NULL,local_pdf,local_pdf,official_web_fallback,pdf_text,pdf_table,NULL,6313,NULL,NULL,https://cgwb.gov.in
meghalaya,west garo hills,dalu,dalu,Porakhasia,Porakhasia Station,25.3,90.01667,2008,3,Pre-monsoon,3.48,2025.0,Safe,0.2912522,0.1904695,0.036739,19.29,NULL,NULL,normalized_exact,0.7,valid,Pre-monsoon_WL_1994-2025.pdf,GWRA_2025.pdf,NULL,local_pdf,local_pdf,official_web_fallback,pdf_text,pdf_table,NULL,6313,NULL,NULL,https://cgwb.gov.in
meghalaya,west garo hills,demdema,demdema,Nidanpur,Nidanpur Station,25.9125,90.12778,2008,3,Pre-monsoon,0.72,2025.0,Safe,0.2912522,0.1904695,0.036739,19.29,NULL,NULL,normalized_exact,0.7,valid,Pre-monsoon_WL_1994-2025.pdf,GWRA_2025.pdf,NULL,local_pdf,local_pdf,official_web_fallback,pdf_text,pdf_table,NULL,6313,NULL,NULL,https://cgwb.gov.in
meghalaya,west garo hills,rongram,rongram,Asanang,Asanang Station,25.59944,90.27556,2008,3,Pre-monsoon,3.41,2025.0,Safe,0.2912522,0.1904695,0.036739,19.29,NULL,NULL,normalized_exact,0.7,valid,Pre-monsoon_WL_1994-2025.pdf,GWRA_2025.pdf,NULL,local_pdf,local_pdf,official_web_fallback,pdf_text,pdf_table,NULL,6313,NULL,NULL,https://cgwb.gov.in
meghalaya,west garo hills,salsella,salsella,Phulbari,Phulbari Station,25.88333,90.05,2008,3,Pre-monsoon,2.73,2025.0,Safe,0.2912522,0.1904695,0.036739,19.29,NULL,NULL,normalized_exact,0.7,valid,Pre-monsoon_WL_1994-2025.pdf,GWRA_2025.pdf,NULL,local_pdf,local_pdf,official_web_fallback,pdf_text,pdf_table,NULL,6313,NULL,NULL,https://cgwb.gov.in
meghalaya,west garo hills,tikrikilla,tikrikilla,Tikrikilla,Tikrikilla Station,25.94583,90.24444,2008,3,Pre-monsoon,7.63,2025.0,Safe,0.2912522,0.1904695,0.036739,19.29,NULL,NULL,normalized_exact,0.7,valid,Pre-monsoon_WL_1994-2025.pdf,GWRA_2025.pdf,NULL,local_pdf,local_pdf,official_web_fallback,pdf_text,pdf_table,NULL,6313,NULL,NULL,https://cgwb.gov.in
meghalaya,west jaintia hills,amlarem,amlarem,Dauki,Dauki Station,25.2,92.03333,2008,3,Pre-monsoon,1.74,2025.0,Safe,0.1116346999999999,0.1004712,0.0061129999999999,6.08,NULL,NULL,normalized_exact,0.7,valid,Pre-monsoon_WL_1994-2025.pdf,GWRA_2025.pdf,NULL,local_pdf,local_pdf,official_web_fallback,pdf_text,pdf_table,NULL,6313,NULL,NULL,https://cgwb.gov.in
meghalaya,west jaintia hills,thadlaskein,thadlaskein,Jowai,Jowai Station,25.44167,92.175,2008,3,Pre-monsoon,2.03,2025.0,Safe,0.1116346999999999,0.1004712,0.0061129999999999,6.08,NULL,NULL,normalized_exact,0.7,valid,Pre-monsoon_WL_1994-2025.pdf,GWRA_2025.pdf,NULL,local_pdf,local_pdf,official_web_fallback,pdf_text,pdf_table,NULL,6313,NULL,NULL,https://cgwb.gov.in
meghalaya,east garo hills,dambo rongjeng,dambo rongjeng,Darugiri,Darugiri Station,25.61917,90.7675,2002,4,Pre-monsoon,2.07,2025.0,Safe,0.0849275,0.0764346,0.003461,4.53,NULL,NULL,normalized_exact,0.7,valid,Pre-monsoon_WL_1994-2025.pdf,GWRA_2025.pdf,NULL,local_pdf,local_pdf,official_web_fallback,pdf_text,pdf_table,NULL,7922,NULL,NULL,https://cgwb.gov.in
meghalaya,east garo hills,dambo rongjeng,dambo rongjeng,Rongjeng,Rongjeng Station,25.66667,90.80417,2002,4,Pre-monsoon,1.71,2025.0,Safe,0.0849275,0.0764346,0.003461,4.53,NULL,NULL,normalized_exact,0.7,valid,Pre-monsoon_WL_1994-2025.pdf,GWRA_2025.pdf,NULL,local_pdf,local_pdf,official_web_fallback,pdf_text,pdf_table,NULL,7922,NULL,NULL,https://cgwb.gov.in
meghalaya,east garo hills,dambo rongjeng,dambo rongjeng,Rongmil,Rongmil Station,25.73611,90.82444,2002,4,Pre-monsoon,1.43,2025.0,Safe,0.0849275,0.0764346,0.003461,4.53,NULL,NULL,normalized_exact,0.7,valid,Pre-monsoon_WL_1994-2025.pdf,GWRA_2025.pdf,NULL,local_pdf,local_pdf,official_web_fallback,pdf_text,pdf_table,NULL,7922,NULL,NULL,https://cgwb.gov.in
meghalaya,east garo hills,samanda,samanda,Williamnagar,Williamnagar Station,25.51,90.51944,2002,4,Pre-monsoon,1.5,2025.0,Safe,0.0849275,0.0764346,0.003461,4.53,NULL,NULL,normalized_exact,0.7,valid,Pre-monsoon_WL_1994-2025.pdf,GWRA_2025.pdf,NULL,local_pdf,local_pdf,official_web_fallback,pdf_text,pdf_table,NULL,7922,NULL,NULL,https://cgwb.gov.in
meghalaya,east khasi hills,mawsynram,mawsynram,Balat,Balat Station,25.20556,91.4,2002,4,Pre-monsoon,5.22,2025.0,Safe,0.2181741,0.1963567,0.006982,3.56,NULL,NULL,normalized_exact,0.7,valid,Pre-monsoon_WL_1994-2025.pdf,GWRA_2025.pdf,NULL,local_pdf,local_pdf,official_web_fallback,pdf_text,pdf_table,NULL,7922,NULL,NULL,https://cgwb.gov.in
meghalaya,east khasi hills,mylliem,mylliem,Mawngap,Mawngap Station,25.47639,91.76944,2002,4,Pre-monsoon,2.1,2025.0,Safe,0.2181741,0.1963567,0.006982,3.56,NULL,NULL,normalized_exact,0.7,valid,Pre-monsoon_WL_1994-2025.pdf,GWRA_2025.pdf,NULL,local_pdf,local_pdf,official_web_fallback,pdf_text,pdf_table,NULL,7922,NULL,NULL,https://cgwb.gov.in
meghalaya,east khasi hills,mylliem,mylliem,Pamlum,Pamlum Station,25.525,91.80556,2002,4,Pre-monsoon,0.24,2025.0,Safe,0.2181741,0.1963567,0.006982,3.56,NULL,NULL,normalized_exact,0.7,valid,Pre-monsoon_WL_1994-2025.pdf,GWRA_2025.pdf,NULL,local_pdf,local_pdf,official_web_fallback,pdf_text,pdf_table,NULL,7922,NULL,NULL,https://cgwb.gov.in
meghalaya,east khasi hills,mylliem,mylliem,Shillong Polo,Shillong Polo Station,25.58333,91.88333,2002,4,Pre-monsoon,0.45,2025.0,Safe,0.2181741,0.1963567,0.006982,3.56,NULL,NULL,normalized_exact,0.7,valid,Pre-monsoon_WL_1994-2025.pdf,GWRA_2025.pdf,NULL,local_pdf,local_pdf,official_web_fallback,pdf_text,pdf_table,NULL,7922,NULL,NULL,https://cgwb.gov.in
meghalaya,east khasi hills,shella bholaganj,shella bholaganj,Cherrapunji,Cherrapunji Station,25.28333,91.71667,2002,4,Pre-monsoon,0.01,2025.0,Safe,0.2181741,0.1963567,0.006982,3.56,NULL,NULL,normalized_exact,0.7,valid,Pre-monsoon_WL_1994-2025.pdf,GWRA_2025.pdf,NULL,local_pdf,local_pdf,official_web_fallback,pdf_text,pdf_table,NULL,7922,NULL,NULL,https://cgwb.gov.in
meghalaya,west khasi hills,Mairang,Mairang,Mairang,Mairang Station,25.57778,91.64167,2002,4,Pre-monsoon,0.9,2025.0,NULL,0.339654,0.3056885,0.0046341,1.52,NULL,NULL,historical_mapping,0.5,valid,Pre-monsoon_WL_1994-2025.pdf,GWRA_2025.pdf,NULL,local_pdf,local_pdf,official_web_fallback,pdf_text,pdf_table,NULL,7922,NULL,NULL,https://cgwb.gov.in
meghalaya,north garo hills,bajengdoba,bajengdoba,Bajengdoba,Bajengdoba Station,25.88611,90.5125,2002,4,Pre-monsoon,0.4,2025.0,Safe,0.0986029,0.0774368,0.0049870999999999,6.44,NULL,NULL,normalized_exact,0.7,valid,Pre-monsoon_WL_1994-2025.pdf,GWRA_2025.pdf,NULL,local_pdf,local_pdf,official_web_fallback,pdf_text,pdf_table,NULL,7922,NULL,NULL,https://cgwb.gov.in
meghalaya,north garo hills,kharkutta,kharkutta,Depa Sarangma,Depa Sarangma Station,25.86667,90.78333,2002,4,Pre-monsoon,3.0,2025.0,Safe,0.0986029,0.0774368,0.0049870999999999,6.44,NULL,NULL,normalized_exact,0.7,valid,Pre-monsoon_WL_1994-2025.pdf,GWRA_2025.pdf,NULL,local_pdf,local_pdf,official_web_fallback,pdf_text,pdf_table,NULL,7922,NULL,NULL,https://cgwb.gov.in
meghalaya,north garo hills,kharkutta,kharkutta,Kharkutta,Kharkutta Station,25.90556,90.89444,2002,4,Pre-monsoon,1.74,2025.0,Safe,0.0986029,0.0774368,0.0049870999999999,6.44,NULL,NULL,normalized_exact,0.7,valid,Pre-monsoon_WL_1994-2025.pdf,GWRA_2025.pdf,NULL,local_pdf,local_pdf,official_web_fallback,pdf_text,pdf_table,NULL,7922,NULL,NULL,https://cgwb.gov.in
meghalaya,north garo hills,resubelpara,resubelpara,Mendal,Mendal Station,25.82472,90.46583,2002,4,Pre-monsoon,1.77,2025.0,Safe,0.0986029,0.0774368,0.0049870999999999,6.44,NULL,NULL,normalized_exact,0.7,valid,Pre-monsoon_WL_1994-2025.pdf,GWRA_2025.pdf,NULL,local_pdf,local_pdf,official_web_fallback,pdf_text,pdf_table,NULL,7922,NULL,NULL,https://cgwb.gov.in
meghalaya,north garo hills,resubelpara,resubelpara,Mendipathar,Mendipathar Station,25.92083,90.50833,2002,4,Pre-monsoon,2.35,2025.0,Safe,0.0986029,0.0774368,0.0049870999999999,6.44,NULL,NULL,normalized_exact,0.7,valid,Pre-monsoon_WL_1994-2025.pdf,GWRA_2025.pdf,NULL,local_pdf,local_pdf,official_web_fallback,pdf_text,pdf_table,NULL,7922,NULL,NULL,https://cgwb.gov.in
meghalaya,ri bhoi,nongpoh,nongpoh,Nongpoh,Nongpoh Station,25.9,91.88333,2002,4,Pre-monsoon,3.2,2025.0,Safe,0.0648369999999999,0.0583534,0.0035481,6.08,NULL,NULL,normalized_exact,0.7,valid,Pre-monsoon_WL_1994-2025.pdf,GWRA_2025.pdf,NULL,local_pdf,local_pdf,official_web_fallback,pdf_text,pdf_table,NULL,7922,NULL,NULL,https://cgwb.gov.in
meghalaya,ri bhoi,umling,umling,Jorabat,Jorabat Station,25.9,91.88333,2002,4,Pre-monsoon,5.73,2025.0,Safe,0.0648369999999999,0.0583534,0.0035481,6.08,NULL,NULL,normalized_exact,0.7,valid,Pre-monsoon_WL_1994-2025.pdf,GWRA_2025.pdf,NULL,local_pdf,local_pdf,official_web_fallback,pdf_text,pdf_table,NULL,7922,NULL,NULL,https://cgwb.gov.in
meghalaya,south garo hills,gasuapara,gasuapara,Sibbari,Sibbari Station,25.175,90.525,2002,4,Pre-monsoon,1.29,2025.0,Safe,0.2347366,0.2112628,0.0025698,1.22,NULL,NULL,normalized_exact,0.7,valid,Pre-monsoon_WL_1994-2025.pdf,GWRA_2025.pdf,NULL,local_pdf,local_pdf,official_web_fallback,pdf_text,pdf_table,NULL,7922,NULL,NULL,https://cgwb.gov.in
meghalaya,south west garo hills,betasing,betasing,Ampati,Ampati Station,25.5,89.95833,2002,4,Pre-monsoon,1.3,2025.0,Safe,0.079896,0.0387598,0.0076644,19.77,NULL,NULL,normalized_exact,0.7,valid,Pre-monsoon_WL_1994-2025.pdf,GWRA_2025.pdf,NULL,local_pdf,local_pdf,official_web_fallback,pdf_text,pdf_table,NULL,7922,NULL,NULL,https://cgwb.gov.in
meghalaya,south west garo hills,betasing,betasing,Borkona,Borkona Station,25.56556,89.94306,2002,4,Pre-monsoon,1.33,2025.0,Safe,0.079896,0.0387598,0.0076644,19.77,NULL,NULL,normalized_exact,0.7,valid,Pre-monsoon_WL_1994-2025.pdf,GWRA_2025.pdf,NULL,local_pdf,local_pdf,official_web_fallback,pdf_text,pdf_table,NULL,7922,NULL,NULL,https://cgwb.gov.in
meghalaya,south west garo hills,rerapara,rerapara,Garobandha,Garobandha Station,25.58028,90.02222,2002,4,Pre-monsoon,1.18,2025.0,Safe,0.079896,0.0387598,0.0076644,19.77,NULL,NULL,normalized_exact,0.7,valid,Pre-monsoon_WL_1994-2025.pdf,GWRA_2025.pdf,NULL,local_pdf,local_pdf,official_web_fallback,pdf_text,pdf_table,NULL,7922,NULL,NULL,https://cgwb.gov.in
meghalaya,south west garo hills,zikzak,zikzak,Mahendraganj,Mahendraganj Station,25.3,89.85972,2002,4,Pre-monsoon,2.27,2025.0,Safe,0.079896,0.0387598,0.0076644,19.77,NULL,NULL,normalized_exact,0.7,valid,Pre-monsoon_WL_1994-2025.pdf,GWRA_2025.pdf,NULL,local_pdf,local_pdf,official_web_fallback,pdf_text,pdf_table,NULL,7922,NULL,NULL,https://cgwb.gov.in
meghalaya,west garo hills,dalu,dalu,Barengapara,Barengapara Station,25.21667,90.23333,2002,4,Pre-monsoon,4.42,2025.0,Safe,0.2912522,0.1904695,0.036739,19.29,NULL,NULL,normalized_exact,0.7,valid,Pre-monsoon_WL_1994-2025.pdf,GWRA_2025.pdf,NULL,local_pdf,local_pdf,official_web_fallback,pdf_text,pdf_table,NULL,7922,NULL,NULL,https://cgwb.gov.in
meghalaya,west garo hills,dalu,dalu,Kherapara,Kherapara Station,25.34167,90.225,2002,4,Pre-monsoon,1.89,2025.0,Safe,0.2912522,0.1904695,0.036739,19.29,NULL,NULL,normalized_exact,0.7,valid,Pre-monsoon_WL_1994-2025.pdf,GWRA_2025.pdf,NULL,local_pdf,local_pdf,official_web_fallback,pdf_text,pdf_table,NULL,7922,NULL,NULL,https://cgwb.gov.in
meghalaya,west garo hills,dalu,dalu,Porakhasia,Porakhasia Station,25.3,90.01667,2002,4,Pre-monsoon,2.88,2025.0,Safe,0.2912522,0.1904695,0.036739,19.29,NULL,NULL,normalized_exact,0.7,valid,Pre-monsoon_WL_1994-2025.pdf,GWRA_2025.pdf,NULL,local_pdf,local_pdf,official_web_fallback,pdf_text,pdf_table,NULL,7922,NULL,NULL,https://cgwb.gov.in
meghalaya,west garo hills,demdema,demdema,Nidanpur,Nidanpur Station,25.9125,90.12778,2002,4,Pre-monsoon,0.4,2025.0,Safe,0.2912522,0.1904695,0.036739,19.29,NULL,NULL,normalized_exact,0.7,valid,Pre-monsoon_WL_1994-2025.pdf,GWRA_2025.pdf,NULL,local_pdf,local_pdf,official_web_fallback,pdf_text,pdf_table,NULL,7922,NULL,NULL,https://cgwb.gov.in
meghalaya,west garo hills,rongram,rongram,Asanang,Asanang Station,25.59944,90.27556,2002,4,Pre-monsoon,2.63,2025.0,Safe,0.2912522,0.1904695,0.036739,19.29,NULL,NULL,normalized_exact,0.7,valid,Pre-monsoon_WL_1994-2025.pdf,GWRA_2025.pdf,NULL,local_pdf,local_pdf,official_web_fallback,pdf_text,pdf_table,NULL,7922,NULL,NULL,https://cgwb.gov.in
meghalaya,west garo hills,salsella,salsella,Phulbari,Phulbari Station,25.88333,90.05,2002,4,Pre-monsoon,2.3,2025.0,Safe,0.2912522,0.1904695,0.036739,19.29,NULL,NULL,normalized_exact,0.7,valid,Pre-monsoon_WL_1994-2025.pdf,GWRA_2025.pdf,NULL,local_pdf,local_pdf,official_web_fallback,pdf_text,pdf_table,NULL,7922,NULL,NULL,https://cgwb.gov.in
meghalaya,west garo hills,tikrikilla,tikrikilla,Tikrikilla,Tikrikilla Station,25.94583,90.24444,2002,4,Pre-monsoon,6.28,2025.0,Safe,0.2912522,0.1904695,0.036739,19.29,NULL,NULL,normalized_exact,0.7,valid,Pre-monsoon_WL_1994-2025.pdf,GWRA_2025.pdf,NULL,local_pdf,local_pdf,official_web_fallback,pdf_text,pdf_table,NULL,7922,NULL,NULL,https://cgwb.gov.in
meghalaya,west jaintia hills,amlarem,amlarem,Dauki,Dauki Station,25.2,92.03333,2002,4,Pre-monsoon,1.2,2025.0,Safe,0.1116346999999999,0.1004712,0.0061129999999999,6.08,NULL,NULL,normalized_exact,0.7,valid,Pre-monsoon_WL_1994-2025.pdf,GWRA_2025.pdf,NULL,local_pdf,local_pdf,official_web_fallback,pdf_text,pdf_table,NULL,7922,NULL,NULL,https://cgwb.gov.in
meghalaya,west jaintia hills,thadlaskein,thadlaskein,Jowai,Jowai Station,25.44167,92.175,2002,4,Pre-monsoon,4.2,2025.0,Safe,0.1116346999999999,0.1004712,0.0061129999999999,6.08,NULL,NULL,normalized_exact,0.7,valid,Pre-monsoon_WL_1994-2025.pdf,GWRA_2025.pdf,NULL,local_pdf,local_pdf,official_web_fallback,pdf_text,pdf_table,NULL,7922,NULL,NULL,https://cgwb.gov.in
meghalaya,east garo hills,dambo rongjeng,dambo rongjeng,Darugiri,Darugiri Station,25.6191667,90.7675,2001,4,Pre-monsoon,0.75,2025.0,Safe,0.0849275,0.0764346,0.003461,4.53,NULL,NULL,normalized_exact,0.7,valid,Pre-monsoon_WL_1994-2025.pdf,GWRA_2025.pdf,NULL,local_pdf,local_pdf,official_web_fallback,pdf_text,pdf_table,NULL,8192,NULL,NULL,https://cgwb.gov.in
meghalaya,east garo hills,dambo rongjeng,dambo rongjeng,Rongjeng,Rongjeng Station,25.6666667,90.80416667,2001,4,Pre-monsoon,1.73,2025.0,Safe,0.0849275,0.0764346,0.003461,4.53,NULL,NULL,normalized_exact,0.7,valid,Pre-monsoon_WL_1994-2025.pdf,GWRA_2025.pdf,NULL,local_pdf,local_pdf,official_web_fallback,pdf_text,pdf_table,NULL,8192,NULL,NULL,https://cgwb.gov.in
meghalaya,east garo hills,dambo rongjeng,dambo rongjeng,Rongmil,Rongmil Station,25.7361111,90.82444444,2001,4,Pre-monsoon,1.86,2025.0,Safe,0.0849275,0.0764346,0.003461,4.53,NULL,NULL,normalized_exact,0.7,valid,Pre-monsoon_WL_1994-2025.pdf,GWRA_2025.pdf,NULL,local_pdf,local_pdf,official_web_fallback,pdf_text,pdf_table,NULL,8192,NULL,NULL,https://cgwb.gov.in
meghalaya,east garo hills,samanda,samanda,Williamnagar,Williamnagar Station,25.51,90.51944444,2001,4,Pre-monsoon,1.59,2025.0,Safe,0.0849275,0.0764346,0.003461,4.53,NULL,NULL,normalized_exact,0.7,valid,Pre-monsoon_WL_1994-2025.pdf,GWRA_2025.pdf,NULL,local_pdf,local_pdf,official_web_fallback,pdf_text,pdf_table,NULL,8192,NULL,NULL,https://cgwb.gov.in
meghalaya,east khasi hills,mawsynram,mawsynram,Balat,Balat Station,25.2055556,91.4,2001,4,Pre-monsoon,5.95,2025.0,Safe,0.2181741,0.1963567,0.006982,3.56,NULL,NULL,normalized_exact,0.7,valid,Pre-monsoon_WL_1994-2025.pdf,GWRA_2025.pdf,NULL,local_pdf,local_pdf,official_web_fallback,pdf_text,pdf_table,NULL,8192,NULL,NULL,https://cgwb.gov.in
meghalaya,east khasi hills,mylliem,mylliem,Mawngap,Mawngap Station,25.4763889,91.76944444,2001,4,Pre-monsoon,3.15,2025.0,Safe,0.2181741,0.1963567,0.006982,3.56,NULL,NULL,normalized_exact,0.7,valid,Pre-monsoon_WL_1994-2025.pdf,GWRA_2025.pdf,NULL,local_pdf,local_pdf,official_web_fallback,pdf_text,pdf_table,NULL,8192,NULL,NULL,https://cgwb.gov.in
meghalaya,east khasi hills,mylliem,mylliem,Pamlum,Pamlum Station,25.525,91.80555556,2001,4,Pre-monsoon,0.35,2025.0,Safe,0.2181741,0.1963567,0.006982,3.56,NULL,NULL,normalized_exact,0.7,valid,Pre-monsoon_WL_1994-2025.pdf,GWRA_2025.pdf,NULL,local_pdf,local_pdf,official_web_fallback,pdf_text,pdf_table,NULL,8192,NULL,NULL,https://cgwb.gov.in
meghalaya,east khasi hills,mylliem,mylliem,Shillong Polo,Shillong Polo Station,25.5833333,91.88333333,2001,4,Pre-monsoon,0.55,2025.0,Safe,0.2181741,0.1963567,0.006982,3.56,NULL,NULL,normalized_exact,0.7,valid,Pre-monsoon_WL_1994-2025.pdf,GWRA_2025.pdf,NULL,local_pdf,local_pdf,official_web_fallback,pdf_text,pdf_table,NULL,8192,NULL,NULL,https://cgwb.gov.in
meghalaya,east khasi hills,shella bholaganj,shella bholaganj,Cherrapunji,Cherrapunji Station,25.2833333,91.71666667,2001,4,Pre-monsoon,0.18,2025.0,Safe,0.2181741,0.1963567,0.006982,3.56,NULL,NULL,normalized_exact,0.7,valid,Pre-monsoon_WL_1994-2025.pdf,GWRA_2025.pdf,NULL,local_pdf,local_pdf,official_web_fallback,pdf_text,pdf_table,NULL,8192,NULL,NULL,https://cgwb.gov.in
meghalaya,west khasi hills,Mairang,Mairang,Mairang,Mairang Station,25.5777778,91.64166667,2001,4,Pre-monsoon,1.62,2025.0,NULL,0.339654,0.3056885,0.0046341,1.52,NULL,NULL,historical_mapping,0.5,valid,Pre-monsoon_WL_1994-2025.pdf,GWRA_2025.pdf,NULL,local_pdf,local_pdf,official_web_fallback,pdf_text,pdf_table,NULL,8192,NULL,NULL,https://cgwb.gov.in
meghalaya,north garo hills,bajengdoba,bajengdoba,Bajengdoba,Bajengdoba Station,25.8861111,90.5125,2001,4,Pre-monsoon,1.16,2025.0,Safe,0.0986029,0.0774368,0.0049870999999999,6.44,NULL,NULL,normalized_exact,0.7,valid,Pre-monsoon_WL_1994-2025.pdf,GWRA_2025.pdf,NULL,local_pdf,local_pdf,official_web_fallback,pdf_text,pdf_table,NULL,8193,NULL,NULL,https://cgwb.gov.in
meghalaya,north garo hills,kharkutta,kharkutta,Depa Sarangma,Depa Sarangma Station,25.8666667,90.78333333,2001,4,Pre-monsoon,4.76,2025.0,Safe,0.0986029,0.0774368,0.0049870999999999,6.44,NULL,NULL,normalized_exact,0.7,valid,Pre-monsoon_WL_1994-2025.pdf,GWRA_2025.pdf,NULL,local_pdf,local_pdf,official_web_fallback,pdf_text,pdf_table,NULL,8193,NULL,NULL,https://cgwb.gov.in
meghalaya,north garo hills,resubelpara,resubelpara,Mendal,Mendal Station,25.8247222,90.46583333,2001,4,Pre-monsoon,1.8,2025.0,Safe,0.0986029,0.0774368,0.0049870999999999,6.44,NULL,NULL,normalized_exact,0.7,valid,Pre-monsoon_WL_1994-2025.pdf,GWRA_2025.pdf,NULL,local_pdf,local_pdf,official_web_fallback,pdf_text,pdf_table,NULL,8193,NULL,NULL,https://cgwb.gov.in
meghalaya,north garo hills,resubelpara,resubelpara,Mendipathar,Mendipathar Station,25.9208333,90.50833333,2001,4,Pre-monsoon,2.68,2025.0,Safe,0.0986029,0.0774368,0.0049870999999999,6.44,NULL,NULL,normalized_exact,0.7,valid,Pre-monsoon_WL_1994-2025.pdf,GWRA_2025.pdf,NULL,local_pdf,local_pdf,official_web_fallback,pdf_text,pdf_table,NULL,8193,NULL,NULL,https://cgwb.gov.in
meghalaya,ri bhoi,nongpoh,nongpoh,Nongpoh,Nongpoh Station,25.9,91.88333333,2001,4,Pre-monsoon,3.57,2025.0,Safe,0.0648369999999999,0.0583534,0.0035481,6.08,NULL,NULL,normalized_exact,0.7,valid,Pre-monsoon_WL_1994-2025.pdf,GWRA_2025.pdf,NULL,local_pdf,local_pdf,official_web_fallback,pdf_text,pdf_table,NULL,8193,NULL,NULL,https://cgwb.gov.in
meghalaya,south west garo hills,betasing,betasing,Ampati,Ampati Station,25.5,89.95833333,2001,4,Pre-monsoon,5.32,2025.0,Safe,0.079896,0.0387598,0.0076644,19.77,NULL,NULL,normalized_exact,0.7,valid,Pre-monsoon_WL_1994-2025.pdf,GWRA_2025.pdf,NULL,local_pdf,local_pdf,official_web_fallback,pdf_text,pdf_table,NULL,8193,NULL,NULL,https://cgwb.gov.in
meghalaya,south west garo hills,rerapara,rerapara,Garobandha,Garobandha Station,25.5802778,90.02222222,2001,4,Pre-monsoon,2.07,2025.0,Safe,0.079896,0.0387598,0.0076644,19.77,NULL,NULL,normalized_exact,0.7,valid,Pre-monsoon_WL_1994-2025.pdf,GWRA_2025.pdf,NULL,local_pdf,local_pdf,official_web_fallback,pdf_text,pdf_table,NULL,8193,NULL,NULL,https://cgwb.gov.in
meghalaya,south west garo hills,zikzak,zikzak,Mahendraganj,Mahendraganj Station,25.3,89.85972222,2001,4,Pre-monsoon,3.65,2025.0,Safe,0.079896,0.0387598,0.0076644,19.77,NULL,NULL,normalized_exact,0.7,valid,Pre-monsoon_WL_1994-2025.pdf,GWRA_2025.pdf,NULL,local_pdf,local_pdf,official_web_fallback,pdf_text,pdf_table,NULL,8193,NULL,NULL,https://cgwb.gov.in
meghalaya,west garo hills,dalu,dalu,Barengapara,Barengapara Station,25.2166667,90.23333333,2001,4,Pre-monsoon,5.87,2025.0,Safe,0.2912522,0.1904695,0.036739,19.29,NULL,NULL,normalized_exact,0.7,valid,Pre-monsoon_WL_1994-2025.pdf,GWRA_2025.pdf,NULL,local_pdf,local_pdf,official_web_fallback,pdf_text,pdf_table,NULL,8193,NULL,NULL,https://cgwb.gov.in
meghalaya,west garo hills,dalu,dalu,Kherapara,Kherapara Station,25.3416667,90.225,2001,4,Pre-monsoon,4.68,2025.0,Safe,0.2912522,0.1904695,0.036739,19.29,NULL,NULL,normalized_exact,0.7,valid,Pre-monsoon_WL_1994-2025.pdf,GWRA_2025.pdf,NULL,local_pdf,local_pdf,official_web_fallback,pdf_text,pdf_table,NULL,8193,NULL,NULL,https://cgwb.gov.in
meghalaya,west garo hills,dalu,dalu,Porakhasia,Porakhasia Station,25.3,90.01666667,2001,4,Pre-monsoon,3.96,2025.0,Safe,0.2912522,0.1904695,0.036739,19.29,NULL,NULL,normalized_exact,0.7,valid,Pre-monsoon_WL_1994-2025.pdf,GWRA_2025.pdf,NULL,local_pdf,local_pdf,official_web_fallback,pdf_text,pdf_table,NULL,8193,NULL,NULL,https://cgwb.gov.in
meghalaya,west garo hills,demdema,demdema,Nidanpur,Nidanpur Station,25.9125,90.12777778,2001,4,Pre-monsoon,1.14,2025.0,Safe,0.2912522,0.1904695,0.036739,19.29,NULL,NULL,normalized_exact,0.7,valid,Pre-monsoon_WL_1994-2025.pdf,GWRA_2025.pdf,NULL,local_pdf,local_pdf,official_web_fallback,pdf_text,pdf_table,NULL,8193,NULL,NULL,https://cgwb.gov.in
meghalaya,west garo hills,rongram,rongram,Asanang,Asanang Station,25.5994444,90.27555556,2001,4,Pre-monsoon,3.39,2025.0,Safe,0.2912522,0.1904695,0.036739,19.29,NULL,NULL,normalized_exact,0.7,valid,Pre-monsoon_WL_1994-2025.pdf,GWRA_2025.pdf,NULL,local_pdf,local_pdf,official_web_fallback,pdf_text,pdf_table,NULL,8193,NULL,NULL,https://cgwb.gov.in
meghalaya,west garo hills,salsella,salsella,Phulbari,Phulbari Station,25.8833333,90.05,2001,4,Pre-monsoon,2.68,2025.0,Safe,0.2912522,0.1904695,0.036739,19.29,NULL,NULL,normalized_exact,0.7,valid,Pre-monsoon_WL_1994-2025.pdf,GWRA_2025.pdf,NULL,local_pdf,local_pdf,official_web_fallback,pdf_text,pdf_table,NULL,8193,NULL,NULL,https://cgwb.gov.in
meghalaya,west garo hills,tikrikilla,tikrikilla,Tikrikilla,Tikrikilla Station,25.94583,90.24444,2001,4,Pre-monsoon,7.55,2025.0,Safe,0.2912522,0.1904695,0.036739,19.29,NULL,NULL,normalized_exact,0.7,valid,Pre-monsoon_WL_1994-2025.pdf,GWRA_2025.pdf,NULL,local_pdf,local_pdf,official_web_fallback,pdf_text,pdf_table,NULL,8193,NULL,NULL,https://cgwb.gov.in
meghalaya,west jaintia hills,amlarem,amlarem,Dauki,Dauki Station,25.2,92.03333333,2001,4,Pre-monsoon,2.8,2025.0,Safe,0.1116346999999999,0.1004712,0.0061129999999999,6.08,NULL,NULL,normalized_exact,0.7,valid,Pre-monsoon_WL_1994-2025.pdf,GWRA_2025.pdf,NULL,local_pdf,local_pdf,official_web_fallback,pdf_text,pdf_table,NULL,8193,NULL,NULL,https://cgwb.gov.in
meghalaya,west jaintia hills,thadlaskein,thadlaskein,Jowai,Jowai Station,25.4416667,92.175,2001,4,Pre-monsoon,3.9,2025.0,Safe,0.1116346999999999,0.1004712,0.0061129999999999,6.08,NULL,NULL,normalized_exact,0.7,valid,Pre-monsoon_WL_1994-2025.pdf,GWRA_2025.pdf,NULL,local_pdf,local_pdf,official_web_fallback,pdf_text,pdf_table,NULL,8193,NULL,NULL,https://cgwb.gov.in
meghalaya,east garo hills,dambo rongjeng,dambo rongjeng,Darugiri,Darugiri Station,25.61917,90.7675,2000,4,Pre-monsoon,2.33,2025.0,Safe,0.0849275,0.0764346,0.003461,4.53,NULL,NULL,normalized_exact,0.7,valid,Pre-monsoon_WL_1994-2025.pdf,GWRA_2025.pdf,NULL,local_pdf,local_pdf,official_web_fallback,pdf_text,pdf_table,NULL,8467,NULL,NULL,https://cgwb.gov.in
meghalaya,east garo hills,dambo rongjeng,dambo rongjeng,Rongjeng,Rongjeng Station,25.66667,90.80417,2000,4,Pre-monsoon,5.02,2025.0,Safe,0.0849275,0.0764346,0.003461,4.53,NULL,NULL,normalized_exact,0.7,valid,Pre-monsoon_WL_1994-2025.pdf,GWRA_2025.pdf,NULL,local_pdf,local_pdf,official_web_fallback,pdf_text,pdf_table,NULL,8467,NULL,NULL,https://cgwb.gov.in
meghalaya,east garo hills,samanda,samanda,Williamnagar,Williamnagar Station,25.51,90.51944,2000,4,Pre-monsoon,1.99,2025.0,Safe,0.0849275,0.0764346,0.003461,4.53,NULL,NULL,normalized_exact,0.7,valid,Pre-monsoon_WL_1994-2025.pdf,GWRA_2025.pdf,NULL,local_pdf,local_pdf,official_web_fallback,pdf_text,pdf_table,NULL,8467,NULL,NULL,https://cgwb.gov.in
meghalaya,east khasi hills,mawsynram,mawsynram,Balat,Balat Station,25.20556,91.4,2000,4,Pre-monsoon,5.88,2025.0,Safe,0.2181741,0.1963567,0.006982,3.56,NULL,NULL,normalized_exact,0.7,valid,Pre-monsoon_WL_1994-2025.pdf,GWRA_2025.pdf,NULL,local_pdf,local_pdf,official_web_fallback,pdf_text,pdf_table,NULL,8467,NULL,NULL,https://cgwb.gov.in
meghalaya,east khasi hills,mylliem,mylliem,Mawngap,Mawngap Station,25.47639,91.76944,2000,4,Pre-monsoon,2.39,2025.0,Safe,0.2181741,0.1963567,0.006982,3.56,NULL,NULL,normalized_exact,0.7,valid,Pre-monsoon_WL_1994-2025.pdf,GWRA_2025.pdf,NULL,local_pdf,local_pdf,official_web_fallback,pdf_text,pdf_table,NULL,8467,NULL,NULL,https://cgwb.gov.in
meghalaya,east khasi hills,mylliem,mylliem,Pamlum,Pamlum Station,25.525,91.80556,2000,4,Pre-monsoon,0.77,2025.0,Safe,0.2181741,0.1963567,0.006982,3.56,NULL,NULL,normalized_exact,0.7,valid,Pre-monsoon_WL_1994-2025.pdf,GWRA_2025.pdf,NULL,local_pdf,local_pdf,official_web_fallback,pdf_text,pdf_table,NULL,8467,NULL,NULL,https://cgwb.gov.in
meghalaya,east khasi hills,mylliem,mylliem,Shillong Polo,Shillong Polo Station,25.58333,91.88333,2000,4,Pre-monsoon,1.18,2025.0,Safe,0.2181741,0.1963567,0.006982,3.56,NULL,NULL,normalized_exact,0.7,valid,Pre-monsoon_WL_1994-2025.pdf,GWRA_2025.pdf,NULL,local_pdf,local_pdf,official_web_fallback,pdf_text,pdf_table,NULL,8467,NULL,NULL,https://cgwb.gov.in
meghalaya,east khasi hills,shella bholaganj,shella bholaganj,Cherrapunji,Cherrapunji Station,25.28333,91.71667,2000,4,Pre-monsoon,0.02,2025.0,Safe,0.2181741,0.1963567,0.006982,3.56,NULL,NULL,normalized_exact,0.7,valid,Pre-monsoon_WL_1994-2025.pdf,GWRA_2025.pdf,NULL,local_pdf,local_pdf,official_web_fallback,pdf_text,pdf_table,NULL,8467,NULL,NULL,https://cgwb.gov.in
meghalaya,west khasi hills,Mairang,Mairang,Mairang,Mairang Station,25.57778,91.64167,2000,4,Pre-monsoon,0.99,2025.0,NULL,0.339654,0.3056885,0.0046341,1.52,NULL,NULL,historical_mapping,0.5,valid,Pre-monsoon_WL_1994-2025.pdf,GWRA_2025.pdf,NULL,local_pdf,local_pdf,official_web_fallback,pdf_text,pdf_table,NULL,8467,NULL,NULL,https://cgwb.gov.in
meghalaya,north garo hills,bajengdoba,bajengdoba,Bajengdoba,Bajengdoba Station,25.88611,90.5125,2000,4,Pre-monsoon,2.78,2025.0,Safe,0.0986029,0.0774368,0.0049870999999999,6.44,NULL,NULL,normalized_exact,0.7,valid,Pre-monsoon_WL_1994-2025.pdf,GWRA_2025.pdf,NULL,local_pdf,local_pdf,official_web_fallback,pdf_text,pdf_table,NULL,8467,NULL,NULL,https://cgwb.gov.in
meghalaya,north garo hills,kharkutta,kharkutta,Kharkutta,Kharkutta Station,25.90556,90.89444,2000,4,Pre-monsoon,2.39,2025.0,Safe,0.0986029,0.0774368,0.0049870999999999,6.44,NULL,NULL,normalized_exact,0.7,valid,Pre-monsoon_WL_1994-2025.pdf,GWRA_2025.pdf,NULL,local_pdf,local_pdf,official_web_fallback,pdf_text,pdf_table,NULL,8467,NULL,NULL,https://cgwb.gov.in
meghalaya,north garo hills,resubelpara,resubelpara,Mendal,Mendal Station,25.82472,90.46583,2000,4,Pre-monsoon,3.1,2025.0,Safe,0.0986029,0.0774368,0.0049870999999999,6.44,NULL,NULL,normalized_exact,0.7,valid,Pre-monsoon_WL_1994-2025.pdf,GWRA_2025.pdf,NULL,local_pdf,local_pdf,official_web_fallback,pdf_text,pdf_table,NULL,8467,NULL,NULL,https://cgwb.gov.in
meghalaya,north garo hills,resubelpara,resubelpara,Mendipathar,Mendipathar Station,25.92083,90.50833,2000,4,Pre-monsoon,2.83,2025.0,Safe,0.0986029,0.0774368,0.0049870999999999,6.44,NULL,NULL,normalized_exact,0.7,valid,Pre-monsoon_WL_1994-2025.pdf,GWRA_2025.pdf,NULL,local_pdf,local_pdf,official_web_fallback,pdf_text,pdf_table,NULL,8467,NULL,NULL,https://cgwb.gov.in
meghalaya,ri bhoi,nongpoh,nongpoh,Nongpoh,Nongpoh Station,25.9,91.88333,2000,4,Pre-monsoon,4.67,2025.0,Safe,0.0648369999999999,0.0583534,0.0035481,6.08,NULL,NULL,normalized_exact,0.7,valid,Pre-monsoon_WL_1994-2025.pdf,GWRA_2025.pdf,NULL,local_pdf,local_pdf,official_web_fallback,pdf_text,pdf_table,NULL,8467,NULL,NULL,https://cgwb.gov.in
meghalaya,south west garo hills,betasing,betasing,Ampati,Ampati Station,25.5,89.95833,2000,4,Pre-monsoon,1.38,2025.0,Safe,0.079896,0.0387598,0.0076644,19.77,NULL,NULL,normalized_exact,0.7,valid,Pre-monsoon_WL_1994-2025.pdf,GWRA_2025.pdf,NULL,local_pdf,local_pdf,official_web_fallback,pdf_text,pdf_table,NULL,8467,NULL,NULL,https://cgwb.gov.in
meghalaya,south west garo hills,rerapara,rerapara,Garobandha,Garobandha Station,25.58028,90.02222,2000,4,Pre-monsoon,1.5,2025.0,Safe,0.079896,0.0387598,0.0076644,19.77,NULL,NULL,normalized_exact,0.7,valid,Pre-monsoon_WL_1994-2025.pdf,GWRA_2025.pdf,NULL,local_pdf,local_pdf,official_web_fallback,pdf_text,pdf_table,NULL,8467,NULL,NULL,https://cgwb.gov.in
meghalaya,south west garo hills,zikzak,zikzak,Mahendraganj,Mahendraganj Station,25.3,89.85972,2000,4,Pre-monsoon,2.8,2025.0,Safe,0.079896,0.0387598,0.0076644,19.77,NULL,NULL,normalized_exact,0.7,valid,Pre-monsoon_WL_1994-2025.pdf,GWRA_2025.pdf,NULL,local_pdf,local_pdf,official_web_fallback,pdf_text,pdf_table,NULL,8467,NULL,NULL,https://cgwb.gov.in
meghalaya,west garo hills,dalu,dalu,Barengapara,Barengapara Station,25.21667,90.23333,2000,4,Pre-monsoon,4.14,2025.0,Safe,0.2912522,0.1904695,0.036739,19.29,NULL,NULL,normalized_exact,0.7,valid,Pre-monsoon_WL_1994-2025.pdf,GWRA_2025.pdf,NULL,local_pdf,local_pdf,official_web_fallback,pdf_text,pdf_table,NULL,8467,NULL,NULL,https://cgwb.gov.in
meghalaya,west garo hills,dalu,dalu,Kherapara,Kherapara Station,25.34167,90.225,2000,4,Pre-monsoon,2.34,2025.0,Safe,0.2912522,0.1904695,0.036739,19.29,NULL,NULL,normalized_exact,0.7,valid,Pre-monsoon_WL_1994-2025.pdf,GWRA_2025.pdf,NULL,local_pdf,local_pdf,official_web_fallback,pdf_text,pdf_table,NULL,8467,NULL,NULL,https://cgwb.gov.in
meghalaya,west garo hills,dalu,dalu,Porakhasia,Porakhasia Station,25.3,90.01667,2000,4,Pre-monsoon,3.13,2025.0,Safe,0.2912522,0.1904695,0.036739,19.29,NULL,NULL,normalized_exact,0.7,valid,Pre-monsoon_WL_1994-2025.pdf,GWRA_2025.pdf,NULL,local_pdf,local_pdf,official_web_fallback,pdf_text,pdf_table,NULL,8467,NULL,NULL,https://cgwb.gov.in
meghalaya,west garo hills,demdema,demdema,Nidanpur,Nidanpur Station,25.9125,90.12778,2000,4,Pre-monsoon,7.28,2025.0,Safe,0.2912522,0.1904695,0.036739,19.29,NULL,NULL,normalized_exact,0.7,valid,Pre-monsoon_WL_1994-2025.pdf,GWRA_2025.pdf,NULL,local_pdf,local_pdf,official_web_fallback,pdf_text,pdf_table,NULL,8467,NULL,NULL,https://cgwb.gov.in
meghalaya,west garo hills,salsella,salsella,Phulbari,Phulbari Station,25.88333,90.05,2000,4,Pre-monsoon,3.26,2025.0,Safe,0.2912522,0.1904695,0.036739,19.29,NULL,NULL,normalized_exact,0.7,valid,Pre-monsoon_WL_1994-2025.pdf,GWRA_2025.pdf,NULL,local_pdf,local_pdf,official_web_fallback,pdf_text,pdf_table,NULL,8468,NULL,NULL,https://cgwb.gov.in
meghalaya,west garo hills,tikrikilla,tikrikilla,Tikrikilla,Tikrikilla Station,25.94583,90.24444,2000,4,Pre-monsoon,0.69,2025.0,Safe,0.2912522,0.1904695,0.036739,19.29,NULL,NULL,normalized_exact,0.7,valid,Pre-monsoon_WL_1994-2025.pdf,GWRA_2025.pdf,NULL,local_pdf,local_pdf,official_web_fallback,pdf_text,pdf_table,NULL,8468,NULL,NULL,https://cgwb.gov.in
meghalaya,west jaintia hills,amlarem,amlarem,Dauki,Dauki Station,25.2,92.03333,2000,4,Pre-monsoon,2.78,2025.0,Safe,0.1116346999999999,0.1004712,0.0061129999999999,6.08,NULL,NULL,normalized_exact,0.7,valid,Pre-monsoon_WL_1994-2025.pdf,GWRA_2025.pdf,NULL,local_pdf,local_pdf,official_web_fallback,pdf_text,pdf_table,NULL,8468,NULL,NULL,https://cgwb.gov.in
meghalaya,east garo hills,dambo rongjeng,dambo rongjeng,Darugiri,Darugiri Station,25.61917,90.7675,1999,4,Pre-monsoon,4.26,2025.0,Safe,0.0849275,0.0764346,0.003461,4.53,NULL,NULL,normalized_exact,0.7,valid,Pre-monsoon_WL_1994-2025.pdf,GWRA_2025.pdf,NULL,local_pdf,local_pdf,official_web_fallback,pdf_text,pdf_table,NULL,8750,NULL,NULL,https://cgwb.gov.in
meghalaya,east garo hills,dambo rongjeng,dambo rongjeng,Rongjeng,Rongjeng Station,25.66667,90.80417,1999,4,Pre-monsoon,3.4,2025.0,Safe,0.0849275,0.0764346,0.003461,4.53,NULL,NULL,normalized_exact,0.7,valid,Pre-monsoon_WL_1994-2025.pdf,GWRA_2025.pdf,NULL,local_pdf,local_pdf,official_web_fallback,pdf_text,pdf_table,NULL,8750,NULL,NULL,https://cgwb.gov.in
meghalaya,east garo hills,samanda,samanda,Williamnagar,Williamnagar Station,25.51,90.51944,1999,4,Pre-monsoon,2.6,2025.0,Safe,0.0849275,0.0764346,0.003461,4.53,NULL,NULL,normalized_exact,0.7,valid,Pre-monsoon_WL_1994-2025.pdf,GWRA_2025.pdf,NULL,local_pdf,local_pdf,official_web_fallback,pdf_text,pdf_table,NULL,8750,NULL,NULL,https://cgwb.gov.in
meghalaya,east khasi hills,mawsynram,mawsynram,Balat,Balat Station,25.20556,91.4,1999,4,Pre-monsoon,5.87,2025.0,Safe,0.2181741,0.1963567,0.006982,3.56,NULL,NULL,normalized_exact,0.7,valid,Pre-monsoon_WL_1994-2025.pdf,GWRA_2025.pdf,NULL,local_pdf,local_pdf,official_web_fallback,pdf_text,pdf_table,NULL,8750,NULL,NULL,https://cgwb.gov.in
meghalaya,east khasi hills,mylliem,mylliem,Pamlum,Pamlum Station,25.525,91.80556,1999,4,Pre-monsoon,1.3,2025.0,Safe,0.2181741,0.1963567,0.006982,3.56,NULL,NULL,normalized_exact,0.7,valid,Pre-monsoon_WL_1994-2025.pdf,GWRA_2025.pdf,NULL,local_pdf,local_pdf,official_web_fallback,pdf_text,pdf_table,NULL,8750,NULL,NULL,https://cgwb.gov.in
meghalaya,east khasi hills,mylliem,mylliem,Shillong Polo,Shillong Polo Station,25.58333,91.88333,1999,4,Pre-monsoon,1.65,2025.0,Safe,0.2181741,0.1963567,0.006982,3.56,NULL,NULL,normalized_exact,0.7,valid,Pre-monsoon_WL_1994-2025.pdf,GWRA_2025.pdf,NULL,local_pdf,local_pdf,official_web_fallback,pdf_text,pdf_table,NULL,8750,NULL,NULL,https://cgwb.gov.in
meghalaya,east khasi hills,shella bholaganj,shella bholaganj,Cherrapunji,Cherrapunji Station,25.28333,91.71667,1999,4,Pre-monsoon,0.05,2025.0,Safe,0.2181741,0.1963567,0.006982,3.56,NULL,NULL,normalized_exact,0.7,valid,Pre-monsoon_WL_1994-2025.pdf,GWRA_2025.pdf,NULL,local_pdf,local_pdf,official_web_fallback,pdf_text,pdf_table,NULL,8750,NULL,NULL,https://cgwb.gov.in
meghalaya,west khasi hills,Mairang,Mairang,Mairang,Mairang Station,25.57778,91.64167,1999,4,Pre-monsoon,2.03,2025.0,NULL,0.339654,0.3056885,0.0046341,1.52,NULL,NULL,historical_mapping,0.5,valid,Pre-monsoon_WL_1994-2025.pdf,GWRA_2025.pdf,NULL,local_pdf,local_pdf,official_web_fallback,pdf_text,pdf_table,NULL,8750,NULL,NULL,https://cgwb.gov.in
meghalaya,north garo hills,bajengdoba,bajengdoba,Bajengdoba,Bajengdoba Station,25.88611,90.5125,1999,4,Pre-monsoon,1.45,2025.0,Safe,0.0986029,0.0774368,0.0049870999999999,6.44,NULL,NULL,normalized_exact,0.7,valid,Pre-monsoon_WL_1994-2025.pdf,GWRA_2025.pdf,NULL,local_pdf,local_pdf,official_web_fallback,pdf_text,pdf_table,NULL,8750,NULL,NULL,https://cgwb.gov.in
meghalaya,north garo hills,kharkutta,kharkutta,Depa Sarangma,Depa Sarangma Station,25.86667,90.78333,1999,4,Pre-monsoon,2.7,2025.0,Safe,0.0986029,0.0774368,0.0049870999999999,6.44,NULL,NULL,normalized_exact,0.7,valid,Pre-monsoon_WL_1994-2025.pdf,GWRA_2025.pdf,NULL,local_pdf,local_pdf,official_web_fallback,pdf_text,pdf_table,NULL,8750,NULL,NULL,https://cgwb.gov.in
meghalaya,north garo hills,resubelpara,resubelpara,Mendal,Mendal Station,25.82472,90.46583,1999,4,Pre-monsoon,2.0,2025.0,Safe,0.0986029,0.0774368,0.0049870999999999,6.44,NULL,NULL,normalized_exact,0.7,valid,Pre-monsoon_WL_1994-2025.pdf,GWRA_2025.pdf,NULL,local_pdf,local_pdf,official_web_fallback,pdf_text,pdf_table,NULL,8750,NULL,NULL,https://cgwb.gov.in
meghalaya,north garo hills,resubelpara,resubelpara,Mendipathar,Mendipathar Station,25.92083,90.50833,1999,4,Pre-monsoon,2.55,2025.0,Safe,0.0986029,0.0774368,0.0049870999999999,6.44,NULL,NULL,normalized_exact,0.7,valid,Pre-monsoon_WL_1994-2025.pdf,GWRA_2025.pdf,NULL,local_pdf,local_pdf,official_web_fallback,pdf_text,pdf_table,NULL,8750,NULL,NULL,https://cgwb.gov.in
meghalaya,ri bhoi,nongpoh,nongpoh,Barapani,Barapani Station,25.64583,91.8875,1999,4,Pre-monsoon,3.35,2025.0,Safe,0.0648369999999999,0.0583534,0.0035481,6.08,NULL,NULL,normalized_exact,0.7,valid,Pre-monsoon_WL_1994-2025.pdf,GWRA_2025.pdf,NULL,local_pdf,local_pdf,official_web_fallback,pdf_text,pdf_table,NULL,8750,NULL,NULL,https://cgwb.gov.in
meghalaya,ri bhoi,nongpoh,nongpoh,Nongpoh,Nongpoh Station,25.9,91.88333,1999,4,Pre-monsoon,9.35,2025.0,Safe,0.0648369999999999,0.0583534,0.0035481,6.08,NULL,NULL,normalized_exact,0.7,valid,Pre-monsoon_WL_1994-2025.pdf,GWRA_2025.pdf,NULL,local_pdf,local_pdf,official_web_fallback,pdf_text,pdf_table,NULL,8750,NULL,NULL,https://cgwb.gov.in
meghalaya,ri bhoi,umling,umling,Jorabat,Jorabat Station,25.9,91.88333,1999,4,Pre-monsoon,5.05,2025.0,Safe,0.0648369999999999,0.0583534,0.0035481,6.08,NULL,NULL,normalized_exact,0.7,valid,Pre-monsoon_WL_1994-2025.pdf,GWRA_2025.pdf,NULL,local_pdf,local_pdf,official_web_fallback,pdf_text,pdf_table,NULL,8750,NULL,NULL,https://cgwb.gov.in
meghalaya,south west garo hills,betasing,betasing,Ampati,Ampati Station,25.5,89.95833,1999,4,Pre-monsoon,5.43,2025.0,Safe,0.079896,0.0387598,0.0076644,19.77,NULL,NULL,normalized_exact,0.7,valid,Pre-monsoon_WL_1994-2025.pdf,GWRA_2025.pdf,NULL,local_pdf,local_pdf,official_web_fallback,pdf_text,pdf_table,NULL,8750,NULL,NULL,https://cgwb.gov.in
meghalaya,south west garo hills,rerapara,rerapara,Garobandha,Garobandha Station,25.58028,90.02222,1999,4,Pre-monsoon,2.56,2025.0,Safe,0.079896,0.0387598,0.0076644,19.77,NULL,NULL,normalized_exact,0.7,valid,Pre-monsoon_WL_1994-2025.pdf,GWRA_2025.pdf,NULL,local_pdf,local_pdf,official_web_fallback,pdf_text,pdf_table,NULL,8750,NULL,NULL,https://cgwb.gov.in
meghalaya,south west garo hills,zikzak,zikzak,Mahendraganj,Mahendraganj Station,25.3,89.85972,1999,4,Pre-monsoon,3.09,2025.0,Safe,0.079896,0.0387598,0.0076644,19.77,NULL,NULL,normalized_exact,0.7,valid,Pre-monsoon_WL_1994-2025.pdf,GWRA_2025.pdf,NULL,local_pdf,local_pdf,official_web_fallback,pdf_text,pdf_table,NULL,8750,NULL,NULL,https://cgwb.gov.in
meghalaya,west garo hills,dalu,dalu,Barengapara,Barengapara Station,25.21667,90.23333,1999,4,Pre-monsoon,5.2,2025.0,Safe,0.2912522,0.1904695,0.036739,19.29,NULL,NULL,normalized_exact,0.7,valid,Pre-monsoon_WL_1994-2025.pdf,GWRA_2025.pdf,NULL,local_pdf,local_pdf,official_web_fallback,pdf_text,pdf_table,NULL,8750,NULL,NULL,https://cgwb.gov.in
meghalaya,west garo hills,dalu,dalu,Kherapara,Kherapara Station,25.34167,90.225,1999,4,Pre-monsoon,4.3,2025.0,Safe,0.2912522,0.1904695,0.036739,19.29,NULL,NULL,normalized_exact,0.7,valid,Pre-monsoon_WL_1994-2025.pdf,GWRA_2025.pdf,NULL,local_pdf,local_pdf,official_web_fallback,pdf_text,pdf_table,NULL,8750,NULL,NULL,https://cgwb.gov.in
meghalaya,west garo hills,dalu,dalu,Porakhasia,Porakhasia Station,25.3,90.01667,1999,4,Pre-monsoon,3.52,2025.0,Safe,0.2912522,0.1904695,0.036739,19.29,NULL,NULL,normalized_exact,0.7,valid,Pre-monsoon_WL_1994-2025.pdf,GWRA_2025.pdf,NULL,local_pdf,local_pdf,official_web_fallback,pdf_text,pdf_table,NULL,8750,NULL,NULL,https://cgwb.gov.in
meghalaya,west garo hills,demdema,demdema,Nidanpur,Nidanpur Station,25.9125,90.12778,1999,4,Pre-monsoon,0.5,2025.0,Safe,0.2912522,0.1904695,0.036739,19.29,NULL,NULL,normalized_exact,0.7,valid,Pre-monsoon_WL_1994-2025.pdf,GWRA_2025.pdf,NULL,local_pdf,local_pdf,official_web_fallback,pdf_text,pdf_table,NULL,8750,NULL,NULL,https://cgwb.gov.in
meghalaya,west garo hills,salsella,salsella,Phulbari,Phulbari Station,25.88333,90.05,1999,4,Pre-monsoon,3.3,2025.0,Safe,0.2912522,0.1904695,0.036739,19.29,NULL,NULL,normalized_exact,0.7,valid,Pre-monsoon_WL_1994-2025.pdf,GWRA_2025.pdf,NULL,local_pdf,local_pdf,official_web_fallback,pdf_text,pdf_table,NULL,8750,NULL,NULL,https://cgwb.gov.in
meghalaya,west garo hills,tikrikilla,tikrikilla,Tikrikilla,Tikrikilla Station,25.94583,90.24444,1999,4,Pre-monsoon,7.3,2025.0,Safe,0.2912522,0.1904695,0.036739,19.29,NULL,NULL,normalized_exact,0.7,valid,Pre-monsoon_WL_1994-2025.pdf,GWRA_2025.pdf,NULL,local_pdf,local_pdf,official_web_fallback,pdf_text,pdf_table,NULL,8750,NULL,NULL,https://cgwb.gov.in
meghalaya,east garo hills,dambo rongjeng,dambo rongjeng,Darugiri,Darugiri Station,25.61917,90.7675,1998,4,Pre-monsoon,2.79,2025.0,Safe,0.0849275,0.0764346,0.003461,4.53,NULL,NULL,normalized_exact,0.7,valid,Pre-monsoon_WL_1994-2025.pdf,GWRA_2025.pdf,NULL,local_pdf,local_pdf,official_web_fallback,pdf_text,pdf_table,NULL,9033,NULL,NULL,https://cgwb.gov.in
meghalaya,east garo hills,dambo rongjeng,dambo rongjeng,Rongjeng,Rongjeng Station,25.66667,90.80417,1998,4,Pre-monsoon,2.42,2025.0,Safe,0.0849275,0.0764346,0.003461,4.53,NULL,NULL,normalized_exact,0.7,valid,Pre-monsoon_WL_1994-2025.pdf,GWRA_2025.pdf,NULL,local_pdf,local_pdf,official_web_fallback,pdf_text,pdf_table,NULL,9033,NULL,NULL,https://cgwb.gov.in
meghalaya,east garo hills,samanda,samanda,Williamnagar,Williamnagar Station,25.51,90.51944,1998,4,Pre-monsoon,2.32,2025.0,Safe,0.0849275,0.0764346,0.003461,4.53,NULL,NULL,normalized_exact,0.7,valid,Pre-monsoon_WL_1994-2025.pdf,GWRA_2025.pdf,NULL,local_pdf,local_pdf,official_web_fallback,pdf_text,pdf_table,NULL,9033,NULL,NULL,https://cgwb.gov.in
meghalaya,east khasi hills,mawsynram,mawsynram,Balat,Balat Station,25.20556,91.4,1998,4,Pre-monsoon,5.27,2025.0,Safe,0.2181741,0.1963567,0.006982,3.56,NULL,NULL,normalized_exact,0.7,valid,Pre-monsoon_WL_1994-2025.pdf,GWRA_2025.pdf,NULL,local_pdf,local_pdf,official_web_fallback,pdf_text,pdf_table,NULL,9033,NULL,NULL,https://cgwb.gov.in
meghalaya,east khasi hills,mylliem,mylliem,Mawngap,Mawngap Station,25.47639,91.76944,1998,4,Pre-monsoon,2.17,2025.0,Safe,0.2181741,0.1963567,0.006982,3.56,NULL,NULL,normalized_exact,0.7,valid,Pre-monsoon_WL_1994-2025.pdf,GWRA_2025.pdf,NULL,local_pdf,local_pdf,official_web_fallback,pdf_text,pdf_table,NULL,9033,NULL,NULL,https://cgwb.gov.in
meghalaya,east khasi hills,mylliem,mylliem,Pamlum,Pamlum Station,25.525,91.80556,1998,4,Pre-monsoon,0.18,2025.0,Safe,0.2181741,0.1963567,0.006982,3.56,NULL,NULL,normalized_exact,0.7,valid,Pre-monsoon_WL_1994-2025.pdf,GWRA_2025.pdf,NULL,local_pdf,local_pdf,official_web_fallback,pdf_text,pdf_table,NULL,9033,NULL,NULL,https://cgwb.gov.in
meghalaya,east khasi hills,mylliem,mylliem,Shillong Polo,Shillong Polo Station,25.58333,91.88333,1998,4,Pre-monsoon,0.31,2025.0,Safe,0.2181741,0.1963567,0.006982,3.56,NULL,NULL,normalized_exact,0.7,valid,Pre-monsoon_WL_1994-2025.pdf,GWRA_2025.pdf,NULL,local_pdf,local_pdf,official_web_fallback,pdf_text,pdf_table,NULL,9033,NULL,NULL,https://cgwb.gov.in
meghalaya,west khasi hills,Mairang,Mairang,Mairang,Mairang Station,25.57778,91.64167,1998,4,Pre-monsoon,0.8,2025.0,NULL,0.339654,0.3056885,0.0046341,1.52,NULL,NULL,historical_mapping,0.5,valid,Pre-monsoon_WL_1994-2025.pdf,GWRA_2025.pdf,NULL,local_pdf,local_pdf,official_web_fallback,pdf_text,pdf_table,NULL,9033,NULL,NULL,https://cgwb.gov.in
meghalaya,north garo hills,bajengdoba,bajengdoba,Bajengdoba,Bajengdoba Station,25.88611,90.5125,1998,4,Pre-monsoon,0.91,2025.0,Safe,0.0986029,0.0774368,0.0049870999999999,6.44,NULL,NULL,normalized_exact,0.7,valid,Pre-monsoon_WL_1994-2025.pdf,GWRA_2025.pdf,NULL,local_pdf,local_pdf,official_web_fallback,pdf_text,pdf_table,NULL,9034,NULL,NULL,https://cgwb.gov.in
meghalaya,north garo hills,kharkutta,kharkutta,Depa Sarangma,Depa Sarangma Station,25.86667,90.78333,1998,4,Pre-monsoon,5.2,2025.0,Safe,0.0986029,0.0774368,0.0049870999999999,6.44,NULL,NULL,normalized_exact,0.7,valid,Pre-monsoon_WL_1994-2025.pdf,GWRA_2025.pdf,NULL,local_pdf,local_pdf,official_web_fallback,pdf_text,pdf_table,NULL,9034,NULL,NULL,https://cgwb.gov.in
meghalaya,north garo hills,kharkutta,kharkutta,Kharkutta,Kharkutta Station,25.90556,90.89444,1998,4,Pre-monsoon,3.0,2025.0,Safe,0.0986029,0.0774368,0.0049870999999999,6.44,NULL,NULL,normalized_exact,0.7,valid,Pre-monsoon_WL_1994-2025.pdf,GWRA_2025.pdf,NULL,local_pdf,local_pdf,official_web_fallback,pdf_text,pdf_table,NULL,9034,NULL,NULL,https://cgwb.gov.in
meghalaya,north garo hills,resubelpara,resubelpara,Mendal,Mendal Station,25.82472,90.46583,1998,4,Pre-monsoon,2.18,2025.0,Safe,0.0986029,0.0774368,0.0049870999999999,6.44,NULL,NULL,normalized_exact,0.7,valid,Pre-monsoon_WL_1994-2025.pdf,GWRA_2025.pdf,NULL,local_pdf,local_pdf,official_web_fallback,pdf_text,pdf_table,NULL,9034,NULL,NULL,https://cgwb.gov.in
meghalaya,north garo hills,resubelpara,resubelpara,Mendipathar,Mendipathar Station,25.92083,90.50833,1998,4,Pre-monsoon,1.58,2025.0,Safe,0.0986029,0.0774368,0.0049870999999999,6.44,NULL,NULL,normalized_exact,0.7,valid,Pre-monsoon_WL_1994-2025.pdf,GWRA_2025.pdf,NULL,local_pdf,local_pdf,official_web_fallback,pdf_text,pdf_table,NULL,9034,NULL,NULL,https://cgwb.gov.in
meghalaya,ri bhoi,nongpoh,nongpoh,Barapani,Barapani Station,25.64583,91.8875,1998,4,Pre-monsoon,1.44,2025.0,Safe,0.0648369999999999,0.0583534,0.0035481,6.08,NULL,NULL,normalized_exact,0.7,valid,Pre-monsoon_WL_1994-2025.pdf,GWRA_2025.pdf,NULL,local_pdf,local_pdf,official_web_fallback,pdf_text,pdf_table,NULL,9034,NULL,NULL,https://cgwb.gov.in
meghalaya,ri bhoi,nongpoh,nongpoh,Nongpoh,Nongpoh Station,25.9,91.88333,1998,4,Pre-monsoon,4.85,2025.0,Safe,0.0648369999999999,0.0583534,0.0035481,6.08,NULL,NULL,normalized_exact,0.7,valid,Pre-monsoon_WL_1994-2025.pdf,GWRA_2025.pdf,NULL,local_pdf,local_pdf,official_web_fallback,pdf_text,pdf_table,NULL,9034,NULL,NULL,https://cgwb.gov.in
meghalaya,ri bhoi,umling,umling,Jorabat,Jorabat Station,25.9,91.88333,1998,4,Pre-monsoon,2.07,2025.0,Safe,0.0648369999999999,0.0583534,0.0035481,6.08,NULL,NULL,normalized_exact,0.7,valid,Pre-monsoon_WL_1994-2025.pdf,GWRA_2025.pdf,NULL,local_pdf,local_pdf,official_web_fallback,pdf_text,pdf_table,NULL,9034,NULL,NULL,https://cgwb.gov.in
meghalaya,south garo hills,gasuapara,gasuapara,Sibbari,Sibbari Station,25.175,90.525,1998,4,Pre-monsoon,5.08,2025.0,Safe,0.2347366,0.2112628,0.0025698,1.22,NULL,NULL,normalized_exact,0.7,valid,Pre-monsoon_WL_1994-2025.pdf,GWRA_2025.pdf,NULL,local_pdf,local_pdf,official_web_fallback,pdf_text,pdf_table,NULL,9034,NULL,NULL,https://cgwb.gov.in
meghalaya,south west garo hills,betasing,betasing,Ampati,Ampati Station,25.5,89.95833,1998,4,Pre-monsoon,3.6,2025.0,Safe,0.079896,0.0387598,0.0076644,19.77,NULL,NULL,normalized_exact,0.7,valid,Pre-monsoon_WL_1994-2025.pdf,GWRA_2025.pdf,NULL,local_pdf,local_pdf,official_web_fallback,pdf_text,pdf_table,NULL,9034,NULL,NULL,https://cgwb.gov.in
meghalaya,south west garo hills,rerapara,rerapara,Garobandha,Garobandha Station,25.58028,90.02222,1998,4,Pre-monsoon,2.27,2025.0,Safe,0.079896,0.0387598,0.0076644,19.77,NULL,NULL,normalized_exact,0.7,valid,Pre-monsoon_WL_1994-2025.pdf,GWRA_2025.pdf,NULL,local_pdf,local_pdf,official_web_fallback,pdf_text,pdf_table,NULL,9034,NULL,NULL,https://cgwb.gov.in
meghalaya,south west garo hills,zikzak,zikzak,Mahendraganj,Mahendraganj Station,25.3,89.85972,1998,4,Pre-monsoon,2.79,2025.0,Safe,0.079896,0.0387598,0.0076644,19.77,NULL,NULL,normalized_exact,0.7,valid,Pre-monsoon_WL_1994-2025.pdf,GWRA_2025.pdf,NULL,local_pdf,local_pdf,official_web_fallback,pdf_text,pdf_table,NULL,9034,NULL,NULL,https://cgwb.gov.in
meghalaya,west garo hills,dalu,dalu,Barengapara,Barengapara Station,25.21667,90.23333,1998,4,Pre-monsoon,4.98,2025.0,Safe,0.2912522,0.1904695,0.036739,19.29,NULL,NULL,normalized_exact,0.7,valid,Pre-monsoon_WL_1994-2025.pdf,GWRA_2025.pdf,NULL,local_pdf,local_pdf,official_web_fallback,pdf_text,pdf_table,NULL,9034,NULL,NULL,https://cgwb.gov.in
meghalaya,west garo hills,dalu,dalu,Kherapara,Kherapara Station,25.34167,90.225,1998,4,Pre-monsoon,2.36,2025.0,Safe,0.2912522,0.1904695,0.036739,19.29,NULL,NULL,normalized_exact,0.7,valid,Pre-monsoon_WL_1994-2025.pdf,GWRA_2025.pdf,NULL,local_pdf,local_pdf,official_web_fallback,pdf_text,pdf_table,NULL,9034,NULL,NULL,https://cgwb.gov.in
meghalaya,west garo hills,dalu,dalu,Porakhasia,Porakhasia Station,25.3,90.01667,1998,4,Pre-monsoon,3.46,2025.0,Safe,0.2912522,0.1904695,0.036739,19.29,NULL,NULL,normalized_exact,0.7,valid,Pre-monsoon_WL_1994-2025.pdf,GWRA_2025.pdf,NULL,local_pdf,local_pdf,official_web_fallback,pdf_text,pdf_table,NULL,9034,NULL,NULL,https://cgwb.gov.in
meghalaya,west garo hills,demdema,demdema,Nidanpur,Nidanpur Station,25.9125,90.12778,1998,4,Pre-monsoon,0.66,2025.0,Safe,0.2912522,0.1904695,0.036739,19.29,NULL,NULL,normalized_exact,0.7,valid,Pre-monsoon_WL_1994-2025.pdf,GWRA_2025.pdf,NULL,local_pdf,local_pdf,official_web_fallback,pdf_text,pdf_table,NULL,9034,NULL,NULL,https://cgwb.gov.in
meghalaya,west garo hills,salsella,salsella,Phulbari,Phulbari Station,25.88333,90.05,1998,4,Pre-monsoon,3.32,2025.0,Safe,0.2912522,0.1904695,0.036739,19.29,NULL,NULL,normalized_exact,0.7,valid,Pre-monsoon_WL_1994-2025.pdf,GWRA_2025.pdf,NULL,local_pdf,local_pdf,official_web_fallback,pdf_text,pdf_table,NULL,9034,NULL,NULL,https://cgwb.gov.in
meghalaya,west garo hills,tikrikilla,tikrikilla,Tikrikilla,Tikrikilla Station,25.94583,90.24444,1998,4,Pre-monsoon,7.38,2025.0,Safe,0.2912522,0.1904695,0.036739,19.29,NULL,NULL,normalized_exact,0.7,valid,Pre-monsoon_WL_1994-2025.pdf,GWRA_2025.pdf,NULL,local_pdf,local_pdf,official_web_fallback,pdf_text,pdf_table,NULL,9034,NULL,NULL,https://cgwb.gov.in
meghalaya,west jaintia hills,amlarem,amlarem,Dauki,Dauki Station,25.2,92.03333,1998,4,Pre-monsoon,0.27,2025.0,Safe,0.1116346999999999,0.1004712,0.0061129999999999,6.08,NULL,NULL,normalized_exact,0.7,valid,Pre-monsoon_WL_1994-2025.pdf,GWRA_2025.pdf,NULL,local_pdf,local_pdf,official_web_fallback,pdf_text,pdf_table,NULL,9034,NULL,NULL,https://cgwb.gov.in
meghalaya,east garo hills,dambo rongjeng,dambo rongjeng,Darugiri,Darugiri Station,25.61917,90.7675,1997,4,Pre-monsoon,1.55,2025.0,Safe,0.0849275,0.0764346,0.003461,4.53,NULL,NULL,normalized_exact,0.7,valid,Pre-monsoon_WL_1994-2025.pdf,GWRA_2025.pdf,NULL,local_pdf,local_pdf,official_web_fallback,pdf_text,pdf_table,NULL,9318,NULL,NULL,https://cgwb.gov.in
meghalaya,east garo hills,dambo rongjeng,dambo rongjeng,Rongjeng,Rongjeng Station,25.66667,90.80417,1997,4,Pre-monsoon,2.17,2025.0,Safe,0.0849275,0.0764346,0.003461,4.53,NULL,NULL,normalized_exact,0.7,valid,Pre-monsoon_WL_1994-2025.pdf,GWRA_2025.pdf,NULL,local_pdf,local_pdf,official_web_fallback,pdf_text,pdf_table,NULL,9318,NULL,NULL,https://cgwb.gov.in
meghalaya,east garo hills,samanda,samanda,Williamnagar,Williamnagar Station,25.51,90.51944,1997,4,Pre-monsoon,2.48,2025.0,Safe,0.0849275,0.0764346,0.003461,4.53,NULL,NULL,normalized_exact,0.7,valid,Pre-monsoon_WL_1994-2025.pdf,GWRA_2025.pdf,NULL,local_pdf,local_pdf,official_web_fallback,pdf_text,pdf_table,NULL,9318,NULL,NULL,https://cgwb.gov.in
meghalaya,east khasi hills,mawsynram,mawsynram,Balat,Balat Station,25.20556,91.4,1997,4,Pre-monsoon,5.57,2025.0,Safe,0.2181741,0.1963567,0.006982,3.56,NULL,NULL,normalized_exact,0.7,valid,Pre-monsoon_WL_1994-2025.pdf,GWRA_2025.pdf,NULL,local_pdf,local_pdf,official_web_fallback,pdf_text,pdf_table,NULL,9318,NULL,NULL,https://cgwb.gov.in
meghalaya,east khasi hills,mylliem,mylliem,Mawngap,Mawngap Station,25.47639,91.76944,1997,4,Pre-monsoon,1.78,2025.0,Safe,0.2181741,0.1963567,0.006982,3.56,NULL,NULL,normalized_exact,0.7,valid,Pre-monsoon_WL_1994-2025.pdf,GWRA_2025.pdf,NULL,local_pdf,local_pdf,official_web_fallback,pdf_text,pdf_table,NULL,9318,NULL,NULL,https://cgwb.gov.in
meghalaya,east khasi hills,mylliem,mylliem,Pamlum,Pamlum Station,25.525,91.80556,1997,4,Pre-monsoon,0.21,2025.0,Safe,0.2181741,0.1963567,0.006982,3.56,NULL,NULL,normalized_exact,0.7,valid,Pre-monsoon_WL_1994-2025.pdf,GWRA_2025.pdf,NULL,local_pdf,local_pdf,official_web_fallback,pdf_text,pdf_table,NULL,9318,NULL,NULL,https://cgwb.gov.in
meghalaya,west khasi hills,Mairang,Mairang,Mairang,Mairang Station,25.57778,91.64167,1997,4,Pre-monsoon,0.99,2025.0,NULL,0.339654,0.3056885,0.0046341,1.52,NULL,NULL,historical_mapping,0.5,valid,Pre-monsoon_WL_1994-2025.pdf,GWRA_2025.pdf,NULL,local_pdf,local_pdf,official_web_fallback,pdf_text,pdf_table,NULL,9318,NULL,NULL,https://cgwb.gov.in
meghalaya,west khasi hills,Mairang,Mairang,Pyndengnongbri,Pyndengnongbri Station,25.54028,91.67639,1997,4,Pre-monsoon,0.4,2025.0,NULL,0.339654,0.3056885,0.0046341,1.52,NULL,NULL,historical_mapping,0.5,valid,Pre-monsoon_WL_1994-2025.pdf,GWRA_2025.pdf,NULL,local_pdf,local_pdf,official_web_fallback,pdf_text,pdf_table,NULL,9318,NULL,NULL,https://cgwb.gov.in
meghalaya,north garo hills,bajengdoba,bajengdoba,Bajengdoba,Bajengdoba Station,25.88611,90.5125,1997,4,Pre-monsoon,1.27,2025.0,Safe,0.0986029,0.0774368,0.0049870999999999,6.44,NULL,NULL,normalized_exact,0.7,valid,Pre-monsoon_WL_1994-2025.pdf,GWRA_2025.pdf,NULL,local_pdf,local_pdf,official_web_fallback,pdf_text,pdf_table,NULL,9318,NULL,NULL,https://cgwb.gov.in
meghalaya,north garo hills,kharkutta,kharkutta,Kharkutta,Kharkutta Station,25.90556,90.89444,1997,4,Pre-monsoon,2.8,2025.0,Safe,0.0986029,0.0774368,0.0049870999999999,6.44,NULL,NULL,normalized_exact,0.7,valid,Pre-monsoon_WL_1994-2025.pdf,GWRA_2025.pdf,NULL,local_pdf,local_pdf,official_web_fallback,pdf_text,pdf_table,NULL,9318,NULL,NULL,https://cgwb.gov.in
meghalaya,north garo hills,resubelpara,resubelpara,Mendal,Mendal Station,25.82472,90.46583,1997,4,Pre-monsoon,2.84,2025.0,Safe,0.0986029,0.0774368,0.0049870999999999,6.44,NULL,NULL,normalized_exact,0.7,valid,Pre-monsoon_WL_1994-2025.pdf,GWRA_2025.pdf,NULL,local_pdf,local_pdf,official_web_fallback,pdf_text,pdf_table,NULL,9318,NULL,NULL,https://cgwb.gov.in
meghalaya,ri bhoi,nongpoh,nongpoh,Barapani,Barapani Station,25.64583,91.8875,1997,4,Pre-monsoon,1.41,2025.0,Safe,0.0648369999999999,0.0583534,0.0035481,6.08,NULL,NULL,normalized_exact,0.7,valid,Pre-monsoon_WL_1994-2025.pdf,GWRA_2025.pdf,NULL,local_pdf,local_pdf,official_web_fallback,pdf_text,pdf_table,NULL,9318,NULL,NULL,https://cgwb.gov.in
meghalaya,ri bhoi,nongpoh,nongpoh,Nongpoh,Nongpoh Station,25.9,91.88333,1997,4,Pre-monsoon,4.08,2025.0,Safe,0.0648369999999999,0.0583534,0.0035481,6.08,NULL,NULL,normalized_exact,0.7,valid,Pre-monsoon_WL_1994-2025.pdf,GWRA_2025.pdf,NULL,local_pdf,local_pdf,official_web_fallback,pdf_text,pdf_table,NULL,9318,NULL,NULL,https://cgwb.gov.in
meghalaya,ri bhoi,umling,umling,Jorabat,Jorabat Station,25.9,91.88333,1997,4,Pre-monsoon,5.05,2025.0,Safe,0.0648369999999999,0.0583534,0.0035481,6.08,NULL,NULL,normalized_exact,0.7,valid,Pre-monsoon_WL_1994-2025.pdf,GWRA_2025.pdf,NULL,local_pdf,local_pdf,official_web_fallback,pdf_text,pdf_table,NULL,9318,NULL,NULL,https://cgwb.gov.in
meghalaya,south garo hills,gasuapara,gasuapara,Sibbari,Sibbari Station,25.175,90.525,1997,4,Pre-monsoon,5.02,2025.0,Safe,0.2347366,0.2112628,0.0025698,1.22,NULL,NULL,normalized_exact,0.7,valid,Pre-monsoon_WL_1994-2025.pdf,GWRA_2025.pdf,NULL,local_pdf,local_pdf,official_web_fallback,pdf_text,pdf_table,NULL,9318,NULL,NULL,https://cgwb.gov.in
meghalaya,south west garo hills,betasing,betasing,Ampati,Ampati Station,25.5,89.95833,1997,4,Pre-monsoon,3.95,2025.0,Safe,0.079896,0.0387598,0.0076644,19.77,NULL,NULL,normalized_exact,0.7,valid,Pre-monsoon_WL_1994-2025.pdf,GWRA_2025.pdf,NULL,local_pdf,local_pdf,official_web_fallback,pdf_text,pdf_table,NULL,9318,NULL,NULL,https://cgwb.gov.in
meghalaya,south west garo hills,rerapara,rerapara,Garobandha,Garobandha Station,25.58028,90.02222,1997,4,Pre-monsoon,3.16,2025.0,Safe,0.079896,0.0387598,0.0076644,19.77,NULL,NULL,normalized_exact,0.7,valid,Pre-monsoon_WL_1994-2025.pdf,GWRA_2025.pdf,NULL,local_pdf,local_pdf,official_web_fallback,pdf_text,pdf_table,NULL,9318,NULL,NULL,https://cgwb.gov.in
meghalaya,south west garo hills,zikzak,zikzak,Mahendraganj,Mahendraganj Station,25.3,89.85972,1997,4,Pre-monsoon,3.25,2025.0,Safe,0.079896,0.0387598,0.0076644,19.77,NULL,NULL,normalized_exact,0.7,valid,Pre-monsoon_WL_1994-2025.pdf,GWRA_2025.pdf,NULL,local_pdf,local_pdf,official_web_fallback,pdf_text,pdf_table,NULL,9318,NULL,NULL,https://cgwb.gov.in
meghalaya,west garo hills,dalu,dalu,Barengapara,Barengapara Station,25.21667,90.23333,1997,4,Pre-monsoon,5.54,2025.0,Safe,0.2912522,0.1904695,0.036739,19.29,NULL,NULL,normalized_exact,0.7,valid,Pre-monsoon_WL_1994-2025.pdf,GWRA_2025.pdf,NULL,local_pdf,local_pdf,official_web_fallback,pdf_text,pdf_table,NULL,9318,NULL,NULL,https://cgwb.gov.in
meghalaya,west garo hills,dalu,dalu,Kherapara,Kherapara Station,25.34167,90.225,1997,4,Pre-monsoon,3.27,2025.0,Safe,0.2912522,0.1904695,0.036739,19.29,NULL,NULL,normalized_exact,0.7,valid,Pre-monsoon_WL_1994-2025.pdf,GWRA_2025.pdf,NULL,local_pdf,local_pdf,official_web_fallback,pdf_text,pdf_table,NULL,9318,NULL,NULL,https://cgwb.gov.in
meghalaya,west garo hills,dalu,dalu,Porakhasia,Porakhasia Station,25.3,90.01667,1997,4,Pre-monsoon,3.26,2025.0,Safe,0.2912522,0.1904695,0.036739,19.29,NULL,NULL,normalized_exact,0.7,valid,Pre-monsoon_WL_1994-2025.pdf,GWRA_2025.pdf,NULL,local_pdf,local_pdf,official_web_fallback,pdf_text,pdf_table,NULL,9318,NULL,NULL,https://cgwb.gov.in
meghalaya,west garo hills,demdema,demdema,Nidanpur,Nidanpur Station,25.9125,90.12778,1997,4,Pre-monsoon,1.48,2025.0,Safe,0.2912522,0.1904695,0.036739,19.29,NULL,NULL,normalized_exact,0.7,valid,Pre-monsoon_WL_1994-2025.pdf,GWRA_2025.pdf,NULL,local_pdf,local_pdf,official_web_fallback,pdf_text,pdf_table,NULL,9318,NULL,NULL,https://cgwb.gov.in
meghalaya,west garo hills,salsella,salsella,Phulbari,Phulbari Station,25.88333,90.05,1997,4,Pre-monsoon,3.58,2025.0,Safe,0.2912522,0.1904695,0.036739,19.29,NULL,NULL,normalized_exact,0.7,valid,Pre-monsoon_WL_1994-2025.pdf,GWRA_2025.pdf,NULL,local_pdf,local_pdf,official_web_fallback,pdf_text,pdf_table,NULL,9319,NULL,NULL,https://cgwb.gov.in
meghalaya,west garo hills,tikrikilla,tikrikilla,Tikrikilla,Tikrikilla Station,25.94583,90.24444,1997,4,Pre-monsoon,8.08,2025.0,Safe,0.2912522,0.1904695,0.036739,19.29,NULL,NULL,normalized_exact,0.7,valid,Pre-monsoon_WL_1994-2025.pdf,GWRA_2025.pdf,NULL,local_pdf,local_pdf,official_web_fallback,pdf_text,pdf_table,NULL,9319,NULL,NULL,https://cgwb.gov.in
meghalaya,west jaintia hills,thadlaskein,thadlaskein,Jowai,Jowai Station,25.44167,92.175,1997,4,Pre-monsoon,3.84,2025.0,Safe,0.1116346999999999,0.1004712,0.0061129999999999,6.08,NULL,NULL,normalized_exact,0.7,valid,Pre-monsoon_WL_1994-2025.pdf,GWRA_2025.pdf,NULL,local_pdf,local_pdf,official_web_fallback,pdf_text,pdf_table,NULL,9319,NULL,NULL,https://cgwb.gov.in
meghalaya,east khasi hills,mawsynram,mawsynram,Balat,Balat Station,25.20556,91.4,1996,4,Pre-monsoon,5.56,2025.0,Safe,0.2181741,0.1963567,0.006982,3.56,NULL,NULL,normalized_exact,0.7,valid,Pre-monsoon_WL_1994-2025.pdf,GWRA_2025.pdf,NULL,local_pdf,local_pdf,official_web_fallback,pdf_text,pdf_table,NULL,9602,NULL,NULL,https://cgwb.gov.in
meghalaya,east khasi hills,mylliem,mylliem,Mawngap,Mawngap Station,25.47639,91.76944,1996,4,Pre-monsoon,2.47,2025.0,Safe,0.2181741,0.1963567,0.006982,3.56,NULL,NULL,normalized_exact,0.7,valid,Pre-monsoon_WL_1994-2025.pdf,GWRA_2025.pdf,NULL,local_pdf,local_pdf,official_web_fallback,pdf_text,pdf_table,NULL,9602,NULL,NULL,https://cgwb.gov.in
meghalaya,east khasi hills,mylliem,mylliem,Pamlum,Pamlum Station,25.525,91.80556,1996,4,Pre-monsoon,0.1,2025.0,Safe,0.2181741,0.1963567,0.006982,3.56,NULL,NULL,normalized_exact,0.7,valid,Pre-monsoon_WL_1994-2025.pdf,GWRA_2025.pdf,NULL,local_pdf,local_pdf,official_web_fallback,pdf_text,pdf_table,NULL,9602,NULL,NULL,https://cgwb.gov.in
meghalaya,east khasi hills,mylliem,mylliem,Shillong Polo,Shillong Polo Station,25.58333,91.88333,1996,4,Pre-monsoon,0.33,2025.0,Safe,0.2181741,0.1963567,0.006982,3.56,NULL,NULL,normalized_exact,0.7,valid,Pre-monsoon_WL_1994-2025.pdf,GWRA_2025.pdf,NULL,local_pdf,local_pdf,official_web_fallback,pdf_text,pdf_table,NULL,9602,NULL,NULL,https://cgwb.gov.in
meghalaya,east khasi hills,shella bholaganj,shella bholaganj,Cherrapunji,Cherrapunji Station,25.28333,91.71667,1996,4,Pre-monsoon,0.32,2025.0,Safe,0.2181741,0.1963567,0.006982,3.56,NULL,NULL,normalized_exact,0.7,valid,Pre-monsoon_WL_1994-2025.pdf,GWRA_2025.pdf,NULL,local_pdf,local_pdf,official_web_fallback,pdf_text,pdf_table,NULL,9602,NULL,NULL,https://cgwb.gov.in
meghalaya,west khasi hills,Mairang,Mairang,Pyndengnongbri,Pyndengnongbri Station,25.54028,91.67639,1996,4,Pre-monsoon,1.21,2025.0,NULL,0.339654,0.3056885,0.0046341,1.52,NULL,NULL,historical_mapping,0.5,valid,Pre-monsoon_WL_1994-2025.pdf,GWRA_2025.pdf,NULL,local_pdf,local_pdf,official_web_fallback,pdf_text,pdf_table,NULL,9602,NULL,NULL,https://cgwb.gov.in
meghalaya,north garo hills,bajengdoba,bajengdoba,Bajengdoba,Bajengdoba Station,25.88611,90.5125,1996,4,Pre-monsoon,0.98,2025.0,Safe,0.0986029,0.0774368,0.0049870999999999,6.44,NULL,NULL,normalized_exact,0.7,valid,Pre-monsoon_WL_1994-2025.pdf,GWRA_2025.pdf,NULL,local_pdf,local_pdf,official_web_fallback,pdf_text,pdf_table,NULL,9602,NULL,NULL,https://cgwb.gov.in
meghalaya,north garo hills,kharkutta,kharkutta,Depa Sarangma,Depa Sarangma Station,25.86667,90.78333,1996,4,Pre-monsoon,1.95,2025.0,Safe,0.0986029,0.0774368,0.0049870999999999,6.44,NULL,NULL,normalized_exact,0.7,valid,Pre-monsoon_WL_1994-2025.pdf,GWRA_2025.pdf,NULL,local_pdf,local_pdf,official_web_fallback,pdf_text,pdf_table,NULL,9602,NULL,NULL,https://cgwb.gov.in
meghalaya,north garo hills,kharkutta,kharkutta,Kharkutta,Kharkutta Station,25.90556,90.89444,1996,4,Pre-monsoon,2.97,2025.0,Safe,0.0986029,0.0774368,0.0049870999999999,6.44,NULL,NULL,normalized_exact,0.7,valid,Pre-monsoon_WL_1994-2025.pdf,GWRA_2025.pdf,NULL,local_pdf,local_pdf,official_web_fallback,pdf_text,pdf_table,NULL,9602,NULL,NULL,https://cgwb.gov.in
meghalaya,north garo hills,resubelpara,resubelpara,Mendal,Mendal Station,25.82472,90.46583,1996,4,Pre-monsoon,1.8,2025.0,Safe,0.0986029,0.0774368,0.0049870999999999,6.44,NULL,NULL,normalized_exact,0.7,valid,Pre-monsoon_WL_1994-2025.pdf,GWRA_2025.pdf,NULL,local_pdf,local_pdf,official_web_fallback,pdf_text,pdf_table,NULL,9602,NULL,NULL,https://cgwb.gov.in
meghalaya,north garo hills,resubelpara,resubelpara,Mendipathar,Mendipathar Station,25.92083,90.50833,1996,4,Pre-monsoon,1.33,2025.0,Safe,0.0986029,0.0774368,0.0049870999999999,6.44,NULL,NULL,normalized_exact,0.7,valid,Pre-monsoon_WL_1994-2025.pdf,GWRA_2025.pdf,NULL,local_pdf,local_pdf,official_web_fallback,pdf_text,pdf_table,NULL,9602,NULL,NULL,https://cgwb.gov.in
meghalaya,ri bhoi,nongpoh,nongpoh,Barapani,Barapani Station,25.64583,91.8875,1996,4,Pre-monsoon,2.12,2025.0,Safe,0.0648369999999999,0.0583534,0.0035481,6.08,NULL,NULL,normalized_exact,0.7,valid,Pre-monsoon_WL_1994-2025.pdf,GWRA_2025.pdf,NULL,local_pdf,local_pdf,official_web_fallback,pdf_text,pdf_table,NULL,9602,NULL,NULL,https://cgwb.gov.in
meghalaya,ri bhoi,nongpoh,nongpoh,Nongpoh,Nongpoh Station,25.9,91.88333,1996,4,Pre-monsoon,5.21,2025.0,Safe,0.0648369999999999,0.0583534,0.0035481,6.08,NULL,NULL,normalized_exact,0.7,valid,Pre-monsoon_WL_1994-2025.pdf,GWRA_2025.pdf,NULL,local_pdf,local_pdf,official_web_fallback,pdf_text,pdf_table,NULL,9602,NULL,NULL,https://cgwb.gov.in
meghalaya,ri bhoi,umling,umling,Jorabat,Jorabat Station,25.9,91.88333,1996,4,Pre-monsoon,1.52,2025.0,Safe,0.0648369999999999,0.0583534,0.0035481,6.08,NULL,NULL,normalized_exact,0.7,valid,Pre-monsoon_WL_1994-2025.pdf,GWRA_2025.pdf,NULL,local_pdf,local_pdf,official_web_fallback,pdf_text,pdf_table,NULL,9602,NULL,NULL,https://cgwb.gov.in
meghalaya,south west garo hills,betasing,betasing,Ampati,Ampati Station,25.5,89.95833,1996,4,Pre-monsoon,4.0,2025.0,Safe,0.079896,0.0387598,0.0076644,19.77,NULL,NULL,normalized_exact,0.7,valid,Pre-monsoon_WL_1994-2025.pdf,GWRA_2025.pdf,NULL,local_pdf,local_pdf,official_web_fallback,pdf_text,pdf_table,NULL,9602,NULL,NULL,https://cgwb.gov.in
meghalaya,south west garo hills,rerapara,rerapara,Garobandha,Garobandha Station,25.58028,90.02222,1996,4,Pre-monsoon,2.16,2025.0,Safe,0.079896,0.0387598,0.0076644,19.77,NULL,NULL,normalized_exact,0.7,valid,Pre-monsoon_WL_1994-2025.pdf,GWRA_2025.pdf,NULL,local_pdf,local_pdf,official_web_fallback,pdf_text,pdf_table,NULL,9602,NULL,NULL,https://cgwb.gov.in
meghalaya,south west garo hills,zikzak,zikzak,Mahendraganj,Mahendraganj Station,25.3,89.85972,1996,4,Pre-monsoon,3.33,2025.0,Safe,0.079896,0.0387598,0.0076644,19.77,NULL,NULL,normalized_exact,0.7,valid,Pre-monsoon_WL_1994-2025.pdf,GWRA_2025.pdf,NULL,local_pdf,local_pdf,official_web_fallback,pdf_text,pdf_table,NULL,9602,NULL,NULL,https://cgwb.gov.in
meghalaya,west garo hills,dalu,dalu,Barengapara,Barengapara Station,25.21667,90.23333,1996,4,Pre-monsoon,5.72,2025.0,Safe,0.2912522,0.1904695,0.036739,19.29,NULL,NULL,normalized_exact,0.7,valid,Pre-monsoon_WL_1994-2025.pdf,GWRA_2025.pdf,NULL,local_pdf,local_pdf,official_web_fallback,pdf_text,pdf_table,NULL,9602,NULL,NULL,https://cgwb.gov.in
meghalaya,west garo hills,dalu,dalu,Kherapara,Kherapara Station,25.34167,90.225,1996,4,Pre-monsoon,2.61,2025.0,Safe,0.2912522,0.1904695,0.036739,19.29,NULL,NULL,normalized_exact,0.7,valid,Pre-monsoon_WL_1994-2025.pdf,GWRA_2025.pdf,NULL,local_pdf,local_pdf,official_web_fallback,pdf_text,pdf_table,NULL,9602,NULL,NULL,https://cgwb.gov.in
meghalaya,west garo hills,dalu,dalu,Porakhasia,Porakhasia Station,25.3,90.01667,1996,4,Pre-monsoon,3.99,2025.0,Safe,0.2912522,0.1904695,0.036739,19.29,NULL,NULL,normalized_exact,0.7,valid,Pre-monsoon_WL_1994-2025.pdf,GWRA_2025.pdf,NULL,local_pdf,local_pdf,official_web_fallback,pdf_text,pdf_table,NULL,9602,NULL,NULL,https://cgwb.gov.in
meghalaya,west garo hills,demdema,demdema,Nidanpur,Nidanpur Station,25.9125,90.12778,1996,4,Pre-monsoon,1.15,2025.0,Safe,0.2912522,0.1904695,0.036739,19.29,NULL,NULL,normalized_exact,0.7,valid,Pre-monsoon_WL_1994-2025.pdf,GWRA_2025.pdf,NULL,local_pdf,local_pdf,official_web_fallback,pdf_text,pdf_table,NULL,9602,NULL,NULL,https://cgwb.gov.in
meghalaya,west garo hills,salsella,salsella,Phulbari,Phulbari Station,25.88333,90.05,1996,4,Pre-monsoon,2.95,2025.0,Safe,0.2912522,0.1904695,0.036739,19.29,NULL,NULL,normalized_exact,0.7,valid,Pre-monsoon_WL_1994-2025.pdf,GWRA_2025.pdf,NULL,local_pdf,local_pdf,official_web_fallback,pdf_text,pdf_table,NULL,9602,NULL,NULL,https://cgwb.gov.in
meghalaya,west garo hills,tikrikilla,tikrikilla,Tikrikilla,Tikrikilla Station,25.94583,90.24444,1996,4,Pre-monsoon,7.68,2025.0,Safe,0.2912522,0.1904695,0.036739,19.29,NULL,NULL,normalized_exact,0.7,valid,Pre-monsoon_WL_1994-2025.pdf,GWRA_2025.pdf,NULL,local_pdf,local_pdf,official_web_fallback,pdf_text,pdf_table,NULL,9602,NULL,NULL,https://cgwb.gov.in
meghalaya,west jaintia hills,thadlaskein,thadlaskein,Jowai,Jowai Station,25.44167,92.175,1996,4,Pre-monsoon,4.19,2025.0,Safe,0.1116346999999999,0.1004712,0.0061129999999999,6.08,NULL,NULL,normalized_exact,0.7,valid,Pre-monsoon_WL_1994-2025.pdf,GWRA_2025.pdf,NULL,local_pdf,local_pdf,official_web_fallback,pdf_text,pdf_table,NULL,9603,NULL,NULL,https://cgwb.gov.in
meghalaya,east garo hills,samanda,samanda,Williamnagar,Williamnagar Station,25.51,90.51944,1995,4,Pre-monsoon,2.9,2025.0,Safe,0.0849275,0.0764346,0.003461,4.53,NULL,NULL,normalized_exact,0.7,valid,Pre-monsoon_WL_1994-2025.pdf,GWRA_2025.pdf,NULL,local_pdf,local_pdf,official_web_fallback,pdf_text,pdf_table,NULL,9883,NULL,NULL,https://cgwb.gov.in
meghalaya,east khasi hills,mawsynram,mawsynram,Balat,Balat Station,25.20556,91.4,1995,4,Pre-monsoon,5.8,2025.0,Safe,0.2181741,0.1963567,0.006982,3.56,NULL,NULL,normalized_exact,0.7,valid,Pre-monsoon_WL_1994-2025.pdf,GWRA_2025.pdf,NULL,local_pdf,local_pdf,official_web_fallback,pdf_text,pdf_table,NULL,9883,NULL,NULL,https://cgwb.gov.in
meghalaya,east khasi hills,mylliem,mylliem,Mawngap,Mawngap Station,25.47639,91.76944,1995,4,Pre-monsoon,2.8,2025.0,Safe,0.2181741,0.1963567,0.006982,3.56,NULL,NULL,normalized_exact,0.7,valid,Pre-monsoon_WL_1994-2025.pdf,GWRA_2025.pdf,NULL,local_pdf,local_pdf,official_web_fallback,pdf_text,pdf_table,NULL,9883,NULL,NULL,https://cgwb.gov.in
meghalaya,east khasi hills,mylliem,mylliem,Pamlum,Pamlum Station,25.525,91.80556,1995,4,Pre-monsoon,0.6,2025.0,Safe,0.2181741,0.1963567,0.006982,3.56,NULL,NULL,normalized_exact,0.7,valid,Pre-monsoon_WL_1994-2025.pdf,GWRA_2025.pdf,NULL,local_pdf,local_pdf,official_web_fallback,pdf_text,pdf_table,NULL,9883,NULL,NULL,https://cgwb.gov.in
meghalaya,east khasi hills,mylliem,mylliem,Shillong Polo,Shillong Polo Station,25.58333,91.88333,1995,4,Pre-monsoon,0.95,2025.0,Safe,0.2181741,0.1963567,0.006982,3.56,NULL,NULL,normalized_exact,0.7,valid,Pre-monsoon_WL_1994-2025.pdf,GWRA_2025.pdf,NULL,local_pdf,local_pdf,official_web_fallback,pdf_text,pdf_table,NULL,9883,NULL,NULL,https://cgwb.gov.in
meghalaya,east khasi hills,shella bholaganj,shella bholaganj,Cherrapunji,Cherrapunji Station,25.28333,91.71667,1995,4,Pre-monsoon,0.07,2025.0,Safe,0.2181741,0.1963567,0.006982,3.56,NULL,NULL,normalized_exact,0.7,valid,Pre-monsoon_WL_1994-2025.pdf,GWRA_2025.pdf,NULL,local_pdf,local_pdf,official_web_fallback,pdf_text,pdf_table,NULL,9883,NULL,NULL,https://cgwb.gov.in
meghalaya,west khasi hills,Mairang,Mairang,Mairang,Mairang Station,25.57778,91.64167,1995,4,Pre-monsoon,2.07,2025.0,NULL,0.339654,0.3056885,0.0046341,1.52,NULL,NULL,historical_mapping,0.5,valid,Pre-monsoon_WL_1994-2025.pdf,GWRA_2025.pdf,NULL,local_pdf,local_pdf,official_web_fallback,pdf_text,pdf_table,NULL,9883,NULL,NULL,https://cgwb.gov.in
meghalaya,west khasi hills,Mairang,Mairang,Pyndengnongbri,Pyndengnongbri Station,25.54028,91.67639,1995,4,Pre-monsoon,1.3,2025.0,NULL,0.339654,0.3056885,0.0046341,1.52,NULL,NULL,historical_mapping,0.5,valid,Pre-monsoon_WL_1994-2025.pdf,GWRA_2025.pdf,NULL,local_pdf,local_pdf,official_web_fallback,pdf_text,pdf_table,NULL,9883,NULL,NULL,https://cgwb.gov.in
meghalaya,north garo hills,bajengdoba,bajengdoba,Bajengdoba,Bajengdoba Station,25.88611,90.5125,1995,4,Pre-monsoon,1.41,2025.0,Safe,0.0986029,0.0774368,0.0049870999999999,6.44,NULL,NULL,normalized_exact,0.7,valid,Pre-monsoon_WL_1994-2025.pdf,GWRA_2025.pdf,NULL,local_pdf,local_pdf,official_web_fallback,pdf_text,pdf_table,NULL,9883,NULL,NULL,https://cgwb.gov.in
meghalaya,north garo hills,kharkutta,kharkutta,Kharkutta,Kharkutta Station,25.90556,90.89444,1995,4,Pre-monsoon,1.99,2025.0,Safe,0.0986029,0.0774368,0.0049870999999999,6.44,NULL,NULL,normalized_exact,0.7,valid,Pre-monsoon_WL_1994-2025.pdf,GWRA_2025.pdf,NULL,local_pdf,local_pdf,official_web_fallback,pdf_text,pdf_table,NULL,9883,NULL,NULL,https://cgwb.gov.in
meghalaya,north garo hills,resubelpara,resubelpara,Mendal,Mendal Station,25.82472,90.46583,1995,4,Pre-monsoon,2.98,2025.0,Safe,0.0986029,0.0774368,0.0049870999999999,6.44,NULL,NULL,normalized_exact,0.7,valid,Pre-monsoon_WL_1994-2025.pdf,GWRA_2025.pdf,NULL,local_pdf,local_pdf,official_web_fallback,pdf_text,pdf_table,NULL,9883,NULL,NULL,https://cgwb.gov.in
meghalaya,north garo hills,resubelpara,resubelpara,Mendipathar,Mendipathar Station,25.92083,90.50833,1995,4,Pre-monsoon,2.96,2025.0,Safe,0.0986029,0.0774368,0.0049870999999999,6.44,NULL,NULL,normalized_exact,0.7,valid,Pre-monsoon_WL_1994-2025.pdf,GWRA_2025.pdf,NULL,local_pdf,local_pdf,official_web_fallback,pdf_text,pdf_table,NULL,9883,NULL,NULL,https://cgwb.gov.in
meghalaya,ri bhoi,nongpoh,nongpoh,Barapani,Barapani Station,25.64583,91.8875,1995,4,Pre-monsoon,2.2,2025.0,Safe,0.0648369999999999,0.0583534,0.0035481,6.08,NULL,NULL,normalized_exact,0.7,valid,Pre-monsoon_WL_1994-2025.pdf,GWRA_2025.pdf,NULL,local_pdf,local_pdf,official_web_fallback,pdf_text,pdf_table,NULL,9883,NULL,NULL,https://cgwb.gov.in
meghalaya,ri bhoi,nongpoh,nongpoh,Nongpoh,Nongpoh Station,25.9,91.88333,1995,4,Pre-monsoon,4.97,2025.0,Safe,0.0648369999999999,0.0583534,0.0035481,6.08,NULL,NULL,normalized_exact,0.7,valid,Pre-monsoon_WL_1994-2025.pdf,GWRA_2025.pdf,NULL,local_pdf,local_pdf,official_web_fallback,pdf_text,pdf_table,NULL,9883,NULL,NULL,https://cgwb.gov.in
meghalaya,ri bhoi,umling,umling,Jorabat,Jorabat Station,25.9,91.88333,1995,4,Pre-monsoon,1.67,2025.0,Safe,0.0648369999999999,0.0583534,0.0035481,6.08,NULL,NULL,normalized_exact,0.7,valid,Pre-monsoon_WL_1994-2025.pdf,GWRA_2025.pdf,NULL,local_pdf,local_pdf,official_web_fallback,pdf_text,pdf_table,NULL,9883,NULL,NULL,https://cgwb.gov.in
meghalaya,south west garo hills,betasing,betasing,Ampati,Ampati Station,25.5,89.95833,1995,4,Pre-monsoon,2.71,2025.0,Safe,0.079896,0.0387598,0.0076644,19.77,NULL,NULL,normalized_exact,0.7,valid,Pre-monsoon_WL_1994-2025.pdf,GWRA_2025.pdf,NULL,local_pdf,local_pdf,official_web_fallback,pdf_text,pdf_table,NULL,9883,NULL,NULL,https://cgwb.gov.in
meghalaya,south west garo hills,rerapara,rerapara,Garobandha,Garobandha Station,25.58028,90.02222,1995,4,Pre-monsoon,2.87,2025.0,Safe,0.079896,0.0387598,0.0076644,19.77,NULL,NULL,normalized_exact,0.7,valid,Pre-monsoon_WL_1994-2025.pdf,GWRA_2025.pdf,NULL,local_pdf,local_pdf,official_web_fallback,pdf_text,pdf_table,NULL,9883,NULL,NULL,https://cgwb.gov.in
meghalaya,south west garo hills,zikzak,zikzak,Mahendraganj,Mahendraganj Station,25.3,89.85972,1995,4,Pre-monsoon,2.98,2025.0,Safe,0.079896,0.0387598,0.0076644,19.77,NULL,NULL,normalized_exact,0.7,valid,Pre-monsoon_WL_1994-2025.pdf,GWRA_2025.pdf,NULL,local_pdf,local_pdf,official_web_fallback,pdf_text,pdf_table,NULL,9883,NULL,NULL,https://cgwb.gov.in
meghalaya,west garo hills,dalu,dalu,Barengapara,Barengapara Station,25.21667,90.23333,1995,4,Pre-monsoon,5.81,2025.0,Safe,0.2912522,0.1904695,0.036739,19.29,NULL,NULL,normalized_exact,0.7,valid,Pre-monsoon_WL_1994-2025.pdf,GWRA_2025.pdf,NULL,local_pdf,local_pdf,official_web_fallback,pdf_text,pdf_table,NULL,9884,NULL,NULL,https://cgwb.gov.in
meghalaya,west garo hills,dalu,dalu,Kherapara,Kherapara Station,25.34167,90.225,1995,4,Pre-monsoon,2.65,2025.0,Safe,0.2912522,0.1904695,0.036739,19.29,NULL,NULL,normalized_exact,0.7,valid,Pre-monsoon_WL_1994-2025.pdf,GWRA_2025.pdf,NULL,local_pdf,local_pdf,official_web_fallback,pdf_text,pdf_table,NULL,9884,NULL,NULL,https://cgwb.gov.in
meghalaya,west garo hills,dalu,dalu,Porakhasia,Porakhasia Station,25.3,90.01667,1995,4,Pre-monsoon,4.1,2025.0,Safe,0.2912522,0.1904695,0.036739,19.29,NULL,NULL,normalized_exact,0.7,valid,Pre-monsoon_WL_1994-2025.pdf,GWRA_2025.pdf,NULL,local_pdf,local_pdf,official_web_fallback,pdf_text,pdf_table,NULL,9884,NULL,NULL,https://cgwb.gov.in
meghalaya,west garo hills,salsella,salsella,Phulbari,Phulbari Station,25.88333,90.05,1995,4,Pre-monsoon,7.36,2025.0,Safe,0.2912522,0.1904695,0.036739,19.29,NULL,NULL,normalized_exact,0.7,valid,Pre-monsoon_WL_1994-2025.pdf,GWRA_2025.pdf,NULL,local_pdf,local_pdf,official_web_fallback,pdf_text,pdf_table,NULL,9884,NULL,NULL,https://cgwb.gov.in
meghalaya,west garo hills,tikrikilla,tikrikilla,Tikrikilla,Tikrikilla Station,25.94583,90.24444,1995,4,Pre-monsoon,8.37,2025.0,Safe,0.2912522,0.1904695,0.036739,19.29,NULL,NULL,normalized_exact,0.7,valid,Pre-monsoon_WL_1994-2025.pdf,GWRA_2025.pdf,NULL,local_pdf,local_pdf,official_web_fallback,pdf_text,pdf_table,NULL,9884,NULL,NULL,https://cgwb.gov.in
meghalaya,west jaintia hills,thadlaskein,thadlaskein,Jowai,Jowai Station,25.44167,92.175,1995,4,Pre-monsoon,4.61,2025.0,Safe,0.1116346999999999,0.1004712,0.0061129999999999,6.08,NULL,NULL,normalized_exact,0.7,valid,Pre-monsoon_WL_1994-2025.pdf,GWRA_2025.pdf,NULL,local_pdf,local_pdf,official_web_fallback,pdf_text,pdf_table,NULL,9884,NULL,NULL,https://cgwb.gov.in
meghalaya,east garo hills,dambo rongjeng,dambo rongjeng,Darugiri,Darugiri Station,25.61917,90.7675,1994,4,Pre-monsoon,3.52,2025.0,Safe,0.0849275,0.0764346,0.003461,4.53,NULL,NULL,normalized_exact,0.7,valid,Pre-monsoon_WL_1994-2025.pdf,GWRA_2025.pdf,NULL,local_pdf,local_pdf,official_web_fallback,pdf_text,pdf_table,NULL,10156,NULL,NULL,https://cgwb.gov.in
meghalaya,east garo hills,dambo rongjeng,dambo rongjeng,Rongjeng,Rongjeng Station,25.66667,90.80417,1994,4,Pre-monsoon,5.34,2025.0,Safe,0.0849275,0.0764346,0.003461,4.53,NULL,NULL,normalized_exact,0.7,valid,Pre-monsoon_WL_1994-2025.pdf,GWRA_2025.pdf,NULL,local_pdf,local_pdf,official_web_fallback,pdf_text,pdf_table,NULL,10156,NULL,NULL,https://cgwb.gov.in
meghalaya,east garo hills,samanda,samanda,Williamnagar,Williamnagar Station,25.51,90.51944,1994,4,Pre-monsoon,2.45,2025.0,Safe,0.0849275,0.0764346,0.003461,4.53,NULL,NULL,normalized_exact,0.7,valid,Pre-monsoon_WL_1994-2025.pdf,GWRA_2025.pdf,NULL,local_pdf,local_pdf,official_web_fallback,pdf_text,pdf_table,NULL,10156,NULL,NULL,https://cgwb.gov.in
meghalaya,north garo hills,bajengdoba,bajengdoba,Bajengdoba,Bajengdoba Station,25.88611,90.5125,1994,4,Pre-monsoon,1.27,2025.0,Safe,0.0986029,0.0774368,0.0049870999999999,6.44,NULL,NULL,normalized_exact,0.7,valid,Pre-monsoon_WL_1994-2025.pdf,GWRA_2025.pdf,NULL,local_pdf,local_pdf,official_web_fallback,pdf_text,pdf_table,NULL,10156,NULL,NULL,https://cgwb.gov.in
meghalaya,north garo hills,kharkutta,kharkutta,Depa Sarangma,Depa Sarangma Station,25.86667,90.78333,1994,4,Pre-monsoon,4.48,2025.0,Safe,0.0986029,0.0774368,0.0049870999999999,6.44,NULL,NULL,normalized_exact,0.7,valid,Pre-monsoon_WL_1994-2025.pdf,GWRA_2025.pdf,NULL,local_pdf,local_pdf,official_web_fallback,pdf_text,pdf_table,NULL,10156,NULL,NULL,https://cgwb.gov.in
meghalaya,north garo hills,kharkutta,kharkutta,Kharkutta,Kharkutta Station,25.90556,90.89444,1994,4,Pre-monsoon,1.91,2025.0,Safe,0.0986029,0.0774368,0.0049870999999999,6.44,NULL,NULL,normalized_exact,0.7,valid,Pre-monsoon_WL_1994-2025.pdf,GWRA_2025.pdf,NULL,local_pdf,local_pdf,official_web_fallback,pdf_text,pdf_table,NULL,10156,NULL,NULL,https://cgwb.gov.in
meghalaya,north garo hills,resubelpara,resubelpara,Mendal,Mendal Station,25.82472,90.46583,1994,4,Pre-monsoon,2.85,2025.0,Safe,0.0986029,0.0774368,0.0049870999999999,6.44,NULL,NULL,normalized_exact,0.7,valid,Pre-monsoon_WL_1994-2025.pdf,GWRA_2025.pdf,NULL,local_pdf,local_pdf,official_web_fallback,pdf_text,pdf_table,NULL,10156,NULL,NULL,https://cgwb.gov.in
meghalaya,north garo hills,resubelpara,resubelpara,Mendipathar,Mendipathar Station,25.92083,90.50833,1994,4,Pre-monsoon,2.81,2025.0,Safe,0.0986029,0.0774368,0.0049870999999999,6.44,NULL,NULL,normalized_exact,0.7,valid,Pre-monsoon_WL_1994-2025.pdf,GWRA_2025.pdf,NULL,local_pdf,local_pdf,official_web_fallback,pdf_text,pdf_table,NULL,10156,NULL,NULL,https://cgwb.gov.in
meghalaya,south garo hills,gasuapara,gasuapara,Sibbari,Sibbari Station,25.175,90.525,1994,4,Pre-monsoon,2.01,2025.0,Safe,0.2347366,0.2112628,0.0025698,1.22,NULL,NULL,normalized_exact,0.7,valid,Pre-monsoon_WL_1994-2025.pdf,GWRA_2025.pdf,NULL,local_pdf,local_pdf,official_web_fallback,pdf_text,pdf_table,NULL,10156,NULL,NULL,https://cgwb.gov.in
meghalaya,south west garo hills,betasing,betasing,Ampati,Ampati Station,25.5,89.95833,1994,4,Pre-monsoon,5.65,2025.0,Safe,0.079896,0.0387598,0.0076644,19.77,NULL,NULL,normalized_exact,0.7,valid,Pre-monsoon_WL_1994-2025.pdf,GWRA_2025.pdf,NULL,local_pdf,local_pdf,official_web_fallback,pdf_text,pdf_table,NULL,10157,NULL,NULL,https://cgwb.gov.in
meghalaya,south west garo hills,rerapara,rerapara,Garobandha,Garobandha Station,25.58028,90.02222,1994,4,Pre-monsoon,2.76,2025.0,Safe,0.079896,0.0387598,0.0076644,19.77,NULL,NULL,normalized_exact,0.7,valid,Pre-monsoon_WL_1994-2025.pdf,GWRA_2025.pdf,NULL,local_pdf,local_pdf,official_web_fallback,pdf_text,pdf_table,NULL,10157,NULL,NULL,https://cgwb.gov.in
meghalaya,south west garo hills,zikzak,zikzak,Mahendraganj,Mahendraganj Station,25.3,89.85972,1994,4,Pre-monsoon,3.03,2025.0,Safe,0.079896,0.0387598,0.0076644,19.77,NULL,NULL,normalized_exact,0.7,valid,Pre-monsoon_WL_1994-2025.pdf,GWRA_2025.pdf,NULL,local_pdf,local_pdf,official_web_fallback,pdf_text,pdf_table,NULL,10157,NULL,NULL,https://cgwb.gov.in
meghalaya,west garo hills,dalu,dalu,Barengapara,Barengapara Station,25.21667,90.23333,1994,4,Pre-monsoon,6.12,2025.0,Safe,0.2912522,0.1904695,0.036739,19.29,NULL,NULL,normalized_exact,0.7,valid,Pre-monsoon_WL_1994-2025.pdf,GWRA_2025.pdf,NULL,local_pdf,local_pdf,official_web_fallback,pdf_text,pdf_table,NULL,10157,NULL,NULL,https://cgwb.gov.in
meghalaya,west garo hills,dalu,dalu,Kherapara,Kherapara Station,25.34167,90.225,1994,4,Pre-monsoon,7.76,2025.0,Safe,0.2912522,0.1904695,0.036739,19.29,NULL,NULL,normalized_exact,0.7,valid,Pre-monsoon_WL_1994-2025.pdf,GWRA_2025.pdf,NULL,local_pdf,local_pdf,official_web_fallback,pdf_text,pdf_table,NULL,10157,NULL,NULL,https://cgwb.gov.in
meghalaya,west garo hills,dalu,dalu,Porakhasia,Porakhasia Station,25.3,90.01667,1994,4,Pre-monsoon,4.04,2025.0,Safe,0.2912522,0.1904695,0.036739,19.29,NULL,NULL,normalized_exact,0.7,valid,Pre-monsoon_WL_1994-2025.pdf,GWRA_2025.pdf,NULL,local_pdf,local_pdf,official_web_fallback,pdf_text,pdf_table,NULL,10157,NULL,NULL,https://cgwb.gov.in
meghalaya,west garo hills,demdema,demdema,Nidanpur,Nidanpur Station,25.9125,90.12778,1994,4,Pre-monsoon,2.24,2025.0,Safe,0.2912522,0.1904695,0.036739,19.29,NULL,NULL,normalized_exact,0.7,valid,Pre-monsoon_WL_1994-2025.pdf,GWRA_2025.pdf,NULL,local_pdf,local_pdf,official_web_fallback,pdf_text,pdf_table,NULL,10157,NULL,NULL,https://cgwb.gov.in
meghalaya,west garo hills,salsella,salsella,Phulbari,Phulbari Station,25.88333,90.05,1994,4,Pre-monsoon,4.69,2025.0,Safe,0.2912522,0.1904695,0.036739,19.29,NULL,NULL,normalized_exact,0.7,valid,Pre-monsoon_WL_1994-2025.pdf,GWRA_2025.pdf,NULL,local_pdf,local_pdf,official_web_fallback,pdf_text,pdf_table,NULL,10157,NULL,NULL,https://cgwb.gov.in
meghalaya,west garo hills,tikrikilla,tikrikilla,Tikrikilla,Tikrikilla Station,25.94583,90.24444,1994,4,Pre-monsoon,8.11,2025.0,Safe,0.2912522,0.1904695,0.036739,19.29,NULL,NULL,normalized_exact,0.7,valid,Pre-monsoon_WL_1994-2025.pdf,GWRA_2025.pdf,NULL,local_pdf,local_pdf,official_web_fallback,pdf_text,pdf_table,NULL,10157,NULL,NULL,https://cgwb.gov.in
meghalaya,west jaintia hills,thadlaskein,thadlaskein,Jowai,Jowai Station,25.44167,92.175,1994,4,Pre-monsoon,4.28,2025.0,Safe,0.1116346999999999,0.1004712,0.0061129999999999,6.08,NULL,NULL,normalized_exact,0.7,valid,Pre-monsoon_WL_1994-2025.pdf,GWRA_2025.pdf,NULL,local_pdf,local_pdf,official_web_fallback,pdf_text,pdf_table,NULL,10157,NULL,NULL,https://cgwb.gov.in
meghalaya,east garo hills,dambo rongjeng,dambo rongjeng,Narringirri,Narringirri Station,25.61028,90.73972,2026,1,January,1.95,2025.0,Safe,0.0849275,0.0764346,0.003461,4.53,NULL,NULL,normalized_exact,0.7,valid,January 2026.xlsx.pdf,GWRA_2025.pdf,NULL,local_pdf,local_pdf,official_web_fallback,pdf_text,pdf_table,NULL,266,NULL,NULL,https://cgwb.gov.in
meghalaya,east garo hills,dambo rongjeng,dambo rongjeng,Rongjeng,Rongjeng Station,25.66667,90.80417,2026,1,January,5.2,2025.0,Safe,0.0849275,0.0764346,0.003461,4.53,NULL,NULL,normalized_exact,0.7,valid,January 2026.xlsx.pdf,GWRA_2025.pdf,NULL,local_pdf,local_pdf,official_web_fallback,pdf_text,pdf_table,NULL,266,NULL,NULL,https://cgwb.gov.in
meghalaya,east garo hills,dambo rongjeng,dambo rongjeng,Rongmil,Rongmil Station,25.73611,90.82445,2026,1,January,2.21,2025.0,Safe,0.0849275,0.0764346,0.003461,4.53,NULL,NULL,normalized_exact,0.7,valid,January 2026.xlsx.pdf,GWRA_2025.pdf,NULL,local_pdf,local_pdf,official_web_fallback,pdf_text,pdf_table,NULL,266,NULL,NULL,https://cgwb.gov.in
meghalaya,east garo hills,samanda,samanda,Baiza Rongreng,Baiza Rongreng Station,25.5425,90.585,2026,1,January,3.9,2025.0,Safe,0.0849275,0.0764346,0.003461,4.53,NULL,NULL,normalized_exact,0.7,valid,January 2026.xlsx.pdf,GWRA_2025.pdf,NULL,local_pdf,local_pdf,official_web_fallback,pdf_text,pdf_table,NULL,266,NULL,NULL,https://cgwb.gov.in
meghalaya,east garo hills,samanda,samanda,Samanda Megapagre,Samanda Megapagre Station,25.58004,90.52681,2026,1,January,4.2,2025.0,Safe,0.0849275,0.0764346,0.003461,4.53,NULL,NULL,normalized_exact,0.7,valid,January 2026.xlsx.pdf,GWRA_2025.pdf,NULL,local_pdf,local_pdf,official_web_fallback,pdf_text,pdf_table,NULL,266,NULL,NULL,https://cgwb.gov.in
meghalaya,east garo hills,samanda,samanda,Williamnagar,Williamnagar Station,25.51,90.51945,2026,1,January,1.08,2025.0,Safe,0.0849275,0.0764346,0.003461,4.53,NULL,NULL,normalized_exact,0.7,valid,January 2026.xlsx.pdf,GWRA_2025.pdf,NULL,local_pdf,local_pdf,official_web_fallback,pdf_text,pdf_table,NULL,266,NULL,NULL,https://cgwb.gov.in
meghalaya,east garo hills,songsak,songsak,Dobu,Dobu Station,25.55612,90.71481,2026,1,January,2.1,2025.0,Safe,0.0849275,0.0764346,0.003461,4.53,NULL,NULL,normalized_exact,0.7,valid,January 2026.xlsx.pdf,GWRA_2025.pdf,NULL,local_pdf,local_pdf,official_web_fallback,pdf_text,pdf_table,NULL,266,NULL,NULL,https://cgwb.gov.in
meghalaya,east garo hills,songsak,songsak,Songsak New,Songsak New Station,25.65135,90.61052,2026,1,January,2.33,2025.0,Safe,0.0849275,0.0764346,0.003461,4.53,NULL,NULL,normalized_exact,0.7,valid,January 2026.xlsx.pdf,GWRA_2025.pdf,NULL,local_pdf,local_pdf,official_web_fallback,pdf_text,pdf_table,NULL,266,NULL,NULL,https://cgwb.gov.in
meghalaya,east khasi hills,mawsynram,mawsynram,Dangar,Dangar Station,25.18889,91.38139,2026,1,January,2.65,2025.0,Safe,0.2181741,0.1963567,0.006982,3.56,NULL,NULL,normalized_exact,0.7,valid,January 2026.xlsx.pdf,GWRA_2025.pdf,NULL,local_pdf,local_pdf,official_web_fallback,pdf_text,pdf_table,NULL,266,NULL,NULL,https://cgwb.gov.in
meghalaya,east khasi hills,mylliem,mylliem,Lachuamiere,Lachuamiere Station,25.57056,91.89028,2026,1,January,2.02,2025.0,Safe,0.2181741,0.1963567,0.006982,3.56,NULL,NULL,normalized_exact,0.7,valid,January 2026.xlsx.pdf,GWRA_2025.pdf,NULL,local_pdf,local_pdf,official_web_fallback,pdf_text,pdf_table,NULL,266,NULL,NULL,https://cgwb.gov.in
meghalaya,east khasi hills,mylliem,mylliem,Lau_Sio_Mi,Lau_Sio_Mi Station,25.50106,91.91225,2026,1,January,6.75,2025.0,Safe,0.2181741,0.1963567,0.006982,3.56,NULL,NULL,normalized_exact,0.7,valid,January 2026.xlsx.pdf,GWRA_2025.pdf,NULL,local_pdf,local_pdf,official_web_fallback,pdf_text,pdf_table,NULL,266,NULL,NULL,https://cgwb.gov.in
meghalaya,east khasi hills,mylliem,mylliem,Nongmynsong,Nongmynsong Station,25.57972,91.90694,2026,1,January,3.57,2025.0,Safe,0.2181741,0.1963567,0.006982,3.56,NULL,NULL,normalized_exact,0.7,valid,January 2026.xlsx.pdf,GWRA_2025.pdf,NULL,local_pdf,local_pdf,official_web_fallback,pdf_text,pdf_table,NULL,266,NULL,NULL,https://cgwb.gov.in
meghalaya,east khasi hills,mylliem,mylliem,Nongrim Hills,Nongrim Hills Station,25.57195,91.90694,2026,1,January,4.35,2025.0,Safe,0.2181741,0.1963567,0.006982,3.56,NULL,NULL,normalized_exact,0.7,valid,January 2026.xlsx.pdf,GWRA_2025.pdf,NULL,local_pdf,local_pdf,official_web_fallback,pdf_text,pdf_table,NULL,266,NULL,NULL,https://cgwb.gov.in
meghalaya,east khasi hills,mylliem,mylliem,Shillong Golf Link,Shillong Golf Link Station,25.58194,91.89445,2026,1,January,5.65,2025.0,Safe,0.2181741,0.1963567,0.006982,3.56,NULL,NULL,normalized_exact,0.7,valid,January 2026.xlsx.pdf,GWRA_2025.pdf,NULL,local_pdf,local_pdf,official_web_fallback,pdf_text,pdf_table,NULL,266,NULL,NULL,https://cgwb.gov.in
meghalaya,east khasi hills,mylliem,mylliem,Water Resources Dept,Water Resources Dept Station,25.56556,91.89611,2026,1,January,4.72,2025.0,Safe,0.2181741,0.1963567,0.006982,3.56,NULL,NULL,normalized_exact,0.7,valid,January 2026.xlsx.pdf,GWRA_2025.pdf,NULL,local_pdf,local_pdf,official_web_fallback,pdf_text,pdf_table,NULL,266,NULL,NULL,https://cgwb.gov.in
meghalaya,east khasi hills,shella bholaganj,shella bholaganj,Cherrapunji,Cherrapunji Station,25.28333,91.71667,2026,1,January,0.5,2025.0,Safe,0.2181741,0.1963567,0.006982,3.56,NULL,NULL,normalized_exact,0.7,valid,January 2026.xlsx.pdf,GWRA_2025.pdf,NULL,local_pdf,local_pdf,official_web_fallback,pdf_text,pdf_table,NULL,266,NULL,NULL,https://cgwb.gov.in
meghalaya,east khasi hills,shella bholaganj,shella bholaganj,Dharam Basti,Dharam Basti Station,25.16333,91.68611,2026,1,January,1.23,2025.0,Safe,0.2181741,0.1963567,0.006982,3.56,NULL,NULL,normalized_exact,0.7,valid,January 2026.xlsx.pdf,GWRA_2025.pdf,NULL,local_pdf,local_pdf,official_web_fallback,pdf_text,pdf_table,NULL,266,NULL,NULL,https://cgwb.gov.in
meghalaya,east khasi hills,shella bholaganj,shella bholaganj,Nit Cherrapunji1,Nit Cherrapunji1 Station,25.25028,91.74416,2026,1,January,4.75,2025.0,Safe,0.2181741,0.1963567,0.006982,3.56,NULL,NULL,normalized_exact,0.7,valid,January 2026.xlsx.pdf,GWRA_2025.pdf,NULL,local_pdf,local_pdf,official_web_fallback,pdf_text,pdf_table,NULL,266,NULL,NULL,https://cgwb.gov.in
meghalaya,west khasi hills,Mairang,Mairang,Dongkingding,Dongkingding Station,25.75306,91.66222,2026,1,January,1.95,2025.0,NULL,0.339654,0.3056885,0.0046341,1.52,NULL,NULL,historical_mapping,0.5,valid,January 2026.xlsx.pdf,GWRA_2025.pdf,NULL,local_pdf,local_pdf,official_web_fallback,pdf_text,pdf_table,NULL,266,NULL,NULL,https://cgwb.gov.in
meghalaya,west khasi hills,Mairang,Mairang,Mairang N,Mairang N Station,25.56222,91.63917,2026,1,January,1.68,2025.0,NULL,0.339654,0.3056885,0.0046341,1.52,NULL,NULL,historical_mapping,0.5,valid,January 2026.xlsx.pdf,GWRA_2025.pdf,NULL,local_pdf,local_pdf,official_web_fallback,pdf_text,pdf_table,NULL,266,NULL,NULL,https://cgwb.gov.in
meghalaya,north garo hills,bajengdoba,bajengdoba,Bajengdoba,Bajengdoba Station,25.88611,90.5125,2026,1,January,2.97,2025.0,Safe,0.0986029,0.0774368,0.0049870999999999,6.44,NULL,NULL,normalized_exact,0.7,valid,January 2026.xlsx.pdf,GWRA_2025.pdf,NULL,local_pdf,local_pdf,official_web_fallback,pdf_text,pdf_table,NULL,266,NULL,NULL,https://cgwb.gov.in
meghalaya,north garo hills,bajengdoba,bajengdoba,Snalgre,Snalgre Station,25.74882,90.40422,2026,1,January,1.38,2025.0,Safe,0.0986029,0.0774368,0.0049870999999999,6.44,NULL,NULL,normalized_exact,0.7,valid,January 2026.xlsx.pdf,GWRA_2025.pdf,NULL,local_pdf,local_pdf,official_web_fallback,pdf_text,pdf_table,NULL,267,NULL,NULL,https://cgwb.gov.in
meghalaya,north garo hills,kharkutta,kharkutta,Wageasi,Wageasi Station,25.82235,90.78751,2026,1,January,2.4,2025.0,Safe,0.0986029,0.0774368,0.0049870999999999,6.44,NULL,NULL,normalized_exact,0.7,valid,January 2026.xlsx.pdf,GWRA_2025.pdf,NULL,local_pdf,local_pdf,official_web_fallback,pdf_text,pdf_table,NULL,267,NULL,NULL,https://cgwb.gov.in
meghalaya,north garo hills,resubelpara,resubelpara,Dainadubi,Dainadubi Station,25.89889,90.7775,2026,1,January,3.84,2025.0,Safe,0.0986029,0.0774368,0.0049870999999999,6.44,NULL,NULL,normalized_exact,0.7,valid,January 2026.xlsx.pdf,GWRA_2025.pdf,NULL,local_pdf,local_pdf,official_web_fallback,pdf_text,pdf_table,NULL,267,NULL,NULL,https://cgwb.gov.in
meghalaya,north garo hills,resubelpara,resubelpara,Mendal,Mendal Station,25.82472,90.46584,2026,1,January,2.6,2025.0,Safe,0.0986029,0.0774368,0.0049870999999999,6.44,NULL,NULL,normalized_exact,0.7,valid,January 2026.xlsx.pdf,GWRA_2025.pdf,NULL,local_pdf,local_pdf,official_web_fallback,pdf_text,pdf_table,NULL,267,NULL,NULL,https://cgwb.gov.in
meghalaya,north garo hills,resubelpara,resubelpara,Mendipathar Soksan,Mendipathar Soksan Station,25.89722,90.64435,2026,1,January,4.68,2025.0,Safe,0.0986029,0.0774368,0.0049870999999999,6.44,NULL,NULL,normalized_exact,0.7,valid,January 2026.xlsx.pdf,GWRA_2025.pdf,NULL,local_pdf,local_pdf,official_web_fallback,pdf_text,pdf_table,NULL,267,NULL,NULL,https://cgwb.gov.in
meghalaya,ri bhoi,bhoirymbong,bhoirymbong,Bhoirymbong,Bhoirymbong Station,25.69917,92.01972,2026,1,January,0.75,2025.0,Safe,0.0648369999999999,0.0583534,0.0035481,6.08,NULL,NULL,normalized_exact,0.7,valid,January 2026.xlsx.pdf,GWRA_2025.pdf,NULL,local_pdf,local_pdf,official_web_fallback,pdf_text,pdf_table,NULL,267,NULL,NULL,https://cgwb.gov.in
meghalaya,ri bhoi,jirang,jirang,Nongbirthem,Nongbirthem Station,25.875,91.67861,2026,1,January,2.05,2025.0,Safe,0.0648369999999999,0.0583534,0.0035481,6.08,NULL,NULL,normalized_exact,0.7,valid,January 2026.xlsx.pdf,GWRA_2025.pdf,NULL,local_pdf,local_pdf,official_web_fallback,pdf_text,pdf_table,NULL,267,NULL,NULL,https://cgwb.gov.in
meghalaya,ri bhoi,jirang,jirang,Patharkhamma Barigaon,Patharkhamma Barigaon Station,25.87139,91.59472,2026,1,January,5.41,2025.0,Safe,0.0648369999999999,0.0583534,0.0035481,6.08,NULL,NULL,normalized_exact,0.7,valid,January 2026.xlsx.pdf,GWRA_2025.pdf,NULL,local_pdf,local_pdf,official_web_fallback,pdf_text,pdf_table,NULL,267,NULL,NULL,https://cgwb.gov.in
meghalaya,ri bhoi,nongpoh,nongpoh,Nongpoh,Nongpoh Station,25.9,91.88333,2026,1,January,3.56,2025.0,Safe,0.0648369999999999,0.0583534,0.0035481,6.08,NULL,NULL,normalized_exact,0.7,valid,January 2026.xlsx.pdf,GWRA_2025.pdf,NULL,local_pdf,local_pdf,official_web_fallback,pdf_text,pdf_table,NULL,267,NULL,NULL,https://cgwb.gov.in
meghalaya,ri bhoi,umling,umling,Byrnihat,Byrnihat Station,26.04889,91.86889,2026,1,January,3.57,2025.0,Safe,0.0648369999999999,0.0583534,0.0035481,6.08,NULL,NULL,normalized_exact,0.7,valid,January 2026.xlsx.pdf,GWRA_2025.pdf,NULL,local_pdf,local_pdf,official_web_fallback,pdf_text,pdf_table,NULL,267,NULL,NULL,https://cgwb.gov.in
meghalaya,ri bhoi,umling,umling,Lower Balian,Lower Balian Station,26.028,91.846,2026,1,January,2.96,2025.0,Safe,0.0648369999999999,0.0583534,0.0035481,6.08,NULL,NULL,normalized_exact,0.7,valid,January 2026.xlsx.pdf,GWRA_2025.pdf,NULL,local_pdf,local_pdf,official_web_fallback,pdf_text,pdf_table,NULL,267,NULL,NULL,https://cgwb.gov.in
meghalaya,ri bhoi,umling,umling,Pahanmawlien,Pahanmawlien Station,25.99472,91.86166,2026,1,January,1.6,2025.0,Safe,0.0648369999999999,0.0583534,0.0035481,6.08,NULL,NULL,normalized_exact,0.7,valid,January 2026.xlsx.pdf,GWRA_2025.pdf,NULL,local_pdf,local_pdf,official_web_fallback,pdf_text,pdf_table,NULL,267,NULL,NULL,https://cgwb.gov.in
meghalaya,ri bhoi,umling,umling,Tamenpoanglong,Tamenpoanglong Station,25.92583,91.94473,2026,1,January,2.92,2025.0,Safe,0.0648369999999999,0.0583534,0.0035481,6.08,NULL,NULL,normalized_exact,0.7,valid,January 2026.xlsx.pdf,GWRA_2025.pdf,NULL,local_pdf,local_pdf,official_web_fallback,pdf_text,pdf_table,NULL,267,NULL,NULL,https://cgwb.gov.in
meghalaya,ri bhoi,umsning,umsning,Nayabunglow,Nayabunglow Station,25.74667,91.88667,2026,1,January,5.75,2025.0,Safe,0.0648369999999999,0.0583534,0.0035481,6.08,NULL,NULL,normalized_exact,0.7,valid,January 2026.xlsx.pdf,GWRA_2025.pdf,NULL,local_pdf,local_pdf,official_web_fallback,pdf_text,pdf_table,NULL,267,NULL,NULL,https://cgwb.gov.in
meghalaya,south garo hills,baghmara,baghmara,Bamongre,Bamongre Station,25.21498,90.48371,2026,1,January,1.18,2025.0,Safe,0.2347366,0.2112628,0.0025698,1.22,NULL,NULL,normalized_exact,0.7,valid,January 2026.xlsx.pdf,GWRA_2025.pdf,NULL,local_pdf,local_pdf,official_web_fallback,pdf_text,pdf_table,NULL,267,NULL,NULL,https://cgwb.gov.in
meghalaya,south garo hills,baghmara,baghmara,Dopha-Adan,Dopha-Adan Station,25.20194,90.61611,2026,1,January,0.81,2025.0,Safe,0.2347366,0.2112628,0.0025698,1.22,NULL,NULL,normalized_exact,0.7,valid,January 2026.xlsx.pdf,GWRA_2025.pdf,NULL,local_pdf,local_pdf,official_web_fallback,pdf_text,pdf_table,NULL,267,NULL,NULL,https://cgwb.gov.in
meghalaya,south garo hills,chokpot,chokpot,Betagre,Betagre Station,25.25028,90.48695,2026,1,January,1.41,2025.0,Safe,0.2347366,0.2112628,0.0025698,1.22,NULL,NULL,normalized_exact,0.7,valid,January 2026.xlsx.pdf,GWRA_2025.pdf,NULL,local_pdf,local_pdf,official_web_fallback,pdf_text,pdf_table,NULL,267,NULL,NULL,https://cgwb.gov.in
meghalaya,south garo hills,gasuapara,gasuapara,Chirenpara,Chirenpara Station,25.20722,90.27139,2026,1,January,2.88,2025.0,Safe,0.2347366,0.2112628,0.0025698,1.22,NULL,NULL,normalized_exact,0.7,valid,January 2026.xlsx.pdf,GWRA_2025.pdf,NULL,local_pdf,local_pdf,official_web_fallback,pdf_text,pdf_table,NULL,267,NULL,NULL,https://cgwb.gov.in
meghalaya,south garo hills,gasuapara,gasuapara,Konduk,Konduk Station,25.19333,90.35694,2026,1,January,1.58,2025.0,Safe,0.2347366,0.2112628,0.0025698,1.22,NULL,NULL,normalized_exact,0.7,valid,January 2026.xlsx.pdf,GWRA_2025.pdf,NULL,local_pdf,local_pdf,official_web_fallback,pdf_text,pdf_table,NULL,267,NULL,NULL,https://cgwb.gov.in
meghalaya,south garo hills,gasuapara,gasuapara,Mandangre,Mandangre Station,25.16833,90.47833,2026,1,January,0.38,2025.0,Safe,0.2347366,0.2112628,0.0025698,1.22,NULL,NULL,normalized_exact,0.7,valid,January 2026.xlsx.pdf,GWRA_2025.pdf,NULL,local_pdf,local_pdf,official_web_fallback,pdf_text,pdf_table,NULL,267,NULL,NULL,https://cgwb.gov.in
meghalaya,south west garo hills,betasing,betasing,Ampati New,Ampati New Station,25.47504,89.93387,2026,1,January,1.0,2025.0,Safe,0.079896,0.0387598,0.0076644,19.77,NULL,NULL,normalized_exact,0.7,valid,January 2026.xlsx.pdf,GWRA_2025.pdf,NULL,local_pdf,local_pdf,official_web_fallback,pdf_text,pdf_table,NULL,267,NULL,NULL,https://cgwb.gov.in
meghalaya,south west garo hills,rerapara,rerapara,Chimesengre,Chimesengre Station,25.53369,90.10868,2026,1,January,2.21,2025.0,Safe,0.079896,0.0387598,0.0076644,19.77,NULL,NULL,normalized_exact,0.7,valid,January 2026.xlsx.pdf,GWRA_2025.pdf,NULL,local_pdf,local_pdf,official_web_fallback,pdf_text,pdf_table,NULL,267,NULL,NULL,https://cgwb.gov.in
meghalaya,south west garo hills,rerapara,rerapara,Garobandha,Garobandha Station,25.58028,90.02222,2026,1,January,3.21,2025.0,Safe,0.079896,0.0387598,0.0076644,19.77,NULL,NULL,normalized_exact,0.7,valid,January 2026.xlsx.pdf,GWRA_2025.pdf,NULL,local_pdf,local_pdf,official_web_fallback,pdf_text,pdf_table,NULL,267,NULL,NULL,https://cgwb.gov.in
meghalaya,south west garo hills,zikzak,zikzak,Mahendraganj,Mahendraganj Station,25.3,89.85972,2026,1,January,1.58,2025.0,Safe,0.079896,0.0387598,0.0076644,19.77,NULL,NULL,normalized_exact,0.7,valid,January 2026.xlsx.pdf,GWRA_2025.pdf,NULL,local_pdf,local_pdf,official_web_fallback,pdf_text,pdf_table,NULL,267,NULL,NULL,https://cgwb.gov.in
meghalaya,west garo hills,dalu,dalu,Kherapara Bazar,Kherapara Bazar Station,25.34467,90.21564,2026,1,January,3.6,2025.0,Safe,0.2912522,0.1904695,0.036739,19.29,NULL,NULL,normalized_exact,0.7,valid,January 2026.xlsx.pdf,GWRA_2025.pdf,NULL,local_pdf,local_pdf,official_web_fallback,pdf_text,pdf_table,NULL,267,NULL,NULL,https://cgwb.gov.in
meghalaya,west garo hills,dalu,dalu,Porakhasia,Porakhasia Station,25.3,90.01667,2026,1,January,2.57,2025.0,Safe,0.2912522,0.1904695,0.036739,19.29,NULL,NULL,normalized_exact,0.7,valid,January 2026.xlsx.pdf,GWRA_2025.pdf,NULL,local_pdf,local_pdf,official_web_fallback,pdf_text,pdf_table,NULL,267,NULL,NULL,https://cgwb.gov.in
meghalaya,west garo hills,demdema,demdema,Nidanpur,Nidanpur Station,25.9125,90.12778,2026,1,January,2.09,2025.0,Safe,0.2912522,0.1904695,0.036739,19.29,NULL,NULL,normalized_exact,0.7,valid,January 2026.xlsx.pdf,GWRA_2025.pdf,NULL,local_pdf,local_pdf,official_web_fallback,pdf_text,pdf_table,NULL,267,NULL,NULL,https://cgwb.gov.in
meghalaya,west garo hills,rongram,rongram,Asanang,Asanang Station,25.59944,90.27556,2026,1,January,4.08,2025.0,Safe,0.2912522,0.1904695,0.036739,19.29,NULL,NULL,normalized_exact,0.7,valid,January 2026.xlsx.pdf,GWRA_2025.pdf,NULL,local_pdf,local_pdf,official_web_fallback,pdf_text,pdf_table,NULL,267,NULL,NULL,https://cgwb.gov.in
meghalaya,west garo hills,rongram,rongram,Baljek New,Baljek New Station,25.66057,90.33997,2026,1,January,1.51,2025.0,Safe,0.2912522,0.1904695,0.036739,19.29,NULL,NULL,normalized_exact,0.7,valid,January 2026.xlsx.pdf,GWRA_2025.pdf,NULL,local_pdf,local_pdf,official_web_fallback,pdf_text,pdf_table,NULL,267,NULL,NULL,https://cgwb.gov.in
meghalaya,west garo hills,rongram,rongram,Rongram,Rongram Station,25.59408,90.24997,2026,1,January,2.47,2025.0,Safe,0.2912522,0.1904695,0.036739,19.29,NULL,NULL,normalized_exact,0.7,valid,January 2026.xlsx.pdf,GWRA_2025.pdf,NULL,local_pdf,local_pdf,official_web_fallback,pdf_text,pdf_table,NULL,267,NULL,NULL,https://cgwb.gov.in
meghalaya,west garo hills,salsella,salsella,Balachanda,Balachanda Station,25.75114,89.99931,2026,1,January,3.74,2025.0,Safe,0.2912522,0.1904695,0.036739,19.29,NULL,NULL,normalized_exact,0.7,valid,January 2026.xlsx.pdf,GWRA_2025.pdf,NULL,local_pdf,local_pdf,official_web_fallback,pdf_text,pdf_table,NULL,267,NULL,NULL,https://cgwb.gov.in
meghalaya,west garo hills,salsella,salsella,Damjongre,Damjongre Station,25.61354,90.0359,2026,1,January,2.89,2025.0,Safe,0.2912522,0.1904695,0.036739,19.29,NULL,NULL,normalized_exact,0.7,valid,January 2026.xlsx.pdf,GWRA_2025.pdf,NULL,local_pdf,local_pdf,official_web_fallback,pdf_text,pdf_table,NULL,267,NULL,NULL,https://cgwb.gov.in
meghalaya,west garo hills,salsella,salsella,Phulbari,Phulbari Station,25.88333,90.05,2026,1,January,2.01,2025.0,Safe,0.2912522,0.1904695,0.036739,19.29,NULL,NULL,normalized_exact,0.7,valid,January 2026.xlsx.pdf,GWRA_2025.pdf,NULL,local_pdf,local_pdf,official_web_fallback,pdf_text,pdf_table,NULL,267,NULL,NULL,https://cgwb.gov.in
meghalaya,west garo hills,salsella,salsella,Salsella,Salsella Station,25.69472,90.01389,2026,1,January,1.4,2025.0,Safe,0.2912522,0.1904695,0.036739,19.29,NULL,NULL,normalized_exact,0.7,valid,January 2026.xlsx.pdf,GWRA_2025.pdf,NULL,local_pdf,local_pdf,official_web_fallback,pdf_text,pdf_table,NULL,267,NULL,NULL,https://cgwb.gov.in
meghalaya,west garo hills,tikrikilla,tikrikilla,Belguri,Belguri Station,25.96389,90.34278,2026,1,January,7.26,2025.0,Safe,0.2912522,0.1904695,0.036739,19.29,NULL,NULL,normalized_exact,0.7,valid,January 2026.xlsx.pdf,GWRA_2025.pdf,NULL,local_pdf,local_pdf,official_web_fallback,pdf_text,pdf_table,NULL,267,NULL,NULL,https://cgwb.gov.in
meghalaya,west garo hills,tikrikilla,tikrikilla,Phutamamri,Phutamamri Station,25.94333,90.22,2026,1,January,3.37,2025.0,Safe,0.2912522,0.1904695,0.036739,19.29,NULL,NULL,normalized_exact,0.7,valid,January 2026.xlsx.pdf,GWRA_2025.pdf,NULL,local_pdf,local_pdf,official_web_fallback,pdf_text,pdf_table,NULL,267,NULL,NULL,https://cgwb.gov.in
meghalaya,west garo hills,tikrikilla,tikrikilla,Tikrikilla,Tikrikilla Station,25.94583,90.24444,2026,1,January,2.38,2025.0,Safe,0.2912522,0.1904695,0.036739,19.29,NULL,NULL,normalized_exact,0.7,valid,January 2026.xlsx.pdf,GWRA_2025.pdf,NULL,local_pdf,local_pdf,official_web_fallback,pdf_text,pdf_table,NULL,267,NULL,NULL,https://cgwb.gov.in
meghalaya,west jaintia hills,amlarem,amlarem,Dauki,Dauki Station,25.2,92.03333,2026,1,January,1.45,2025.0,Safe,0.1116346999999999,0.1004712,0.0061129999999999,6.08,NULL,NULL,normalized_exact,0.7,valid,January 2026.xlsx.pdf,GWRA_2025.pdf,NULL,local_pdf,local_pdf,official_web_fallback,pdf_text,pdf_table,NULL,267,NULL,NULL,https://cgwb.gov.in
meghalaya,west jaintia hills,thadlaskein,thadlaskein,Jowai,Jowai Station,25.44167,92.175,2026,1,January,1.3,2025.0,Safe,0.1116346999999999,0.1004712,0.0061129999999999,6.08,NULL,NULL,normalized_exact,0.7,valid,January 2026.xlsx.pdf,GWRA_2025.pdf,NULL,local_pdf,local_pdf,official_web_fallback,pdf_text,pdf_table,NULL,268,NULL,NULL,https://cgwb.gov.in
meghalaya,west khasi hills,mawshynrut,mawshynrut,Nongshram Bolking,Nongshram Bolking Station,25.5771,90.80751,2026,1,January,2.03,2025.0,Safe,0.339654,0.3056885,0.0046341,1.52,NULL,NULL,normalized_exact,0.7,valid,January 2026.xlsx.pdf,GWRA_2025.pdf,NULL,local_pdf,local_pdf,official_web_fallback,pdf_text,pdf_table,NULL,268,NULL,NULL,https://cgwb.gov.in
meghalaya,west khasi hills,shallang,shallang,Nongdaju,Nongdaju Station,25.55056,90.91861,2026,1,January,3.03,2025.0,Safe,0.339654,0.3056885,0.0046341,1.52,NULL,NULL,normalized_exact,0.7,valid,January 2026.xlsx.pdf,GWRA_2025.pdf,NULL,local_pdf,local_pdf,official_web_fallback,pdf_text,pdf_table,NULL,268,NULL,NULL,https://cgwb.gov.in
