state_name,district_name,block_name,mandal_name,village_name,location_name,latitude,longitude,observation_year,observation_month,observation_period,groundwater_depth_m,gwra_year,gwra_category,annual_groundwater_recharge_bcm,annual_extractable_groundwater_resource_bcm,annual_groundwater_extraction_bcm,stage_of_groundwater_extraction_percent,rainfall_mm,rainfall_period,geography_match_type,confidence_score,data_quality_status,data_source_groundwater,data_source_gwra,data_source_rainfall,groundwater_source_type,gwra_source_type,rainfall_source_type,groundwater_extraction_method,gwra_extraction_method,rainfall_extraction_method,groundwater_source_page,gwra_source_page,rainfall_source_page,source_url
nagaland,dimapur,chumukedima,chumukedima,3 Mile Bazar,3 Mile Bazar Station,25.88056,93.76222,2025,8,August,1.5,2025.0,Safe,0.2273547,0.2099807,0.0140930999999999,6.71,327.3021240234375,monthly,normalized_exact,0.7,valid,August_WL_1994-2025.pdf,GWRA_2025.pdf,IMD Gridded Rainfall (0.25x0.25 deg),local_pdf,local_pdf,official_web_fallback,pdf_text,pdf_table,netcdf_spatial_lookup,232,NULL,NULL,https://cgwb.gov.in
nagaland,dimapur,chumukedima,chumukedima,7Th Mile Colony,7Th Mile Colony Station,25.84389,93.77417,2025,8,August,2.74,2025.0,Safe,0.2273547,0.2099807,0.0140930999999999,6.71,420.2000427246094,monthly,normalized_exact,0.7,valid,August_WL_1994-2025.pdf,GWRA_2025.pdf,IMD Gridded Rainfall (0.25x0.25 deg),local_pdf,local_pdf,official_web_fallback,pdf_text,pdf_table,netcdf_spatial_lookup,232,NULL,NULL,https://cgwb.gov.in
nagaland,dimapur,chumukedima,chumukedima,Bade Bazar,Bade Bazar Station,25.82583,93.68528,2025,8,August,5.24,2025.0,Safe,0.2273547,0.2099807,0.0140930999999999,6.71,420.2000427246094,monthly,normalized_exact,0.7,valid,August_WL_1994-2025.pdf,GWRA_2025.pdf,IMD Gridded Rainfall (0.25x0.25 deg),local_pdf,local_pdf,official_web_fallback,pdf_text,pdf_table,netcdf_spatial_lookup,232,NULL,NULL,https://cgwb.gov.in
nagaland,dimapur,chumukedima,chumukedima,Chumkidima,Chumkidima Station,25.8,93.79583,2025,8,August,1.92,2025.0,Safe,0.2273547,0.2099807,0.0140930999999999,6.71,420.2000427246094,monthly,normalized_exact,0.7,valid,August_WL_1994-2025.pdf,GWRA_2025.pdf,IMD Gridded Rainfall (0.25x0.25 deg),local_pdf,local_pdf,official_web_fallback,pdf_text,pdf_table,netcdf_spatial_lookup,232,NULL,NULL,https://cgwb.gov.in
nagaland,dimapur,chumukedima,chumukedima,Diphupar,Diphupar Station,25.86444,93.77333,2025,8,August,0.4,2025.0,Safe,0.2273547,0.2099807,0.0140930999999999,6.71,420.2000427246094,monthly,normalized_exact,0.7,valid,August_WL_1994-2025.pdf,GWRA_2025.pdf,IMD Gridded Rainfall (0.25x0.25 deg),local_pdf,local_pdf,official_web_fallback,pdf_text,pdf_table,netcdf_spatial_lookup,232,NULL,NULL,https://cgwb.gov.in
nagaland,dimapur,chumukedima,chumukedima,Kacharigaon,Kacharigaon Station,25.89156,93.69056,2025,8,August,8.34,2025.0,Safe,0.2273547,0.2099807,0.0140930999999999,6.71,327.3021240234375,monthly,normalized_exact,0.7,valid,August_WL_1994-2025.pdf,GWRA_2025.pdf,IMD Gridded Rainfall (0.25x0.25 deg),local_pdf,local_pdf,official_web_fallback,pdf_text,pdf_table,netcdf_spatial_lookup,232,NULL,NULL,https://cgwb.gov.in
nagaland,dimapur,chumukedima,chumukedima,Thilaxu Block,Thilaxu Block Station,25.87722,93.7375,2025,8,August,11.1,2025.0,Safe,0.2273547,0.2099807,0.0140930999999999,6.71,327.3021240234375,monthly,normalized_exact,0.7,valid,August_WL_1994-2025.pdf,GWRA_2025.pdf,IMD Gridded Rainfall (0.25x0.25 deg),local_pdf,local_pdf,official_web_fallback,pdf_text,pdf_table,netcdf_spatial_lookup,232,NULL,NULL,https://cgwb.gov.in
nagaland,dimapur,dhansiripar,dhansiripar,Doyabur,Doyabur Station,25.76111,93.60056,2025,8,August,2.73,2025.0,Safe,0.2273547,0.2099807,0.0140930999999999,6.71,225.1586456298828,monthly,normalized_exact,0.7,valid,August_WL_1994-2025.pdf,GWRA_2025.pdf,IMD Gridded Rainfall (0.25x0.25 deg),local_pdf,local_pdf,official_web_fallback,pdf_text,pdf_table,netcdf_spatial_lookup,232,NULL,NULL,https://cgwb.gov.in
nagaland,dimapur,dhansiripar,dhansiripar,Maibiram,Maibiram Station,25.78278,93.62361,2025,8,August,6.52,2025.0,Safe,0.2273547,0.2099807,0.0140930999999999,6.71,225.1586456298828,monthly,normalized_exact,0.7,valid,August_WL_1994-2025.pdf,GWRA_2025.pdf,IMD Gridded Rainfall (0.25x0.25 deg),local_pdf,local_pdf,official_web_fallback,pdf_text,pdf_table,netcdf_spatial_lookup,232,NULL,NULL,https://cgwb.gov.in
nagaland,dimapur,dhansiripar,dhansiripar,Singrijan,Singrijan Station,25.83333,93.71667,2025,8,August,2.3,2025.0,Safe,0.2273547,0.2099807,0.0140930999999999,6.71,420.2000427246094,monthly,normalized_exact,0.7,valid,August_WL_1994-2025.pdf,GWRA_2025.pdf,IMD Gridded Rainfall (0.25x0.25 deg),local_pdf,local_pdf,official_web_fallback,pdf_text,pdf_table,netcdf_spatial_lookup,232,NULL,NULL,https://cgwb.gov.in
nagaland,dimapur,kuhuboto,kuhuboto,Old Showuba,Old Showuba Station,25.85869,93.81163,2025,8,August,0.13,2025.0,Safe,0.2273547,0.2099807,0.0140930999999999,6.71,420.2000427246094,monthly,normalized_exact,0.7,valid,August_WL_1994-2025.pdf,GWRA_2025.pdf,IMD Gridded Rainfall (0.25x0.25 deg),local_pdf,local_pdf,official_web_fallback,pdf_text,pdf_table,netcdf_spatial_lookup,232,NULL,NULL,https://cgwb.gov.in
nagaland,dimapur,kuhuboto,kuhuboto,Vihokhu,Vihokhu Station,25.87028,93.86389,2025,8,August,0.36,2025.0,Safe,0.2273547,0.2099807,0.0140930999999999,6.71,420.2000427246094,monthly,normalized_exact,0.7,valid,August_WL_1994-2025.pdf,GWRA_2025.pdf,IMD Gridded Rainfall (0.25x0.25 deg),local_pdf,local_pdf,official_web_fallback,pdf_text,pdf_table,netcdf_spatial_lookup,232,NULL,NULL,https://cgwb.gov.in
nagaland,dimapur,medziphema,medziphema,Marwari Colony,Marwari Colony Station,25.90278,93.72916,2025,8,August,2.97,2025.0,Safe,0.2273547,0.2099807,0.0140930999999999,6.71,327.3021240234375,monthly,normalized_exact,0.7,valid,August_WL_1994-2025.pdf,GWRA_2025.pdf,IMD Gridded Rainfall (0.25x0.25 deg),local_pdf,local_pdf,official_web_fallback,pdf_text,pdf_table,netcdf_spatial_lookup,232,NULL,NULL,https://cgwb.gov.in
nagaland,dimapur,medziphema,medziphema,Rilayan Colony,Rilayan Colony Station,25.90278,93.68444,2025,8,August,1.91,2025.0,Safe,0.2273547,0.2099807,0.0140930999999999,6.71,327.3021240234375,monthly,normalized_exact,0.7,valid,August_WL_1994-2025.pdf,GWRA_2025.pdf,IMD Gridded Rainfall (0.25x0.25 deg),local_pdf,local_pdf,official_web_fallback,pdf_text,pdf_table,netcdf_spatial_lookup,232,NULL,NULL,https://cgwb.gov.in
nagaland,dimapur,medziphema,medziphema,Zakesatho Colony,Zakesatho Colony Station,25.91833,93.72889,2025,8,August,8.42,2025.0,Safe,0.2273547,0.2099807,0.0140930999999999,6.71,327.3021240234375,monthly,normalized_exact,0.7,valid,August_WL_1994-2025.pdf,GWRA_2025.pdf,IMD Gridded Rainfall (0.25x0.25 deg),local_pdf,local_pdf,official_web_fallback,pdf_text,pdf_table,netcdf_spatial_lookup,232,NULL,NULL,https://cgwb.gov.in
nagaland,dimapur,niuland,niuland,Dc Office,Dc Office Station,25.93171,93.96775,2025,8,August,6.0,2025.0,Safe,0.2273547,0.2099807,0.0140930999999999,6.71,447.4697570800781,monthly,normalized_exact,0.7,valid,August_WL_1994-2025.pdf,GWRA_2025.pdf,IMD Gridded Rainfall (0.25x0.25 deg),local_pdf,local_pdf,official_web_fallback,pdf_text,pdf_table,netcdf_spatial_lookup,232,NULL,NULL,https://cgwb.gov.in
nagaland,dimapur,niuland,niuland,Hozukhe,Hozukhe Station,25.90275,93.95417,2025,8,August,2.17,2025.0,Safe,0.2273547,0.2099807,0.0140930999999999,6.71,447.4697570800781,monthly,normalized_exact,0.7,valid,August_WL_1994-2025.pdf,GWRA_2025.pdf,IMD Gridded Rainfall (0.25x0.25 deg),local_pdf,local_pdf,official_web_fallback,pdf_text,pdf_table,netcdf_spatial_lookup,232,NULL,NULL,https://cgwb.gov.in
nagaland,dimapur,niuland,niuland,Medical Colony,Medical Colony Station,25.94035,93.95996,2025,8,August,7.21,2025.0,Safe,0.2273547,0.2099807,0.0140930999999999,6.71,447.4697570800781,monthly,normalized_exact,0.7,valid,August_WL_1994-2025.pdf,GWRA_2025.pdf,IMD Gridded Rainfall (0.25x0.25 deg),local_pdf,local_pdf,official_web_fallback,pdf_text,pdf_table,netcdf_spatial_lookup,232,NULL,NULL,https://cgwb.gov.in
nagaland,dimapur,niuland,niuland,Nihokhu,Nihokhu Station,25.88619,93.90513,2025,8,August,1.71,2025.0,Safe,0.2273547,0.2099807,0.0140930999999999,6.71,447.4697570800781,monthly,normalized_exact,0.7,valid,August_WL_1994-2025.pdf,GWRA_2025.pdf,IMD Gridded Rainfall (0.25x0.25 deg),local_pdf,local_pdf,official_web_fallback,pdf_text,pdf_table,netcdf_spatial_lookup,232,NULL,NULL,https://cgwb.gov.in
nagaland,dimapur,niuland,niuland,Nikhekhu,Nikhekhu Station,25.89327,93.93265,2025,8,August,6.79,2025.0,Safe,0.2273547,0.2099807,0.0140930999999999,6.71,447.4697570800781,monthly,normalized_exact,0.7,valid,August_WL_1994-2025.pdf,GWRA_2025.pdf,IMD Gridded Rainfall (0.25x0.25 deg),local_pdf,local_pdf,official_web_fallback,pdf_text,pdf_table,netcdf_spatial_lookup,232,NULL,NULL,https://cgwb.gov.in
nagaland,dimapur,niuland,niuland,Niuland Town,Niuland Town Station,25.92056,93.96555,2025,8,August,1.89,2025.0,Safe,0.2273547,0.2099807,0.0140930999999999,6.71,447.4697570800781,monthly,normalized_exact,0.7,valid,August_WL_1994-2025.pdf,GWRA_2025.pdf,IMD Gridded Rainfall (0.25x0.25 deg),local_pdf,local_pdf,official_web_fallback,pdf_text,pdf_table,netcdf_spatial_lookup,232,NULL,NULL,https://cgwb.gov.in
nagaland,kohima,botsa,botsa,Botsa,Botsa Station,25.85201,94.15716,2025,8,August,0.21,2025.0,Safe,0.0308144,0.027733,0.0021616,7.79,457.2447204589844,monthly,normalized_exact,0.7,valid,August_WL_1994-2025.pdf,GWRA_2025.pdf,IMD Gridded Rainfall (0.25x0.25 deg),local_pdf,local_pdf,official_web_fallback,pdf_text,pdf_table,netcdf_spatial_lookup,232,NULL,NULL,https://cgwb.gov.in
nagaland,kohima,chiephobozou,chiephobozou,Chiechama,Chiechama Station,25.81221,94.14026,2025,8,August,0.81,2025.0,Safe,0.0308144,0.027733,0.0021616,7.79,457.2447204589844,monthly,normalized_exact,0.7,valid,August_WL_1994-2025.pdf,GWRA_2025.pdf,IMD Gridded Rainfall (0.25x0.25 deg),local_pdf,local_pdf,official_web_fallback,pdf_text,pdf_table,netcdf_spatial_lookup,232,NULL,NULL,https://cgwb.gov.in
nagaland,kohima,chiephobozou,chiephobozou,Chiephobozou,Chiephobozou Station,25.80534,94.13716,2025,8,August,2.09,2025.0,Safe,0.0308144,0.027733,0.0021616,7.79,457.2447204589844,monthly,normalized_exact,0.7,valid,August_WL_1994-2025.pdf,GWRA_2025.pdf,IMD Gridded Rainfall (0.25x0.25 deg),local_pdf,local_pdf,official_web_fallback,pdf_text,pdf_table,netcdf_spatial_lookup,232,NULL,NULL,https://cgwb.gov.in
nagaland,kohima,chiephobozou,chiephobozou,Meriema,Meriema Station,25.72016,94.08607,2025,8,August,0.9,2025.0,Safe,0.0308144,0.027733,0.0021616,7.79,419.20111083984375,monthly,normalized_exact,0.7,valid,August_WL_1994-2025.pdf,GWRA_2025.pdf,IMD Gridded Rainfall (0.25x0.25 deg),local_pdf,local_pdf,official_web_fallback,pdf_text,pdf_table,netcdf_spatial_lookup,232,NULL,NULL,https://cgwb.gov.in
nagaland,kohima,chiephobozou,chiephobozou,New Market,New Market Station,25.66934,94.09969,2025,8,August,3.74,2025.0,Safe,0.0308144,0.027733,0.0021616,7.79,419.20111083984375,monthly,normalized_exact,0.7,valid,August_WL_1994-2025.pdf,GWRA_2025.pdf,IMD Gridded Rainfall (0.25x0.25 deg),local_pdf,local_pdf,official_web_fallback,pdf_text,pdf_table,netcdf_spatial_lookup,232,NULL,NULL,https://cgwb.gov.in
nagaland,kohima,chiephobozou,chiephobozou,New Secretariat,New Secretariat Station,25.70939,94.10149,2025,8,August,1.06,2025.0,Safe,0.0308144,0.027733,0.0021616,7.79,419.20111083984375,monthly,normalized_exact,0.7,valid,August_WL_1994-2025.pdf,GWRA_2025.pdf,IMD Gridded Rainfall (0.25x0.25 deg),local_pdf,local_pdf,official_web_fallback,pdf_text,pdf_table,netcdf_spatial_lookup,232,NULL,NULL,https://cgwb.gov.in
nagaland,kohima,chiephobozou,chiephobozou,Thezema,Thezema Station,25.74228,94.10956,2025,8,August,0.98,2025.0,Safe,0.0308144,0.027733,0.0021616,7.79,419.20111083984375,monthly,normalized_exact,0.7,valid,August_WL_1994-2025.pdf,GWRA_2025.pdf,IMD Gridded Rainfall (0.25x0.25 deg),local_pdf,local_pdf,official_web_fallback,pdf_text,pdf_table,netcdf_spatial_lookup,232,NULL,NULL,https://cgwb.gov.in
nagaland,kohima,jakhama,jakhama,Kezo Town,Kezo Town Station,25.64508,94.20567,2025,8,August,1.71,2025.0,Safe,0.0308144,0.027733,0.0021616,7.79,457.2447204589844,monthly,normalized_exact,0.7,valid,August_WL_1994-2025.pdf,GWRA_2025.pdf,IMD Gridded Rainfall (0.25x0.25 deg),local_pdf,local_pdf,official_web_fallback,pdf_text,pdf_table,netcdf_spatial_lookup,232,NULL,NULL,https://cgwb.gov.in
nagaland,kohima,jakhama,jakhama,Phesama,Phesama Station,25.62729,94.11324,2025,8,August,1.18,2025.0,Safe,0.0308144,0.027733,0.0021616,7.79,419.20111083984375,monthly,normalized_exact,0.7,valid,August_WL_1994-2025.pdf,GWRA_2025.pdf,IMD Gridded Rainfall (0.25x0.25 deg),local_pdf,local_pdf,official_web_fallback,pdf_text,pdf_table,netcdf_spatial_lookup,232,NULL,NULL,https://cgwb.gov.in
nagaland,kohima,jakhama,jakhama,Upper Ag Colony,Upper Ag Colony Station,25.65406,94.10317,2025,8,August,3.75,2025.0,Safe,0.0308144,0.027733,0.0021616,7.79,419.20111083984375,monthly,normalized_exact,0.7,valid,August_WL_1994-2025.pdf,GWRA_2025.pdf,IMD Gridded Rainfall (0.25x0.25 deg),local_pdf,local_pdf,official_web_fallback,pdf_text,pdf_table,netcdf_spatial_lookup,232,NULL,NULL,https://cgwb.gov.in
nagaland,kohima,kohima,kohima,Jail Colony,Jail Colony Station,25.65728,94.0976,2025,8,August,0.01,2025.0,Safe,0.0308144,0.027733,0.0021616,7.79,419.20111083984375,monthly,normalized_exact,0.7,valid,August_WL_1994-2025.pdf,GWRA_2025.pdf,IMD Gridded Rainfall (0.25x0.25 deg),local_pdf,local_pdf,official_web_fallback,pdf_text,pdf_table,netcdf_spatial_lookup,232,NULL,NULL,https://cgwb.gov.in
nagaland,kohima,kohima,kohima,Keyake Bsf Camp,Keyake Bsf Camp Station,25.68138,94.12573,2025,8,August,1.05,2025.0,Safe,0.0308144,0.027733,0.0021616,7.79,457.2447204589844,monthly,normalized_exact,0.7,valid,August_WL_1994-2025.pdf,GWRA_2025.pdf,IMD Gridded Rainfall (0.25x0.25 deg),local_pdf,local_pdf,official_web_fallback,pdf_text,pdf_table,netcdf_spatial_lookup,232,NULL,NULL,https://cgwb.gov.in
nagaland,kohima,kohima,kohima,Kohima Village,Kohima Village Station,25.6772,94.11492,2025,8,August,2.04,2025.0,Safe,0.0308144,0.027733,0.0021616,7.79,419.20111083984375,monthly,normalized_exact,0.7,valid,August_WL_1994-2025.pdf,GWRA_2025.pdf,IMD Gridded Rainfall (0.25x0.25 deg),local_pdf,local_pdf,official_web_fallback,pdf_text,pdf_table,netcdf_spatial_lookup,232,NULL,NULL,https://cgwb.gov.in
nagaland,kohima,kohima,kohima,Krouliezie,Krouliezie Station,25.68554,94.11253,2025,8,August,4.04,2025.0,Safe,0.0308144,0.027733,0.0021616,7.79,419.20111083984375,monthly,normalized_exact,0.7,valid,August_WL_1994-2025.pdf,GWRA_2025.pdf,IMD Gridded Rainfall (0.25x0.25 deg),local_pdf,local_pdf,official_web_fallback,pdf_text,pdf_table,netcdf_spatial_lookup,232,NULL,NULL,https://cgwb.gov.in
nagaland,kohima,sechu zubza,sechu zubza,Jotsoma,Jotsoma Station,25.66997,94.07033,2025,8,August,0.23,2025.0,Safe,0.0308144,0.027733,0.0021616,7.79,419.20111083984375,monthly,normalized_exact,0.7,valid,August_WL_1994-2025.pdf,GWRA_2025.pdf,IMD Gridded Rainfall (0.25x0.25 deg),local_pdf,local_pdf,official_web_fallback,pdf_text,pdf_table,netcdf_spatial_lookup,232,NULL,NULL,https://cgwb.gov.in
nagaland,mokokchung,mangkolemba,mangkolemba,Kumpani Ward 1,Kumpani Ward 1 Station,26.49831,94.43034,2025,8,August,3.06,2025.0,Safe,0.0624481,0.056203,0.0009540999999999,1.7,312.19171142578125,monthly,normalized_exact,0.7,valid,August_WL_1994-2025.pdf,GWRA_2025.pdf,IMD Gridded Rainfall (0.25x0.25 deg),local_pdf,local_pdf,official_web_fallback,pdf_text,pdf_table,netcdf_spatial_lookup,232,NULL,NULL,https://cgwb.gov.in
nagaland,mokokchung,mangkolemba,mangkolemba,Kumpani Ward 2,Kumpani Ward 2 Station,26.49948,94.42928,2025,8,August,3.23,2025.0,Safe,0.0624481,0.056203,0.0009540999999999,1.7,312.19171142578125,monthly,normalized_exact,0.7,valid,August_WL_1994-2025.pdf,GWRA_2025.pdf,IMD Gridded Rainfall (0.25x0.25 deg),local_pdf,local_pdf,official_web_fallback,pdf_text,pdf_table,netcdf_spatial_lookup,232,NULL,NULL,https://cgwb.gov.in
nagaland,mokokchung,mangkolemba,mangkolemba,Longpayimsen,Longpayimsen Station,26.55053,94.38992,2025,8,August,1.18,2025.0,Safe,0.0624481,0.056203,0.0009540999999999,1.7,312.19171142578125,monthly,normalized_exact,0.7,valid,August_WL_1994-2025.pdf,GWRA_2025.pdf,IMD Gridded Rainfall (0.25x0.25 deg),local_pdf,local_pdf,official_web_fallback,pdf_text,pdf_table,netcdf_spatial_lookup,232,NULL,NULL,https://cgwb.gov.in
nagaland,mokokchung,mangkolemba,mangkolemba,Moayimti Junction,Moayimti Junction Station,26.5078,94.36663,2025,8,August,1.45,2025.0,Safe,0.0624481,0.056203,0.0009540999999999,1.7,430.6758728027344,monthly,normalized_exact,0.7,valid,August_WL_1994-2025.pdf,GWRA_2025.pdf,IMD Gridded Rainfall (0.25x0.25 deg),local_pdf,local_pdf,official_web_fallback,pdf_text,pdf_table,netcdf_spatial_lookup,232,NULL,NULL,https://cgwb.gov.in
nagaland,mokokchung,mangkolemba,mangkolemba,Moayimti Village,Moayimti Village Station,26.52008,94.35636,2025,8,August,2.08,2025.0,Safe,0.0624481,0.056203,0.0009540999999999,1.7,430.6758728027344,monthly,normalized_exact,0.7,valid,August_WL_1994-2025.pdf,GWRA_2025.pdf,IMD Gridded Rainfall (0.25x0.25 deg),local_pdf,local_pdf,official_web_fallback,pdf_text,pdf_table,netcdf_spatial_lookup,232,NULL,NULL,https://cgwb.gov.in
nagaland,mokokchung,mangkolemba,mangkolemba,Tzudayong Ward 1,Tzudayong Ward 1 Station,26.49469,94.43311,2025,8,August,1.79,2025.0,Safe,0.0624481,0.056203,0.0009540999999999,1.7,312.19171142578125,monthly,normalized_exact,0.7,valid,August_WL_1994-2025.pdf,GWRA_2025.pdf,IMD Gridded Rainfall (0.25x0.25 deg),local_pdf,local_pdf,official_web_fallback,pdf_text,pdf_table,netcdf_spatial_lookup,232,NULL,NULL,https://cgwb.gov.in
nagaland,mokokchung,mangkolemba,mangkolemba,Tzudayong Ward 2,Tzudayong Ward 2 Station,26.49366,94.43485,2025,8,August,2.44,2025.0,Safe,0.0624481,0.056203,0.0009540999999999,1.7,312.19171142578125,monthly,normalized_exact,0.7,valid,August_WL_1994-2025.pdf,GWRA_2025.pdf,IMD Gridded Rainfall (0.25x0.25 deg),local_pdf,local_pdf,official_web_fallback,pdf_text,pdf_table,netcdf_spatial_lookup,232,NULL,NULL,https://cgwb.gov.in
nagaland,mokokchung,mokokchung,mokokchung,Kapayong Ward,Kapayong Ward Station,26.32823,94.53387,2025,8,August,0.47,2025.0,Safe,0.0624481,0.056203,0.0009540999999999,1.7,427.8703308105469,monthly,normalized_exact,0.7,valid,August_WL_1994-2025.pdf,GWRA_2025.pdf,IMD Gridded Rainfall (0.25x0.25 deg),local_pdf,local_pdf,official_web_fallback,pdf_text,pdf_table,netcdf_spatial_lookup,232,NULL,NULL,https://cgwb.gov.in
nagaland,mokokchung,mokokchung,mokokchung,Yimyu Ward,Yimyu Ward Station,26.33432,94.50015,2025,8,August,1.04,2025.0,Safe,0.0624481,0.056203,0.0009540999999999,1.7,427.8703308105469,monthly,normalized_exact,0.7,valid,August_WL_1994-2025.pdf,GWRA_2025.pdf,IMD Gridded Rainfall (0.25x0.25 deg),local_pdf,local_pdf,official_web_fallback,pdf_text,pdf_table,netcdf_spatial_lookup,232,NULL,NULL,https://cgwb.gov.in
nagaland,mokokchung,ongpangkong(north),ongpangkong(north),Arkong Ward,Arkong Ward Station,26.32239,94.51157,2025,8,August,0.9,2025.0,Safe,0.0624481,0.056203,0.0009540999999999,1.7,427.8703308105469,monthly,normalized_exact,0.7,valid,August_WL_1994-2025.pdf,GWRA_2025.pdf,IMD Gridded Rainfall (0.25x0.25 deg),local_pdf,local_pdf,official_web_fallback,pdf_text,pdf_table,netcdf_spatial_lookup,232,NULL,NULL,https://cgwb.gov.in
nagaland,mokokchung,ongpangkong(north),ongpangkong(north),D.C. Hills,D.C. Hills Station,26.32096,94.51472,2025,8,August,0.89,2025.0,Safe,0.0624481,0.056203,0.0009540999999999,1.7,427.8703308105469,monthly,normalized_exact,0.7,valid,August_WL_1994-2025.pdf,GWRA_2025.pdf,IMD Gridded Rainfall (0.25x0.25 deg),local_pdf,local_pdf,official_web_fallback,pdf_text,pdf_table,netcdf_spatial_lookup,232,NULL,NULL,https://cgwb.gov.in
nagaland,mokokchung,ongpangkong(north),ongpangkong(north),Mongsenbai Colony,Mongsenbai Colony Station,26.31924,94.50626,2025,8,August,0.55,2025.0,Safe,0.0624481,0.056203,0.0009540999999999,1.7,427.8703308105469,monthly,normalized_exact,0.7,valid,August_WL_1994-2025.pdf,GWRA_2025.pdf,IMD Gridded Rainfall (0.25x0.25 deg),local_pdf,local_pdf,official_web_fallback,pdf_text,pdf_table,netcdf_spatial_lookup,233,NULL,NULL,https://cgwb.gov.in
nagaland,mokokchung,ongpangkong(north),ongpangkong(north),Sangtemla Ward,Sangtemla Ward Station,26.32487,94.51845,2025,8,August,4.39,2025.0,Safe,0.0624481,0.056203,0.0009540999999999,1.7,427.8703308105469,monthly,normalized_exact,0.7,valid,August_WL_1994-2025.pdf,GWRA_2025.pdf,IMD Gridded Rainfall (0.25x0.25 deg),local_pdf,local_pdf,official_web_fallback,pdf_text,pdf_table,netcdf_spatial_lookup,233,NULL,NULL,https://cgwb.gov.in
nagaland,mokokchung,tsurangkong,tsurangkong,Chungtiayimsen,Chungtiayimsen Station,26.52826,94.37357,2025,8,August,0.98,2025.0,Safe,0.0624481,0.056203,0.0009540999999999,1.7,430.6758728027344,monthly,normalized_exact,0.7,valid,August_WL_1994-2025.pdf,GWRA_2025.pdf,IMD Gridded Rainfall (0.25x0.25 deg),local_pdf,local_pdf,official_web_fallback,pdf_text,pdf_table,netcdf_spatial_lookup,233,NULL,NULL,https://cgwb.gov.in
nagaland,mokokchung,tuli,tuli,Longli Lenden Ward,Longli Lenden Ward Station,26.64238,94.64338,2025,8,August,6.32,2025.0,Safe,0.0624481,0.056203,0.0009540999999999,1.7,345.85858154296875,monthly,normalized_exact,0.7,valid,August_WL_1994-2025.pdf,GWRA_2025.pdf,IMD Gridded Rainfall (0.25x0.25 deg),local_pdf,local_pdf,official_web_fallback,pdf_text,pdf_table,netcdf_spatial_lookup,233,NULL,NULL,https://cgwb.gov.in
nagaland,mokokchung,tuli,tuli,Longpong Ward,Longpong Ward Station,26.65283,94.64617,2025,8,August,2.78,2025.0,Safe,0.0624481,0.056203,0.0009540999999999,1.7,345.85858154296875,monthly,normalized_exact,0.7,valid,August_WL_1994-2025.pdf,GWRA_2025.pdf,IMD Gridded Rainfall (0.25x0.25 deg),local_pdf,local_pdf,official_web_fallback,pdf_text,pdf_table,netcdf_spatial_lookup,233,NULL,NULL,https://cgwb.gov.in
nagaland,mokokchung,tuli,tuli,Tulikong Ward,Tulikong Ward Station,26.67876,94.64428,2025,8,August,1.0,2025.0,Safe,0.0624481,0.056203,0.0009540999999999,1.7,345.85858154296875,monthly,normalized_exact,0.7,valid,August_WL_1994-2025.pdf,GWRA_2025.pdf,IMD Gridded Rainfall (0.25x0.25 deg),local_pdf,local_pdf,official_web_fallback,pdf_text,pdf_table,netcdf_spatial_lookup,233,NULL,NULL,https://cgwb.gov.in
nagaland,mokokchung,tuli,tuli,Watiyongpang,Watiyongpang Station,26.75113,94.58411,2025,8,August,1.15,2025.0,Safe,0.0624481,0.056203,0.0009540999999999,1.7,205.67791748046875,monthly,normalized_exact,0.7,valid,August_WL_1994-2025.pdf,GWRA_2025.pdf,IMD Gridded Rainfall (0.25x0.25 deg),local_pdf,local_pdf,official_web_fallback,pdf_text,pdf_table,netcdf_spatial_lookup,233,NULL,NULL,https://cgwb.gov.in
nagaland,mon,mon,mon,Jahjon Ward,Jahjon Ward Station,26.72174,95.03243,2025,8,August,2.34,2025.0,Safe,0.0443039,0.0398736,0.0014663999999999,3.68,311.55133056640625,monthly,normalized_exact,0.7,valid,August_WL_1994-2025.pdf,GWRA_2025.pdf,IMD Gridded Rainfall (0.25x0.25 deg),local_pdf,local_pdf,official_web_fallback,pdf_text,pdf_table,netcdf_spatial_lookup,233,NULL,NULL,https://cgwb.gov.in
nagaland,mon,mon,mon,Shamtham Ward,Shamtham Ward Station,26.73063,95.02982,2025,8,August,0.42,2025.0,Safe,0.0443039,0.0398736,0.0014663999999999,3.68,311.55133056640625,monthly,normalized_exact,0.7,valid,August_WL_1994-2025.pdf,GWRA_2025.pdf,IMD Gridded Rainfall (0.25x0.25 deg),local_pdf,local_pdf,official_web_fallback,pdf_text,pdf_table,netcdf_spatial_lookup,233,NULL,NULL,https://cgwb.gov.in
nagaland,mon,mon,mon,Tammong Village,Tammong Village Station,26.72731,95.04193,2025,8,August,3.4,2025.0,Safe,0.0443039,0.0398736,0.0014663999999999,3.68,311.55133056640625,monthly,normalized_exact,0.7,valid,August_WL_1994-2025.pdf,GWRA_2025.pdf,IMD Gridded Rainfall (0.25x0.25 deg),local_pdf,local_pdf,official_web_fallback,pdf_text,pdf_table,netcdf_spatial_lookup,233,NULL,NULL,https://cgwb.gov.in
nagaland,mon,mon,mon,Walo Ward,Walo Ward Station,26.72061,95.02449,2025,8,August,0.9,2025.0,Safe,0.0443039,0.0398736,0.0014663999999999,3.68,311.55133056640625,monthly,normalized_exact,0.7,valid,August_WL_1994-2025.pdf,GWRA_2025.pdf,IMD Gridded Rainfall (0.25x0.25 deg),local_pdf,local_pdf,official_web_fallback,pdf_text,pdf_table,netcdf_spatial_lookup,233,NULL,NULL,https://cgwb.gov.in
nagaland,mon,mon,mon,Zaklom Ward,Zaklom Ward Station,26.71387,95.02025,2025,8,August,0.22,2025.0,Safe,0.0443039,0.0398736,0.0014663999999999,3.68,311.55133056640625,monthly,normalized_exact,0.7,valid,August_WL_1994-2025.pdf,GWRA_2025.pdf,IMD Gridded Rainfall (0.25x0.25 deg),local_pdf,local_pdf,official_web_fallback,pdf_text,pdf_table,netcdf_spatial_lookup,233,NULL,NULL,https://cgwb.gov.in
nagaland,mon,tizit,tizit,Forest Colony,Forest Colony Station,26.93828,95.06036,2025,8,August,1.31,2025.0,Safe,0.0443039,0.0398736,0.0014663999999999,3.68,335.0946655273437,monthly,normalized_exact,0.7,valid,August_WL_1994-2025.pdf,GWRA_2025.pdf,IMD Gridded Rainfall (0.25x0.25 deg),local_pdf,local_pdf,official_web_fallback,pdf_text,pdf_table,netcdf_spatial_lookup,233,NULL,NULL,https://cgwb.gov.in
nagaland,mon,tizit,tizit,Industry Ward,Industry Ward Station,26.94157,95.05726,2025,8,August,1.08,2025.0,Safe,0.0443039,0.0398736,0.0014663999999999,3.68,335.0946655273437,monthly,normalized_exact,0.7,valid,August_WL_1994-2025.pdf,GWRA_2025.pdf,IMD Gridded Rainfall (0.25x0.25 deg),local_pdf,local_pdf,official_web_fallback,pdf_text,pdf_table,netcdf_spatial_lookup,233,NULL,NULL,https://cgwb.gov.in
nagaland,mon,tizit,tizit,Lapa-Lampong,Lapa-Lampong Station,26.9176,95.05874,2025,8,August,0.34,2025.0,Safe,0.0443039,0.0398736,0.0014663999999999,3.68,335.0946655273437,monthly,normalized_exact,0.7,valid,August_WL_1994-2025.pdf,GWRA_2025.pdf,IMD Gridded Rainfall (0.25x0.25 deg),local_pdf,local_pdf,official_web_fallback,pdf_text,pdf_table,netcdf_spatial_lookup,233,NULL,NULL,https://cgwb.gov.in
nagaland,mon,tizit,tizit,Tizit Village,Tizit Village Station,26.88129,95.07476,2025,8,August,1.96,2025.0,Safe,0.0443039,0.0398736,0.0014663999999999,3.68,335.0946655273437,monthly,normalized_exact,0.7,valid,August_WL_1994-2025.pdf,GWRA_2025.pdf,IMD Gridded Rainfall (0.25x0.25 deg),local_pdf,local_pdf,official_web_fallback,pdf_text,pdf_table,netcdf_spatial_lookup,233,NULL,NULL,https://cgwb.gov.in
nagaland,mon,wakching,wakching,Naginimora,Naginimora Station,26.81278,94.81139,2025,8,August,1.35,2025.0,Safe,0.0443039,0.0398736,0.0014663999999999,3.68,345.85858154296875,monthly,normalized_exact,0.7,valid,August_WL_1994-2025.pdf,GWRA_2025.pdf,IMD Gridded Rainfall (0.25x0.25 deg),local_pdf,local_pdf,official_web_fallback,pdf_text,pdf_table,netcdf_spatial_lookup,233,NULL,NULL,https://cgwb.gov.in
nagaland,peren,jalukie,jalukie,Chc Jalukie,Chc Jalukie Station,25.65717,93.66646,2025,8,August,3.78,2025.0,Safe,0.0450353999999999,0.0405317,0.0017137,4.23,420.2000427246094,monthly,normalized_exact,0.7,valid,August_WL_1994-2025.pdf,GWRA_2025.pdf,IMD Gridded Rainfall (0.25x0.25 deg),local_pdf,local_pdf,official_web_fallback,pdf_text,pdf_table,netcdf_spatial_lookup,233,NULL,NULL,https://cgwb.gov.in
nagaland,peren,jalukie,jalukie,Jalukie 'B',Jalukie 'B' Station,25.6292,93.68243,2025,8,August,0.34,2025.0,Safe,0.0450353999999999,0.0405317,0.0017137,4.23,420.2000427246094,monthly,normalized_exact,0.7,valid,August_WL_1994-2025.pdf,GWRA_2025.pdf,IMD Gridded Rainfall (0.25x0.25 deg),local_pdf,local_pdf,official_web_fallback,pdf_text,pdf_table,netcdf_spatial_lookup,233,NULL,NULL,https://cgwb.gov.in
nagaland,peren,jalukie,jalukie,Keleilwa Colony Jalukie,Keleilwa Colony Jalukie Station,25.65367,93.67336,2025,8,August,2.51,2025.0,Safe,0.0450353999999999,0.0405317,0.0017137,4.23,420.2000427246094,monthly,normalized_exact,0.7,valid,August_WL_1994-2025.pdf,GWRA_2025.pdf,IMD Gridded Rainfall (0.25x0.25 deg),local_pdf,local_pdf,official_web_fallback,pdf_text,pdf_table,netcdf_spatial_lookup,233,NULL,NULL,https://cgwb.gov.in
nagaland,peren,jalukie,jalukie,Mhainamtsi,Mhainamtsi Station,25.67019,93.70176,2025,8,August,0.84,2025.0,Safe,0.0450353999999999,0.0405317,0.0017137,4.23,420.2000427246094,monthly,normalized_exact,0.7,valid,August_WL_1994-2025.pdf,GWRA_2025.pdf,IMD Gridded Rainfall (0.25x0.25 deg),local_pdf,local_pdf,official_web_fallback,pdf_text,pdf_table,netcdf_spatial_lookup,233,NULL,NULL,https://cgwb.gov.in
nagaland,peren,peren,peren,Heningkunglwa,Heningkunglwa Station,25.66286,93.77959,2025,8,August,5.24,2025.0,Safe,0.0450353999999999,0.0405317,0.0017137,4.23,420.2000427246094,monthly,normalized_exact,0.7,valid,August_WL_1994-2025.pdf,GWRA_2025.pdf,IMD Gridded Rainfall (0.25x0.25 deg),local_pdf,local_pdf,official_web_fallback,pdf_text,pdf_table,netcdf_spatial_lookup,233,NULL,NULL,https://cgwb.gov.in
nagaland,phek,pfutsero,pfutsero,Pfutseromi Village,Pfutseromi Village Station,25.56673,94.28716,2025,8,August,2.39,2025.0,Safe,0.0118142,0.0106327,0.0003768,3.54,363.6038208007813,monthly,normalized_exact,0.7,valid,August_WL_1994-2025.pdf,GWRA_2025.pdf,IMD Gridded Rainfall (0.25x0.25 deg),local_pdf,local_pdf,official_web_fallback,pdf_text,pdf_table,netcdf_spatial_lookup,233,NULL,NULL,https://cgwb.gov.in
nagaland,phek,pfutsero,pfutsero,Pwd Colony,Pwd Colony Station,25.56824,94.29247,2025,8,August,5.79,2025.0,Safe,0.0118142,0.0106327,0.0003768,3.54,363.6038208007813,monthly,normalized_exact,0.7,valid,August_WL_1994-2025.pdf,GWRA_2025.pdf,IMD Gridded Rainfall (0.25x0.25 deg),local_pdf,local_pdf,official_web_fallback,pdf_text,pdf_table,netcdf_spatial_lookup,233,NULL,NULL,https://cgwb.gov.in
nagaland,phek,pfutsero,pfutsero,Reku Colony,Reku Colony Station,25.5703,94.3021,2025,8,August,3.69,2025.0,Safe,0.0118142,0.0106327,0.0003768,3.54,363.6038208007813,monthly,normalized_exact,0.7,valid,August_WL_1994-2025.pdf,GWRA_2025.pdf,IMD Gridded Rainfall (0.25x0.25 deg),local_pdf,local_pdf,official_web_fallback,pdf_text,pdf_table,netcdf_spatial_lookup,233,NULL,NULL,https://cgwb.gov.in
nagaland,phek,phek,phek,Bethany I Colony,Bethany I Colony Station,25.71167,94.46645,2025,8,August,0.49,2025.0,Safe,0.0118142,0.0106327,0.0003768,3.54,459.5525512695313,monthly,normalized_exact,0.7,valid,August_WL_1994-2025.pdf,GWRA_2025.pdf,IMD Gridded Rainfall (0.25x0.25 deg),local_pdf,local_pdf,official_web_fallback,pdf_text,pdf_table,netcdf_spatial_lookup,233,NULL,NULL,https://cgwb.gov.in
nagaland,phek,phek,phek,New Colony,New Colony Station,25.70639,94.46259,2025,8,August,2.49,2025.0,Safe,0.0118142,0.0106327,0.0003768,3.54,459.5525512695313,monthly,normalized_exact,0.7,valid,August_WL_1994-2025.pdf,GWRA_2025.pdf,IMD Gridded Rainfall (0.25x0.25 deg),local_pdf,local_pdf,official_web_fallback,pdf_text,pdf_table,netcdf_spatial_lookup,233,NULL,NULL,https://cgwb.gov.in
nagaland,phek,phek,phek,Phek Village,Phek Village Station,25.66427,94.46945,2025,8,August,0.27,2025.0,Safe,0.0118142,0.0106327,0.0003768,3.54,459.5525512695313,monthly,normalized_exact,0.7,valid,August_WL_1994-2025.pdf,GWRA_2025.pdf,IMD Gridded Rainfall (0.25x0.25 deg),local_pdf,local_pdf,official_web_fallback,pdf_text,pdf_table,netcdf_spatial_lookup,233,NULL,NULL,https://cgwb.gov.in
nagaland,tseminyu,chunlikha,chunlikha,Phc Chunlika,Phc Chunlika Station,25.98492,94.23479,2025,8,August,1.64,NULL,Safe,NULL,NULL,NULL,NULL,448.7999572753906,monthly,unmatched,0.0,valid,August_WL_1994-2025.pdf,NULL,IMD Gridded Rainfall (0.25x0.25 deg),local_pdf,official_web_fallback,official_web_fallback,pdf_text,NULL,netcdf_spatial_lookup,233,NULL,NULL,https://cgwb.gov.in
nagaland,tseminyu,tseminyu,tseminyu,Rest House Colony,Rest House Colony Station,25.92594,94.22235,2025,8,August,2.06,NULL,Safe,NULL,NULL,NULL,NULL,448.7999572753906,monthly,unmatched,0.0,valid,August_WL_1994-2025.pdf,NULL,IMD Gridded Rainfall (0.25x0.25 deg),local_pdf,official_web_fallback,official_web_fallback,pdf_text,NULL,netcdf_spatial_lookup,233,NULL,NULL,https://cgwb.gov.in
nagaland,tseminyu,tseminyu,tseminyu,Tseminyu Village,Tseminyu Village Station,25.92594,94.2172,2025,8,August,4.86,NULL,Safe,NULL,NULL,NULL,NULL,448.7999572753906,monthly,unmatched,0.0,valid,August_WL_1994-2025.pdf,NULL,IMD Gridded Rainfall (0.25x0.25 deg),local_pdf,official_web_fallback,official_web_fallback,pdf_text,NULL,netcdf_spatial_lookup,233,NULL,NULL,https://cgwb.gov.in
nagaland,tseminyu,tseminyu,tseminyu,Ttbc,Ttbc Station,25.92206,94.22289,2025,8,August,5.85,NULL,Safe,NULL,NULL,NULL,NULL,448.7999572753906,monthly,unmatched,0.0,valid,August_WL_1994-2025.pdf,NULL,IMD Gridded Rainfall (0.25x0.25 deg),local_pdf,official_web_fallback,official_web_fallback,pdf_text,NULL,netcdf_spatial_lookup,233,NULL,NULL,https://cgwb.gov.in
nagaland,tseminyu,tseminyu,tseminyu,Veterinary Colony,Veterinary Colony Station,25.91679,94.21792,2025,8,August,0.86,NULL,Safe,NULL,NULL,NULL,NULL,448.7999572753906,monthly,unmatched,0.0,valid,August_WL_1994-2025.pdf,NULL,IMD Gridded Rainfall (0.25x0.25 deg),local_pdf,official_web_fallback,official_web_fallback,pdf_text,NULL,netcdf_spatial_lookup,233,NULL,NULL,https://cgwb.gov.in
nagaland,wokha,bhandari,bhandari,Merapani,Merapani Station,26.29997,94.09793,2025,8,August,0.77,2025.0,Safe,0.0763383,0.0687044,0.0017815,2.59,480.9837951660156,monthly,normalized_exact,0.7,valid,August_WL_1994-2025.pdf,GWRA_2025.pdf,IMD Gridded Rainfall (0.25x0.25 deg),local_pdf,local_pdf,official_web_fallback,pdf_text,pdf_table,netcdf_spatial_lookup,233,NULL,NULL,https://cgwb.gov.in
nagaland,wokha,wokha,wokha,Blue Hill Colony,Blue Hill Colony Station,26.09011,94.26324,2025,8,August,0.63,2025.0,Safe,0.0763383,0.0687044,0.0017815,2.59,448.7999572753906,monthly,normalized_exact,0.7,valid,August_WL_1994-2025.pdf,GWRA_2025.pdf,IMD Gridded Rainfall (0.25x0.25 deg),local_pdf,local_pdf,official_web_fallback,pdf_text,pdf_table,netcdf_spatial_lookup,233,NULL,NULL,https://cgwb.gov.in
nagaland,wokha,wokha,wokha,Wokha Village T-Khel,Wokha Village T-Khel Station,26.10883,94.25291,2025,8,August,0.13,2025.0,Safe,0.0763383,0.0687044,0.0017815,2.59,448.7999572753906,monthly,normalized_exact,0.7,valid,August_WL_1994-2025.pdf,GWRA_2025.pdf,IMD Gridded Rainfall (0.25x0.25 deg),local_pdf,local_pdf,official_web_fallback,pdf_text,pdf_table,netcdf_spatial_lookup,233,NULL,NULL,https://cgwb.gov.in
nagaland,wokha,wokha,wokha,Zuvotong,Zuvotong Station,26.09111,94.2584,2025,8,August,1.04,2025.0,Safe,0.0763383,0.0687044,0.0017815,2.59,448.7999572753906,monthly,normalized_exact,0.7,valid,August_WL_1994-2025.pdf,GWRA_2025.pdf,IMD Gridded Rainfall (0.25x0.25 deg),local_pdf,local_pdf,official_web_fallback,pdf_text,pdf_table,netcdf_spatial_lookup,233,NULL,NULL,https://cgwb.gov.in
nagaland,dimapur,chumukedima,chumukedima,3 Mile Bazar,3 Mile Bazar Station,25.88056,93.76222,2024,8,August,1.6,2025.0,Safe,0.2273547,0.2099807,0.0140930999999999,6.71,NULL,NULL,normalized_exact,0.7,valid,August_WL_1994-2025.pdf,GWRA_2025.pdf,NULL,local_pdf,local_pdf,official_web_fallback,pdf_text,pdf_table,NULL,583,NULL,NULL,https://cgwb.gov.in
nagaland,dimapur,chumukedima,chumukedima,7Th Mile Colony,7Th Mile Colony Station,25.84389,93.77417,2024,8,August,4.3,2025.0,Safe,0.2273547,0.2099807,0.0140930999999999,6.71,NULL,NULL,normalized_exact,0.7,valid,August_WL_1994-2025.pdf,GWRA_2025.pdf,NULL,local_pdf,local_pdf,official_web_fallback,pdf_text,pdf_table,NULL,583,NULL,NULL,https://cgwb.gov.in
nagaland,dimapur,chumukedima,chumukedima,Bade Bazar,Bade Bazar Station,25.82583,93.68528,2024,8,August,5.8,2025.0,Safe,0.2273547,0.2099807,0.0140930999999999,6.71,NULL,NULL,normalized_exact,0.7,valid,August_WL_1994-2025.pdf,GWRA_2025.pdf,NULL,local_pdf,local_pdf,official_web_fallback,pdf_text,pdf_table,NULL,583,NULL,NULL,https://cgwb.gov.in
nagaland,dimapur,chumukedima,chumukedima,Chumkidima,Chumkidima Station,25.8,93.79583,2024,8,August,1.7,2025.0,Safe,0.2273547,0.2099807,0.0140930999999999,6.71,NULL,NULL,normalized_exact,0.7,valid,August_WL_1994-2025.pdf,GWRA_2025.pdf,NULL,local_pdf,local_pdf,official_web_fallback,pdf_text,pdf_table,NULL,583,NULL,NULL,https://cgwb.gov.in
nagaland,dimapur,chumukedima,chumukedima,Diphupar,Diphupar Station,25.86444,93.77333,2024,8,August,2.3,2025.0,Safe,0.2273547,0.2099807,0.0140930999999999,6.71,NULL,NULL,normalized_exact,0.7,valid,August_WL_1994-2025.pdf,GWRA_2025.pdf,NULL,local_pdf,local_pdf,official_web_fallback,pdf_text,pdf_table,NULL,583,NULL,NULL,https://cgwb.gov.in
nagaland,dimapur,chumukedima,chumukedima,Kacharigaon,Kacharigaon Station,25.89156,93.69056,2024,8,August,9.5,2025.0,Safe,0.2273547,0.2099807,0.0140930999999999,6.71,NULL,NULL,normalized_exact,0.7,valid,August_WL_1994-2025.pdf,GWRA_2025.pdf,NULL,local_pdf,local_pdf,official_web_fallback,pdf_text,pdf_table,NULL,583,NULL,NULL,https://cgwb.gov.in
nagaland,dimapur,chumukedima,chumukedima,Model Colony,Model Colony Station,25.91569,93.74824,2024,8,August,2.9,2025.0,Safe,0.2273547,0.2099807,0.0140930999999999,6.71,NULL,NULL,normalized_exact,0.7,valid,August_WL_1994-2025.pdf,GWRA_2025.pdf,NULL,local_pdf,local_pdf,official_web_fallback,pdf_text,pdf_table,NULL,583,NULL,NULL,https://cgwb.gov.in
nagaland,dimapur,chumukedima,chumukedima,Tenyephe,Tenyephe Station,25.81245,93.7591,2024,8,August,1.6,2025.0,Safe,0.2273547,0.2099807,0.0140930999999999,6.71,NULL,NULL,normalized_exact,0.7,valid,August_WL_1994-2025.pdf,GWRA_2025.pdf,NULL,local_pdf,local_pdf,official_web_fallback,pdf_text,pdf_table,NULL,583,NULL,NULL,https://cgwb.gov.in
nagaland,dimapur,chumukedima,chumukedima,Thilaxu Block,Thilaxu Block Station,25.87722,93.7375,2024,8,August,11.8,2025.0,Safe,0.2273547,0.2099807,0.0140930999999999,6.71,NULL,NULL,normalized_exact,0.7,valid,August_WL_1994-2025.pdf,GWRA_2025.pdf,NULL,local_pdf,local_pdf,official_web_fallback,pdf_text,pdf_table,NULL,583,NULL,NULL,https://cgwb.gov.in
nagaland,dimapur,dhansiripar,dhansiripar,Doyabur,Doyabur Station,25.76111,93.60056,2024,8,August,2.1,2025.0,Safe,0.2273547,0.2099807,0.0140930999999999,6.71,NULL,NULL,normalized_exact,0.7,valid,August_WL_1994-2025.pdf,GWRA_2025.pdf,NULL,local_pdf,local_pdf,official_web_fallback,pdf_text,pdf_table,NULL,583,NULL,NULL,https://cgwb.gov.in
nagaland,dimapur,dhansiripar,dhansiripar,Maibiram,Maibiram Station,25.78278,93.62361,2024,8,August,5.9,2025.0,Safe,0.2273547,0.2099807,0.0140930999999999,6.71,NULL,NULL,normalized_exact,0.7,valid,August_WL_1994-2025.pdf,GWRA_2025.pdf,NULL,local_pdf,local_pdf,official_web_fallback,pdf_text,pdf_table,NULL,583,NULL,NULL,https://cgwb.gov.in
nagaland,dimapur,dhansiripar,dhansiripar,Pimla,Pimla Station,25.73583,93.68666,2024,8,August,6.2,2025.0,Safe,0.2273547,0.2099807,0.0140930999999999,6.71,NULL,NULL,normalized_exact,0.7,valid,August_WL_1994-2025.pdf,GWRA_2025.pdf,NULL,local_pdf,local_pdf,official_web_fallback,pdf_text,pdf_table,NULL,583,NULL,NULL,https://cgwb.gov.in
nagaland,dimapur,dhansiripar,dhansiripar,Razhaphe,Razhaphe Station,25.78749,93.68788,2024,8,August,1.1,2025.0,Safe,0.2273547,0.2099807,0.0140930999999999,6.71,NULL,NULL,normalized_exact,0.7,valid,August_WL_1994-2025.pdf,GWRA_2025.pdf,NULL,local_pdf,local_pdf,official_web_fallback,pdf_text,pdf_table,NULL,583,NULL,NULL,https://cgwb.gov.in
nagaland,dimapur,dhansiripar,dhansiripar,Singrijan,Singrijan Station,25.83333,93.71667,2024,8,August,2.5,2025.0,Safe,0.2273547,0.2099807,0.0140930999999999,6.71,NULL,NULL,normalized_exact,0.7,valid,August_WL_1994-2025.pdf,GWRA_2025.pdf,NULL,local_pdf,local_pdf,official_web_fallback,pdf_text,pdf_table,NULL,583,NULL,NULL,https://cgwb.gov.in
nagaland,dimapur,kuhuboto,kuhuboto,Old Showuba,Old Showuba Station,25.85869,93.81163,2024,8,August,0.7,2025.0,Safe,0.2273547,0.2099807,0.0140930999999999,6.71,NULL,NULL,normalized_exact,0.7,valid,August_WL_1994-2025.pdf,GWRA_2025.pdf,NULL,local_pdf,local_pdf,official_web_fallback,pdf_text,pdf_table,NULL,584,NULL,NULL,https://cgwb.gov.in
nagaland,dimapur,kuhuboto,kuhuboto,Vihokhu,Vihokhu Station,25.87043,93.86406,2024,8,August,0.6,2025.0,Safe,0.2273547,0.2099807,0.0140930999999999,6.71,NULL,NULL,normalized_exact,0.7,valid,August_WL_1994-2025.pdf,GWRA_2025.pdf,NULL,local_pdf,local_pdf,official_web_fallback,pdf_text,pdf_table,NULL,584,NULL,NULL,https://cgwb.gov.in
nagaland,dimapur,medziphema,medziphema,Jharnapani,Jharnapani Station,25.75704,93.84536,2024,8,August,3.6,2025.0,Safe,0.2273547,0.2099807,0.0140930999999999,6.71,NULL,NULL,normalized_exact,0.7,valid,August_WL_1994-2025.pdf,GWRA_2025.pdf,NULL,local_pdf,local_pdf,official_web_fallback,pdf_text,pdf_table,NULL,584,NULL,NULL,https://cgwb.gov.in
nagaland,dimapur,medziphema,medziphema,Kuki Dolong,Kuki Dolong Station,25.76849,93.82097,2024,8,August,2.6,2025.0,Safe,0.2273547,0.2099807,0.0140930999999999,6.71,NULL,NULL,normalized_exact,0.7,valid,August_WL_1994-2025.pdf,GWRA_2025.pdf,NULL,local_pdf,local_pdf,official_web_fallback,pdf_text,pdf_table,NULL,584,NULL,NULL,https://cgwb.gov.in
nagaland,dimapur,medziphema,medziphema,Marwari Colony,Marwari Colony Station,25.90278,93.72917,2024,8,August,9.1,2025.0,Safe,0.2273547,0.2099807,0.0140930999999999,6.71,NULL,NULL,normalized_exact,0.7,valid,August_WL_1994-2025.pdf,GWRA_2025.pdf,NULL,local_pdf,local_pdf,official_web_fallback,pdf_text,pdf_table,NULL,584,NULL,NULL,https://cgwb.gov.in
nagaland,dimapur,medziphema,medziphema,Medziphema,Medziphema Station,25.76238,93.88402,2024,8,August,4.3,2025.0,Safe,0.2273547,0.2099807,0.0140930999999999,6.71,NULL,NULL,normalized_exact,0.7,valid,August_WL_1994-2025.pdf,GWRA_2025.pdf,NULL,local_pdf,local_pdf,official_web_fallback,pdf_text,pdf_table,NULL,584,NULL,NULL,https://cgwb.gov.in
nagaland,dimapur,medziphema,medziphema,Piphema,Piphema Station,25.75448,93.95539,2024,8,August,2.6,2025.0,Safe,0.2273547,0.2099807,0.0140930999999999,6.71,NULL,NULL,normalized_exact,0.7,valid,August_WL_1994-2025.pdf,GWRA_2025.pdf,NULL,local_pdf,local_pdf,official_web_fallback,pdf_text,pdf_table,NULL,584,NULL,NULL,https://cgwb.gov.in
nagaland,dimapur,medziphema,medziphema,Rilayan Colony,Rilayan Colony Station,25.90278,93.68444,2024,8,August,2.1,2025.0,Safe,0.2273547,0.2099807,0.0140930999999999,6.71,NULL,NULL,normalized_exact,0.7,valid,August_WL_1994-2025.pdf,GWRA_2025.pdf,NULL,local_pdf,local_pdf,official_web_fallback,pdf_text,pdf_table,NULL,584,NULL,NULL,https://cgwb.gov.in
nagaland,dimapur,medziphema,medziphema,Seithekima,Seithekima Station,25.80933,93.79916,2024,8,August,1.5,2025.0,Safe,0.2273547,0.2099807,0.0140930999999999,6.71,NULL,NULL,normalized_exact,0.7,valid,August_WL_1994-2025.pdf,GWRA_2025.pdf,NULL,local_pdf,local_pdf,official_web_fallback,pdf_text,pdf_table,NULL,584,NULL,NULL,https://cgwb.gov.in
nagaland,dimapur,medziphema,medziphema,Seiuruzha Bazar,Seiuruzha Bazar Station,25.80079,93.76372,2024,8,August,0.9,2025.0,Safe,0.2273547,0.2099807,0.0140930999999999,6.71,NULL,NULL,normalized_exact,0.7,valid,August_WL_1994-2025.pdf,GWRA_2025.pdf,NULL,local_pdf,local_pdf,official_web_fallback,pdf_text,pdf_table,NULL,584,NULL,NULL,https://cgwb.gov.in
nagaland,dimapur,medziphema,medziphema,Shokhuvi,Shokhuvi Station,25.76451,93.71977,2024,8,August,0.9,2025.0,Safe,0.2273547,0.2099807,0.0140930999999999,6.71,NULL,NULL,normalized_exact,0.7,valid,August_WL_1994-2025.pdf,GWRA_2025.pdf,NULL,local_pdf,local_pdf,official_web_fallback,pdf_text,pdf_table,NULL,584,NULL,NULL,https://cgwb.gov.in
nagaland,dimapur,medziphema,medziphema,Zakesatho Colony,Zakesatho Colony Station,25.91833,93.72889,2024,8,August,8.5,2025.0,Safe,0.2273547,0.2099807,0.0140930999999999,6.71,NULL,NULL,normalized_exact,0.7,valid,August_WL_1994-2025.pdf,GWRA_2025.pdf,NULL,local_pdf,local_pdf,official_web_fallback,pdf_text,pdf_table,NULL,584,NULL,NULL,https://cgwb.gov.in
nagaland,dimapur,niuland,niuland,Dc Office,Dc Office Station,25.93171,93.96775,2024,8,August,7.3,2025.0,Safe,0.2273547,0.2099807,0.0140930999999999,6.71,NULL,NULL,normalized_exact,0.7,valid,August_WL_1994-2025.pdf,GWRA_2025.pdf,NULL,local_pdf,local_pdf,official_web_fallback,pdf_text,pdf_table,NULL,584,NULL,NULL,https://cgwb.gov.in
nagaland,dimapur,niuland,niuland,Hozukhe,Hozukhe Station,25.90278,93.95495,2024,8,August,2.9,2025.0,Safe,0.2273547,0.2099807,0.0140930999999999,6.71,NULL,NULL,normalized_exact,0.7,valid,August_WL_1994-2025.pdf,GWRA_2025.pdf,NULL,local_pdf,local_pdf,official_web_fallback,pdf_text,pdf_table,NULL,584,NULL,NULL,https://cgwb.gov.in
nagaland,dimapur,niuland,niuland,Medical Colony,Medical Colony Station,25.94035,93.95996,2024,8,August,7.5,2025.0,Safe,0.2273547,0.2099807,0.0140930999999999,6.71,NULL,NULL,normalized_exact,0.7,valid,August_WL_1994-2025.pdf,GWRA_2025.pdf,NULL,local_pdf,local_pdf,official_web_fallback,pdf_text,pdf_table,NULL,584,NULL,NULL,https://cgwb.gov.in
nagaland,dimapur,niuland,niuland,Nihokhu,Nihokhu Station,25.88619,93.90513,2024,8,August,2.2,2025.0,Safe,0.2273547,0.2099807,0.0140930999999999,6.71,NULL,NULL,normalized_exact,0.7,valid,August_WL_1994-2025.pdf,GWRA_2025.pdf,NULL,local_pdf,local_pdf,official_web_fallback,pdf_text,pdf_table,NULL,584,NULL,NULL,https://cgwb.gov.in
nagaland,dimapur,niuland,niuland,Nikhekhu,Nikhekhu Station,25.89327,93.93265,2024,8,August,7.8,2025.0,Safe,0.2273547,0.2099807,0.0140930999999999,6.71,NULL,NULL,normalized_exact,0.7,valid,August_WL_1994-2025.pdf,GWRA_2025.pdf,NULL,local_pdf,local_pdf,official_web_fallback,pdf_text,pdf_table,NULL,584,NULL,NULL,https://cgwb.gov.in
nagaland,dimapur,niuland,niuland,Nuiland Town (Project Colony),Nuiland Town (Project Colony) Station,25.92079,93.96577,2024,8,August,1.7,2025.0,Safe,0.2273547,0.2099807,0.0140930999999999,6.71,NULL,NULL,normalized_exact,0.7,valid,August_WL_1994-2025.pdf,GWRA_2025.pdf,NULL,local_pdf,local_pdf,official_web_fallback,pdf_text,pdf_table,NULL,584,NULL,NULL,https://cgwb.gov.in
nagaland,kohima,botsa,botsa,Botsa,Botsa Station,25.85201,94.15716,2024,8,August,0.3,2025.0,Safe,0.0308144,0.027733,0.0021616,7.79,NULL,NULL,normalized_exact,0.7,valid,August_WL_1994-2025.pdf,GWRA_2025.pdf,NULL,local_pdf,local_pdf,official_web_fallback,pdf_text,pdf_table,NULL,584,NULL,NULL,https://cgwb.gov.in
nagaland,kohima,chiephobozou,chiephobozou,Chiechama,Chiechama Station,25.81221,94.14026,2024,8,August,1.0,2025.0,Safe,0.0308144,0.027733,0.0021616,7.79,NULL,NULL,normalized_exact,0.7,valid,August_WL_1994-2025.pdf,GWRA_2025.pdf,NULL,local_pdf,local_pdf,official_web_fallback,pdf_text,pdf_table,NULL,584,NULL,NULL,https://cgwb.gov.in
nagaland,kohima,chiephobozou,chiephobozou,Chiephobozou,Chiephobozou Station,25.80534,94.13716,2024,8,August,3.0,2025.0,Safe,0.0308144,0.027733,0.0021616,7.79,NULL,NULL,normalized_exact,0.7,valid,August_WL_1994-2025.pdf,GWRA_2025.pdf,NULL,local_pdf,local_pdf,official_web_fallback,pdf_text,pdf_table,NULL,584,NULL,NULL,https://cgwb.gov.in
nagaland,kohima,chiephobozou,chiephobozou,Meriema,Meriema Station,25.72016,94.08607,2024,8,August,1.2,2025.0,Safe,0.0308144,0.027733,0.0021616,7.79,NULL,NULL,normalized_exact,0.7,valid,August_WL_1994-2025.pdf,GWRA_2025.pdf,NULL,local_pdf,local_pdf,official_web_fallback,pdf_text,pdf_table,NULL,584,NULL,NULL,https://cgwb.gov.in
nagaland,kohima,chiephobozou,chiephobozou,New Market,New Market Station,25.66934,94.09969,2024,8,August,3.8,2025.0,Safe,0.0308144,0.027733,0.0021616,7.79,NULL,NULL,normalized_exact,0.7,valid,August_WL_1994-2025.pdf,GWRA_2025.pdf,NULL,local_pdf,local_pdf,official_web_fallback,pdf_text,pdf_table,NULL,584,NULL,NULL,https://cgwb.gov.in
nagaland,kohima,chiephobozou,chiephobozou,New Secretariat,New Secretariat Station,25.70939,94.10149,2024,8,August,1.1,2025.0,Safe,0.0308144,0.027733,0.0021616,7.79,NULL,NULL,normalized_exact,0.7,valid,August_WL_1994-2025.pdf,GWRA_2025.pdf,NULL,local_pdf,local_pdf,official_web_fallback,pdf_text,pdf_table,NULL,584,NULL,NULL,https://cgwb.gov.in
nagaland,kohima,chiephobozou,chiephobozou,Thezema,Thezema Station,25.74228,94.10956,2024,8,August,3.4,2025.0,Safe,0.0308144,0.027733,0.0021616,7.79,NULL,NULL,normalized_exact,0.7,valid,August_WL_1994-2025.pdf,GWRA_2025.pdf,NULL,local_pdf,local_pdf,official_web_fallback,pdf_text,pdf_table,NULL,584,NULL,NULL,https://cgwb.gov.in
nagaland,kohima,jakhama,jakhama,Kezo Town,Kezo Town Station,25.64508,94.20567,2024,8,August,2.0,2025.0,Safe,0.0308144,0.027733,0.0021616,7.79,NULL,NULL,normalized_exact,0.7,valid,August_WL_1994-2025.pdf,GWRA_2025.pdf,NULL,local_pdf,local_pdf,official_web_fallback,pdf_text,pdf_table,NULL,584,NULL,NULL,https://cgwb.gov.in
nagaland,kohima,jakhama,jakhama,Phesama,Phesama Station,25.62729,94.11324,2024,8,August,0.2,2025.0,Safe,0.0308144,0.027733,0.0021616,7.79,NULL,NULL,normalized_exact,0.7,valid,August_WL_1994-2025.pdf,GWRA_2025.pdf,NULL,local_pdf,local_pdf,official_web_fallback,pdf_text,pdf_table,NULL,584,NULL,NULL,https://cgwb.gov.in
nagaland,kohima,jakhama,jakhama,Upper Ag Colony,Upper Ag Colony Station,25.65406,94.10318,2024,8,August,3.0,2025.0,Safe,0.0308144,0.027733,0.0021616,7.79,NULL,NULL,normalized_exact,0.7,valid,August_WL_1994-2025.pdf,GWRA_2025.pdf,NULL,local_pdf,local_pdf,official_web_fallback,pdf_text,pdf_table,NULL,584,NULL,NULL,https://cgwb.gov.in
nagaland,kohima,kohima,kohima,Jail Colony,Jail Colony Station,25.65728,94.09759,2024,8,August,0.0,2025.0,Safe,0.0308144,0.027733,0.0021616,7.79,NULL,NULL,normalized_exact,0.7,valid,August_WL_1994-2025.pdf,GWRA_2025.pdf,NULL,local_pdf,local_pdf,official_web_fallback,pdf_text,pdf_table,NULL,584,NULL,NULL,https://cgwb.gov.in
nagaland,kohima,kohima,kohima,Keyake Bsf Camp,Keyake Bsf Camp Station,25.68138,94.12574,2024,8,August,1.1,2025.0,Safe,0.0308144,0.027733,0.0021616,7.79,NULL,NULL,normalized_exact,0.7,valid,August_WL_1994-2025.pdf,GWRA_2025.pdf,NULL,local_pdf,local_pdf,official_web_fallback,pdf_text,pdf_table,NULL,584,NULL,NULL,https://cgwb.gov.in
nagaland,kohima,kohima,kohima,Kohima Village,Kohima Village Station,25.6772,94.11493,2024,8,August,1.0,2025.0,Safe,0.0308144,0.027733,0.0021616,7.79,NULL,NULL,normalized_exact,0.7,valid,August_WL_1994-2025.pdf,GWRA_2025.pdf,NULL,local_pdf,local_pdf,official_web_fallback,pdf_text,pdf_table,NULL,584,NULL,NULL,https://cgwb.gov.in
nagaland,kohima,kohima,kohima,Krouliezie,Krouliezie Station,25.68554,94.11254,2024,8,August,4.2,2025.0,Safe,0.0308144,0.027733,0.0021616,7.79,NULL,NULL,normalized_exact,0.7,valid,August_WL_1994-2025.pdf,GWRA_2025.pdf,NULL,local_pdf,local_pdf,official_web_fallback,pdf_text,pdf_table,NULL,584,NULL,NULL,https://cgwb.gov.in
nagaland,kohima,kohima,kohima,Naga Hospital Kohima,Naga Hospital Kohima Station,25.66903,94.09952,2024,8,August,4.7,2025.0,Safe,0.0308144,0.027733,0.0021616,7.79,NULL,NULL,normalized_exact,0.7,valid,August_WL_1994-2025.pdf,GWRA_2025.pdf,NULL,local_pdf,local_pdf,official_web_fallback,pdf_text,pdf_table,NULL,584,NULL,NULL,https://cgwb.gov.in
nagaland,kohima,sechu zubza,sechu zubza,Jotsoma,Jotsoma Station,25.66997,94.07033,2024,8,August,0.2,2025.0,Safe,0.0308144,0.027733,0.0021616,7.79,NULL,NULL,normalized_exact,0.7,valid,August_WL_1994-2025.pdf,GWRA_2025.pdf,NULL,local_pdf,local_pdf,official_web_fallback,pdf_text,pdf_table,NULL,584,NULL,NULL,https://cgwb.gov.in
nagaland,kohima,sechu zubza,sechu zubza,Peducha,Peducha Station,25.73811,94.00656,2024,8,August,0.2,2025.0,Safe,0.0308144,0.027733,0.0021616,7.79,NULL,NULL,normalized_exact,0.7,valid,August_WL_1994-2025.pdf,GWRA_2025.pdf,NULL,local_pdf,local_pdf,official_web_fallback,pdf_text,pdf_table,NULL,584,NULL,NULL,https://cgwb.gov.in
nagaland,kohima,sechu zubza,sechu zubza,Sechu Zubza,Sechu Zubza Station,25.72553,94.03786,2024,8,August,2.0,2025.0,Safe,0.0308144,0.027733,0.0021616,7.79,NULL,NULL,normalized_exact,0.7,valid,August_WL_1994-2025.pdf,GWRA_2025.pdf,NULL,local_pdf,local_pdf,official_web_fallback,pdf_text,pdf_table,NULL,584,NULL,NULL,https://cgwb.gov.in
nagaland,mokokchung,mangkolemba,mangkolemba,Kumpani Ward 1,Kumpani Ward 1 Station,26.49831,94.43034,2024,8,August,2.7,2025.0,Safe,0.0624481,0.056203,0.0009540999999999,1.7,NULL,NULL,normalized_exact,0.7,valid,August_WL_1994-2025.pdf,GWRA_2025.pdf,NULL,local_pdf,local_pdf,official_web_fallback,pdf_text,pdf_table,NULL,584,NULL,NULL,https://cgwb.gov.in
nagaland,mokokchung,mangkolemba,mangkolemba,Kumpani Ward 2,Kumpani Ward 2 Station,26.49948,94.42929,2024,8,August,3.2,2025.0,Safe,0.0624481,0.056203,0.0009540999999999,1.7,NULL,NULL,normalized_exact,0.7,valid,August_WL_1994-2025.pdf,GWRA_2025.pdf,NULL,local_pdf,local_pdf,official_web_fallback,pdf_text,pdf_table,NULL,584,NULL,NULL,https://cgwb.gov.in
nagaland,mokokchung,mangkolemba,mangkolemba,Longpayimsen,Longpayimsen Station,26.55053,94.38991,2024,8,August,1.4,2025.0,Safe,0.0624481,0.056203,0.0009540999999999,1.7,NULL,NULL,normalized_exact,0.7,valid,August_WL_1994-2025.pdf,GWRA_2025.pdf,NULL,local_pdf,local_pdf,official_web_fallback,pdf_text,pdf_table,NULL,584,NULL,NULL,https://cgwb.gov.in
nagaland,mokokchung,mangkolemba,mangkolemba,Moayimti Junction,Moayimti Junction Station,26.50781,94.36663,2024,8,August,1.5,2025.0,Safe,0.0624481,0.056203,0.0009540999999999,1.7,NULL,NULL,normalized_exact,0.7,valid,August_WL_1994-2025.pdf,GWRA_2025.pdf,NULL,local_pdf,local_pdf,official_web_fallback,pdf_text,pdf_table,NULL,584,NULL,NULL,https://cgwb.gov.in
nagaland,mokokchung,mangkolemba,mangkolemba,Moayimti Village,Moayimti Village Station,26.52008,94.35636,2024,8,August,2.3,2025.0,Safe,0.0624481,0.056203,0.0009540999999999,1.7,NULL,NULL,normalized_exact,0.7,valid,August_WL_1994-2025.pdf,GWRA_2025.pdf,NULL,local_pdf,local_pdf,official_web_fallback,pdf_text,pdf_table,NULL,584,NULL,NULL,https://cgwb.gov.in
nagaland,mokokchung,mangkolemba,mangkolemba,Tzudayong Ward 1,Tzudayong Ward 1 Station,26.49469,94.43311,2024,8,August,1.9,2025.0,Safe,0.0624481,0.056203,0.0009540999999999,1.7,NULL,NULL,normalized_exact,0.7,valid,August_WL_1994-2025.pdf,GWRA_2025.pdf,NULL,local_pdf,local_pdf,official_web_fallback,pdf_text,pdf_table,NULL,584,NULL,NULL,https://cgwb.gov.in
nagaland,mokokchung,mangkolemba,mangkolemba,Tzudayong Ward 2,Tzudayong Ward 2 Station,26.49366,94.43485,2024,8,August,3.2,2025.0,Safe,0.0624481,0.056203,0.0009540999999999,1.7,NULL,NULL,normalized_exact,0.7,valid,August_WL_1994-2025.pdf,GWRA_2025.pdf,NULL,local_pdf,local_pdf,official_web_fallback,pdf_text,pdf_table,NULL,584,NULL,NULL,https://cgwb.gov.in
nagaland,mokokchung,mokokchung,mokokchung,Kapayong Ward,Kapayong Ward Station,26.32823,94.53387,2024,8,August,0.5,2025.0,Safe,0.0624481,0.056203,0.0009540999999999,1.7,NULL,NULL,normalized_exact,0.7,valid,August_WL_1994-2025.pdf,GWRA_2025.pdf,NULL,local_pdf,local_pdf,official_web_fallback,pdf_text,pdf_table,NULL,584,NULL,NULL,https://cgwb.gov.in
nagaland,mokokchung,mokokchung,mokokchung,Yimyu Ward,Yimyu Ward Station,26.33432,94.50015,2024,8,August,1.2,2025.0,Safe,0.0624481,0.056203,0.0009540999999999,1.7,NULL,NULL,normalized_exact,0.7,valid,August_WL_1994-2025.pdf,GWRA_2025.pdf,NULL,local_pdf,local_pdf,official_web_fallback,pdf_text,pdf_table,NULL,584,NULL,NULL,https://cgwb.gov.in
nagaland,mokokchung,ongpangkong(north),ongpangkong(north),Arkong Ward,Arkong Ward Station,26.32239,94.51157,2024,8,August,0.6,2025.0,Safe,0.0624481,0.056203,0.0009540999999999,1.7,NULL,NULL,normalized_exact,0.7,valid,August_WL_1994-2025.pdf,GWRA_2025.pdf,NULL,local_pdf,local_pdf,official_web_fallback,pdf_text,pdf_table,NULL,584,NULL,NULL,https://cgwb.gov.in
nagaland,mokokchung,ongpangkong(north),ongpangkong(north),D.C. Hills,D.C. Hills Station,26.32096,94.51472,2024,8,August,0.9,2025.0,Safe,0.0624481,0.056203,0.0009540999999999,1.7,NULL,NULL,normalized_exact,0.7,valid,August_WL_1994-2025.pdf,GWRA_2025.pdf,NULL,local_pdf,local_pdf,official_web_fallback,pdf_text,pdf_table,NULL,584,NULL,NULL,https://cgwb.gov.in
nagaland,mokokchung,ongpangkong(north),ongpangkong(north),Mongsenbai Colony,Mongsenbai Colony Station,26.31924,94.50625,2024,8,August,0.0,2025.0,Safe,0.0624481,0.056203,0.0009540999999999,1.7,NULL,NULL,normalized_exact,0.7,valid,August_WL_1994-2025.pdf,GWRA_2025.pdf,NULL,local_pdf,local_pdf,official_web_fallback,pdf_text,pdf_table,NULL,584,NULL,NULL,https://cgwb.gov.in
nagaland,mokokchung,ongpangkong(north),ongpangkong(north),Sangtemla Ward,Sangtemla Ward Station,26.32488,94.51845,2024,8,August,6.3,2025.0,Safe,0.0624481,0.056203,0.0009540999999999,1.7,NULL,NULL,normalized_exact,0.7,valid,August_WL_1994-2025.pdf,GWRA_2025.pdf,NULL,local_pdf,local_pdf,official_web_fallback,pdf_text,pdf_table,NULL,584,NULL,NULL,https://cgwb.gov.in
nagaland,mokokchung,tsurangkong,tsurangkong,Chungtiayimsen,Chungtiayimsen Station,26.52827,94.37358,2024,8,August,3.7,2025.0,Safe,0.0624481,0.056203,0.0009540999999999,1.7,NULL,NULL,normalized_exact,0.7,valid,August_WL_1994-2025.pdf,GWRA_2025.pdf,NULL,local_pdf,local_pdf,official_web_fallback,pdf_text,pdf_table,NULL,585,NULL,NULL,https://cgwb.gov.in
nagaland,mokokchung,tuli,tuli,Longli Lenden Ward,Longli Lenden Ward Station,26.64238,94.64338,2024,8,August,6.5,2025.0,Safe,0.0624481,0.056203,0.0009540999999999,1.7,NULL,NULL,normalized_exact,0.7,valid,August_WL_1994-2025.pdf,GWRA_2025.pdf,NULL,local_pdf,local_pdf,official_web_fallback,pdf_text,pdf_table,NULL,585,NULL,NULL,https://cgwb.gov.in
nagaland,mokokchung,tuli,tuli,Longpong Ward,Longpong Ward Station,26.65283,94.64617,2024,8,August,3.1,2025.0,Safe,0.0624481,0.056203,0.0009540999999999,1.7,NULL,NULL,normalized_exact,0.7,valid,August_WL_1994-2025.pdf,GWRA_2025.pdf,NULL,local_pdf,local_pdf,official_web_fallback,pdf_text,pdf_table,NULL,585,NULL,NULL,https://cgwb.gov.in
nagaland,mokokchung,tuli,tuli,Tulikong Ward,Tulikong Ward Station,26.67876,94.64428,2024,8,August,1.2,2025.0,Safe,0.0624481,0.056203,0.0009540999999999,1.7,NULL,NULL,normalized_exact,0.7,valid,August_WL_1994-2025.pdf,GWRA_2025.pdf,NULL,local_pdf,local_pdf,official_web_fallback,pdf_text,pdf_table,NULL,585,NULL,NULL,https://cgwb.gov.in
nagaland,mokokchung,tuli,tuli,Watiyongpang,Watiyongpang Station,26.75113,94.58411,2024,8,August,2.3,2025.0,Safe,0.0624481,0.056203,0.0009540999999999,1.7,NULL,NULL,normalized_exact,0.7,valid,August_WL_1994-2025.pdf,GWRA_2025.pdf,NULL,local_pdf,local_pdf,official_web_fallback,pdf_text,pdf_table,NULL,585,NULL,NULL,https://cgwb.gov.in
nagaland,mon,mon,mon,Jahjon Ward,Jahjon Ward Station,26.72174,95.03243,2024,8,August,0.8,2025.0,Safe,0.0443039,0.0398736,0.0014663999999999,3.68,NULL,NULL,normalized_exact,0.7,valid,August_WL_1994-2025.pdf,GWRA_2025.pdf,NULL,local_pdf,local_pdf,official_web_fallback,pdf_text,pdf_table,NULL,585,NULL,NULL,https://cgwb.gov.in
nagaland,mon,mon,mon,Shamtham Ward,Shamtham Ward Station,26.73063,95.02982,2024,8,August,2.2,2025.0,Safe,0.0443039,0.0398736,0.0014663999999999,3.68,NULL,NULL,normalized_exact,0.7,valid,August_WL_1994-2025.pdf,GWRA_2025.pdf,NULL,local_pdf,local_pdf,official_web_fallback,pdf_text,pdf_table,NULL,585,NULL,NULL,https://cgwb.gov.in
nagaland,mon,mon,mon,Tammong Village,Tammong Village Station,26.72731,95.04193,2024,8,August,3.3,2025.0,Safe,0.0443039,0.0398736,0.0014663999999999,3.68,NULL,NULL,normalized_exact,0.7,valid,August_WL_1994-2025.pdf,GWRA_2025.pdf,NULL,local_pdf,local_pdf,official_web_fallback,pdf_text,pdf_table,NULL,585,NULL,NULL,https://cgwb.gov.in
nagaland,mon,mon,mon,Walo Ward,Walo Ward Station,26.72061,95.02449,2024,8,August,1.3,2025.0,Safe,0.0443039,0.0398736,0.0014663999999999,3.68,NULL,NULL,normalized_exact,0.7,valid,August_WL_1994-2025.pdf,GWRA_2025.pdf,NULL,local_pdf,local_pdf,official_web_fallback,pdf_text,pdf_table,NULL,585,NULL,NULL,https://cgwb.gov.in
nagaland,mon,mon,mon,Zaklom Ward,Zaklom Ward Station,26.71387,95.02025,2024,8,August,0.4,2025.0,Safe,0.0443039,0.0398736,0.0014663999999999,3.68,NULL,NULL,normalized_exact,0.7,valid,August_WL_1994-2025.pdf,GWRA_2025.pdf,NULL,local_pdf,local_pdf,official_web_fallback,pdf_text,pdf_table,NULL,585,NULL,NULL,https://cgwb.gov.in
nagaland,mon,tizit,tizit,Forest Colony,Forest Colony Station,26.93828,95.06037,2024,8,August,1.9,2025.0,Safe,0.0443039,0.0398736,0.0014663999999999,3.68,NULL,NULL,normalized_exact,0.7,valid,August_WL_1994-2025.pdf,GWRA_2025.pdf,NULL,local_pdf,local_pdf,official_web_fallback,pdf_text,pdf_table,NULL,585,NULL,NULL,https://cgwb.gov.in
nagaland,mon,tizit,tizit,Industry Ward,Industry Ward Station,26.94157,95.05726,2024,8,August,1.4,2025.0,Safe,0.0443039,0.0398736,0.0014663999999999,3.68,NULL,NULL,normalized_exact,0.7,valid,August_WL_1994-2025.pdf,GWRA_2025.pdf,NULL,local_pdf,local_pdf,official_web_fallback,pdf_text,pdf_table,NULL,585,NULL,NULL,https://cgwb.gov.in
nagaland,mon,tizit,tizit,Lapa-Lampong,Lapa-Lampong Station,26.9176,95.05874,2024,8,August,0.4,2025.0,Safe,0.0443039,0.0398736,0.0014663999999999,3.68,NULL,NULL,normalized_exact,0.7,valid,August_WL_1994-2025.pdf,GWRA_2025.pdf,NULL,local_pdf,local_pdf,official_web_fallback,pdf_text,pdf_table,NULL,585,NULL,NULL,https://cgwb.gov.in
nagaland,mon,tizit,tizit,Tizit Village,Tizit Village Station,26.88129,95.07476,2024,8,August,3.7,2025.0,Safe,0.0443039,0.0398736,0.0014663999999999,3.68,NULL,NULL,normalized_exact,0.7,valid,August_WL_1994-2025.pdf,GWRA_2025.pdf,NULL,local_pdf,local_pdf,official_web_fallback,pdf_text,pdf_table,NULL,585,NULL,NULL,https://cgwb.gov.in
nagaland,peren,jalukie,jalukie,Chc Jalukie,Chc Jalukie Station,25.65717,93.66646,2024,8,August,1.4,2025.0,Safe,0.0450353999999999,0.0405317,0.0017137,4.23,NULL,NULL,normalized_exact,0.7,valid,August_WL_1994-2025.pdf,GWRA_2025.pdf,NULL,local_pdf,local_pdf,official_web_fallback,pdf_text,pdf_table,NULL,585,NULL,NULL,https://cgwb.gov.in
nagaland,peren,jalukie,jalukie,Jalukie 'B',Jalukie 'B' Station,25.6292,93.68243,2024,8,August,0.5,2025.0,Safe,0.0450353999999999,0.0405317,0.0017137,4.23,NULL,NULL,normalized_exact,0.7,valid,August_WL_1994-2025.pdf,GWRA_2025.pdf,NULL,local_pdf,local_pdf,official_web_fallback,pdf_text,pdf_table,NULL,585,NULL,NULL,https://cgwb.gov.in
nagaland,peren,jalukie,jalukie,Keleilwa Colony Jalukie,Keleilwa Colony Jalukie Station,25.65367,93.67336,2024,8,August,1.8,2025.0,Safe,0.0450353999999999,0.0405317,0.0017137,4.23,NULL,NULL,normalized_exact,0.7,valid,August_WL_1994-2025.pdf,GWRA_2025.pdf,NULL,local_pdf,local_pdf,official_web_fallback,pdf_text,pdf_table,NULL,585,NULL,NULL,https://cgwb.gov.in
nagaland,peren,jalukie,jalukie,Mhainamtsi,Mhainamtsi Station,25.67019,93.70176,2024,8,August,0.9,2025.0,Safe,0.0450353999999999,0.0405317,0.0017137,4.23,NULL,NULL,normalized_exact,0.7,valid,August_WL_1994-2025.pdf,GWRA_2025.pdf,NULL,local_pdf,local_pdf,official_web_fallback,pdf_text,pdf_table,NULL,585,NULL,NULL,https://cgwb.gov.in
nagaland,peren,peren,peren,Heningkunglwa,Heningkunglwa Station,25.66286,93.77959,2024,8,August,4.5,2025.0,Safe,0.0450353999999999,0.0405317,0.0017137,4.23,NULL,NULL,normalized_exact,0.7,valid,August_WL_1994-2025.pdf,GWRA_2025.pdf,NULL,local_pdf,local_pdf,official_web_fallback,pdf_text,pdf_table,NULL,585,NULL,NULL,https://cgwb.gov.in
nagaland,peren,peren,peren,Zbc Peren,Zbc Peren Station,25.53938,93.73462,2024,8,August,1.0,2025.0,Safe,0.0450353999999999,0.0405317,0.0017137,4.23,NULL,NULL,normalized_exact,0.7,valid,August_WL_1994-2025.pdf,GWRA_2025.pdf,NULL,local_pdf,local_pdf,official_web_fallback,pdf_text,pdf_table,NULL,585,NULL,NULL,https://cgwb.gov.in
nagaland,phek,pfutsero,pfutsero,Pfutseromi Village,Pfutseromi Village Station,25.56673,94.28715,2024,8,August,0.4,2025.0,Safe,0.0118142,0.0106327,0.0003768,3.54,NULL,NULL,normalized_exact,0.7,valid,August_WL_1994-2025.pdf,GWRA_2025.pdf,NULL,local_pdf,local_pdf,official_web_fallback,pdf_text,pdf_table,NULL,585,NULL,NULL,https://cgwb.gov.in
nagaland,phek,pfutsero,pfutsero,Pwd Colony,Pwd Colony Station,25.56824,94.29248,2024,8,August,6.0,2025.0,Safe,0.0118142,0.0106327,0.0003768,3.54,NULL,NULL,normalized_exact,0.7,valid,August_WL_1994-2025.pdf,GWRA_2025.pdf,NULL,local_pdf,local_pdf,official_web_fallback,pdf_text,pdf_table,NULL,585,NULL,NULL,https://cgwb.gov.in
nagaland,phek,pfutsero,pfutsero,Reku Colony,Reku Colony Station,25.5703,94.3021,2024,8,August,3.9,2025.0,Safe,0.0118142,0.0106327,0.0003768,3.54,NULL,NULL,normalized_exact,0.7,valid,August_WL_1994-2025.pdf,GWRA_2025.pdf,NULL,local_pdf,local_pdf,official_web_fallback,pdf_text,pdf_table,NULL,585,NULL,NULL,https://cgwb.gov.in
nagaland,phek,phek,phek,Bethany I Colony,Bethany I Colony Station,25.71167,94.46645,2024,8,August,1.5,2025.0,Safe,0.0118142,0.0106327,0.0003768,3.54,NULL,NULL,normalized_exact,0.7,valid,August_WL_1994-2025.pdf,GWRA_2025.pdf,NULL,local_pdf,local_pdf,official_web_fallback,pdf_text,pdf_table,NULL,585,NULL,NULL,https://cgwb.gov.in
nagaland,phek,phek,phek,Hebron I Colony,Hebron I Colony Station,25.71309,94.46618,2024,8,August,0.9,2025.0,Safe,0.0118142,0.0106327,0.0003768,3.54,NULL,NULL,normalized_exact,0.7,valid,August_WL_1994-2025.pdf,GWRA_2025.pdf,NULL,local_pdf,local_pdf,official_web_fallback,pdf_text,pdf_table,NULL,585,NULL,NULL,https://cgwb.gov.in
nagaland,phek,phek,phek,New Colony,New Colony Station,25.70639,94.46259,2024,8,August,2.7,2025.0,Safe,0.0118142,0.0106327,0.0003768,3.54,NULL,NULL,normalized_exact,0.7,valid,August_WL_1994-2025.pdf,GWRA_2025.pdf,NULL,local_pdf,local_pdf,official_web_fallback,pdf_text,pdf_table,NULL,585,NULL,NULL,https://cgwb.gov.in
nagaland,tseminyu,chunlikha,chunlikha,Phc Chunlika,Phc Chunlika Station,25.98492,94.23479,2024,8,August,1.4,NULL,Safe,NULL,NULL,NULL,NULL,NULL,NULL,unmatched,0.0,valid,August_WL_1994-2025.pdf,NULL,NULL,local_pdf,official_web_fallback,official_web_fallback,pdf_text,NULL,NULL,585,NULL,NULL,https://cgwb.gov.in
nagaland,tseminyu,tseminyu,tseminyu,Rest House Colony,Rest House Colony Station,25.92594,94.22235,2024,8,August,2.7,NULL,Safe,NULL,NULL,NULL,NULL,NULL,NULL,unmatched,0.0,valid,August_WL_1994-2025.pdf,NULL,NULL,local_pdf,official_web_fallback,official_web_fallback,pdf_text,NULL,NULL,585,NULL,NULL,https://cgwb.gov.in
nagaland,tseminyu,tseminyu,tseminyu,Tseminyu Village,Tseminyu Village Station,25.92594,94.2172,2024,8,August,6.2,NULL,Safe,NULL,NULL,NULL,NULL,NULL,NULL,unmatched,0.0,valid,August_WL_1994-2025.pdf,NULL,NULL,local_pdf,official_web_fallback,official_web_fallback,pdf_text,NULL,NULL,585,NULL,NULL,https://cgwb.gov.in
nagaland,tseminyu,tseminyu,tseminyu,Ttbc,Ttbc Station,25.92206,94.22289,2024,8,August,8.5,NULL,Safe,NULL,NULL,NULL,NULL,NULL,NULL,unmatched,0.0,valid,August_WL_1994-2025.pdf,NULL,NULL,local_pdf,official_web_fallback,official_web_fallback,pdf_text,NULL,NULL,585,NULL,NULL,https://cgwb.gov.in
nagaland,tseminyu,tseminyu,tseminyu,Veterinary Colony,Veterinary Colony Station,25.91679,94.21792,2024,8,August,0.1,NULL,Safe,NULL,NULL,NULL,NULL,NULL,NULL,unmatched,0.0,valid,August_WL_1994-2025.pdf,NULL,NULL,local_pdf,official_web_fallback,official_web_fallback,pdf_text,NULL,NULL,585,NULL,NULL,https://cgwb.gov.in
nagaland,wokha,bhandari,bhandari,Merapani,Merapani Station,26.29997,94.09793,2024,8,August,1.7,2025.0,Safe,0.0763383,0.0687044,0.0017815,2.59,NULL,NULL,normalized_exact,0.7,valid,August_WL_1994-2025.pdf,GWRA_2025.pdf,NULL,local_pdf,local_pdf,official_web_fallback,pdf_text,pdf_table,NULL,585,NULL,NULL,https://cgwb.gov.in
nagaland,wokha,wokha,wokha,Blue Hill Colony,Blue Hill Colony Station,26.09011,94.26324,2024,8,August,0.5,2025.0,Safe,0.0763383,0.0687044,0.0017815,2.59,NULL,NULL,normalized_exact,0.7,valid,August_WL_1994-2025.pdf,GWRA_2025.pdf,NULL,local_pdf,local_pdf,official_web_fallback,pdf_text,pdf_table,NULL,585,NULL,NULL,https://cgwb.gov.in
nagaland,wokha,wokha,wokha,Wokha Village T-Khel,Wokha Village T-Khel Station,26.10883,94.25292,2024,8,August,0.2,2025.0,Safe,0.0763383,0.0687044,0.0017815,2.59,NULL,NULL,normalized_exact,0.7,valid,August_WL_1994-2025.pdf,GWRA_2025.pdf,NULL,local_pdf,local_pdf,official_web_fallback,pdf_text,pdf_table,NULL,585,NULL,NULL,https://cgwb.gov.in
nagaland,wokha,wokha,wokha,Zuvotong,Zuvotong Station,26.09111,94.2584,2024,8,August,1.3,2025.0,Safe,0.0763383,0.0687044,0.0017815,2.59,NULL,NULL,normalized_exact,0.7,valid,August_WL_1994-2025.pdf,GWRA_2025.pdf,NULL,local_pdf,local_pdf,official_web_fallback,pdf_text,pdf_table,NULL,585,NULL,NULL,https://cgwb.gov.in
nagaland,dimapur,chumukedima,chumukedima,3 Mile Bazar,3 Mile Bazar Station,25.88056,93.76222,2023,8,August,2.2,2025.0,Safe,0.2273547,0.2099807,0.0140930999999999,6.71,NULL,NULL,normalized_exact,0.7,valid,August_WL_1994-2025.pdf,GWRA_2025.pdf,NULL,local_pdf,local_pdf,official_web_fallback,pdf_text,pdf_table,NULL,967,NULL,NULL,https://cgwb.gov.in
nagaland,dimapur,chumukedima,chumukedima,7Th Mile Colony,7Th Mile Colony Station,25.84389,93.77417,2023,8,August,10.8,2025.0,Safe,0.2273547,0.2099807,0.0140930999999999,6.71,NULL,NULL,normalized_exact,0.7,valid,August_WL_1994-2025.pdf,GWRA_2025.pdf,NULL,local_pdf,local_pdf,official_web_fallback,pdf_text,pdf_table,NULL,967,NULL,NULL,https://cgwb.gov.in
nagaland,dimapur,chumukedima,chumukedima,Chumkidima,Chumkidima Station,25.8,93.79583,2023,8,August,3.1,2025.0,Safe,0.2273547,0.2099807,0.0140930999999999,6.71,NULL,NULL,normalized_exact,0.7,valid,August_WL_1994-2025.pdf,GWRA_2025.pdf,NULL,local_pdf,local_pdf,official_web_fallback,pdf_text,pdf_table,NULL,967,NULL,NULL,https://cgwb.gov.in
nagaland,dimapur,chumukedima,chumukedima,Diphupar,Diphupar Station,25.86444,93.77333,2023,8,August,10.4,2025.0,Safe,0.2273547,0.2099807,0.0140930999999999,6.71,NULL,NULL,normalized_exact,0.7,valid,August_WL_1994-2025.pdf,GWRA_2025.pdf,NULL,local_pdf,local_pdf,official_web_fallback,pdf_text,pdf_table,NULL,967,NULL,NULL,https://cgwb.gov.in
nagaland,dimapur,chumukedima,chumukedima,Seirujha Colony Chumuked,Seirujha Colony Chumuked Station,25.80028,93.76194,2023,8,August,6.8,2025.0,Safe,0.2273547,0.2099807,0.0140930999999999,6.71,NULL,NULL,normalized_exact,0.7,valid,August_WL_1994-2025.pdf,GWRA_2025.pdf,NULL,local_pdf,local_pdf,official_web_fallback,pdf_text,pdf_table,NULL,967,NULL,NULL,https://cgwb.gov.in
nagaland,dimapur,dhansiripar,dhansiripar,Doyabur,Doyabur Station,25.76111,93.60056,2023,8,August,6.3,2025.0,Safe,0.2273547,0.2099807,0.0140930999999999,6.71,NULL,NULL,normalized_exact,0.7,valid,August_WL_1994-2025.pdf,GWRA_2025.pdf,NULL,local_pdf,local_pdf,official_web_fallback,pdf_text,pdf_table,NULL,967,NULL,NULL,https://cgwb.gov.in
nagaland,dimapur,dhansiripar,dhansiripar,Maibiram,Maibiram Station,25.78278,93.62361,2023,8,August,8.0,2025.0,Safe,0.2273547,0.2099807,0.0140930999999999,6.71,NULL,NULL,normalized_exact,0.7,valid,August_WL_1994-2025.pdf,GWRA_2025.pdf,NULL,local_pdf,local_pdf,official_web_fallback,pdf_text,pdf_table,NULL,967,NULL,NULL,https://cgwb.gov.in
nagaland,dimapur,dhansiripar,dhansiripar,Singrijan,Singrijan Station,25.83333,93.71667,2023,8,August,5.9,2025.0,Safe,0.2273547,0.2099807,0.0140930999999999,6.71,NULL,NULL,normalized_exact,0.7,valid,August_WL_1994-2025.pdf,GWRA_2025.pdf,NULL,local_pdf,local_pdf,official_web_fallback,pdf_text,pdf_table,NULL,967,NULL,NULL,https://cgwb.gov.in
nagaland,dimapur,medziphema,medziphema,Marwari Colony,Marwari Colony Station,25.90278,93.72917,2023,8,August,2.1,2025.0,Safe,0.2273547,0.2099807,0.0140930999999999,6.71,NULL,NULL,normalized_exact,0.7,valid,August_WL_1994-2025.pdf,GWRA_2025.pdf,NULL,local_pdf,local_pdf,official_web_fallback,pdf_text,pdf_table,NULL,967,NULL,NULL,https://cgwb.gov.in
nagaland,dimapur,medziphema,medziphema,Rilayan Colony,Rilayan Colony Station,25.90278,93.68444,2023,8,August,13.3,2025.0,Safe,0.2273547,0.2099807,0.0140930999999999,6.71,NULL,NULL,normalized_exact,0.7,valid,August_WL_1994-2025.pdf,GWRA_2025.pdf,NULL,local_pdf,local_pdf,official_web_fallback,pdf_text,pdf_table,NULL,967,NULL,NULL,https://cgwb.gov.in
nagaland,dimapur,medziphema,medziphema,Zakesatho Colony,Zakesatho Colony Station,25.91833,93.72889,2023,8,August,4.1,2025.0,Safe,0.2273547,0.2099807,0.0140930999999999,6.71,NULL,NULL,normalized_exact,0.7,valid,August_WL_1994-2025.pdf,GWRA_2025.pdf,NULL,local_pdf,local_pdf,official_web_fallback,pdf_text,pdf_table,NULL,967,NULL,NULL,https://cgwb.gov.in
nagaland,dimapur,chumukedima,chumukedima,7Th Mile Colony,7Th Mile Colony Station,25.84389,93.77417,2022,8,August,5.3,2025.0,Safe,0.2273547,0.2099807,0.0140930999999999,6.71,NULL,NULL,normalized_exact,0.7,valid,August_WL_1994-2025.pdf,GWRA_2025.pdf,NULL,local_pdf,local_pdf,official_web_fallback,pdf_text,pdf_table,NULL,1349,NULL,NULL,https://cgwb.gov.in
nagaland,dimapur,chumukedima,chumukedima,Bade Bazar,Bade Bazar Station,25.82583,93.68528,2022,8,August,0.4,2025.0,Safe,0.2273547,0.2099807,0.0140930999999999,6.71,NULL,NULL,normalized_exact,0.7,valid,August_WL_1994-2025.pdf,GWRA_2025.pdf,NULL,local_pdf,local_pdf,official_web_fallback,pdf_text,pdf_table,NULL,1349,NULL,NULL,https://cgwb.gov.in
nagaland,dimapur,chumukedima,chumukedima,Chumkidima,Chumkidima Station,25.8,93.79583,2022,8,August,4.6,2025.0,Safe,0.2273547,0.2099807,0.0140930999999999,6.71,NULL,NULL,normalized_exact,0.7,valid,August_WL_1994-2025.pdf,GWRA_2025.pdf,NULL,local_pdf,local_pdf,official_web_fallback,pdf_text,pdf_table,NULL,1349,NULL,NULL,https://cgwb.gov.in
nagaland,dimapur,chumukedima,chumukedima,Diphupar,Diphupar Station,25.86444,93.77333,2022,8,August,1.3,2025.0,Safe,0.2273547,0.2099807,0.0140930999999999,6.71,NULL,NULL,normalized_exact,0.7,valid,August_WL_1994-2025.pdf,GWRA_2025.pdf,NULL,local_pdf,local_pdf,official_web_fallback,pdf_text,pdf_table,NULL,1349,NULL,NULL,https://cgwb.gov.in
nagaland,dimapur,chumukedima,chumukedima,Seirujha Colony Chumuked,Seirujha Colony Chumuked Station,25.80028,93.76194,2022,8,August,2.0,2025.0,Safe,0.2273547,0.2099807,0.0140930999999999,6.71,NULL,NULL,normalized_exact,0.7,valid,August_WL_1994-2025.pdf,GWRA_2025.pdf,NULL,local_pdf,local_pdf,official_web_fallback,pdf_text,pdf_table,NULL,1349,NULL,NULL,https://cgwb.gov.in
nagaland,dimapur,chumukedima,chumukedima,Thilaxu Block,Thilaxu Block Station,25.87722,93.7375,2022,8,August,10.0,2025.0,Safe,0.2273547,0.2099807,0.0140930999999999,6.71,NULL,NULL,normalized_exact,0.7,valid,August_WL_1994-2025.pdf,GWRA_2025.pdf,NULL,local_pdf,local_pdf,official_web_fallback,pdf_text,pdf_table,NULL,1349,NULL,NULL,https://cgwb.gov.in
nagaland,dimapur,dhansiripar,dhansiripar,Doyabur,Doyabur Station,25.76111,93.60056,2022,8,August,4.4,2025.0,Safe,0.2273547,0.2099807,0.0140930999999999,6.71,NULL,NULL,normalized_exact,0.7,valid,August_WL_1994-2025.pdf,GWRA_2025.pdf,NULL,local_pdf,local_pdf,official_web_fallback,pdf_text,pdf_table,NULL,1349,NULL,NULL,https://cgwb.gov.in
nagaland,dimapur,dhansiripar,dhansiripar,Maibiram,Maibiram Station,25.78278,93.62361,2022,8,August,2.6,2025.0,Safe,0.2273547,0.2099807,0.0140930999999999,6.71,NULL,NULL,normalized_exact,0.7,valid,August_WL_1994-2025.pdf,GWRA_2025.pdf,NULL,local_pdf,local_pdf,official_web_fallback,pdf_text,pdf_table,NULL,1349,NULL,NULL,https://cgwb.gov.in
nagaland,dimapur,dhansiripar,dhansiripar,Singrijan,Singrijan Station,25.83333,93.71667,2022,8,August,6.6,2025.0,Safe,0.2273547,0.2099807,0.0140930999999999,6.71,NULL,NULL,normalized_exact,0.7,valid,August_WL_1994-2025.pdf,GWRA_2025.pdf,NULL,local_pdf,local_pdf,official_web_fallback,pdf_text,pdf_table,NULL,1349,NULL,NULL,https://cgwb.gov.in
nagaland,dimapur,medziphema,medziphema,Rilayan Colony,Rilayan Colony Station,25.90278,93.68444,2022,8,August,5.0,2025.0,Safe,0.2273547,0.2099807,0.0140930999999999,6.71,NULL,NULL,normalized_exact,0.7,valid,August_WL_1994-2025.pdf,GWRA_2025.pdf,NULL,local_pdf,local_pdf,official_web_fallback,pdf_text,pdf_table,NULL,1349,NULL,NULL,https://cgwb.gov.in
nagaland,dimapur,medziphema,medziphema,Zakesatho Colony,Zakesatho Colony Station,25.91833,93.72889,2022,8,August,2.5,2025.0,Safe,0.2273547,0.2099807,0.0140930999999999,6.71,NULL,NULL,normalized_exact,0.7,valid,August_WL_1994-2025.pdf,GWRA_2025.pdf,NULL,local_pdf,local_pdf,official_web_fallback,pdf_text,pdf_table,NULL,1349,NULL,NULL,https://cgwb.gov.in
nagaland,dimapur,chumukedima,chumukedima,3 Mile Bazar,3 Mile Bazar Station,25.88056,93.76222,2021,8,August,6.5,2025.0,Safe,0.2273547,0.2099807,0.0140930999999999,6.71,NULL,NULL,normalized_exact,0.7,valid,August_WL_1994-2025.pdf,GWRA_2025.pdf,NULL,local_pdf,local_pdf,official_web_fallback,pdf_text,pdf_table,NULL,1723,NULL,NULL,https://cgwb.gov.in
nagaland,dimapur,chumukedima,chumukedima,7Th Mile Colony,7Th Mile Colony Station,25.84389,93.77417,2021,8,August,6.9,2025.0,Safe,0.2273547,0.2099807,0.0140930999999999,6.71,NULL,NULL,normalized_exact,0.7,valid,August_WL_1994-2025.pdf,GWRA_2025.pdf,NULL,local_pdf,local_pdf,official_web_fallback,pdf_text,pdf_table,NULL,1723,NULL,NULL,https://cgwb.gov.in
nagaland,dimapur,chumukedima,chumukedima,Bade Bazar,Bade Bazar Station,25.82583,93.68528,2021,8,August,5.6,2025.0,Safe,0.2273547,0.2099807,0.0140930999999999,6.71,NULL,NULL,normalized_exact,0.7,valid,August_WL_1994-2025.pdf,GWRA_2025.pdf,NULL,local_pdf,local_pdf,official_web_fallback,pdf_text,pdf_table,NULL,1723,NULL,NULL,https://cgwb.gov.in
nagaland,dimapur,chumukedima,chumukedima,Chumkidima,Chumkidima Station,25.8,93.79583,2021,8,August,1.6,2025.0,Safe,0.2273547,0.2099807,0.0140930999999999,6.71,NULL,NULL,normalized_exact,0.7,valid,August_WL_1994-2025.pdf,GWRA_2025.pdf,NULL,local_pdf,local_pdf,official_web_fallback,pdf_text,pdf_table,NULL,1723,NULL,NULL,https://cgwb.gov.in
nagaland,dimapur,chumukedima,chumukedima,Diphupar,Diphupar Station,25.86444,93.77333,2021,8,August,2.7,2025.0,Safe,0.2273547,0.2099807,0.0140930999999999,6.71,NULL,NULL,normalized_exact,0.7,valid,August_WL_1994-2025.pdf,GWRA_2025.pdf,NULL,local_pdf,local_pdf,official_web_fallback,pdf_text,pdf_table,NULL,1723,NULL,NULL,https://cgwb.gov.in
nagaland,dimapur,chumukedima,chumukedima,Seirujha Colony Chumuked,Seirujha Colony Chumuked Station,25.80028,93.76194,2021,8,August,2.3,2025.0,Safe,0.2273547,0.2099807,0.0140930999999999,6.71,NULL,NULL,normalized_exact,0.7,valid,August_WL_1994-2025.pdf,GWRA_2025.pdf,NULL,local_pdf,local_pdf,official_web_fallback,pdf_text,pdf_table,NULL,1723,NULL,NULL,https://cgwb.gov.in
nagaland,dimapur,chumukedima,chumukedima,Thilaxu Block,Thilaxu Block Station,25.87722,93.7375,2021,8,August,13.3,2025.0,Safe,0.2273547,0.2099807,0.0140930999999999,6.71,NULL,NULL,normalized_exact,0.7,valid,August_WL_1994-2025.pdf,GWRA_2025.pdf,NULL,local_pdf,local_pdf,official_web_fallback,pdf_text,pdf_table,NULL,1723,NULL,NULL,https://cgwb.gov.in
nagaland,dimapur,dhansiripar,dhansiripar,Doyabur,Doyabur Station,25.76111,93.60056,2021,8,August,4.2,2025.0,Safe,0.2273547,0.2099807,0.0140930999999999,6.71,NULL,NULL,normalized_exact,0.7,valid,August_WL_1994-2025.pdf,GWRA_2025.pdf,NULL,local_pdf,local_pdf,official_web_fallback,pdf_text,pdf_table,NULL,1723,NULL,NULL,https://cgwb.gov.in
nagaland,dimapur,dhansiripar,dhansiripar,Maibiram,Maibiram Station,25.78278,93.62361,2021,8,August,5.1,2025.0,Safe,0.2273547,0.2099807,0.0140930999999999,6.71,NULL,NULL,normalized_exact,0.7,valid,August_WL_1994-2025.pdf,GWRA_2025.pdf,NULL,local_pdf,local_pdf,official_web_fallback,pdf_text,pdf_table,NULL,1723,NULL,NULL,https://cgwb.gov.in
nagaland,dimapur,dhansiripar,dhansiripar,Singrijan,Singrijan Station,25.83333,93.71667,2021,8,August,3.6,2025.0,Safe,0.2273547,0.2099807,0.0140930999999999,6.71,NULL,NULL,normalized_exact,0.7,valid,August_WL_1994-2025.pdf,GWRA_2025.pdf,NULL,local_pdf,local_pdf,official_web_fallback,pdf_text,pdf_table,NULL,1723,NULL,NULL,https://cgwb.gov.in
nagaland,dimapur,medziphema,medziphema,Marwari Colony,Marwari Colony Station,25.90278,93.72917,2021,8,August,5.3,2025.0,Safe,0.2273547,0.2099807,0.0140930999999999,6.71,NULL,NULL,normalized_exact,0.7,valid,August_WL_1994-2025.pdf,GWRA_2025.pdf,NULL,local_pdf,local_pdf,official_web_fallback,pdf_text,pdf_table,NULL,1723,NULL,NULL,https://cgwb.gov.in
nagaland,dimapur,medziphema,medziphema,Rilayan Colony,Rilayan Colony Station,25.90278,93.68444,2021,8,August,17.7,2025.0,Safe,0.2273547,0.2099807,0.0140930999999999,6.71,NULL,NULL,normalized_exact,0.7,valid,August_WL_1994-2025.pdf,GWRA_2025.pdf,NULL,local_pdf,local_pdf,official_web_fallback,pdf_text,pdf_table,NULL,1723,NULL,NULL,https://cgwb.gov.in
nagaland,dimapur,medziphema,medziphema,Zakesatho Colony,Zakesatho Colony Station,25.91833,93.72889,2021,8,August,2.6,2025.0,Safe,0.2273547,0.2099807,0.0140930999999999,6.71,NULL,NULL,normalized_exact,0.7,valid,August_WL_1994-2025.pdf,GWRA_2025.pdf,NULL,local_pdf,local_pdf,official_web_fallback,pdf_text,pdf_table,NULL,1723,NULL,NULL,https://cgwb.gov.in
nagaland,dimapur,chumukedima,chumukedima,3 Mile Bazar,3 Mile Bazar Station,25.88056,93.76222,2019,8,August,4.1,2025.0,Safe,0.2273547,0.2099807,0.0140930999999999,6.71,NULL,NULL,normalized_exact,0.7,valid,August_WL_1994-2025.pdf,GWRA_2025.pdf,NULL,local_pdf,local_pdf,official_web_fallback,pdf_text,pdf_table,NULL,2305,NULL,NULL,https://cgwb.gov.in
nagaland,dimapur,chumukedima,chumukedima,7Th Mile Colony,7Th Mile Colony Station,25.84389,93.77417,2019,8,August,3.0,2025.0,Safe,0.2273547,0.2099807,0.0140930999999999,6.71,NULL,NULL,normalized_exact,0.7,valid,August_WL_1994-2025.pdf,GWRA_2025.pdf,NULL,local_pdf,local_pdf,official_web_fallback,pdf_text,pdf_table,NULL,2305,NULL,NULL,https://cgwb.gov.in
nagaland,dimapur,chumukedima,chumukedima,Bade Bazar,Bade Bazar Station,25.82583,93.68528,2019,8,August,4.0,2025.0,Safe,0.2273547,0.2099807,0.0140930999999999,6.71,NULL,NULL,normalized_exact,0.7,valid,August_WL_1994-2025.pdf,GWRA_2025.pdf,NULL,local_pdf,local_pdf,official_web_fallback,pdf_text,pdf_table,NULL,2305,NULL,NULL,https://cgwb.gov.in
nagaland,dimapur,chumukedima,chumukedima,Chumkidima,Chumkidima Station,25.8,93.79583,2019,8,August,1.0,2025.0,Safe,0.2273547,0.2099807,0.0140930999999999,6.71,NULL,NULL,normalized_exact,0.7,valid,August_WL_1994-2025.pdf,GWRA_2025.pdf,NULL,local_pdf,local_pdf,official_web_fallback,pdf_text,pdf_table,NULL,2305,NULL,NULL,https://cgwb.gov.in
nagaland,dimapur,chumukedima,chumukedima,Diphupar,Diphupar Station,25.86444,93.77333,2019,8,August,1.9,2025.0,Safe,0.2273547,0.2099807,0.0140930999999999,6.71,NULL,NULL,normalized_exact,0.7,valid,August_WL_1994-2025.pdf,GWRA_2025.pdf,NULL,local_pdf,local_pdf,official_web_fallback,pdf_text,pdf_table,NULL,2305,NULL,NULL,https://cgwb.gov.in
nagaland,dimapur,chumukedima,chumukedima,Seirujha Colony Chumuked,Seirujha Colony Chumuked Station,25.80028,93.76194,2019,8,August,3.0,2025.0,Safe,0.2273547,0.2099807,0.0140930999999999,6.71,NULL,NULL,normalized_exact,0.7,valid,August_WL_1994-2025.pdf,GWRA_2025.pdf,NULL,local_pdf,local_pdf,official_web_fallback,pdf_text,pdf_table,NULL,2306,NULL,NULL,https://cgwb.gov.in
nagaland,dimapur,chumukedima,chumukedima,Thilaxu Block,Thilaxu Block Station,25.87722,93.7375,2019,8,August,6.8,2025.0,Safe,0.2273547,0.2099807,0.0140930999999999,6.71,NULL,NULL,normalized_exact,0.7,valid,August_WL_1994-2025.pdf,GWRA_2025.pdf,NULL,local_pdf,local_pdf,official_web_fallback,pdf_text,pdf_table,NULL,2306,NULL,NULL,https://cgwb.gov.in
nagaland,dimapur,dhansiripar,dhansiripar,Doyabur,Doyabur Station,25.76111,93.60056,2019,8,August,4.0,2025.0,Safe,0.2273547,0.2099807,0.0140930999999999,6.71,NULL,NULL,normalized_exact,0.7,valid,August_WL_1994-2025.pdf,GWRA_2025.pdf,NULL,local_pdf,local_pdf,official_web_fallback,pdf_text,pdf_table,NULL,2306,NULL,NULL,https://cgwb.gov.in
nagaland,dimapur,dhansiripar,dhansiripar,Maibiram,Maibiram Station,25.78278,93.62361,2019,8,August,1.0,2025.0,Safe,0.2273547,0.2099807,0.0140930999999999,6.71,NULL,NULL,normalized_exact,0.7,valid,August_WL_1994-2025.pdf,GWRA_2025.pdf,NULL,local_pdf,local_pdf,official_web_fallback,pdf_text,pdf_table,NULL,2306,NULL,NULL,https://cgwb.gov.in
nagaland,dimapur,dhansiripar,dhansiripar,Singrijan,Singrijan Station,25.83333,93.71667,2019,8,August,2.3,2025.0,Safe,0.2273547,0.2099807,0.0140930999999999,6.71,NULL,NULL,normalized_exact,0.7,valid,August_WL_1994-2025.pdf,GWRA_2025.pdf,NULL,local_pdf,local_pdf,official_web_fallback,pdf_text,pdf_table,NULL,2306,NULL,NULL,https://cgwb.gov.in
nagaland,dimapur,medziphema,medziphema,Marwari Colony,Marwari Colony Station,25.90278,93.72917,2019,8,August,2.8,2025.0,Safe,0.2273547,0.2099807,0.0140930999999999,6.71,NULL,NULL,normalized_exact,0.7,valid,August_WL_1994-2025.pdf,GWRA_2025.pdf,NULL,local_pdf,local_pdf,official_web_fallback,pdf_text,pdf_table,NULL,2306,NULL,NULL,https://cgwb.gov.in
nagaland,dimapur,medziphema,medziphema,Rilayan Colony,Rilayan Colony Station,25.90278,93.68444,2019,8,August,9.1,2025.0,Safe,0.2273547,0.2099807,0.0140930999999999,6.71,NULL,NULL,normalized_exact,0.7,valid,August_WL_1994-2025.pdf,GWRA_2025.pdf,NULL,local_pdf,local_pdf,official_web_fallback,pdf_text,pdf_table,NULL,2306,NULL,NULL,https://cgwb.gov.in
nagaland,dimapur,medziphema,medziphema,Zakesatho Colony,Zakesatho Colony Station,25.91833,93.72889,2019,8,August,2.1,2025.0,Safe,0.2273547,0.2099807,0.0140930999999999,6.71,NULL,NULL,normalized_exact,0.7,valid,August_WL_1994-2025.pdf,GWRA_2025.pdf,NULL,local_pdf,local_pdf,official_web_fallback,pdf_text,pdf_table,NULL,2306,NULL,NULL,https://cgwb.gov.in
nagaland,dimapur,chumukedima,chumukedima,3 Mile Bazar,3 Mile Bazar Station,25.88056,93.76222,2018,8,August,4.7,2025.0,Safe,0.2273547,0.2099807,0.0140930999999999,6.71,NULL,NULL,normalized_exact,0.7,valid,August_WL_1994-2025.pdf,GWRA_2025.pdf,NULL,local_pdf,local_pdf,official_web_fallback,pdf_text,pdf_table,NULL,2673,NULL,NULL,https://cgwb.gov.in
nagaland,dimapur,chumukedima,chumukedima,7Th Mile Colony,7Th Mile Colony Station,25.84389,93.77417,2018,8,August,3.9,2025.0,Safe,0.2273547,0.2099807,0.0140930999999999,6.71,NULL,NULL,normalized_exact,0.7,valid,August_WL_1994-2025.pdf,GWRA_2025.pdf,NULL,local_pdf,local_pdf,official_web_fallback,pdf_text,pdf_table,NULL,2673,NULL,NULL,https://cgwb.gov.in
nagaland,dimapur,chumukedima,chumukedima,Bade Bazar,Bade Bazar Station,25.82583,93.68528,2018,8,August,4.4,2025.0,Safe,0.2273547,0.2099807,0.0140930999999999,6.71,NULL,NULL,normalized_exact,0.7,valid,August_WL_1994-2025.pdf,GWRA_2025.pdf,NULL,local_pdf,local_pdf,official_web_fallback,pdf_text,pdf_table,NULL,2673,NULL,NULL,https://cgwb.gov.in
nagaland,dimapur,chumukedima,chumukedima,Chumkidima,Chumkidima Station,25.8,93.79583,2018,8,August,1.2,2025.0,Safe,0.2273547,0.2099807,0.0140930999999999,6.71,NULL,NULL,normalized_exact,0.7,valid,August_WL_1994-2025.pdf,GWRA_2025.pdf,NULL,local_pdf,local_pdf,official_web_fallback,pdf_text,pdf_table,NULL,2673,NULL,NULL,https://cgwb.gov.in
nagaland,dimapur,chumukedima,chumukedima,Diphupar,Diphupar Station,25.86444,93.77333,2018,8,August,1.8,2025.0,Safe,0.2273547,0.2099807,0.0140930999999999,6.71,NULL,NULL,normalized_exact,0.7,valid,August_WL_1994-2025.pdf,GWRA_2025.pdf,NULL,local_pdf,local_pdf,official_web_fallback,pdf_text,pdf_table,NULL,2673,NULL,NULL,https://cgwb.gov.in
nagaland,dimapur,chumukedima,chumukedima,Seirujha Colony Chumuked,Seirujha Colony Chumuked Station,25.80028,93.76194,2018,8,August,2.7,2025.0,Safe,0.2273547,0.2099807,0.0140930999999999,6.71,NULL,NULL,normalized_exact,0.7,valid,August_WL_1994-2025.pdf,GWRA_2025.pdf,NULL,local_pdf,local_pdf,official_web_fallback,pdf_text,pdf_table,NULL,2673,NULL,NULL,https://cgwb.gov.in
nagaland,dimapur,chumukedima,chumukedima,Thilaxu Block,Thilaxu Block Station,25.87722,93.7375,2018,8,August,7.8,2025.0,Safe,0.2273547,0.2099807,0.0140930999999999,6.71,NULL,NULL,normalized_exact,0.7,valid,August_WL_1994-2025.pdf,GWRA_2025.pdf,NULL,local_pdf,local_pdf,official_web_fallback,pdf_text,pdf_table,NULL,2674,NULL,NULL,https://cgwb.gov.in
nagaland,dimapur,dhansiripar,dhansiripar,Doyabur,Doyabur Station,25.76111,93.60056,2018,8,August,4.3,2025.0,Safe,0.2273547,0.2099807,0.0140930999999999,6.71,NULL,NULL,normalized_exact,0.7,valid,August_WL_1994-2025.pdf,GWRA_2025.pdf,NULL,local_pdf,local_pdf,official_web_fallback,pdf_text,pdf_table,NULL,2674,NULL,NULL,https://cgwb.gov.in
nagaland,dimapur,dhansiripar,dhansiripar,Maibiram,Maibiram Station,25.78278,93.62361,2018,8,August,1.1,2025.0,Safe,0.2273547,0.2099807,0.0140930999999999,6.71,NULL,NULL,normalized_exact,0.7,valid,August_WL_1994-2025.pdf,GWRA_2025.pdf,NULL,local_pdf,local_pdf,official_web_fallback,pdf_text,pdf_table,NULL,2674,NULL,NULL,https://cgwb.gov.in
nagaland,dimapur,dhansiripar,dhansiripar,Singrijan,Singrijan Station,25.83333,93.71667,2018,8,August,3.3,2025.0,Safe,0.2273547,0.2099807,0.0140930999999999,6.71,NULL,NULL,normalized_exact,0.7,valid,August_WL_1994-2025.pdf,GWRA_2025.pdf,NULL,local_pdf,local_pdf,official_web_fallback,pdf_text,pdf_table,NULL,2674,NULL,NULL,https://cgwb.gov.in
nagaland,dimapur,medziphema,medziphema,Marwari Colony,Marwari Colony Station,25.90278,93.72917,2018,8,August,3.8,2025.0,Safe,0.2273547,0.2099807,0.0140930999999999,6.71,NULL,NULL,normalized_exact,0.7,valid,August_WL_1994-2025.pdf,GWRA_2025.pdf,NULL,local_pdf,local_pdf,official_web_fallback,pdf_text,pdf_table,NULL,2674,NULL,NULL,https://cgwb.gov.in
nagaland,dimapur,medziphema,medziphema,Rilayan Colony,Rilayan Colony Station,25.90278,93.68444,2018,8,August,3.5,2025.0,Safe,0.2273547,0.2099807,0.0140930999999999,6.71,NULL,NULL,normalized_exact,0.7,valid,August_WL_1994-2025.pdf,GWRA_2025.pdf,NULL,local_pdf,local_pdf,official_web_fallback,pdf_text,pdf_table,NULL,2674,NULL,NULL,https://cgwb.gov.in
nagaland,dimapur,medziphema,medziphema,Zakesatho Colony,Zakesatho Colony Station,25.91833,93.72889,2018,8,August,3.2,2025.0,Safe,0.2273547,0.2099807,0.0140930999999999,6.71,NULL,NULL,normalized_exact,0.7,valid,August_WL_1994-2025.pdf,GWRA_2025.pdf,NULL,local_pdf,local_pdf,official_web_fallback,pdf_text,pdf_table,NULL,2674,NULL,NULL,https://cgwb.gov.in
nagaland,dimapur,chumukedima,chumukedima,3 Mile Bazar,3 Mile Bazar Station,25.88056,93.76222,2016,8,August,10.4,2025.0,Safe,0.2273547,0.2099807,0.0140930999999999,6.71,NULL,NULL,normalized_exact,0.7,valid,August_WL_1994-2025.pdf,GWRA_2025.pdf,NULL,local_pdf,local_pdf,official_web_fallback,pdf_text,pdf_table,NULL,3399,NULL,NULL,https://cgwb.gov.in
nagaland,dimapur,chumukedima,chumukedima,7Th Mile Colony,7Th Mile Colony Station,25.84389,93.77417,2016,8,August,5.0,2025.0,Safe,0.2273547,0.2099807,0.0140930999999999,6.71,NULL,NULL,normalized_exact,0.7,valid,August_WL_1994-2025.pdf,GWRA_2025.pdf,NULL,local_pdf,local_pdf,official_web_fallback,pdf_text,pdf_table,NULL,3399,NULL,NULL,https://cgwb.gov.in
nagaland,dimapur,chumukedima,chumukedima,Chumkidima,Chumkidima Station,25.8,93.79583,2016,8,August,1.8,2025.0,Safe,0.2273547,0.2099807,0.0140930999999999,6.71,NULL,NULL,normalized_exact,0.7,valid,August_WL_1994-2025.pdf,GWRA_2025.pdf,NULL,local_pdf,local_pdf,official_web_fallback,pdf_text,pdf_table,NULL,3399,NULL,NULL,https://cgwb.gov.in
nagaland,dimapur,chumukedima,chumukedima,Diphupar,Diphupar Station,25.86444,93.77333,2016,8,August,1.5,2025.0,Safe,0.2273547,0.2099807,0.0140930999999999,6.71,NULL,NULL,normalized_exact,0.7,valid,August_WL_1994-2025.pdf,GWRA_2025.pdf,NULL,local_pdf,local_pdf,official_web_fallback,pdf_text,pdf_table,NULL,3399,NULL,NULL,https://cgwb.gov.in
nagaland,dimapur,chumukedima,chumukedima,Purana Bazar,Purana Bazar Station,25.915,93.74944,2016,8,August,16.5,2025.0,Safe,0.2273547,0.2099807,0.0140930999999999,6.71,NULL,NULL,normalized_exact,0.7,valid,August_WL_1994-2025.pdf,GWRA_2025.pdf,NULL,local_pdf,local_pdf,official_web_fallback,pdf_text,pdf_table,NULL,3399,NULL,NULL,https://cgwb.gov.in
nagaland,dimapur,chumukedima,chumukedima,Seirujha Colony Chumuked,Seirujha Colony Chumuked Station,25.80028,93.76194,2016,8,August,13.7,2025.0,Safe,0.2273547,0.2099807,0.0140930999999999,6.71,NULL,NULL,normalized_exact,0.7,valid,August_WL_1994-2025.pdf,GWRA_2025.pdf,NULL,local_pdf,local_pdf,official_web_fallback,pdf_text,pdf_table,NULL,3399,NULL,NULL,https://cgwb.gov.in
nagaland,dimapur,chumukedima,chumukedima,Thilaxu Block,Thilaxu Block Station,25.87722,93.7375,2016,8,August,11.1,2025.0,Safe,0.2273547,0.2099807,0.0140930999999999,6.71,NULL,NULL,normalized_exact,0.7,valid,August_WL_1994-2025.pdf,GWRA_2025.pdf,NULL,local_pdf,local_pdf,official_web_fallback,pdf_text,pdf_table,NULL,3399,NULL,NULL,https://cgwb.gov.in
nagaland,dimapur,chumukedima,chumukedima,Zion Hospital,Zion Hospital Station,25.91083,93.74611,2016,8,August,7.8,2025.0,Safe,0.2273547,0.2099807,0.0140930999999999,6.71,NULL,NULL,normalized_exact,0.7,valid,August_WL_1994-2025.pdf,GWRA_2025.pdf,NULL,local_pdf,local_pdf,official_web_fallback,pdf_text,pdf_table,NULL,3399,NULL,NULL,https://cgwb.gov.in
nagaland,dimapur,dhansiripar,dhansiripar,Dhansiripar,Dhansiripar Station,25.76667,93.61667,2016,8,August,2.9,2025.0,Safe,0.2273547,0.2099807,0.0140930999999999,6.71,NULL,NULL,normalized_exact,0.7,valid,August_WL_1994-2025.pdf,GWRA_2025.pdf,NULL,local_pdf,local_pdf,official_web_fallback,pdf_text,pdf_table,NULL,3399,NULL,NULL,https://cgwb.gov.in
nagaland,dimapur,dhansiripar,dhansiripar,Doyabur,Doyabur Station,25.76111,93.60056,2016,8,August,3.9,2025.0,Safe,0.2273547,0.2099807,0.0140930999999999,6.71,NULL,NULL,normalized_exact,0.7,valid,August_WL_1994-2025.pdf,GWRA_2025.pdf,NULL,local_pdf,local_pdf,official_web_fallback,pdf_text,pdf_table,NULL,3399,NULL,NULL,https://cgwb.gov.in
nagaland,dimapur,dhansiripar,dhansiripar,Maibiram,Maibiram Station,25.78278,93.62361,2016,8,August,8.0,2025.0,Safe,0.2273547,0.2099807,0.0140930999999999,6.71,NULL,NULL,normalized_exact,0.7,valid,August_WL_1994-2025.pdf,GWRA_2025.pdf,NULL,local_pdf,local_pdf,official_web_fallback,pdf_text,pdf_table,NULL,3399,NULL,NULL,https://cgwb.gov.in
nagaland,dimapur,dhansiripar,dhansiripar,Singrijan,Singrijan Station,25.83333,93.71667,2016,8,August,3.3,2025.0,Safe,0.2273547,0.2099807,0.0140930999999999,6.71,NULL,NULL,normalized_exact,0.7,valid,August_WL_1994-2025.pdf,GWRA_2025.pdf,NULL,local_pdf,local_pdf,official_web_fallback,pdf_text,pdf_table,NULL,3399,NULL,NULL,https://cgwb.gov.in
nagaland,dimapur,medziphema,medziphema,Industrial Estate,Industrial Estate Station,25.89944,93.69972,2016,8,August,2.9,2025.0,Safe,0.2273547,0.2099807,0.0140930999999999,6.71,NULL,NULL,normalized_exact,0.7,valid,August_WL_1994-2025.pdf,GWRA_2025.pdf,NULL,local_pdf,local_pdf,official_web_fallback,pdf_text,pdf_table,NULL,3399,NULL,NULL,https://cgwb.gov.in
nagaland,dimapur,medziphema,medziphema,Marwari Colony,Marwari Colony Station,25.90278,93.72917,2016,8,August,4.6,2025.0,Safe,0.2273547,0.2099807,0.0140930999999999,6.71,NULL,NULL,normalized_exact,0.7,valid,August_WL_1994-2025.pdf,GWRA_2025.pdf,NULL,local_pdf,local_pdf,official_web_fallback,pdf_text,pdf_table,NULL,3399,NULL,NULL,https://cgwb.gov.in
nagaland,dimapur,medziphema,medziphema,Rilayan Colony,Rilayan Colony Station,25.90278,93.68444,2016,8,August,11.6,2025.0,Safe,0.2273547,0.2099807,0.0140930999999999,6.71,NULL,NULL,normalized_exact,0.7,valid,August_WL_1994-2025.pdf,GWRA_2025.pdf,NULL,local_pdf,local_pdf,official_web_fallback,pdf_text,pdf_table,NULL,3399,NULL,NULL,https://cgwb.gov.in
nagaland,dimapur,medziphema,medziphema,Wild Life Office Dimapur,Wild Life Office Dimapur Station,25.90556,93.7125,2016,8,August,2.2,2025.0,Safe,0.2273547,0.2099807,0.0140930999999999,6.71,NULL,NULL,normalized_exact,0.7,valid,August_WL_1994-2025.pdf,GWRA_2025.pdf,NULL,local_pdf,local_pdf,official_web_fallback,pdf_text,pdf_table,NULL,3399,NULL,NULL,https://cgwb.gov.in
nagaland,dimapur,medziphema,medziphema,Zakesatho Colony,Zakesatho Colony Station,25.91833,93.72889,2016,8,August,3.3,2025.0,Safe,0.2273547,0.2099807,0.0140930999999999,6.71,NULL,NULL,normalized_exact,0.7,valid,August_WL_1994-2025.pdf,GWRA_2025.pdf,NULL,local_pdf,local_pdf,official_web_fallback,pdf_text,pdf_table,NULL,3399,NULL,NULL,https://cgwb.gov.in
nagaland,kohima,chiephobozou,chiephobozou,Sepfuzou Colony,Sepfuzou Colony Station,25.68417,94.10611,2016,8,August,1.6,2025.0,Safe,0.0308144,0.027733,0.0021616,7.79,NULL,NULL,normalized_exact,0.7,valid,August_WL_1994-2025.pdf,GWRA_2025.pdf,NULL,local_pdf,local_pdf,official_web_fallback,pdf_text,pdf_table,NULL,3399,NULL,NULL,https://cgwb.gov.in
nagaland,kohima,jakhama,jakhama,Cathedral Complex,Cathedral Complex Station,25.65,94.10694,2016,8,August,2.9,2025.0,Safe,0.0308144,0.027733,0.0021616,7.79,NULL,NULL,normalized_exact,0.7,valid,August_WL_1994-2025.pdf,GWRA_2025.pdf,NULL,local_pdf,local_pdf,official_web_fallback,pdf_text,pdf_table,NULL,3399,NULL,NULL,https://cgwb.gov.in
nagaland,mokokchung,mangkolemba,mangkolemba,Lampi,Lampi Station,26.45833,94.36944,2016,8,August,2.7,2025.0,Safe,0.0624481,0.056203,0.0009540999999999,1.7,NULL,NULL,normalized_exact,0.7,valid,August_WL_1994-2025.pdf,GWRA_2025.pdf,NULL,local_pdf,local_pdf,official_web_fallback,pdf_text,pdf_table,NULL,3399,NULL,NULL,https://cgwb.gov.in
nagaland,mon,mon,mon,Namsa,Namsa Station,26.85833,94.94167,2016,8,August,1.2,2025.0,Safe,0.0443039,0.0398736,0.0014663999999999,3.68,NULL,NULL,normalized_exact,0.7,valid,August_WL_1994-2025.pdf,GWRA_2025.pdf,NULL,local_pdf,local_pdf,official_web_fallback,pdf_text,pdf_table,NULL,3399,NULL,NULL,https://cgwb.gov.in
nagaland,peren,jalukie,jalukie,Jalukie,Jalukie Station,25.63333,93.65,2016,8,August,3.0,2025.0,Safe,0.0450353999999999,0.0405317,0.0017137,4.23,NULL,NULL,normalized_exact,0.7,valid,August_WL_1994-2025.pdf,GWRA_2025.pdf,NULL,local_pdf,local_pdf,official_web_fallback,pdf_text,pdf_table,NULL,3399,NULL,NULL,https://cgwb.gov.in
nagaland,wokha,wokha,wokha,New Market (Wk),New Market (Wk) Station,26.09417,94.25639,2016,8,August,3.3,2025.0,Safe,0.0763383,0.0687044,0.0017815,2.59,NULL,NULL,normalized_exact,0.7,valid,August_WL_1994-2025.pdf,GWRA_2025.pdf,NULL,local_pdf,local_pdf,official_web_fallback,pdf_text,pdf_table,NULL,3399,NULL,NULL,https://cgwb.gov.in
nagaland,wokha,wokha,wokha,Tourist Lodge,Tourist Lodge Station,26.10556,94.25722,2016,8,August,2.0,2025.0,Safe,0.0763383,0.0687044,0.0017815,2.59,NULL,NULL,normalized_exact,0.7,valid,August_WL_1994-2025.pdf,GWRA_2025.pdf,NULL,local_pdf,local_pdf,official_web_fallback,pdf_text,pdf_table,NULL,3399,NULL,NULL,https://cgwb.gov.in
nagaland,dimapur,chumukedima,chumukedima,3 Mile Bazar,3 Mile Bazar Station,25.88056,93.76222,2015,8,August,4.7,2025.0,Safe,0.2273547,0.2099807,0.0140930999999999,6.71,NULL,NULL,normalized_exact,0.7,valid,August_WL_1994-2025.pdf,GWRA_2025.pdf,NULL,local_pdf,local_pdf,official_web_fallback,pdf_text,pdf_table,NULL,3764,NULL,NULL,https://cgwb.gov.in
nagaland,dimapur,chumukedima,chumukedima,7Th Mile Colony,7Th Mile Colony Station,25.84389,93.77417,2015,8,August,4.6,2025.0,Safe,0.2273547,0.2099807,0.0140930999999999,6.71,NULL,NULL,normalized_exact,0.7,valid,August_WL_1994-2025.pdf,GWRA_2025.pdf,NULL,local_pdf,local_pdf,official_web_fallback,pdf_text,pdf_table,NULL,3764,NULL,NULL,https://cgwb.gov.in
nagaland,dimapur,chumukedima,chumukedima,Bade Bazar,Bade Bazar Station,25.82583,93.68528,2015,8,August,1.3,2025.0,Safe,0.2273547,0.2099807,0.0140930999999999,6.71,NULL,NULL,normalized_exact,0.7,valid,August_WL_1994-2025.pdf,GWRA_2025.pdf,NULL,local_pdf,local_pdf,official_web_fallback,pdf_text,pdf_table,NULL,3764,NULL,NULL,https://cgwb.gov.in
nagaland,dimapur,chumukedima,chumukedima,Chumkidima,Chumkidima Station,25.8,93.79583,2015,8,August,0.0,2025.0,Safe,0.2273547,0.2099807,0.0140930999999999,6.71,NULL,NULL,normalized_exact,0.7,valid,August_WL_1994-2025.pdf,GWRA_2025.pdf,NULL,local_pdf,local_pdf,official_web_fallback,pdf_text,pdf_table,NULL,3764,NULL,NULL,https://cgwb.gov.in
nagaland,dimapur,chumukedima,chumukedima,Diphupar,Diphupar Station,25.86444,93.77333,2015,8,August,0.7,2025.0,Safe,0.2273547,0.2099807,0.0140930999999999,6.71,NULL,NULL,normalized_exact,0.7,valid,August_WL_1994-2025.pdf,GWRA_2025.pdf,NULL,local_pdf,local_pdf,official_web_fallback,pdf_text,pdf_table,NULL,3764,NULL,NULL,https://cgwb.gov.in
nagaland,dimapur,chumukedima,chumukedima,Purana Bazar,Purana Bazar Station,25.915,93.74944,2015,8,August,11.4,2025.0,Safe,0.2273547,0.2099807,0.0140930999999999,6.71,NULL,NULL,normalized_exact,0.7,valid,August_WL_1994-2025.pdf,GWRA_2025.pdf,NULL,local_pdf,local_pdf,official_web_fallback,pdf_text,pdf_table,NULL,3764,NULL,NULL,https://cgwb.gov.in
nagaland,dimapur,chumukedima,chumukedima,Seirujha Colony Chumuked,Seirujha Colony Chumuked Station,25.80028,93.76194,2015,8,August,11.7,2025.0,Safe,0.2273547,0.2099807,0.0140930999999999,6.71,NULL,NULL,normalized_exact,0.7,valid,August_WL_1994-2025.pdf,GWRA_2025.pdf,NULL,local_pdf,local_pdf,official_web_fallback,pdf_text,pdf_table,NULL,3764,NULL,NULL,https://cgwb.gov.in
nagaland,dimapur,chumukedima,chumukedima,Thilaxu Block,Thilaxu Block Station,25.87722,93.7375,2015,8,August,10.1,2025.0,Safe,0.2273547,0.2099807,0.0140930999999999,6.71,NULL,NULL,normalized_exact,0.7,valid,August_WL_1994-2025.pdf,GWRA_2025.pdf,NULL,local_pdf,local_pdf,official_web_fallback,pdf_text,pdf_table,NULL,3764,NULL,NULL,https://cgwb.gov.in
nagaland,dimapur,chumukedima,chumukedima,Zion Hospital,Zion Hospital Station,25.91083,93.74611,2015,8,August,6.2,2025.0,Safe,0.2273547,0.2099807,0.0140930999999999,6.71,NULL,NULL,normalized_exact,0.7,valid,August_WL_1994-2025.pdf,GWRA_2025.pdf,NULL,local_pdf,local_pdf,official_web_fallback,pdf_text,pdf_table,NULL,3764,NULL,NULL,https://cgwb.gov.in
nagaland,dimapur,dhansiripar,dhansiripar,Dhansiripar,Dhansiripar Station,25.76667,93.61667,2015,8,August,2.1,2025.0,Safe,0.2273547,0.2099807,0.0140930999999999,6.71,NULL,NULL,normalized_exact,0.7,valid,August_WL_1994-2025.pdf,GWRA_2025.pdf,NULL,local_pdf,local_pdf,official_web_fallback,pdf_text,pdf_table,NULL,3764,NULL,NULL,https://cgwb.gov.in
nagaland,dimapur,dhansiripar,dhansiripar,Doyabur,Doyabur Station,25.76111,93.60056,2015,8,August,12.4,2025.0,Safe,0.2273547,0.2099807,0.0140930999999999,6.71,NULL,NULL,normalized_exact,0.7,valid,August_WL_1994-2025.pdf,GWRA_2025.pdf,NULL,local_pdf,local_pdf,official_web_fallback,pdf_text,pdf_table,NULL,3764,NULL,NULL,https://cgwb.gov.in
nagaland,dimapur,dhansiripar,dhansiripar,Maibiram,Maibiram Station,25.78278,93.62361,2015,8,August,7.3,2025.0,Safe,0.2273547,0.2099807,0.0140930999999999,6.71,NULL,NULL,normalized_exact,0.7,valid,August_WL_1994-2025.pdf,GWRA_2025.pdf,NULL,local_pdf,local_pdf,official_web_fallback,pdf_text,pdf_table,NULL,3764,NULL,NULL,https://cgwb.gov.in
nagaland,dimapur,dhansiripar,dhansiripar,Singrijan,Singrijan Station,25.83333,93.71667,2015,8,August,9.0,2025.0,Safe,0.2273547,0.2099807,0.0140930999999999,6.71,NULL,NULL,normalized_exact,0.7,valid,August_WL_1994-2025.pdf,GWRA_2025.pdf,NULL,local_pdf,local_pdf,official_web_fallback,pdf_text,pdf_table,NULL,3764,NULL,NULL,https://cgwb.gov.in
nagaland,dimapur,medziphema,medziphema,Industrial Estate,Industrial Estate Station,25.89944,93.69972,2015,8,August,2.5,2025.0,Safe,0.2273547,0.2099807,0.0140930999999999,6.71,NULL,NULL,normalized_exact,0.7,valid,August_WL_1994-2025.pdf,GWRA_2025.pdf,NULL,local_pdf,local_pdf,official_web_fallback,pdf_text,pdf_table,NULL,3764,NULL,NULL,https://cgwb.gov.in
nagaland,dimapur,medziphema,medziphema,Marwari Colony,Marwari Colony Station,25.90278,93.72917,2015,8,August,9.7,2025.0,Safe,0.2273547,0.2099807,0.0140930999999999,6.71,NULL,NULL,normalized_exact,0.7,valid,August_WL_1994-2025.pdf,GWRA_2025.pdf,NULL,local_pdf,local_pdf,official_web_fallback,pdf_text,pdf_table,NULL,3764,NULL,NULL,https://cgwb.gov.in
nagaland,dimapur,medziphema,medziphema,Rilayan Colony,Rilayan Colony Station,25.90278,93.68444,2015,8,August,17.2,2025.0,Safe,0.2273547,0.2099807,0.0140930999999999,6.71,NULL,NULL,normalized_exact,0.7,valid,August_WL_1994-2025.pdf,GWRA_2025.pdf,NULL,local_pdf,local_pdf,official_web_fallback,pdf_text,pdf_table,NULL,3764,NULL,NULL,https://cgwb.gov.in
nagaland,dimapur,medziphema,medziphema,Wild Life Office Dimapur,Wild Life Office Dimapur Station,25.90556,93.7125,2015,8,August,2.3,2025.0,Safe,0.2273547,0.2099807,0.0140930999999999,6.71,NULL,NULL,normalized_exact,0.7,valid,August_WL_1994-2025.pdf,GWRA_2025.pdf,NULL,local_pdf,local_pdf,official_web_fallback,pdf_text,pdf_table,NULL,3764,NULL,NULL,https://cgwb.gov.in
nagaland,dimapur,medziphema,medziphema,Zakesatho Colony,Zakesatho Colony Station,25.91833,93.72889,2015,8,August,2.0,2025.0,Safe,0.2273547,0.2099807,0.0140930999999999,6.71,NULL,NULL,normalized_exact,0.7,valid,August_WL_1994-2025.pdf,GWRA_2025.pdf,NULL,local_pdf,local_pdf,official_web_fallback,pdf_text,pdf_table,NULL,3764,NULL,NULL,https://cgwb.gov.in
nagaland,kohima,chiephobozou,chiephobozou,Sepfuzou Colony,Sepfuzou Colony Station,25.68417,94.10611,2015,8,August,1.6,2025.0,Safe,0.0308144,0.027733,0.0021616,7.79,NULL,NULL,normalized_exact,0.7,valid,August_WL_1994-2025.pdf,GWRA_2025.pdf,NULL,local_pdf,local_pdf,official_web_fallback,pdf_text,pdf_table,NULL,3764,NULL,NULL,https://cgwb.gov.in
nagaland,kohima,jakhama,jakhama,Cathedral Complex,Cathedral Complex Station,25.65,94.10694,2015,8,August,2.7,2025.0,Safe,0.0308144,0.027733,0.0021616,7.79,NULL,NULL,normalized_exact,0.7,valid,August_WL_1994-2025.pdf,GWRA_2025.pdf,NULL,local_pdf,local_pdf,official_web_fallback,pdf_text,pdf_table,NULL,3765,NULL,NULL,https://cgwb.gov.in
nagaland,mokokchung,mangkolemba,mangkolemba,Lampi,Lampi Station,26.45833,94.36944,2015,8,August,1.6,2025.0,Safe,0.0624481,0.056203,0.0009540999999999,1.7,NULL,NULL,normalized_exact,0.7,valid,August_WL_1994-2025.pdf,GWRA_2025.pdf,NULL,local_pdf,local_pdf,official_web_fallback,pdf_text,pdf_table,NULL,3765,NULL,NULL,https://cgwb.gov.in
nagaland,mon,mon,mon,Namsa,Namsa Station,26.85833,94.94167,2015,8,August,0.7,2025.0,Safe,0.0443039,0.0398736,0.0014663999999999,3.68,NULL,NULL,normalized_exact,0.7,valid,August_WL_1994-2025.pdf,GWRA_2025.pdf,NULL,local_pdf,local_pdf,official_web_fallback,pdf_text,pdf_table,NULL,3765,NULL,NULL,https://cgwb.gov.in
nagaland,wokha,wokha,wokha,New Market (Wk),New Market (Wk) Station,26.09417,94.25639,2015,8,August,4.2,2025.0,Safe,0.0763383,0.0687044,0.0017815,2.59,NULL,NULL,normalized_exact,0.7,valid,August_WL_1994-2025.pdf,GWRA_2025.pdf,NULL,local_pdf,local_pdf,official_web_fallback,pdf_text,pdf_table,NULL,3765,NULL,NULL,https://cgwb.gov.in
nagaland,wokha,wokha,wokha,Tourist Lodge,Tourist Lodge Station,26.10556,94.25722,2015,8,August,1.4,2025.0,Safe,0.0763383,0.0687044,0.0017815,2.59,NULL,NULL,normalized_exact,0.7,valid,August_WL_1994-2025.pdf,GWRA_2025.pdf,NULL,local_pdf,local_pdf,official_web_fallback,pdf_text,pdf_table,NULL,3765,NULL,NULL,https://cgwb.gov.in
nagaland,wokha,wokha,wokha,Wokha,Wokha Station,26.17583,94.25306,2015,8,August,27.2,2025.0,Safe,0.0763383,0.0687044,0.0017815,2.59,NULL,NULL,normalized_exact,0.7,valid,August_WL_1994-2025.pdf,GWRA_2025.pdf,NULL,local_pdf,local_pdf,official_web_fallback,pdf_text,pdf_table,NULL,3765,NULL,NULL,https://cgwb.gov.in
nagaland,dimapur,chumukedima,chumukedima,Chumkidima,Chumkidima Station,25.8,93.79583,2013,8,August,1.0,2025.0,Safe,0.2273547,0.2099807,0.0140930999999999,6.71,NULL,NULL,normalized_exact,0.7,valid,August_WL_1994-2025.pdf,GWRA_2025.pdf,NULL,local_pdf,local_pdf,official_web_fallback,pdf_text,pdf_table,NULL,4396,NULL,NULL,https://cgwb.gov.in
nagaland,dimapur,chumukedima,chumukedima,Purana Bazar,Purana Bazar Station,25.915,93.74944,2013,8,August,11.3,2025.0,Safe,0.2273547,0.2099807,0.0140930999999999,6.71,NULL,NULL,normalized_exact,0.7,valid,August_WL_1994-2025.pdf,GWRA_2025.pdf,NULL,local_pdf,local_pdf,official_web_fallback,pdf_text,pdf_table,NULL,4396,NULL,NULL,https://cgwb.gov.in
nagaland,dimapur,chumukedima,chumukedima,Seirujha Colony Chumuked,Seirujha Colony Chumuked Station,25.80028,93.76194,2013,8,August,11.7,2025.0,Safe,0.2273547,0.2099807,0.0140930999999999,6.71,NULL,NULL,normalized_exact,0.7,valid,August_WL_1994-2025.pdf,GWRA_2025.pdf,NULL,local_pdf,local_pdf,official_web_fallback,pdf_text,pdf_table,NULL,4396,NULL,NULL,https://cgwb.gov.in
nagaland,dimapur,dhansiripar,dhansiripar,Dhansiripar,Dhansiripar Station,25.76667,93.61667,2013,8,August,3.4,2025.0,Safe,0.2273547,0.2099807,0.0140930999999999,6.71,NULL,NULL,normalized_exact,0.7,valid,August_WL_1994-2025.pdf,GWRA_2025.pdf,NULL,local_pdf,local_pdf,official_web_fallback,pdf_text,pdf_table,NULL,4396,NULL,NULL,https://cgwb.gov.in
nagaland,dimapur,dhansiripar,dhansiripar,Singrijan,Singrijan Station,25.83333,93.71667,2013,8,August,3.0,2025.0,Safe,0.2273547,0.2099807,0.0140930999999999,6.71,NULL,NULL,normalized_exact,0.7,valid,August_WL_1994-2025.pdf,GWRA_2025.pdf,NULL,local_pdf,local_pdf,official_web_fallback,pdf_text,pdf_table,NULL,4396,NULL,NULL,https://cgwb.gov.in
nagaland,dimapur,medziphema,medziphema,Industrial Estate,Industrial Estate Station,25.89944,93.69972,2013,8,August,3.0,2025.0,Safe,0.2273547,0.2099807,0.0140930999999999,6.71,NULL,NULL,normalized_exact,0.7,valid,August_WL_1994-2025.pdf,GWRA_2025.pdf,NULL,local_pdf,local_pdf,official_web_fallback,pdf_text,pdf_table,NULL,4396,NULL,NULL,https://cgwb.gov.in
nagaland,dimapur,medziphema,medziphema,Wild Life Office Dimapur,Wild Life Office Dimapur Station,25.90556,93.7125,2013,8,August,2.6,2025.0,Safe,0.2273547,0.2099807,0.0140930999999999,6.71,NULL,NULL,normalized_exact,0.7,valid,August_WL_1994-2025.pdf,GWRA_2025.pdf,NULL,local_pdf,local_pdf,official_web_fallback,pdf_text,pdf_table,NULL,4396,NULL,NULL,https://cgwb.gov.in
nagaland,kohima,chiephobozou,chiephobozou,Sepfuzou Colony,Sepfuzou Colony Station,25.68417,94.10611,2013,8,August,3.6,2025.0,Safe,0.0308144,0.027733,0.0021616,7.79,NULL,NULL,normalized_exact,0.7,valid,August_WL_1994-2025.pdf,GWRA_2025.pdf,NULL,local_pdf,local_pdf,official_web_fallback,pdf_text,pdf_table,NULL,4396,NULL,NULL,https://cgwb.gov.in
nagaland,kohima,jakhama,jakhama,Cathedral Complex,Cathedral Complex Station,25.65,94.10694,2013,8,August,3.5,2025.0,Safe,0.0308144,0.027733,0.0021616,7.79,NULL,NULL,normalized_exact,0.7,valid,August_WL_1994-2025.pdf,GWRA_2025.pdf,NULL,local_pdf,local_pdf,official_web_fallback,pdf_text,pdf_table,NULL,4396,NULL,NULL,https://cgwb.gov.in
nagaland,mokokchung,mangkolemba,mangkolemba,Lampi,Lampi Station,26.45833,94.36944,2013,8,August,2.5,2025.0,Safe,0.0624481,0.056203,0.0009540999999999,1.7,NULL,NULL,normalized_exact,0.7,valid,August_WL_1994-2025.pdf,GWRA_2025.pdf,NULL,local_pdf,local_pdf,official_web_fallback,pdf_text,pdf_table,NULL,4396,NULL,NULL,https://cgwb.gov.in
nagaland,mon,mon,mon,Namsa,Namsa Station,26.85833,94.94167,2013,8,August,1.8,2025.0,Safe,0.0443039,0.0398736,0.0014663999999999,3.68,NULL,NULL,normalized_exact,0.7,valid,August_WL_1994-2025.pdf,GWRA_2025.pdf,NULL,local_pdf,local_pdf,official_web_fallback,pdf_text,pdf_table,NULL,4396,NULL,NULL,https://cgwb.gov.in
nagaland,peren,jalukie,jalukie,Jalukie,Jalukie Station,25.63333,93.65,2013,8,August,4.0,2025.0,Safe,0.0450353999999999,0.0405317,0.0017137,4.23,NULL,NULL,normalized_exact,0.7,valid,August_WL_1994-2025.pdf,GWRA_2025.pdf,NULL,local_pdf,local_pdf,official_web_fallback,pdf_text,pdf_table,NULL,4396,NULL,NULL,https://cgwb.gov.in
nagaland,wokha,wokha,wokha,New Market (Wk),New Market (Wk) Station,26.09417,94.25639,2013,8,August,4.6,2025.0,Safe,0.0763383,0.0687044,0.0017815,2.59,NULL,NULL,normalized_exact,0.7,valid,August_WL_1994-2025.pdf,GWRA_2025.pdf,NULL,local_pdf,local_pdf,official_web_fallback,pdf_text,pdf_table,NULL,4396,NULL,NULL,https://cgwb.gov.in
nagaland,wokha,wokha,wokha,Tourist Lodge,Tourist Lodge Station,26.10556,94.25722,2013,8,August,2.8,2025.0,Safe,0.0763383,0.0687044,0.0017815,2.59,NULL,NULL,normalized_exact,0.7,valid,August_WL_1994-2025.pdf,GWRA_2025.pdf,NULL,local_pdf,local_pdf,official_web_fallback,pdf_text,pdf_table,NULL,4397,NULL,NULL,https://cgwb.gov.in
nagaland,wokha,wokha,wokha,Wokha,Wokha Station,26.17583,94.25306,2013,8,August,27.4,2025.0,Safe,0.0763383,0.0687044,0.0017815,2.59,NULL,NULL,normalized_exact,0.7,valid,August_WL_1994-2025.pdf,GWRA_2025.pdf,NULL,local_pdf,local_pdf,official_web_fallback,pdf_text,pdf_table,NULL,4397,NULL,NULL,https://cgwb.gov.in
nagaland,dimapur,chumukedima,chumukedima,Chumkidima,Chumkidima Station,25.8,93.79583,2010,8,August,1.9,2025.0,Safe,0.2273547,0.2099807,0.0140930999999999,6.71,NULL,NULL,normalized_exact,0.7,valid,August_WL_1994-2025.pdf,GWRA_2025.pdf,NULL,local_pdf,local_pdf,official_web_fallback,pdf_text,pdf_table,NULL,5140,NULL,NULL,https://cgwb.gov.in
nagaland,dimapur,chumukedima,chumukedima,Lumthi Colony,Lumthi Colony Station,25.9,93.76389,2010,8,August,6.4,2025.0,Safe,0.2273547,0.2099807,0.0140930999999999,6.71,NULL,NULL,normalized_exact,0.7,valid,August_WL_1994-2025.pdf,GWRA_2025.pdf,NULL,local_pdf,local_pdf,official_web_fallback,pdf_text,pdf_table,NULL,5140,NULL,NULL,https://cgwb.gov.in
nagaland,dimapur,chumukedima,chumukedima,Purana Bazar,Purana Bazar Station,25.915,93.74944,2010,8,August,8.8,2025.0,Safe,0.2273547,0.2099807,0.0140930999999999,6.71,NULL,NULL,normalized_exact,0.7,valid,August_WL_1994-2025.pdf,GWRA_2025.pdf,NULL,local_pdf,local_pdf,official_web_fallback,pdf_text,pdf_table,NULL,5140,NULL,NULL,https://cgwb.gov.in
nagaland,dimapur,chumukedima,chumukedima,Seirujha Colony Chumuked,Seirujha Colony Chumuked Station,25.80028,93.76194,2010,8,August,13.2,2025.0,Safe,0.2273547,0.2099807,0.0140930999999999,6.71,NULL,NULL,normalized_exact,0.7,valid,August_WL_1994-2025.pdf,GWRA_2025.pdf,NULL,local_pdf,local_pdf,official_web_fallback,pdf_text,pdf_table,NULL,5140,NULL,NULL,https://cgwb.gov.in
nagaland,dimapur,dhansiripar,dhansiripar,Dhansiripar,Dhansiripar Station,25.76667,93.61667,2010,8,August,2.4,2025.0,Safe,0.2273547,0.2099807,0.0140930999999999,6.71,NULL,NULL,normalized_exact,0.7,valid,August_WL_1994-2025.pdf,GWRA_2025.pdf,NULL,local_pdf,local_pdf,official_web_fallback,pdf_text,pdf_table,NULL,5140,NULL,NULL,https://cgwb.gov.in
nagaland,dimapur,dhansiripar,dhansiripar,Singrijan,Singrijan Station,25.83333,93.71667,2010,8,August,3.2,2025.0,Safe,0.2273547,0.2099807,0.0140930999999999,6.71,NULL,NULL,normalized_exact,0.7,valid,August_WL_1994-2025.pdf,GWRA_2025.pdf,NULL,local_pdf,local_pdf,official_web_fallback,pdf_text,pdf_table,NULL,5140,NULL,NULL,https://cgwb.gov.in
nagaland,dimapur,medziphema,medziphema,Industrial Estate,Industrial Estate Station,25.89944,93.69972,2010,8,August,3.6,2025.0,Safe,0.2273547,0.2099807,0.0140930999999999,6.71,NULL,NULL,normalized_exact,0.7,valid,August_WL_1994-2025.pdf,GWRA_2025.pdf,NULL,local_pdf,local_pdf,official_web_fallback,pdf_text,pdf_table,NULL,5140,NULL,NULL,https://cgwb.gov.in
nagaland,dimapur,medziphema,medziphema,Marwari Colony,Marwari Colony Station,25.90278,93.72917,2010,8,August,1.0,2025.0,Safe,0.2273547,0.2099807,0.0140930999999999,6.71,NULL,NULL,normalized_exact,0.7,valid,August_WL_1994-2025.pdf,GWRA_2025.pdf,NULL,local_pdf,local_pdf,official_web_fallback,pdf_text,pdf_table,NULL,5140,NULL,NULL,https://cgwb.gov.in
nagaland,dimapur,medziphema,medziphema,Wild Life Office Dimapur,Wild Life Office Dimapur Station,25.90556,93.7125,2010,8,August,2.1,2025.0,Safe,0.2273547,0.2099807,0.0140930999999999,6.71,NULL,NULL,normalized_exact,0.7,valid,August_WL_1994-2025.pdf,GWRA_2025.pdf,NULL,local_pdf,local_pdf,official_web_fallback,pdf_text,pdf_table,NULL,5140,NULL,NULL,https://cgwb.gov.in
nagaland,kohima,chiephobozou,chiephobozou,Sepfuzou Colony,Sepfuzou Colony Station,25.68417,94.10611,2010,8,August,2.5,2025.0,Safe,0.0308144,0.027733,0.0021616,7.79,NULL,NULL,normalized_exact,0.7,valid,August_WL_1994-2025.pdf,GWRA_2025.pdf,NULL,local_pdf,local_pdf,official_web_fallback,pdf_text,pdf_table,NULL,5140,NULL,NULL,https://cgwb.gov.in
nagaland,kohima,jakhama,jakhama,Cathedral Complex,Cathedral Complex Station,25.65,94.10694,2010,8,August,2.4,2025.0,Safe,0.0308144,0.027733,0.0021616,7.79,NULL,NULL,normalized_exact,0.7,valid,August_WL_1994-2025.pdf,GWRA_2025.pdf,NULL,local_pdf,local_pdf,official_web_fallback,pdf_text,pdf_table,NULL,5140,NULL,NULL,https://cgwb.gov.in
nagaland,peren,jalukie,jalukie,Jalukie,Jalukie Station,25.63333,93.65,2010,8,August,2.2,2025.0,Safe,0.0450353999999999,0.0405317,0.0017137,4.23,NULL,NULL,normalized_exact,0.7,valid,August_WL_1994-2025.pdf,GWRA_2025.pdf,NULL,local_pdf,local_pdf,official_web_fallback,pdf_text,pdf_table,NULL,5140,NULL,NULL,https://cgwb.gov.in
nagaland,wokha,wokha,wokha,New Market (Wk),New Market (Wk) Station,26.09417,94.25639,2010,8,August,0.9,2025.0,Safe,0.0763383,0.0687044,0.0017815,2.59,NULL,NULL,normalized_exact,0.7,valid,August_WL_1994-2025.pdf,GWRA_2025.pdf,NULL,local_pdf,local_pdf,official_web_fallback,pdf_text,pdf_table,NULL,5140,NULL,NULL,https://cgwb.gov.in
nagaland,wokha,wokha,wokha,Tourist Lodge,Tourist Lodge Station,26.10556,94.25722,2010,8,August,2.8,2025.0,Safe,0.0763383,0.0687044,0.0017815,2.59,NULL,NULL,normalized_exact,0.7,valid,August_WL_1994-2025.pdf,GWRA_2025.pdf,NULL,local_pdf,local_pdf,official_web_fallback,pdf_text,pdf_table,NULL,5140,NULL,NULL,https://cgwb.gov.in
nagaland,dimapur,chumukedima,chumukedima,Chumkidima,Chumkidima Station,25.8,93.79583,2009,8,August,3.0,2025.0,Safe,0.2273547,0.2099807,0.0140930999999999,6.71,NULL,NULL,normalized_exact,0.7,valid,August_WL_1994-2025.pdf,GWRA_2025.pdf,NULL,local_pdf,local_pdf,official_web_fallback,pdf_text,pdf_table,NULL,5383,NULL,NULL,https://cgwb.gov.in
nagaland,dimapur,chumukedima,chumukedima,Purana Bazar,Purana Bazar Station,25.915,93.74944,2009,8,August,7.7,2025.0,Safe,0.2273547,0.2099807,0.0140930999999999,6.71,NULL,NULL,normalized_exact,0.7,valid,August_WL_1994-2025.pdf,GWRA_2025.pdf,NULL,local_pdf,local_pdf,official_web_fallback,pdf_text,pdf_table,NULL,5383,NULL,NULL,https://cgwb.gov.in
nagaland,dimapur,medziphema,medziphema,Marwari Colony,Marwari Colony Station,25.90278,93.72917,2009,8,August,3.7,2025.0,Safe,0.2273547,0.2099807,0.0140930999999999,6.71,NULL,NULL,normalized_exact,0.7,valid,August_WL_1994-2025.pdf,GWRA_2025.pdf,NULL,local_pdf,local_pdf,official_web_fallback,pdf_text,pdf_table,NULL,5383,NULL,NULL,https://cgwb.gov.in
nagaland,dimapur,medziphema,medziphema,Wild Life Office Dimapur,Wild Life Office Dimapur Station,25.90556,93.7125,2009,8,August,2.6,2025.0,Safe,0.2273547,0.2099807,0.0140930999999999,6.71,NULL,NULL,normalized_exact,0.7,valid,August_WL_1994-2025.pdf,GWRA_2025.pdf,NULL,local_pdf,local_pdf,official_web_fallback,pdf_text,pdf_table,NULL,5383,NULL,NULL,https://cgwb.gov.in
nagaland,dimapur,chumukedima,chumukedima,Chumkidima,Chumkidima Station,25.8,93.79583,2008,8,August,2.3,2025.0,Safe,0.2273547,0.2099807,0.0140930999999999,6.71,NULL,NULL,normalized_exact,0.7,valid,August_WL_1994-2025.pdf,GWRA_2025.pdf,NULL,local_pdf,local_pdf,official_web_fallback,pdf_text,pdf_table,NULL,5637,NULL,NULL,https://cgwb.gov.in
nagaland,dimapur,chumukedima,chumukedima,Lumthi Colony,Lumthi Colony Station,25.9,93.76389,2008,8,August,5.6,2025.0,Safe,0.2273547,0.2099807,0.0140930999999999,6.71,NULL,NULL,normalized_exact,0.7,valid,August_WL_1994-2025.pdf,GWRA_2025.pdf,NULL,local_pdf,local_pdf,official_web_fallback,pdf_text,pdf_table,NULL,5637,NULL,NULL,https://cgwb.gov.in
nagaland,dimapur,chumukedima,chumukedima,Purana Bazar,Purana Bazar Station,25.915,93.74944,2008,8,August,7.3,2025.0,Safe,0.2273547,0.2099807,0.0140930999999999,6.71,NULL,NULL,normalized_exact,0.7,valid,August_WL_1994-2025.pdf,GWRA_2025.pdf,NULL,local_pdf,local_pdf,official_web_fallback,pdf_text,pdf_table,NULL,5637,NULL,NULL,https://cgwb.gov.in
nagaland,dimapur,chumukedima,chumukedima,Seirujha Colony Chumuked,Seirujha Colony Chumuked Station,25.80028,93.76194,2008,8,August,12.2,2025.0,Safe,0.2273547,0.2099807,0.0140930999999999,6.71,NULL,NULL,normalized_exact,0.7,valid,August_WL_1994-2025.pdf,GWRA_2025.pdf,NULL,local_pdf,local_pdf,official_web_fallback,pdf_text,pdf_table,NULL,5637,NULL,NULL,https://cgwb.gov.in
nagaland,dimapur,dhansiripar,dhansiripar,Dhansiripar,Dhansiripar Station,25.76667,93.61667,2008,8,August,1.9,2025.0,Safe,0.2273547,0.2099807,0.0140930999999999,6.71,NULL,NULL,normalized_exact,0.7,valid,August_WL_1994-2025.pdf,GWRA_2025.pdf,NULL,local_pdf,local_pdf,official_web_fallback,pdf_text,pdf_table,NULL,5637,NULL,NULL,https://cgwb.gov.in
nagaland,dimapur,dhansiripar,dhansiripar,Singrijan,Singrijan Station,25.83333,93.71667,2008,8,August,3.4,2025.0,Safe,0.2273547,0.2099807,0.0140930999999999,6.71,NULL,NULL,normalized_exact,0.7,valid,August_WL_1994-2025.pdf,GWRA_2025.pdf,NULL,local_pdf,local_pdf,official_web_fallback,pdf_text,pdf_table,NULL,5637,NULL,NULL,https://cgwb.gov.in
nagaland,dimapur,medziphema,medziphema,Industrial Estate,Industrial Estate Station,25.89944,93.69972,2008,8,August,3.8,2025.0,Safe,0.2273547,0.2099807,0.0140930999999999,6.71,NULL,NULL,normalized_exact,0.7,valid,August_WL_1994-2025.pdf,GWRA_2025.pdf,NULL,local_pdf,local_pdf,official_web_fallback,pdf_text,pdf_table,NULL,5637,NULL,NULL,https://cgwb.gov.in
nagaland,dimapur,medziphema,medziphema,Marwari Colony,Marwari Colony Station,25.90278,93.72917,2008,8,August,2.4,2025.0,Safe,0.2273547,0.2099807,0.0140930999999999,6.71,NULL,NULL,normalized_exact,0.7,valid,August_WL_1994-2025.pdf,GWRA_2025.pdf,NULL,local_pdf,local_pdf,official_web_fallback,pdf_text,pdf_table,NULL,5637,NULL,NULL,https://cgwb.gov.in
nagaland,dimapur,medziphema,medziphema,Wild Life Office Dimapur,Wild Life Office Dimapur Station,25.90556,93.7125,2008,8,August,3.0,2025.0,Safe,0.2273547,0.2099807,0.0140930999999999,6.71,NULL,NULL,normalized_exact,0.7,valid,August_WL_1994-2025.pdf,GWRA_2025.pdf,NULL,local_pdf,local_pdf,official_web_fallback,pdf_text,pdf_table,NULL,5637,NULL,NULL,https://cgwb.gov.in
nagaland,kohima,chiephobozou,chiephobozou,Sepfuzou Colony,Sepfuzou Colony Station,25.68417,94.10611,2008,8,August,2.8,2025.0,Safe,0.0308144,0.027733,0.0021616,7.79,NULL,NULL,normalized_exact,0.7,valid,August_WL_1994-2025.pdf,GWRA_2025.pdf,NULL,local_pdf,local_pdf,official_web_fallback,pdf_text,pdf_table,NULL,5637,NULL,NULL,https://cgwb.gov.in
nagaland,kohima,jakhama,jakhama,Cathedral Complex,Cathedral Complex Station,25.65,94.10694,2008,8,August,3.7,2025.0,Safe,0.0308144,0.027733,0.0021616,7.79,NULL,NULL,normalized_exact,0.7,valid,August_WL_1994-2025.pdf,GWRA_2025.pdf,NULL,local_pdf,local_pdf,official_web_fallback,pdf_text,pdf_table,NULL,5637,NULL,NULL,https://cgwb.gov.in
nagaland,mokokchung,mangkolemba,mangkolemba,Lampi,Lampi Station,26.45833,94.36944,2008,8,August,1.9,2025.0,Safe,0.0624481,0.056203,0.0009540999999999,1.7,NULL,NULL,normalized_exact,0.7,valid,August_WL_1994-2025.pdf,GWRA_2025.pdf,NULL,local_pdf,local_pdf,official_web_fallback,pdf_text,pdf_table,NULL,5637,NULL,NULL,https://cgwb.gov.in
nagaland,mon,mon,mon,Namsa,Namsa Station,26.85833,94.94167,2008,8,August,1.5,2025.0,Safe,0.0443039,0.0398736,0.0014663999999999,3.68,NULL,NULL,normalized_exact,0.7,valid,August_WL_1994-2025.pdf,GWRA_2025.pdf,NULL,local_pdf,local_pdf,official_web_fallback,pdf_text,pdf_table,NULL,5637,NULL,NULL,https://cgwb.gov.in
nagaland,peren,jalukie,jalukie,Jalukie,Jalukie Station,25.63333,93.65,2008,8,August,4.5,2025.0,Safe,0.0450353999999999,0.0405317,0.0017137,4.23,NULL,NULL,normalized_exact,0.7,valid,August_WL_1994-2025.pdf,GWRA_2025.pdf,NULL,local_pdf,local_pdf,official_web_fallback,pdf_text,pdf_table,NULL,5637,NULL,NULL,https://cgwb.gov.in
nagaland,wokha,wokha,wokha,New Market (Wk),New Market (Wk) Station,26.09417,94.25639,2008,8,August,0.9,2025.0,Safe,0.0763383,0.0687044,0.0017815,2.59,NULL,NULL,normalized_exact,0.7,valid,August_WL_1994-2025.pdf,GWRA_2025.pdf,NULL,local_pdf,local_pdf,official_web_fallback,pdf_text,pdf_table,NULL,5637,NULL,NULL,https://cgwb.gov.in
nagaland,wokha,wokha,wokha,Tourist Lodge,Tourist Lodge Station,26.10556,94.25722,2008,8,August,2.8,2025.0,Safe,0.0763383,0.0687044,0.0017815,2.59,NULL,NULL,normalized_exact,0.7,valid,August_WL_1994-2025.pdf,GWRA_2025.pdf,NULL,local_pdf,local_pdf,official_web_fallback,pdf_text,pdf_table,NULL,5637,NULL,NULL,https://cgwb.gov.in
nagaland,dimapur,chumukedima,chumukedima,Chumkidima,Chumkidima Station,25.8,93.79583,2007,8,August,3.3,2025.0,Safe,0.2273547,0.2099807,0.0140930999999999,6.71,NULL,NULL,normalized_exact,0.7,valid,August_WL_1994-2025.pdf,GWRA_2025.pdf,NULL,local_pdf,local_pdf,official_web_fallback,pdf_text,pdf_table,NULL,5888,NULL,NULL,https://cgwb.gov.in
nagaland,dimapur,chumukedima,chumukedima,Lumthi Colony,Lumthi Colony Station,25.9,93.76389,2007,8,August,5.6,2025.0,Safe,0.2273547,0.2099807,0.0140930999999999,6.71,NULL,NULL,normalized_exact,0.7,valid,August_WL_1994-2025.pdf,GWRA_2025.pdf,NULL,local_pdf,local_pdf,official_web_fallback,pdf_text,pdf_table,NULL,5888,NULL,NULL,https://cgwb.gov.in
nagaland,dimapur,chumukedima,chumukedima,Purana Bazar,Purana Bazar Station,25.915,93.74944,2007,8,August,7.1,2025.0,Safe,0.2273547,0.2099807,0.0140930999999999,6.71,NULL,NULL,normalized_exact,0.7,valid,August_WL_1994-2025.pdf,GWRA_2025.pdf,NULL,local_pdf,local_pdf,official_web_fallback,pdf_text,pdf_table,NULL,5888,NULL,NULL,https://cgwb.gov.in
nagaland,dimapur,dhansiripar,dhansiripar,Dhansiripar,Dhansiripar Station,25.76667,93.61667,2007,8,August,2.0,2025.0,Safe,0.2273547,0.2099807,0.0140930999999999,6.71,NULL,NULL,normalized_exact,0.7,valid,August_WL_1994-2025.pdf,GWRA_2025.pdf,NULL,local_pdf,local_pdf,official_web_fallback,pdf_text,pdf_table,NULL,5888,NULL,NULL,https://cgwb.gov.in
nagaland,dimapur,dhansiripar,dhansiripar,Singrijan,Singrijan Station,25.83333,93.71667,2007,8,August,2.0,2025.0,Safe,0.2273547,0.2099807,0.0140930999999999,6.71,NULL,NULL,normalized_exact,0.7,valid,August_WL_1994-2025.pdf,GWRA_2025.pdf,NULL,local_pdf,local_pdf,official_web_fallback,pdf_text,pdf_table,NULL,5888,NULL,NULL,https://cgwb.gov.in
nagaland,dimapur,medziphema,medziphema,Industrial Estate,Industrial Estate Station,25.89944,93.69972,2007,8,August,3.8,2025.0,Safe,0.2273547,0.2099807,0.0140930999999999,6.71,NULL,NULL,normalized_exact,0.7,valid,August_WL_1994-2025.pdf,GWRA_2025.pdf,NULL,local_pdf,local_pdf,official_web_fallback,pdf_text,pdf_table,NULL,5888,NULL,NULL,https://cgwb.gov.in
nagaland,dimapur,medziphema,medziphema,Marwari Colony,Marwari Colony Station,25.90278,93.72917,2007,8,August,1.9,2025.0,Safe,0.2273547,0.2099807,0.0140930999999999,6.71,NULL,NULL,normalized_exact,0.7,valid,August_WL_1994-2025.pdf,GWRA_2025.pdf,NULL,local_pdf,local_pdf,official_web_fallback,pdf_text,pdf_table,NULL,5888,NULL,NULL,https://cgwb.gov.in
nagaland,dimapur,medziphema,medziphema,Wild Life Office Dimapur,Wild Life Office Dimapur Station,25.90556,93.7125,2007,8,August,2.3,2025.0,Safe,0.2273547,0.2099807,0.0140930999999999,6.71,NULL,NULL,normalized_exact,0.7,valid,August_WL_1994-2025.pdf,GWRA_2025.pdf,NULL,local_pdf,local_pdf,official_web_fallback,pdf_text,pdf_table,NULL,5888,NULL,NULL,https://cgwb.gov.in
nagaland,kohima,chiephobozou,chiephobozou,Sepfuzou Colony,Sepfuzou Colony Station,25.68417,94.10611,2007,8,August,2.4,2025.0,Safe,0.0308144,0.027733,0.0021616,7.79,NULL,NULL,normalized_exact,0.7,valid,August_WL_1994-2025.pdf,GWRA_2025.pdf,NULL,local_pdf,local_pdf,official_web_fallback,pdf_text,pdf_table,NULL,5888,NULL,NULL,https://cgwb.gov.in
nagaland,kohima,jakhama,jakhama,Cathedral Complex,Cathedral Complex Station,25.65,94.10694,2007,8,August,3.7,2025.0,Safe,0.0308144,0.027733,0.0021616,7.79,NULL,NULL,normalized_exact,0.7,valid,August_WL_1994-2025.pdf,GWRA_2025.pdf,NULL,local_pdf,local_pdf,official_web_fallback,pdf_text,pdf_table,NULL,5888,NULL,NULL,https://cgwb.gov.in
nagaland,mokokchung,mangkolemba,mangkolemba,Lampi,Lampi Station,26.45833,94.36944,2007,8,August,2.0,2025.0,Safe,0.0624481,0.056203,0.0009540999999999,1.7,NULL,NULL,normalized_exact,0.7,valid,August_WL_1994-2025.pdf,GWRA_2025.pdf,NULL,local_pdf,local_pdf,official_web_fallback,pdf_text,pdf_table,NULL,5888,NULL,NULL,https://cgwb.gov.in
nagaland,mon,mon,mon,Namsa,Namsa Station,26.85833,94.94167,2007,8,August,1.8,2025.0,Safe,0.0443039,0.0398736,0.0014663999999999,3.68,NULL,NULL,normalized_exact,0.7,valid,August_WL_1994-2025.pdf,GWRA_2025.pdf,NULL,local_pdf,local_pdf,official_web_fallback,pdf_text,pdf_table,NULL,5888,NULL,NULL,https://cgwb.gov.in
nagaland,peren,jalukie,jalukie,Jalukie,Jalukie Station,25.63333,93.65,2007,8,August,4.5,2025.0,Safe,0.0450353999999999,0.0405317,0.0017137,4.23,NULL,NULL,normalized_exact,0.7,valid,August_WL_1994-2025.pdf,GWRA_2025.pdf,NULL,local_pdf,local_pdf,official_web_fallback,pdf_text,pdf_table,NULL,5888,NULL,NULL,https://cgwb.gov.in
nagaland,wokha,wokha,wokha,New Market (Wk),New Market (Wk) Station,26.09417,94.25639,2007,8,August,1.0,2025.0,Safe,0.0763383,0.0687044,0.0017815,2.59,NULL,NULL,normalized_exact,0.7,valid,August_WL_1994-2025.pdf,GWRA_2025.pdf,NULL,local_pdf,local_pdf,official_web_fallback,pdf_text,pdf_table,NULL,5888,NULL,NULL,https://cgwb.gov.in
nagaland,wokha,wokha,wokha,Tourist Lodge,Tourist Lodge Station,26.10556,94.25722,2007,8,August,3.0,2025.0,Safe,0.0763383,0.0687044,0.0017815,2.59,NULL,NULL,normalized_exact,0.7,valid,August_WL_1994-2025.pdf,GWRA_2025.pdf,NULL,local_pdf,local_pdf,official_web_fallback,pdf_text,pdf_table,NULL,5888,NULL,NULL,https://cgwb.gov.in
nagaland,dimapur,medziphema,medziphema,Wild Life Office Dimapur,Wild Life Office Dimapur Station,25.90556,93.7125,2006,8,August,3.5,2025.0,Safe,0.2273547,0.2099807,0.0140930999999999,6.71,NULL,NULL,normalized_exact,0.7,valid,August_WL_1994-2025.pdf,GWRA_2025.pdf,NULL,local_pdf,local_pdf,official_web_fallback,pdf_text,pdf_table,NULL,6140,NULL,NULL,https://cgwb.gov.in
nagaland,wokha,wokha,wokha,New Market (Wk),New Market (Wk) Station,26.09417,94.25639,2006,8,August,1.0,2025.0,Safe,0.0763383,0.0687044,0.0017815,2.59,NULL,NULL,normalized_exact,0.7,valid,August_WL_1994-2025.pdf,GWRA_2025.pdf,NULL,local_pdf,local_pdf,official_web_fallback,pdf_text,pdf_table,NULL,6140,NULL,NULL,https://cgwb.gov.in
nagaland,wokha,wokha,wokha,Tourist Lodge,Tourist Lodge Station,26.10556,94.25722,2006,8,August,3.1,2025.0,Safe,0.0763383,0.0687044,0.0017815,2.59,NULL,NULL,normalized_exact,0.7,valid,August_WL_1994-2025.pdf,GWRA_2025.pdf,NULL,local_pdf,local_pdf,official_web_fallback,pdf_text,pdf_table,NULL,6140,NULL,NULL,https://cgwb.gov.in
nagaland,mon,mon,mon,Namsa,Namsa Station,26.85833,94.94167,2000,8,August,0.9,2025.0,Safe,0.0443039,0.0398736,0.0014663999999999,3.68,NULL,NULL,normalized_exact,0.7,valid,August_WL_1994-2025.pdf,GWRA_2025.pdf,NULL,local_pdf,local_pdf,official_web_fallback,pdf_text,pdf_table,NULL,7689,NULL,NULL,https://cgwb.gov.in
nagaland,mon,mon,mon,Namsa,Namsa Station,26.85833,94.94167,1999,8,August,1.5,2025.0,Safe,0.0443039,0.0398736,0.0014663999999999,3.68,NULL,NULL,normalized_exact,0.7,valid,August_WL_1994-2025.pdf,GWRA_2025.pdf,NULL,local_pdf,local_pdf,official_web_fallback,pdf_text,pdf_table,NULL,7949,NULL,NULL,https://cgwb.gov.in
nagaland,mon,mon,mon,Namsa,Namsa Station,26.85833,94.94167,1998,8,August,1.0,2025.0,Safe,0.0443039,0.0398736,0.0014663999999999,3.68,NULL,NULL,normalized_exact,0.7,valid,August_WL_1994-2025.pdf,GWRA_2025.pdf,NULL,local_pdf,local_pdf,official_web_fallback,pdf_text,pdf_table,NULL,8210,NULL,NULL,https://cgwb.gov.in
nagaland,dimapur,chumukedima,chumukedima,Lumthi Colony,Lumthi Colony Station,25.9,93.76389,1995,8,August,4.9,2025.0,Safe,0.2273547,0.2099807,0.0140930999999999,6.71,NULL,NULL,normalized_exact,0.7,valid,August_WL_1994-2025.pdf,GWRA_2025.pdf,NULL,local_pdf,local_pdf,official_web_fallback,pdf_text,pdf_table,NULL,8985,NULL,NULL,https://cgwb.gov.in
nagaland,dimapur,medziphema,medziphema,Wild Life Office Dimapur,Wild Life Office Dimapur Station,25.90556,93.7125,1995,8,August,2.5,2025.0,Safe,0.2273547,0.2099807,0.0140930999999999,6.71,NULL,NULL,normalized_exact,0.7,valid,August_WL_1994-2025.pdf,GWRA_2025.pdf,NULL,local_pdf,local_pdf,official_web_fallback,pdf_text,pdf_table,NULL,8985,NULL,NULL,https://cgwb.gov.in
nagaland,mon,mon,mon,Namsa,Namsa Station,26.85833,94.94167,1995,8,August,2.5,2025.0,Safe,0.0443039,0.0398736,0.0014663999999999,3.68,NULL,NULL,normalized_exact,0.7,valid,August_WL_1994-2025.pdf,GWRA_2025.pdf,NULL,local_pdf,local_pdf,official_web_fallback,pdf_text,pdf_table,NULL,8985,NULL,NULL,https://cgwb.gov.in
nagaland,dimapur,chumukedima,chumukedima,3 Mile Bazar,3 Mile Bazar Station,25.88056,93.76222,2025,3,Pre-monsoon,3.67,2025.0,Safe,0.2273547,0.2099807,0.0140930999999999,6.71,23.864765167236328,monthly,normalized_exact,0.7,valid,Pre-monsoon_WL_1994-2025.pdf,GWRA_2025.pdf,IMD Gridded Rainfall (0.25x0.25 deg),local_pdf,local_pdf,official_web_fallback,pdf_text,pdf_table,netcdf_spatial_lookup,202,NULL,NULL,https://cgwb.gov.in
nagaland,dimapur,chumukedima,chumukedima,7Th Mile Colony,7Th Mile Colony Station,25.84389,93.77417,2025,3,Pre-monsoon,11.54,2025.0,Safe,0.2273547,0.2099807,0.0140930999999999,6.71,24.100732803344727,monthly,normalized_exact,0.7,valid,Pre-monsoon_WL_1994-2025.pdf,GWRA_2025.pdf,IMD Gridded Rainfall (0.25x0.25 deg),local_pdf,local_pdf,official_web_fallback,pdf_text,pdf_table,netcdf_spatial_lookup,202,NULL,NULL,https://cgwb.gov.in
nagaland,dimapur,chumukedima,chumukedima,Bade Bazar,Bade Bazar Station,25.82583,93.68528,2025,3,Pre-monsoon,7.54,2025.0,Safe,0.2273547,0.2099807,0.0140930999999999,6.71,24.100732803344727,monthly,normalized_exact,0.7,valid,Pre-monsoon_WL_1994-2025.pdf,GWRA_2025.pdf,IMD Gridded Rainfall (0.25x0.25 deg),local_pdf,local_pdf,official_web_fallback,pdf_text,pdf_table,netcdf_spatial_lookup,202,NULL,NULL,https://cgwb.gov.in
nagaland,dimapur,chumukedima,chumukedima,Chumkidima,Chumkidima Station,25.8,93.79583,2025,3,Pre-monsoon,7.94,2025.0,Safe,0.2273547,0.2099807,0.0140930999999999,6.71,24.100732803344727,monthly,normalized_exact,0.7,valid,Pre-monsoon_WL_1994-2025.pdf,GWRA_2025.pdf,IMD Gridded Rainfall (0.25x0.25 deg),local_pdf,local_pdf,official_web_fallback,pdf_text,pdf_table,netcdf_spatial_lookup,202,NULL,NULL,https://cgwb.gov.in
nagaland,dimapur,chumukedima,chumukedima,Diphupar,Diphupar Station,25.86444,93.77333,2025,3,Pre-monsoon,9.8,2025.0,Safe,0.2273547,0.2099807,0.0140930999999999,6.71,24.100732803344727,monthly,normalized_exact,0.7,valid,Pre-monsoon_WL_1994-2025.pdf,GWRA_2025.pdf,IMD Gridded Rainfall (0.25x0.25 deg),local_pdf,local_pdf,official_web_fallback,pdf_text,pdf_table,netcdf_spatial_lookup,202,NULL,NULL,https://cgwb.gov.in
nagaland,dimapur,chumukedima,chumukedima,Kacharigaon,Kacharigaon Station,25.89156,93.69056,2025,3,Pre-monsoon,10.07,2025.0,Safe,0.2273547,0.2099807,0.0140930999999999,6.71,23.864765167236328,monthly,normalized_exact,0.7,valid,Pre-monsoon_WL_1994-2025.pdf,GWRA_2025.pdf,IMD Gridded Rainfall (0.25x0.25 deg),local_pdf,local_pdf,official_web_fallback,pdf_text,pdf_table,netcdf_spatial_lookup,202,NULL,NULL,https://cgwb.gov.in
nagaland,dimapur,chumukedima,chumukedima,Model Colony,Model Colony Station,25.91569,93.74824,2025,3,Pre-monsoon,7.04,2025.0,Safe,0.2273547,0.2099807,0.0140930999999999,6.71,23.864765167236328,monthly,normalized_exact,0.7,valid,Pre-monsoon_WL_1994-2025.pdf,GWRA_2025.pdf,IMD Gridded Rainfall (0.25x0.25 deg),local_pdf,local_pdf,official_web_fallback,pdf_text,pdf_table,netcdf_spatial_lookup,202,NULL,NULL,https://cgwb.gov.in
nagaland,dimapur,chumukedima,chumukedima,Tenyephe,Tenyephe Station,25.81245,93.7591,2025,3,Pre-monsoon,4.36,2025.0,Safe,0.2273547,0.2099807,0.0140930999999999,6.71,24.100732803344727,monthly,normalized_exact,0.7,valid,Pre-monsoon_WL_1994-2025.pdf,GWRA_2025.pdf,IMD Gridded Rainfall (0.25x0.25 deg),local_pdf,local_pdf,official_web_fallback,pdf_text,pdf_table,netcdf_spatial_lookup,202,NULL,NULL,https://cgwb.gov.in
nagaland,dimapur,chumukedima,chumukedima,Thilaxu Block,Thilaxu Block Station,25.87722,93.7375,2025,3,Pre-monsoon,11.66,2025.0,Safe,0.2273547,0.2099807,0.0140930999999999,6.71,23.864765167236328,monthly,normalized_exact,0.7,valid,Pre-monsoon_WL_1994-2025.pdf,GWRA_2025.pdf,IMD Gridded Rainfall (0.25x0.25 deg),local_pdf,local_pdf,official_web_fallback,pdf_text,pdf_table,netcdf_spatial_lookup,202,NULL,NULL,https://cgwb.gov.in
nagaland,dimapur,dhansiripar,dhansiripar,Doyabur,Doyabur Station,25.76111,93.60056,2025,3,Pre-monsoon,6.28,2025.0,Safe,0.2273547,0.2099807,0.0140930999999999,6.71,32.52295684814453,monthly,normalized_exact,0.7,valid,Pre-monsoon_WL_1994-2025.pdf,GWRA_2025.pdf,IMD Gridded Rainfall (0.25x0.25 deg),local_pdf,local_pdf,official_web_fallback,pdf_text,pdf_table,netcdf_spatial_lookup,202,NULL,NULL,https://cgwb.gov.in
nagaland,dimapur,dhansiripar,dhansiripar,Maibiram,Maibiram Station,25.78278,93.62361,2025,3,Pre-monsoon,7.7,2025.0,Safe,0.2273547,0.2099807,0.0140930999999999,6.71,32.52295684814453,monthly,normalized_exact,0.7,valid,Pre-monsoon_WL_1994-2025.pdf,GWRA_2025.pdf,IMD Gridded Rainfall (0.25x0.25 deg),local_pdf,local_pdf,official_web_fallback,pdf_text,pdf_table,netcdf_spatial_lookup,202,NULL,NULL,https://cgwb.gov.in
nagaland,dimapur,dhansiripar,dhansiripar,Pimla,Pimla Station,25.73583,93.68666,2025,3,Pre-monsoon,7.41,2025.0,Safe,0.2273547,0.2099807,0.0140930999999999,6.71,24.100732803344727,monthly,normalized_exact,0.7,valid,Pre-monsoon_WL_1994-2025.pdf,GWRA_2025.pdf,IMD Gridded Rainfall (0.25x0.25 deg),local_pdf,local_pdf,official_web_fallback,pdf_text,pdf_table,netcdf_spatial_lookup,202,NULL,NULL,https://cgwb.gov.in
nagaland,dimapur,dhansiripar,dhansiripar,Razhaphe,Razhaphe Station,25.78749,93.68787,2025,3,Pre-monsoon,2.73,2025.0,Safe,0.2273547,0.2099807,0.0140930999999999,6.71,24.100732803344727,monthly,normalized_exact,0.7,valid,Pre-monsoon_WL_1994-2025.pdf,GWRA_2025.pdf,IMD Gridded Rainfall (0.25x0.25 deg),local_pdf,local_pdf,official_web_fallback,pdf_text,pdf_table,netcdf_spatial_lookup,202,NULL,NULL,https://cgwb.gov.in
nagaland,dimapur,dhansiripar,dhansiripar,Singrijan,Singrijan Station,25.83333,93.71667,2025,3,Pre-monsoon,5.52,2025.0,Safe,0.2273547,0.2099807,0.0140930999999999,6.71,24.100732803344727,monthly,normalized_exact,0.7,valid,Pre-monsoon_WL_1994-2025.pdf,GWRA_2025.pdf,IMD Gridded Rainfall (0.25x0.25 deg),local_pdf,local_pdf,official_web_fallback,pdf_text,pdf_table,netcdf_spatial_lookup,202,NULL,NULL,https://cgwb.gov.in
nagaland,dimapur,kuhuboto,kuhuboto,Old Showuba,Old Showuba Station,25.85869,93.81163,2025,3,Pre-monsoon,1.95,2025.0,Safe,0.2273547,0.2099807,0.0140930999999999,6.71,24.100732803344727,monthly,normalized_exact,0.7,valid,Pre-monsoon_WL_1994-2025.pdf,GWRA_2025.pdf,IMD Gridded Rainfall (0.25x0.25 deg),local_pdf,local_pdf,official_web_fallback,pdf_text,pdf_table,netcdf_spatial_lookup,202,NULL,NULL,https://cgwb.gov.in
nagaland,dimapur,kuhuboto,kuhuboto,Vihokhu,Vihokhu Station,25.87042,93.86407,2025,3,Pre-monsoon,1.99,2025.0,Safe,0.2273547,0.2099807,0.0140930999999999,6.71,24.100732803344727,monthly,normalized_exact,0.7,valid,Pre-monsoon_WL_1994-2025.pdf,GWRA_2025.pdf,IMD Gridded Rainfall (0.25x0.25 deg),local_pdf,local_pdf,official_web_fallback,pdf_text,pdf_table,netcdf_spatial_lookup,202,NULL,NULL,https://cgwb.gov.in
nagaland,dimapur,medziphema,medziphema,CHC Medziphema,CHC Medziphema Station,25.76236,93.88403,2025,3,Pre-monsoon,8.43,2025.0,Safe,0.2273547,0.2099807,0.0140930999999999,6.71,25.194917678833008,monthly,normalized_exact,0.7,valid,Pre-monsoon_WL_1994-2025.pdf,GWRA_2025.pdf,IMD Gridded Rainfall (0.25x0.25 deg),local_pdf,local_pdf,official_web_fallback,pdf_text,pdf_table,netcdf_spatial_lookup,202,NULL,NULL,https://cgwb.gov.in
nagaland,dimapur,medziphema,medziphema,Jharnapani,Jharnapani Station,25.75704,93.84536,2025,3,Pre-monsoon,4.76,2025.0,Safe,0.2273547,0.2099807,0.0140930999999999,6.71,24.100732803344727,monthly,normalized_exact,0.7,valid,Pre-monsoon_WL_1994-2025.pdf,GWRA_2025.pdf,IMD Gridded Rainfall (0.25x0.25 deg),local_pdf,local_pdf,official_web_fallback,pdf_text,pdf_table,netcdf_spatial_lookup,202,NULL,NULL,https://cgwb.gov.in
nagaland,dimapur,medziphema,medziphema,Kuki Dolong,Kuki Dolong Station,25.76849,93.82097,2025,3,Pre-monsoon,6.88,2025.0,Safe,0.2273547,0.2099807,0.0140930999999999,6.71,24.100732803344727,monthly,normalized_exact,0.7,valid,Pre-monsoon_WL_1994-2025.pdf,GWRA_2025.pdf,IMD Gridded Rainfall (0.25x0.25 deg),local_pdf,local_pdf,official_web_fallback,pdf_text,pdf_table,netcdf_spatial_lookup,202,NULL,NULL,https://cgwb.gov.in
nagaland,dimapur,medziphema,medziphema,Marwari Colony,Marwari Colony Station,25.90278,93.72916,2025,3,Pre-monsoon,1.66,2025.0,Safe,0.2273547,0.2099807,0.0140930999999999,6.71,23.864765167236328,monthly,normalized_exact,0.7,valid,Pre-monsoon_WL_1994-2025.pdf,GWRA_2025.pdf,IMD Gridded Rainfall (0.25x0.25 deg),local_pdf,local_pdf,official_web_fallback,pdf_text,pdf_table,netcdf_spatial_lookup,202,NULL,NULL,https://cgwb.gov.in
nagaland,dimapur,medziphema,medziphema,Medziphema,Medziphema Station,25.75727,93.87984,2025,3,Pre-monsoon,12.5,2025.0,Safe,0.2273547,0.2099807,0.0140930999999999,6.71,25.194917678833008,monthly,normalized_exact,0.7,valid,Pre-monsoon_WL_1994-2025.pdf,GWRA_2025.pdf,IMD Gridded Rainfall (0.25x0.25 deg),local_pdf,local_pdf,official_web_fallback,pdf_text,pdf_table,netcdf_spatial_lookup,202,NULL,NULL,https://cgwb.gov.in
nagaland,dimapur,medziphema,medziphema,Piphema,Piphema Station,25.75448,93.95539,2025,3,Pre-monsoon,8.41,2025.0,Safe,0.2273547,0.2099807,0.0140930999999999,6.71,25.194917678833008,monthly,normalized_exact,0.7,valid,Pre-monsoon_WL_1994-2025.pdf,GWRA_2025.pdf,IMD Gridded Rainfall (0.25x0.25 deg),local_pdf,local_pdf,official_web_fallback,pdf_text,pdf_table,netcdf_spatial_lookup,202,NULL,NULL,https://cgwb.gov.in
nagaland,dimapur,medziphema,medziphema,Rilayan Colony,Rilayan Colony Station,25.90278,93.68444,2025,3,Pre-monsoon,18.27,2025.0,Safe,0.2273547,0.2099807,0.0140930999999999,6.71,23.864765167236328,monthly,normalized_exact,0.7,valid,Pre-monsoon_WL_1994-2025.pdf,GWRA_2025.pdf,IMD Gridded Rainfall (0.25x0.25 deg),local_pdf,local_pdf,official_web_fallback,pdf_text,pdf_table,netcdf_spatial_lookup,202,NULL,NULL,https://cgwb.gov.in
nagaland,dimapur,medziphema,medziphema,Seithekima,Seithekima Station,25.80933,93.79916,2025,3,Pre-monsoon,3.67,2025.0,Safe,0.2273547,0.2099807,0.0140930999999999,6.71,24.100732803344727,monthly,normalized_exact,0.7,valid,Pre-monsoon_WL_1994-2025.pdf,GWRA_2025.pdf,IMD Gridded Rainfall (0.25x0.25 deg),local_pdf,local_pdf,official_web_fallback,pdf_text,pdf_table,netcdf_spatial_lookup,202,NULL,NULL,https://cgwb.gov.in
nagaland,dimapur,medziphema,medziphema,Seiuruzha Bazar,Seiuruzha Bazar Station,25.80079,93.76372,2025,3,Pre-monsoon,5.14,2025.0,Safe,0.2273547,0.2099807,0.0140930999999999,6.71,24.100732803344727,monthly,normalized_exact,0.7,valid,Pre-monsoon_WL_1994-2025.pdf,GWRA_2025.pdf,IMD Gridded Rainfall (0.25x0.25 deg),local_pdf,local_pdf,official_web_fallback,pdf_text,pdf_table,netcdf_spatial_lookup,202,NULL,NULL,https://cgwb.gov.in
nagaland,dimapur,medziphema,medziphema,Shokhuvi,Shokhuvi Station,25.76451,93.71977,2025,3,Pre-monsoon,2.9,2025.0,Safe,0.2273547,0.2099807,0.0140930999999999,6.71,24.100732803344727,monthly,normalized_exact,0.7,valid,Pre-monsoon_WL_1994-2025.pdf,GWRA_2025.pdf,IMD Gridded Rainfall (0.25x0.25 deg),local_pdf,local_pdf,official_web_fallback,pdf_text,pdf_table,netcdf_spatial_lookup,202,NULL,NULL,https://cgwb.gov.in
nagaland,dimapur,medziphema,medziphema,Zakesatho Colony,Zakesatho Colony Station,25.91833,93.72889,2025,3,Pre-monsoon,8.79,2025.0,Safe,0.2273547,0.2099807,0.0140930999999999,6.71,23.864765167236328,monthly,normalized_exact,0.7,valid,Pre-monsoon_WL_1994-2025.pdf,GWRA_2025.pdf,IMD Gridded Rainfall (0.25x0.25 deg),local_pdf,local_pdf,official_web_fallback,pdf_text,pdf_table,netcdf_spatial_lookup,202,NULL,NULL,https://cgwb.gov.in
nagaland,dimapur,niuland,niuland,Dc Office,Dc Office Station,25.93171,93.96775,2025,3,Pre-monsoon,7.25,2025.0,Safe,0.2273547,0.2099807,0.0140930999999999,6.71,26.28890991210937,monthly,normalized_exact,0.7,valid,Pre-monsoon_WL_1994-2025.pdf,GWRA_2025.pdf,IMD Gridded Rainfall (0.25x0.25 deg),local_pdf,local_pdf,official_web_fallback,pdf_text,pdf_table,netcdf_spatial_lookup,202,NULL,NULL,https://cgwb.gov.in
nagaland,dimapur,niuland,niuland,Hozukhe,Hozukhe Station,25.90277,93.95495,2025,3,Pre-monsoon,6.87,2025.0,Safe,0.2273547,0.2099807,0.0140930999999999,6.71,26.28890991210937,monthly,normalized_exact,0.7,valid,Pre-monsoon_WL_1994-2025.pdf,GWRA_2025.pdf,IMD Gridded Rainfall (0.25x0.25 deg),local_pdf,local_pdf,official_web_fallback,pdf_text,pdf_table,netcdf_spatial_lookup,202,NULL,NULL,https://cgwb.gov.in
nagaland,dimapur,niuland,niuland,Medical Colony,Medical Colony Station,25.94035,93.95996,2025,3,Pre-monsoon,8.04,2025.0,Safe,0.2273547,0.2099807,0.0140930999999999,6.71,26.28890991210937,monthly,normalized_exact,0.7,valid,Pre-monsoon_WL_1994-2025.pdf,GWRA_2025.pdf,IMD Gridded Rainfall (0.25x0.25 deg),local_pdf,local_pdf,official_web_fallback,pdf_text,pdf_table,netcdf_spatial_lookup,202,NULL,NULL,https://cgwb.gov.in
nagaland,dimapur,niuland,niuland,Nihokhu,Nihokhu Station,25.88619,93.90513,2025,3,Pre-monsoon,6.32,2025.0,Safe,0.2273547,0.2099807,0.0140930999999999,6.71,26.28890991210937,monthly,normalized_exact,0.7,valid,Pre-monsoon_WL_1994-2025.pdf,GWRA_2025.pdf,IMD Gridded Rainfall (0.25x0.25 deg),local_pdf,local_pdf,official_web_fallback,pdf_text,pdf_table,netcdf_spatial_lookup,202,NULL,NULL,https://cgwb.gov.in
nagaland,dimapur,niuland,niuland,Nikhekhu,Nikhekhu Station,25.89327,93.93265,2025,3,Pre-monsoon,11.11,2025.0,Safe,0.2273547,0.2099807,0.0140930999999999,6.71,26.28890991210937,monthly,normalized_exact,0.7,valid,Pre-monsoon_WL_1994-2025.pdf,GWRA_2025.pdf,IMD Gridded Rainfall (0.25x0.25 deg),local_pdf,local_pdf,official_web_fallback,pdf_text,pdf_table,netcdf_spatial_lookup,202,NULL,NULL,https://cgwb.gov.in
nagaland,dimapur,niuland,niuland,Nuiland Town (Project Colony),Nuiland Town (Project Colony) Station,25.92079,93.96577,2025,3,Pre-monsoon,6.93,2025.0,Safe,0.2273547,0.2099807,0.0140930999999999,6.71,26.28890991210937,monthly,normalized_exact,0.7,valid,Pre-monsoon_WL_1994-2025.pdf,GWRA_2025.pdf,IMD Gridded Rainfall (0.25x0.25 deg),local_pdf,local_pdf,official_web_fallback,pdf_text,pdf_table,netcdf_spatial_lookup,202,NULL,NULL,https://cgwb.gov.in
nagaland,kohima,botsa,botsa,Botsa,Botsa Station,25.85201,94.15716,2025,3,Pre-monsoon,2.4,2025.0,Safe,0.0308144,0.027733,0.0021616,7.79,31.07908821105957,monthly,normalized_exact,0.7,valid,Pre-monsoon_WL_1994-2025.pdf,GWRA_2025.pdf,IMD Gridded Rainfall (0.25x0.25 deg),local_pdf,local_pdf,official_web_fallback,pdf_text,pdf_table,netcdf_spatial_lookup,202,NULL,NULL,https://cgwb.gov.in
nagaland,kohima,chiephobozou,chiephobozou,Chiechama,Chiechama Station,25.81221,94.14026,2025,3,Pre-monsoon,4.31,2025.0,Safe,0.0308144,0.027733,0.0021616,7.79,31.07908821105957,monthly,normalized_exact,0.7,valid,Pre-monsoon_WL_1994-2025.pdf,GWRA_2025.pdf,IMD Gridded Rainfall (0.25x0.25 deg),local_pdf,local_pdf,official_web_fallback,pdf_text,pdf_table,netcdf_spatial_lookup,202,NULL,NULL,https://cgwb.gov.in
nagaland,kohima,chiephobozou,chiephobozou,Chiephobozou,Chiephobozou Station,25.80534,94.13716,2025,3,Pre-monsoon,4.56,2025.0,Safe,0.0308144,0.027733,0.0021616,7.79,31.07908821105957,monthly,normalized_exact,0.7,valid,Pre-monsoon_WL_1994-2025.pdf,GWRA_2025.pdf,IMD Gridded Rainfall (0.25x0.25 deg),local_pdf,local_pdf,official_web_fallback,pdf_text,pdf_table,netcdf_spatial_lookup,202,NULL,NULL,https://cgwb.gov.in
nagaland,kohima,chiephobozou,chiephobozou,Meriema,Meriema Station,25.72016,94.08607,2025,3,Pre-monsoon,4.86,2025.0,Safe,0.0308144,0.027733,0.0021616,7.79,25.194917678833008,monthly,normalized_exact,0.7,valid,Pre-monsoon_WL_1994-2025.pdf,GWRA_2025.pdf,IMD Gridded Rainfall (0.25x0.25 deg),local_pdf,local_pdf,official_web_fallback,pdf_text,pdf_table,netcdf_spatial_lookup,202,NULL,NULL,https://cgwb.gov.in
nagaland,kohima,chiephobozou,chiephobozou,New Market,New Market Station,25.66934,94.09969,2025,3,Pre-monsoon,5.32,2025.0,Safe,0.0308144,0.027733,0.0021616,7.79,25.194917678833008,monthly,normalized_exact,0.7,valid,Pre-monsoon_WL_1994-2025.pdf,GWRA_2025.pdf,IMD Gridded Rainfall (0.25x0.25 deg),local_pdf,local_pdf,official_web_fallback,pdf_text,pdf_table,netcdf_spatial_lookup,202,NULL,NULL,https://cgwb.gov.in
nagaland,kohima,chiephobozou,chiephobozou,New Secretariat,New Secretariat Station,25.70939,94.10149,2025,3,Pre-monsoon,7.31,2025.0,Safe,0.0308144,0.027733,0.0021616,7.79,25.194917678833008,monthly,normalized_exact,0.7,valid,Pre-monsoon_WL_1994-2025.pdf,GWRA_2025.pdf,IMD Gridded Rainfall (0.25x0.25 deg),local_pdf,local_pdf,official_web_fallback,pdf_text,pdf_table,netcdf_spatial_lookup,202,NULL,NULL,https://cgwb.gov.in
nagaland,kohima,chiephobozou,chiephobozou,Thezema,Thezema Station,25.74228,94.10956,2025,3,Pre-monsoon,17.37,2025.0,Safe,0.0308144,0.027733,0.0021616,7.79,25.194917678833008,monthly,normalized_exact,0.7,valid,Pre-monsoon_WL_1994-2025.pdf,GWRA_2025.pdf,IMD Gridded Rainfall (0.25x0.25 deg),local_pdf,local_pdf,official_web_fallback,pdf_text,pdf_table,netcdf_spatial_lookup,202,NULL,NULL,https://cgwb.gov.in
nagaland,kohima,jakhama,jakhama,Kezo Town,Kezo Town Station,25.64508,94.20567,2025,3,Pre-monsoon,4.97,2025.0,Safe,0.0308144,0.027733,0.0021616,7.79,31.07908821105957,monthly,normalized_exact,0.7,valid,Pre-monsoon_WL_1994-2025.pdf,GWRA_2025.pdf,IMD Gridded Rainfall (0.25x0.25 deg),local_pdf,local_pdf,official_web_fallback,pdf_text,pdf_table,netcdf_spatial_lookup,202,NULL,NULL,https://cgwb.gov.in
nagaland,kohima,jakhama,jakhama,Phesama,Phesama Station,25.62729,94.11324,2025,3,Pre-monsoon,2.94,2025.0,Safe,0.0308144,0.027733,0.0021616,7.79,25.194917678833008,monthly,normalized_exact,0.7,valid,Pre-monsoon_WL_1994-2025.pdf,GWRA_2025.pdf,IMD Gridded Rainfall (0.25x0.25 deg),local_pdf,local_pdf,official_web_fallback,pdf_text,pdf_table,netcdf_spatial_lookup,202,NULL,NULL,https://cgwb.gov.in
nagaland,kohima,jakhama,jakhama,Upper Ag Colony,Upper Ag Colony Station,25.65406,94.10317,2025,3,Pre-monsoon,5.49,2025.0,Safe,0.0308144,0.027733,0.0021616,7.79,25.194917678833008,monthly,normalized_exact,0.7,valid,Pre-monsoon_WL_1994-2025.pdf,GWRA_2025.pdf,IMD Gridded Rainfall (0.25x0.25 deg),local_pdf,local_pdf,official_web_fallback,pdf_text,pdf_table,netcdf_spatial_lookup,202,NULL,NULL,https://cgwb.gov.in
nagaland,kohima,kohima,kohima,Jail Colony,Jail Colony Station,25.65728,94.0976,2025,3,Pre-monsoon,3.47,2025.0,Safe,0.0308144,0.027733,0.0021616,7.79,25.194917678833008,monthly,normalized_exact,0.7,valid,Pre-monsoon_WL_1994-2025.pdf,GWRA_2025.pdf,IMD Gridded Rainfall (0.25x0.25 deg),local_pdf,local_pdf,official_web_fallback,pdf_text,pdf_table,netcdf_spatial_lookup,202,NULL,NULL,https://cgwb.gov.in
nagaland,kohima,kohima,kohima,Keyake Bsf Camp,Keyake Bsf Camp Station,25.68138,94.12573,2025,3,Pre-monsoon,8.09,2025.0,Safe,0.0308144,0.027733,0.0021616,7.79,31.07908821105957,monthly,normalized_exact,0.7,valid,Pre-monsoon_WL_1994-2025.pdf,GWRA_2025.pdf,IMD Gridded Rainfall (0.25x0.25 deg),local_pdf,local_pdf,official_web_fallback,pdf_text,pdf_table,netcdf_spatial_lookup,202,NULL,NULL,https://cgwb.gov.in
nagaland,kohima,kohima,kohima,Kohima Village,Kohima Village Station,25.6772,94.11492,2025,3,Pre-monsoon,6.68,2025.0,Safe,0.0308144,0.027733,0.0021616,7.79,25.194917678833008,monthly,normalized_exact,0.7,valid,Pre-monsoon_WL_1994-2025.pdf,GWRA_2025.pdf,IMD Gridded Rainfall (0.25x0.25 deg),local_pdf,local_pdf,official_web_fallback,pdf_text,pdf_table,netcdf_spatial_lookup,202,NULL,NULL,https://cgwb.gov.in
nagaland,kohima,kohima,kohima,Krouliezie,Krouliezie Station,25.68554,94.11253,2025,3,Pre-monsoon,5.62,2025.0,Safe,0.0308144,0.027733,0.0021616,7.79,25.194917678833008,monthly,normalized_exact,0.7,valid,Pre-monsoon_WL_1994-2025.pdf,GWRA_2025.pdf,IMD Gridded Rainfall (0.25x0.25 deg),local_pdf,local_pdf,official_web_fallback,pdf_text,pdf_table,netcdf_spatial_lookup,202,NULL,NULL,https://cgwb.gov.in
nagaland,kohima,kohima,kohima,Naga Hospital Kohima,Naga Hospital Kohima Station,25.66903,94.09952,2025,3,Pre-monsoon,10.3,2025.0,Safe,0.0308144,0.027733,0.0021616,7.79,25.194917678833008,monthly,normalized_exact,0.7,valid,Pre-monsoon_WL_1994-2025.pdf,GWRA_2025.pdf,IMD Gridded Rainfall (0.25x0.25 deg),local_pdf,local_pdf,official_web_fallback,pdf_text,pdf_table,netcdf_spatial_lookup,203,NULL,NULL,https://cgwb.gov.in
nagaland,kohima,sechu zubza,sechu zubza,Jotsoma,Jotsoma Station,25.66997,94.07033,2025,3,Pre-monsoon,0.16,2025.0,Safe,0.0308144,0.027733,0.0021616,7.79,25.194917678833008,monthly,normalized_exact,0.7,valid,Pre-monsoon_WL_1994-2025.pdf,GWRA_2025.pdf,IMD Gridded Rainfall (0.25x0.25 deg),local_pdf,local_pdf,official_web_fallback,pdf_text,pdf_table,netcdf_spatial_lookup,203,NULL,NULL,https://cgwb.gov.in
nagaland,kohima,sechu zubza,sechu zubza,Peducha,Peducha Station,25.73811,94.00655,2025,3,Pre-monsoon,0.65,2025.0,Safe,0.0308144,0.027733,0.0021616,7.79,25.194917678833008,monthly,normalized_exact,0.7,valid,Pre-monsoon_WL_1994-2025.pdf,GWRA_2025.pdf,IMD Gridded Rainfall (0.25x0.25 deg),local_pdf,local_pdf,official_web_fallback,pdf_text,pdf_table,netcdf_spatial_lookup,203,NULL,NULL,https://cgwb.gov.in
nagaland,kohima,sechu zubza,sechu zubza,Sechu Zubza,Sechu Zubza Station,25.72552,94.03786,2025,3,Pre-monsoon,5.24,2025.0,Safe,0.0308144,0.027733,0.0021616,7.79,25.194917678833008,monthly,normalized_exact,0.7,valid,Pre-monsoon_WL_1994-2025.pdf,GWRA_2025.pdf,IMD Gridded Rainfall (0.25x0.25 deg),local_pdf,local_pdf,official_web_fallback,pdf_text,pdf_table,netcdf_spatial_lookup,203,NULL,NULL,https://cgwb.gov.in
nagaland,mokokchung,mangkolemba,mangkolemba,Kumpani Ward 1,Kumpani Ward 1 Station,26.49831,94.43034,2025,3,Pre-monsoon,2.59,2025.0,Safe,0.0624481,0.056203,0.0009540999999999,1.7,95.52603149414062,monthly,normalized_exact,0.7,valid,Pre-monsoon_WL_1994-2025.pdf,GWRA_2025.pdf,IMD Gridded Rainfall (0.25x0.25 deg),local_pdf,local_pdf,official_web_fallback,pdf_text,pdf_table,netcdf_spatial_lookup,203,NULL,NULL,https://cgwb.gov.in
nagaland,mokokchung,mangkolemba,mangkolemba,Kumpani Ward 2,Kumpani Ward 2 Station,26.49948,94.42928,2025,3,Pre-monsoon,3.1,2025.0,Safe,0.0624481,0.056203,0.0009540999999999,1.7,95.52603149414062,monthly,normalized_exact,0.7,valid,Pre-monsoon_WL_1994-2025.pdf,GWRA_2025.pdf,IMD Gridded Rainfall (0.25x0.25 deg),local_pdf,local_pdf,official_web_fallback,pdf_text,pdf_table,netcdf_spatial_lookup,203,NULL,NULL,https://cgwb.gov.in
nagaland,mokokchung,mangkolemba,mangkolemba,Longpayimsen,Longpayimsen Station,26.55053,94.38992,2025,3,Pre-monsoon,2.21,2025.0,Safe,0.0624481,0.056203,0.0009540999999999,1.7,95.52603149414062,monthly,normalized_exact,0.7,valid,Pre-monsoon_WL_1994-2025.pdf,GWRA_2025.pdf,IMD Gridded Rainfall (0.25x0.25 deg),local_pdf,local_pdf,official_web_fallback,pdf_text,pdf_table,netcdf_spatial_lookup,203,NULL,NULL,https://cgwb.gov.in
nagaland,mokokchung,mangkolemba,mangkolemba,Moayimti Junction,Moayimti Junction Station,26.5078,94.36663,2025,3,Pre-monsoon,2.7,2025.0,Safe,0.0624481,0.056203,0.0009540999999999,1.7,80.30567169189453,monthly,normalized_exact,0.7,valid,Pre-monsoon_WL_1994-2025.pdf,GWRA_2025.pdf,IMD Gridded Rainfall (0.25x0.25 deg),local_pdf,local_pdf,official_web_fallback,pdf_text,pdf_table,netcdf_spatial_lookup,203,NULL,NULL,https://cgwb.gov.in
nagaland,mokokchung,mangkolemba,mangkolemba,Moayimti Village,Moayimti Village Station,26.52008,94.35636,2025,3,Pre-monsoon,3.45,2025.0,Safe,0.0624481,0.056203,0.0009540999999999,1.7,80.30567169189453,monthly,normalized_exact,0.7,valid,Pre-monsoon_WL_1994-2025.pdf,GWRA_2025.pdf,IMD Gridded Rainfall (0.25x0.25 deg),local_pdf,local_pdf,official_web_fallback,pdf_text,pdf_table,netcdf_spatial_lookup,203,NULL,NULL,https://cgwb.gov.in
nagaland,mokokchung,mangkolemba,mangkolemba,Tzudayong Ward 1,Tzudayong Ward 1 Station,26.49469,94.43311,2025,3,Pre-monsoon,1.28,2025.0,Safe,0.0624481,0.056203,0.0009540999999999,1.7,95.52603149414062,monthly,normalized_exact,0.7,valid,Pre-monsoon_WL_1994-2025.pdf,GWRA_2025.pdf,IMD Gridded Rainfall (0.25x0.25 deg),local_pdf,local_pdf,official_web_fallback,pdf_text,pdf_table,netcdf_spatial_lookup,203,NULL,NULL,https://cgwb.gov.in
nagaland,mokokchung,mangkolemba,mangkolemba,Tzudayong Ward 2,Tzudayong Ward 2 Station,26.49366,94.43485,2025,3,Pre-monsoon,3.06,2025.0,Safe,0.0624481,0.056203,0.0009540999999999,1.7,95.52603149414062,monthly,normalized_exact,0.7,valid,Pre-monsoon_WL_1994-2025.pdf,GWRA_2025.pdf,IMD Gridded Rainfall (0.25x0.25 deg),local_pdf,local_pdf,official_web_fallback,pdf_text,pdf_table,netcdf_spatial_lookup,203,NULL,NULL,https://cgwb.gov.in
nagaland,mokokchung,mokokchung,mokokchung,Kapayong Ward,Kapayong Ward Station,26.32823,94.53387,2025,3,Pre-monsoon,2.93,2025.0,Safe,0.0624481,0.056203,0.0009540999999999,1.7,59.54524993896485,monthly,normalized_exact,0.7,valid,Pre-monsoon_WL_1994-2025.pdf,GWRA_2025.pdf,IMD Gridded Rainfall (0.25x0.25 deg),local_pdf,local_pdf,official_web_fallback,pdf_text,pdf_table,netcdf_spatial_lookup,203,NULL,NULL,https://cgwb.gov.in
nagaland,mokokchung,mokokchung,mokokchung,Yimyu Ward,Yimyu Ward Station,26.33432,94.50015,2025,3,Pre-monsoon,9.1,2025.0,Safe,0.0624481,0.056203,0.0009540999999999,1.7,59.54524993896485,monthly,normalized_exact,0.7,valid,Pre-monsoon_WL_1994-2025.pdf,GWRA_2025.pdf,IMD Gridded Rainfall (0.25x0.25 deg),local_pdf,local_pdf,official_web_fallback,pdf_text,pdf_table,netcdf_spatial_lookup,203,NULL,NULL,https://cgwb.gov.in
nagaland,mokokchung,ongpangkong(north),ongpangkong(north),Arkong Ward,Arkong Ward Station,26.32239,94.51157,2025,3,Pre-monsoon,1.92,2025.0,Safe,0.0624481,0.056203,0.0009540999999999,1.7,59.54524993896485,monthly,normalized_exact,0.7,valid,Pre-monsoon_WL_1994-2025.pdf,GWRA_2025.pdf,IMD Gridded Rainfall (0.25x0.25 deg),local_pdf,local_pdf,official_web_fallback,pdf_text,pdf_table,netcdf_spatial_lookup,203,NULL,NULL,https://cgwb.gov.in
nagaland,mokokchung,ongpangkong(north),ongpangkong(north),D.C. Hills,D.C. Hills Station,26.32096,94.51472,2025,3,Pre-monsoon,6.59,2025.0,Safe,0.0624481,0.056203,0.0009540999999999,1.7,59.54524993896485,monthly,normalized_exact,0.7,valid,Pre-monsoon_WL_1994-2025.pdf,GWRA_2025.pdf,IMD Gridded Rainfall (0.25x0.25 deg),local_pdf,local_pdf,official_web_fallback,pdf_text,pdf_table,netcdf_spatial_lookup,203,NULL,NULL,https://cgwb.gov.in
nagaland,mokokchung,ongpangkong(north),ongpangkong(north),Mongsenbai Colony,Mongsenbai Colony Station,26.31924,94.50626,2025,3,Pre-monsoon,7.96,2025.0,Safe,0.0624481,0.056203,0.0009540999999999,1.7,59.54524993896485,monthly,normalized_exact,0.7,valid,Pre-monsoon_WL_1994-2025.pdf,GWRA_2025.pdf,IMD Gridded Rainfall (0.25x0.25 deg),local_pdf,local_pdf,official_web_fallback,pdf_text,pdf_table,netcdf_spatial_lookup,203,NULL,NULL,https://cgwb.gov.in
nagaland,mokokchung,ongpangkong(north),ongpangkong(north),Sangtemla Ward,Sangtemla Ward Station,26.32487,94.51845,2025,3,Pre-monsoon,9.28,2025.0,Safe,0.0624481,0.056203,0.0009540999999999,1.7,59.54524993896485,monthly,normalized_exact,0.7,valid,Pre-monsoon_WL_1994-2025.pdf,GWRA_2025.pdf,IMD Gridded Rainfall (0.25x0.25 deg),local_pdf,local_pdf,official_web_fallback,pdf_text,pdf_table,netcdf_spatial_lookup,203,NULL,NULL,https://cgwb.gov.in
nagaland,mokokchung,tsurangkong,tsurangkong,Chungtiayimsen,Chungtiayimsen Station,26.52826,94.37357,2025,3,Pre-monsoon,1.86,2025.0,Safe,0.0624481,0.056203,0.0009540999999999,1.7,80.30567169189453,monthly,normalized_exact,0.7,valid,Pre-monsoon_WL_1994-2025.pdf,GWRA_2025.pdf,IMD Gridded Rainfall (0.25x0.25 deg),local_pdf,local_pdf,official_web_fallback,pdf_text,pdf_table,netcdf_spatial_lookup,203,NULL,NULL,https://cgwb.gov.in
nagaland,mokokchung,tuli,tuli,Longli Lenden Ward,Longli Lenden Ward Station,26.64238,94.64338,2025,3,Pre-monsoon,10.03,2025.0,Safe,0.0624481,0.056203,0.0009540999999999,1.7,157.9905548095703,monthly,normalized_exact,0.7,valid,Pre-monsoon_WL_1994-2025.pdf,GWRA_2025.pdf,IMD Gridded Rainfall (0.25x0.25 deg),local_pdf,local_pdf,official_web_fallback,pdf_text,pdf_table,netcdf_spatial_lookup,203,NULL,NULL,https://cgwb.gov.in
nagaland,mokokchung,tuli,tuli,Longpong Ward,Longpong Ward Station,26.65283,94.64617,2025,3,Pre-monsoon,4.04,2025.0,Safe,0.0624481,0.056203,0.0009540999999999,1.7,157.9905548095703,monthly,normalized_exact,0.7,valid,Pre-monsoon_WL_1994-2025.pdf,GWRA_2025.pdf,IMD Gridded Rainfall (0.25x0.25 deg),local_pdf,local_pdf,official_web_fallback,pdf_text,pdf_table,netcdf_spatial_lookup,203,NULL,NULL,https://cgwb.gov.in
nagaland,mokokchung,tuli,tuli,Tulikong Ward,Tulikong Ward Station,26.67876,94.64428,2025,3,Pre-monsoon,1.26,2025.0,Safe,0.0624481,0.056203,0.0009540999999999,1.7,157.9905548095703,monthly,normalized_exact,0.7,valid,Pre-monsoon_WL_1994-2025.pdf,GWRA_2025.pdf,IMD Gridded Rainfall (0.25x0.25 deg),local_pdf,local_pdf,official_web_fallback,pdf_text,pdf_table,netcdf_spatial_lookup,203,NULL,NULL,https://cgwb.gov.in
nagaland,mokokchung,tuli,tuli,Watiyongpang,Watiyongpang Station,26.75113,94.58411,2025,3,Pre-monsoon,1.69,2025.0,Safe,0.0624481,0.056203,0.0009540999999999,1.7,113.50076293945312,monthly,normalized_exact,0.7,valid,Pre-monsoon_WL_1994-2025.pdf,GWRA_2025.pdf,IMD Gridded Rainfall (0.25x0.25 deg),local_pdf,local_pdf,official_web_fallback,pdf_text,pdf_table,netcdf_spatial_lookup,203,NULL,NULL,https://cgwb.gov.in
nagaland,mon,mon,mon,Jahjon Ward,Jahjon Ward Station,26.72174,95.03243,2025,3,Pre-monsoon,3.8,2025.0,Safe,0.0443039,0.0398736,0.0014663999999999,3.68,232.61964416503903,monthly,normalized_exact,0.7,valid,Pre-monsoon_WL_1994-2025.pdf,GWRA_2025.pdf,IMD Gridded Rainfall (0.25x0.25 deg),local_pdf,local_pdf,official_web_fallback,pdf_text,pdf_table,netcdf_spatial_lookup,203,NULL,NULL,https://cgwb.gov.in
nagaland,mon,mon,mon,Shamtham Ward,Shamtham Ward Station,26.73063,95.02982,2025,3,Pre-monsoon,5.0,2025.0,Safe,0.0443039,0.0398736,0.0014663999999999,3.68,232.61964416503903,monthly,normalized_exact,0.7,valid,Pre-monsoon_WL_1994-2025.pdf,GWRA_2025.pdf,IMD Gridded Rainfall (0.25x0.25 deg),local_pdf,local_pdf,official_web_fallback,pdf_text,pdf_table,netcdf_spatial_lookup,203,NULL,NULL,https://cgwb.gov.in
nagaland,mon,mon,mon,Tammong Village,Tammong Village Station,26.72731,95.04193,2025,3,Pre-monsoon,1.42,2025.0,Safe,0.0443039,0.0398736,0.0014663999999999,3.68,232.61964416503903,monthly,normalized_exact,0.7,valid,Pre-monsoon_WL_1994-2025.pdf,GWRA_2025.pdf,IMD Gridded Rainfall (0.25x0.25 deg),local_pdf,local_pdf,official_web_fallback,pdf_text,pdf_table,netcdf_spatial_lookup,203,NULL,NULL,https://cgwb.gov.in
nagaland,mon,mon,mon,Walo Ward,Walo Ward Station,26.72061,95.02449,2025,3,Pre-monsoon,1.4,2025.0,Safe,0.0443039,0.0398736,0.0014663999999999,3.68,232.61964416503903,monthly,normalized_exact,0.7,valid,Pre-monsoon_WL_1994-2025.pdf,GWRA_2025.pdf,IMD Gridded Rainfall (0.25x0.25 deg),local_pdf,local_pdf,official_web_fallback,pdf_text,pdf_table,netcdf_spatial_lookup,203,NULL,NULL,https://cgwb.gov.in
nagaland,mon,mon,mon,Zaklom Ward,Zaklom Ward Station,26.71387,95.02025,2025,3,Pre-monsoon,0.22,2025.0,Safe,0.0443039,0.0398736,0.0014663999999999,3.68,232.61964416503903,monthly,normalized_exact,0.7,valid,Pre-monsoon_WL_1994-2025.pdf,GWRA_2025.pdf,IMD Gridded Rainfall (0.25x0.25 deg),local_pdf,local_pdf,official_web_fallback,pdf_text,pdf_table,netcdf_spatial_lookup,203,NULL,NULL,https://cgwb.gov.in
nagaland,mon,tizit,tizit,Forest Colony,Forest Colony Station,26.93828,95.06036,2025,3,Pre-monsoon,1.06,2025.0,Safe,0.0443039,0.0398736,0.0014663999999999,3.68,251.97607421875,monthly,normalized_exact,0.7,valid,Pre-monsoon_WL_1994-2025.pdf,GWRA_2025.pdf,IMD Gridded Rainfall (0.25x0.25 deg),local_pdf,local_pdf,official_web_fallback,pdf_text,pdf_table,netcdf_spatial_lookup,203,NULL,NULL,https://cgwb.gov.in
nagaland,mon,tizit,tizit,Industry Ward,Industry Ward Station,26.94157,95.05726,2025,3,Pre-monsoon,1.2,2025.0,Safe,0.0443039,0.0398736,0.0014663999999999,3.68,251.97607421875,monthly,normalized_exact,0.7,valid,Pre-monsoon_WL_1994-2025.pdf,GWRA_2025.pdf,IMD Gridded Rainfall (0.25x0.25 deg),local_pdf,local_pdf,official_web_fallback,pdf_text,pdf_table,netcdf_spatial_lookup,203,NULL,NULL,https://cgwb.gov.in
nagaland,mon,tizit,tizit,Lapa-Lampong,Lapa-Lampong Station,26.9176,95.05874,2025,3,Pre-monsoon,0.69,2025.0,Safe,0.0443039,0.0398736,0.0014663999999999,3.68,251.97607421875,monthly,normalized_exact,0.7,valid,Pre-monsoon_WL_1994-2025.pdf,GWRA_2025.pdf,IMD Gridded Rainfall (0.25x0.25 deg),local_pdf,local_pdf,official_web_fallback,pdf_text,pdf_table,netcdf_spatial_lookup,203,NULL,NULL,https://cgwb.gov.in
nagaland,mon,tizit,tizit,Tizit Village,Tizit Village Station,26.88129,95.07476,2025,3,Pre-monsoon,4.4,2025.0,Safe,0.0443039,0.0398736,0.0014663999999999,3.68,251.97607421875,monthly,normalized_exact,0.7,valid,Pre-monsoon_WL_1994-2025.pdf,GWRA_2025.pdf,IMD Gridded Rainfall (0.25x0.25 deg),local_pdf,local_pdf,official_web_fallback,pdf_text,pdf_table,netcdf_spatial_lookup,203,NULL,NULL,https://cgwb.gov.in
nagaland,mon,wakching,wakching,Naginimora,Naginimora Station,26.81278,94.81139,2025,3,Pre-monsoon,3.66,2025.0,Safe,0.0443039,0.0398736,0.0014663999999999,3.68,157.9905548095703,monthly,normalized_exact,0.7,valid,Pre-monsoon_WL_1994-2025.pdf,GWRA_2025.pdf,IMD Gridded Rainfall (0.25x0.25 deg),local_pdf,local_pdf,official_web_fallback,pdf_text,pdf_table,netcdf_spatial_lookup,203,NULL,NULL,https://cgwb.gov.in
nagaland,peren,jalukie,jalukie,Chc Jalukie,Chc Jalukie Station,25.65717,93.66646,2025,3,Pre-monsoon,11.9,2025.0,Safe,0.0450353999999999,0.0405317,0.0017137,4.23,24.100732803344727,monthly,normalized_exact,0.7,valid,Pre-monsoon_WL_1994-2025.pdf,GWRA_2025.pdf,IMD Gridded Rainfall (0.25x0.25 deg),local_pdf,local_pdf,official_web_fallback,pdf_text,pdf_table,netcdf_spatial_lookup,203,NULL,NULL,https://cgwb.gov.in
nagaland,peren,jalukie,jalukie,Jalukie 'B',Jalukie 'B' Station,25.6292,93.68243,2025,3,Pre-monsoon,3.65,2025.0,Safe,0.0450353999999999,0.0405317,0.0017137,4.23,24.100732803344727,monthly,normalized_exact,0.7,valid,Pre-monsoon_WL_1994-2025.pdf,GWRA_2025.pdf,IMD Gridded Rainfall (0.25x0.25 deg),local_pdf,local_pdf,official_web_fallback,pdf_text,pdf_table,netcdf_spatial_lookup,203,NULL,NULL,https://cgwb.gov.in
nagaland,peren,jalukie,jalukie,Keleilwa Colony Jalukie,Keleilwa Colony Jalukie Station,25.65367,93.67336,2025,3,Pre-monsoon,6.72,2025.0,Safe,0.0450353999999999,0.0405317,0.0017137,4.23,24.100732803344727,monthly,normalized_exact,0.7,valid,Pre-monsoon_WL_1994-2025.pdf,GWRA_2025.pdf,IMD Gridded Rainfall (0.25x0.25 deg),local_pdf,local_pdf,official_web_fallback,pdf_text,pdf_table,netcdf_spatial_lookup,203,NULL,NULL,https://cgwb.gov.in
nagaland,peren,jalukie,jalukie,Mhainamtsi,Mhainamtsi Station,25.67019,93.70176,2025,3,Pre-monsoon,5.0,2025.0,Safe,0.0450353999999999,0.0405317,0.0017137,4.23,24.100732803344727,monthly,normalized_exact,0.7,valid,Pre-monsoon_WL_1994-2025.pdf,GWRA_2025.pdf,IMD Gridded Rainfall (0.25x0.25 deg),local_pdf,local_pdf,official_web_fallback,pdf_text,pdf_table,netcdf_spatial_lookup,203,NULL,NULL,https://cgwb.gov.in
nagaland,peren,peren,peren,Heningkunglwa,Heningkunglwa Station,25.66286,93.77959,2025,3,Pre-monsoon,5.38,2025.0,Safe,0.0450353999999999,0.0405317,0.0017137,4.23,24.100732803344727,monthly,normalized_exact,0.7,valid,Pre-monsoon_WL_1994-2025.pdf,GWRA_2025.pdf,IMD Gridded Rainfall (0.25x0.25 deg),local_pdf,local_pdf,official_web_fallback,pdf_text,pdf_table,netcdf_spatial_lookup,203,NULL,NULL,https://cgwb.gov.in
nagaland,peren,peren,peren,Zbc Peren,Zbc Peren Station,25.53938,93.73462,2025,3,Pre-monsoon,4.69,2025.0,Safe,0.0450353999999999,0.0405317,0.0017137,4.23,20.99666786193848,monthly,normalized_exact,0.7,valid,Pre-monsoon_WL_1994-2025.pdf,GWRA_2025.pdf,IMD Gridded Rainfall (0.25x0.25 deg),local_pdf,local_pdf,official_web_fallback,pdf_text,pdf_table,netcdf_spatial_lookup,203,NULL,NULL,https://cgwb.gov.in
nagaland,phek,pfutsero,pfutsero,Pfutseromi Village,Pfutseromi Village Station,25.56673,94.28716,2025,3,Pre-monsoon,3.0,2025.0,Safe,0.0118142,0.0106327,0.0003768,3.54,19.409936904907227,monthly,normalized_exact,0.7,valid,Pre-monsoon_WL_1994-2025.pdf,GWRA_2025.pdf,IMD Gridded Rainfall (0.25x0.25 deg),local_pdf,local_pdf,official_web_fallback,pdf_text,pdf_table,netcdf_spatial_lookup,203,NULL,NULL,https://cgwb.gov.in
nagaland,phek,pfutsero,pfutsero,Pwd Colony,Pwd Colony Station,25.56824,94.29247,2025,3,Pre-monsoon,7.34,2025.0,Safe,0.0118142,0.0106327,0.0003768,3.54,19.409936904907227,monthly,normalized_exact,0.7,valid,Pre-monsoon_WL_1994-2025.pdf,GWRA_2025.pdf,IMD Gridded Rainfall (0.25x0.25 deg),local_pdf,local_pdf,official_web_fallback,pdf_text,pdf_table,netcdf_spatial_lookup,203,NULL,NULL,https://cgwb.gov.in
nagaland,phek,pfutsero,pfutsero,Reku Colony,Reku Colony Station,25.5703,94.3021,2025,3,Pre-monsoon,4.06,2025.0,Safe,0.0118142,0.0106327,0.0003768,3.54,19.409936904907227,monthly,normalized_exact,0.7,valid,Pre-monsoon_WL_1994-2025.pdf,GWRA_2025.pdf,IMD Gridded Rainfall (0.25x0.25 deg),local_pdf,local_pdf,official_web_fallback,pdf_text,pdf_table,netcdf_spatial_lookup,203,NULL,NULL,https://cgwb.gov.in
nagaland,phek,phek,phek,Bethany I Colony,Bethany I Colony Station,25.71167,94.46645,2025,3,Pre-monsoon,1.85,2025.0,Safe,0.0118142,0.0106327,0.0003768,3.54,33.68495178222656,monthly,normalized_exact,0.7,valid,Pre-monsoon_WL_1994-2025.pdf,GWRA_2025.pdf,IMD Gridded Rainfall (0.25x0.25 deg),local_pdf,local_pdf,official_web_fallback,pdf_text,pdf_table,netcdf_spatial_lookup,203,NULL,NULL,https://cgwb.gov.in
nagaland,phek,phek,phek,Hebron I Colony,Hebron I Colony Station,25.71309,94.46619,2025,3,Pre-monsoon,3.82,2025.0,Safe,0.0118142,0.0106327,0.0003768,3.54,33.68495178222656,monthly,normalized_exact,0.7,valid,Pre-monsoon_WL_1994-2025.pdf,GWRA_2025.pdf,IMD Gridded Rainfall (0.25x0.25 deg),local_pdf,local_pdf,official_web_fallback,pdf_text,pdf_table,netcdf_spatial_lookup,203,NULL,NULL,https://cgwb.gov.in
nagaland,phek,phek,phek,New Colony,New Colony Station,25.70639,94.46259,2025,3,Pre-monsoon,2.89,2025.0,Safe,0.0118142,0.0106327,0.0003768,3.54,33.68495178222656,monthly,normalized_exact,0.7,valid,Pre-monsoon_WL_1994-2025.pdf,GWRA_2025.pdf,IMD Gridded Rainfall (0.25x0.25 deg),local_pdf,local_pdf,official_web_fallback,pdf_text,pdf_table,netcdf_spatial_lookup,203,NULL,NULL,https://cgwb.gov.in
nagaland,phek,phek,phek,Phek Village,Phek Village Station,25.66427,94.46945,2025,3,Pre-monsoon,0.55,2025.0,Safe,0.0118142,0.0106327,0.0003768,3.54,33.68495178222656,monthly,normalized_exact,0.7,valid,Pre-monsoon_WL_1994-2025.pdf,GWRA_2025.pdf,IMD Gridded Rainfall (0.25x0.25 deg),local_pdf,local_pdf,official_web_fallback,pdf_text,pdf_table,netcdf_spatial_lookup,203,NULL,NULL,https://cgwb.gov.in
nagaland,tseminyu,chunlikha,chunlikha,Phc Chunlika,Phc Chunlika Station,25.98492,94.23479,2025,3,Pre-monsoon,6.65,NULL,Safe,NULL,NULL,NULL,NULL,32.01432037353516,monthly,unmatched,0.0,valid,Pre-monsoon_WL_1994-2025.pdf,NULL,IMD Gridded Rainfall (0.25x0.25 deg),local_pdf,official_web_fallback,official_web_fallback,pdf_text,NULL,netcdf_spatial_lookup,203,NULL,NULL,https://cgwb.gov.in
nagaland,tseminyu,tseminyu,tseminyu,Rest House Colony,Rest House Colony Station,25.92594,94.22235,2025,3,Pre-monsoon,13.93,NULL,Safe,NULL,NULL,NULL,NULL,32.01432037353516,monthly,unmatched,0.0,valid,Pre-monsoon_WL_1994-2025.pdf,NULL,IMD Gridded Rainfall (0.25x0.25 deg),local_pdf,official_web_fallback,official_web_fallback,pdf_text,NULL,netcdf_spatial_lookup,203,NULL,NULL,https://cgwb.gov.in
nagaland,tseminyu,tseminyu,tseminyu,Tseminyu Village,Tseminyu Village Station,25.92594,94.2172,2025,3,Pre-monsoon,12.7,NULL,Safe,NULL,NULL,NULL,NULL,32.01432037353516,monthly,unmatched,0.0,valid,Pre-monsoon_WL_1994-2025.pdf,NULL,IMD Gridded Rainfall (0.25x0.25 deg),local_pdf,official_web_fallback,official_web_fallback,pdf_text,NULL,netcdf_spatial_lookup,203,NULL,NULL,https://cgwb.gov.in
nagaland,tseminyu,tseminyu,tseminyu,Ttbc,Ttbc Station,25.92206,94.22289,2025,3,Pre-monsoon,13.92,NULL,Safe,NULL,NULL,NULL,NULL,32.01432037353516,monthly,unmatched,0.0,valid,Pre-monsoon_WL_1994-2025.pdf,NULL,IMD Gridded Rainfall (0.25x0.25 deg),local_pdf,official_web_fallback,official_web_fallback,pdf_text,NULL,netcdf_spatial_lookup,203,NULL,NULL,https://cgwb.gov.in
nagaland,tseminyu,tseminyu,tseminyu,Veterinary Colony,Veterinary Colony Station,25.91679,94.21792,2025,3,Pre-monsoon,2.23,NULL,Safe,NULL,NULL,NULL,NULL,32.01432037353516,monthly,unmatched,0.0,valid,Pre-monsoon_WL_1994-2025.pdf,NULL,IMD Gridded Rainfall (0.25x0.25 deg),local_pdf,official_web_fallback,official_web_fallback,pdf_text,NULL,netcdf_spatial_lookup,203,NULL,NULL,https://cgwb.gov.in
nagaland,wokha,bhandari,bhandari,Merapani,Merapani Station,26.29997,94.09793,2025,3,Pre-monsoon,6.11,2025.0,Safe,0.0763383,0.0687044,0.0017815,2.59,62.51766586303711,monthly,normalized_exact,0.7,valid,Pre-monsoon_WL_1994-2025.pdf,GWRA_2025.pdf,IMD Gridded Rainfall (0.25x0.25 deg),local_pdf,local_pdf,official_web_fallback,pdf_text,pdf_table,netcdf_spatial_lookup,203,NULL,NULL,https://cgwb.gov.in
nagaland,wokha,wokha,wokha,Blue Hill Colony,Blue Hill Colony Station,26.09011,94.26324,2025,3,Pre-monsoon,3.0,2025.0,Safe,0.0763383,0.0687044,0.0017815,2.59,32.01432037353516,monthly,normalized_exact,0.7,valid,Pre-monsoon_WL_1994-2025.pdf,GWRA_2025.pdf,IMD Gridded Rainfall (0.25x0.25 deg),local_pdf,local_pdf,official_web_fallback,pdf_text,pdf_table,netcdf_spatial_lookup,203,NULL,NULL,https://cgwb.gov.in
nagaland,wokha,wokha,wokha,Wokha Village T-Khel,Wokha Village T-Khel Station,26.10883,94.25291,2025,3,Pre-monsoon,5.3,2025.0,Safe,0.0763383,0.0687044,0.0017815,2.59,32.01432037353516,monthly,normalized_exact,0.7,valid,Pre-monsoon_WL_1994-2025.pdf,GWRA_2025.pdf,IMD Gridded Rainfall (0.25x0.25 deg),local_pdf,local_pdf,official_web_fallback,pdf_text,pdf_table,netcdf_spatial_lookup,204,NULL,NULL,https://cgwb.gov.in
nagaland,wokha,wokha,wokha,Zuvotong,Zuvotong Station,26.09111,94.2584,2025,3,Pre-monsoon,2.41,2025.0,Safe,0.0763383,0.0687044,0.0017815,2.59,32.01432037353516,monthly,normalized_exact,0.7,valid,Pre-monsoon_WL_1994-2025.pdf,GWRA_2025.pdf,IMD Gridded Rainfall (0.25x0.25 deg),local_pdf,local_pdf,official_web_fallback,pdf_text,pdf_table,netcdf_spatial_lookup,204,NULL,NULL,https://cgwb.gov.in
nagaland,dimapur,chumukedima,chumukedima,3 Mile Bazar,3 Mile Bazar Station,25.88056,93.76222,2024,3,Pre-monsoon,3.3,2025.0,Safe,0.2273547,0.2099807,0.0140930999999999,6.71,NULL,NULL,normalized_exact,0.7,valid,Pre-monsoon_WL_1994-2025.pdf,GWRA_2025.pdf,NULL,local_pdf,local_pdf,official_web_fallback,pdf_text,pdf_table,NULL,610,NULL,NULL,https://cgwb.gov.in
nagaland,dimapur,chumukedima,chumukedima,7Th Mile Colony,7Th Mile Colony Station,25.84389,93.77417,2024,3,Pre-monsoon,11.6,2025.0,Safe,0.2273547,0.2099807,0.0140930999999999,6.71,NULL,NULL,normalized_exact,0.7,valid,Pre-monsoon_WL_1994-2025.pdf,GWRA_2025.pdf,NULL,local_pdf,local_pdf,official_web_fallback,pdf_text,pdf_table,NULL,610,NULL,NULL,https://cgwb.gov.in
nagaland,dimapur,chumukedima,chumukedima,Bade Bazar,Bade Bazar Station,25.82583,93.68528,2024,3,Pre-monsoon,7.8,2025.0,Safe,0.2273547,0.2099807,0.0140930999999999,6.71,NULL,NULL,normalized_exact,0.7,valid,Pre-monsoon_WL_1994-2025.pdf,GWRA_2025.pdf,NULL,local_pdf,local_pdf,official_web_fallback,pdf_text,pdf_table,NULL,610,NULL,NULL,https://cgwb.gov.in
nagaland,dimapur,chumukedima,chumukedima,Chumkidima,Chumkidima Station,25.8,93.79583,2024,3,Pre-monsoon,3.0,2025.0,Safe,0.2273547,0.2099807,0.0140930999999999,6.71,NULL,NULL,normalized_exact,0.7,valid,Pre-monsoon_WL_1994-2025.pdf,GWRA_2025.pdf,NULL,local_pdf,local_pdf,official_web_fallback,pdf_text,pdf_table,NULL,610,NULL,NULL,https://cgwb.gov.in
nagaland,dimapur,chumukedima,chumukedima,Diphupar,Diphupar Station,25.86444,93.77333,2024,3,Pre-monsoon,4.2,2025.0,Safe,0.2273547,0.2099807,0.0140930999999999,6.71,NULL,NULL,normalized_exact,0.7,valid,Pre-monsoon_WL_1994-2025.pdf,GWRA_2025.pdf,NULL,local_pdf,local_pdf,official_web_fallback,pdf_text,pdf_table,NULL,610,NULL,NULL,https://cgwb.gov.in
nagaland,dimapur,chumukedima,chumukedima,Kacharigaon,Kacharigaon Station,25.89156,93.69056,2024,3,Pre-monsoon,11.0,2025.0,Safe,0.2273547,0.2099807,0.0140930999999999,6.71,NULL,NULL,normalized_exact,0.7,valid,Pre-monsoon_WL_1994-2025.pdf,GWRA_2025.pdf,NULL,local_pdf,local_pdf,official_web_fallback,pdf_text,pdf_table,NULL,610,NULL,NULL,https://cgwb.gov.in
nagaland,dimapur,chumukedima,chumukedima,Model Colony,Model Colony Station,25.91569,93.74824,2024,3,Pre-monsoon,2.6,2025.0,Safe,0.2273547,0.2099807,0.0140930999999999,6.71,NULL,NULL,normalized_exact,0.7,valid,Pre-monsoon_WL_1994-2025.pdf,GWRA_2025.pdf,NULL,local_pdf,local_pdf,official_web_fallback,pdf_text,pdf_table,NULL,610,NULL,NULL,https://cgwb.gov.in
nagaland,dimapur,chumukedima,chumukedima,Seirujha Colony Chumukedi,Seirujha Colony Chumukedi Station,25.80028,93.76194,2024,3,Pre-monsoon,3.6,2025.0,Safe,0.2273547,0.2099807,0.0140930999999999,6.71,NULL,NULL,normalized_exact,0.7,valid,Pre-monsoon_WL_1994-2025.pdf,GWRA_2025.pdf,NULL,local_pdf,local_pdf,official_web_fallback,pdf_text,pdf_table,NULL,610,NULL,NULL,https://cgwb.gov.in
nagaland,dimapur,chumukedima,chumukedima,Tenyephe,Tenyephe Station,25.81245,93.7591,2024,3,Pre-monsoon,3.8,2025.0,Safe,0.2273547,0.2099807,0.0140930999999999,6.71,NULL,NULL,normalized_exact,0.7,valid,Pre-monsoon_WL_1994-2025.pdf,GWRA_2025.pdf,NULL,local_pdf,local_pdf,official_web_fallback,pdf_text,pdf_table,NULL,610,NULL,NULL,https://cgwb.gov.in
nagaland,dimapur,chumukedima,chumukedima,Thilaxu Block,Thilaxu Block Station,25.87722,93.7375,2024,3,Pre-monsoon,11.9,2025.0,Safe,0.2273547,0.2099807,0.0140930999999999,6.71,NULL,NULL,normalized_exact,0.7,valid,Pre-monsoon_WL_1994-2025.pdf,GWRA_2025.pdf,NULL,local_pdf,local_pdf,official_web_fallback,pdf_text,pdf_table,NULL,610,NULL,NULL,https://cgwb.gov.in
nagaland,dimapur,dhansiripar,dhansiripar,Doyabur,Doyabur Station,25.76111,93.60056,2024,3,Pre-monsoon,6.0,2025.0,Safe,0.2273547,0.2099807,0.0140930999999999,6.71,NULL,NULL,normalized_exact,0.7,valid,Pre-monsoon_WL_1994-2025.pdf,GWRA_2025.pdf,NULL,local_pdf,local_pdf,official_web_fallback,pdf_text,pdf_table,NULL,610,NULL,NULL,https://cgwb.gov.in
nagaland,dimapur,dhansiripar,dhansiripar,Maibiram,Maibiram Station,25.78278,93.62361,2024,3,Pre-monsoon,7.7,2025.0,Safe,0.2273547,0.2099807,0.0140930999999999,6.71,NULL,NULL,normalized_exact,0.7,valid,Pre-monsoon_WL_1994-2025.pdf,GWRA_2025.pdf,NULL,local_pdf,local_pdf,official_web_fallback,pdf_text,pdf_table,NULL,610,NULL,NULL,https://cgwb.gov.in
nagaland,dimapur,dhansiripar,dhansiripar,Pimla,Pimla Station,25.73583,93.68666,2024,3,Pre-monsoon,7.7,2025.0,Safe,0.2273547,0.2099807,0.0140930999999999,6.71,NULL,NULL,normalized_exact,0.7,valid,Pre-monsoon_WL_1994-2025.pdf,GWRA_2025.pdf,NULL,local_pdf,local_pdf,official_web_fallback,pdf_text,pdf_table,NULL,610,NULL,NULL,https://cgwb.gov.in
nagaland,dimapur,dhansiripar,dhansiripar,Razhaphe,Razhaphe Station,25.78749,93.68788,2024,3,Pre-monsoon,1.7,2025.0,Safe,0.2273547,0.2099807,0.0140930999999999,6.71,NULL,NULL,normalized_exact,0.7,valid,Pre-monsoon_WL_1994-2025.pdf,GWRA_2025.pdf,NULL,local_pdf,local_pdf,official_web_fallback,pdf_text,pdf_table,NULL,610,NULL,NULL,https://cgwb.gov.in
nagaland,dimapur,dhansiripar,dhansiripar,Singrijan,Singrijan Station,25.83333,93.71667,2024,3,Pre-monsoon,4.6,2025.0,Safe,0.2273547,0.2099807,0.0140930999999999,6.71,NULL,NULL,normalized_exact,0.7,valid,Pre-monsoon_WL_1994-2025.pdf,GWRA_2025.pdf,NULL,local_pdf,local_pdf,official_web_fallback,pdf_text,pdf_table,NULL,610,NULL,NULL,https://cgwb.gov.in
nagaland,dimapur,kuhuboto,kuhuboto,Old Showuba,Old Showuba Station,25.85869,93.81163,2024,3,Pre-monsoon,1.7,2025.0,Safe,0.2273547,0.2099807,0.0140930999999999,6.71,NULL,NULL,normalized_exact,0.7,valid,Pre-monsoon_WL_1994-2025.pdf,GWRA_2025.pdf,NULL,local_pdf,local_pdf,official_web_fallback,pdf_text,pdf_table,NULL,610,NULL,NULL,https://cgwb.gov.in
nagaland,dimapur,kuhuboto,kuhuboto,Vihokhu,Vihokhu Station,25.87043,93.86406,2024,3,Pre-monsoon,0.7,2025.0,Safe,0.2273547,0.2099807,0.0140930999999999,6.71,NULL,NULL,normalized_exact,0.7,valid,Pre-monsoon_WL_1994-2025.pdf,GWRA_2025.pdf,NULL,local_pdf,local_pdf,official_web_fallback,pdf_text,pdf_table,NULL,610,NULL,NULL,https://cgwb.gov.in
nagaland,dimapur,medziphema,medziphema,Jharnapani,Jharnapani Station,25.75704,93.84536,2024,3,Pre-monsoon,4.8,2025.0,Safe,0.2273547,0.2099807,0.0140930999999999,6.71,NULL,NULL,normalized_exact,0.7,valid,Pre-monsoon_WL_1994-2025.pdf,GWRA_2025.pdf,NULL,local_pdf,local_pdf,official_web_fallback,pdf_text,pdf_table,NULL,610,NULL,NULL,https://cgwb.gov.in
nagaland,dimapur,medziphema,medziphema,Kuki Dolong,Kuki Dolong Station,25.76849,93.82097,2024,3,Pre-monsoon,3.2,2025.0,Safe,0.2273547,0.2099807,0.0140930999999999,6.71,NULL,NULL,normalized_exact,0.7,valid,Pre-monsoon_WL_1994-2025.pdf,GWRA_2025.pdf,NULL,local_pdf,local_pdf,official_web_fallback,pdf_text,pdf_table,NULL,610,NULL,NULL,https://cgwb.gov.in
nagaland,dimapur,medziphema,medziphema,Marwari Colony,Marwari Colony Station,25.90278,93.72917,2024,3,Pre-monsoon,5.1,2025.0,Safe,0.2273547,0.2099807,0.0140930999999999,6.71,NULL,NULL,normalized_exact,0.7,valid,Pre-monsoon_WL_1994-2025.pdf,GWRA_2025.pdf,NULL,local_pdf,local_pdf,official_web_fallback,pdf_text,pdf_table,NULL,610,NULL,NULL,https://cgwb.gov.in
nagaland,dimapur,medziphema,medziphema,Medziphema,Medziphema Station,25.75727,93.87984,2024,3,Pre-monsoon,12.3,2025.0,Safe,0.2273547,0.2099807,0.0140930999999999,6.71,NULL,NULL,normalized_exact,0.7,valid,Pre-monsoon_WL_1994-2025.pdf,GWRA_2025.pdf,NULL,local_pdf,local_pdf,official_web_fallback,pdf_text,pdf_table,NULL,610,NULL,NULL,https://cgwb.gov.in
nagaland,dimapur,medziphema,medziphema,Piphema,Piphema Station,25.75448,93.95539,2024,3,Pre-monsoon,6.7,2025.0,Safe,0.2273547,0.2099807,0.0140930999999999,6.71,NULL,NULL,normalized_exact,0.7,valid,Pre-monsoon_WL_1994-2025.pdf,GWRA_2025.pdf,NULL,local_pdf,local_pdf,official_web_fallback,pdf_text,pdf_table,NULL,610,NULL,NULL,https://cgwb.gov.in
nagaland,dimapur,medziphema,medziphema,Rilayan Colony,Rilayan Colony Station,25.90278,93.68444,2024,3,Pre-monsoon,21.0,2025.0,Safe,0.2273547,0.2099807,0.0140930999999999,6.71,NULL,NULL,normalized_exact,0.7,valid,Pre-monsoon_WL_1994-2025.pdf,GWRA_2025.pdf,NULL,local_pdf,local_pdf,official_web_fallback,pdf_text,pdf_table,NULL,610,NULL,NULL,https://cgwb.gov.in
nagaland,dimapur,medziphema,medziphema,Seithekima,Seithekima Station,25.80933,93.79916,2024,3,Pre-monsoon,1.9,2025.0,Safe,0.2273547,0.2099807,0.0140930999999999,6.71,NULL,NULL,normalized_exact,0.7,valid,Pre-monsoon_WL_1994-2025.pdf,GWRA_2025.pdf,NULL,local_pdf,local_pdf,official_web_fallback,pdf_text,pdf_table,NULL,610,NULL,NULL,https://cgwb.gov.in
nagaland,dimapur,medziphema,medziphema,Seiuruzha Bazar,Seiuruzha Bazar Station,25.80079,93.76372,2024,3,Pre-monsoon,3.6,2025.0,Safe,0.2273547,0.2099807,0.0140930999999999,6.71,NULL,NULL,normalized_exact,0.7,valid,Pre-monsoon_WL_1994-2025.pdf,GWRA_2025.pdf,NULL,local_pdf,local_pdf,official_web_fallback,pdf_text,pdf_table,NULL,610,NULL,NULL,https://cgwb.gov.in
nagaland,dimapur,medziphema,medziphema,Shokhuvi,Shokhuvi Station,25.76451,93.71977,2024,3,Pre-monsoon,2.3,2025.0,Safe,0.2273547,0.2099807,0.0140930999999999,6.71,NULL,NULL,normalized_exact,0.7,valid,Pre-monsoon_WL_1994-2025.pdf,GWRA_2025.pdf,NULL,local_pdf,local_pdf,official_web_fallback,pdf_text,pdf_table,NULL,610,NULL,NULL,https://cgwb.gov.in
nagaland,dimapur,medziphema,medziphema,Zakesatho Colony,Zakesatho Colony Station,25.91833,93.72889,2024,3,Pre-monsoon,8.4,2025.0,Safe,0.2273547,0.2099807,0.0140930999999999,6.71,NULL,NULL,normalized_exact,0.7,valid,Pre-monsoon_WL_1994-2025.pdf,GWRA_2025.pdf,NULL,local_pdf,local_pdf,official_web_fallback,pdf_text,pdf_table,NULL,610,NULL,NULL,https://cgwb.gov.in
nagaland,dimapur,niuland,niuland,Dc Office,Dc Office Station,25.93171,93.96775,2024,3,Pre-monsoon,7.3,2025.0,Safe,0.2273547,0.2099807,0.0140930999999999,6.71,NULL,NULL,normalized_exact,0.7,valid,Pre-monsoon_WL_1994-2025.pdf,GWRA_2025.pdf,NULL,local_pdf,local_pdf,official_web_fallback,pdf_text,pdf_table,NULL,610,NULL,NULL,https://cgwb.gov.in
nagaland,dimapur,niuland,niuland,Hozukhe,Hozukhe Station,25.90278,93.95495,2024,3,Pre-monsoon,6.8,2025.0,Safe,0.2273547,0.2099807,0.0140930999999999,6.71,NULL,NULL,normalized_exact,0.7,valid,Pre-monsoon_WL_1994-2025.pdf,GWRA_2025.pdf,NULL,local_pdf,local_pdf,official_web_fallback,pdf_text,pdf_table,NULL,610,NULL,NULL,https://cgwb.gov.in
nagaland,dimapur,niuland,niuland,Medical Colony,Medical Colony Station,25.94035,93.95996,2024,3,Pre-monsoon,9.2,2025.0,Safe,0.2273547,0.2099807,0.0140930999999999,6.71,NULL,NULL,normalized_exact,0.7,valid,Pre-monsoon_WL_1994-2025.pdf,GWRA_2025.pdf,NULL,local_pdf,local_pdf,official_web_fallback,pdf_text,pdf_table,NULL,610,NULL,NULL,https://cgwb.gov.in
nagaland,dimapur,niuland,niuland,Nihokhu,Nihokhu Station,25.88619,93.90513,2024,3,Pre-monsoon,6.7,2025.0,Safe,0.2273547,0.2099807,0.0140930999999999,6.71,NULL,NULL,normalized_exact,0.7,valid,Pre-monsoon_WL_1994-2025.pdf,GWRA_2025.pdf,NULL,local_pdf,local_pdf,official_web_fallback,pdf_text,pdf_table,NULL,610,NULL,NULL,https://cgwb.gov.in
nagaland,dimapur,niuland,niuland,Nikhekhu,Nikhekhu Station,25.89327,93.93265,2024,3,Pre-monsoon,11.0,2025.0,Safe,0.2273547,0.2099807,0.0140930999999999,6.71,NULL,NULL,normalized_exact,0.7,valid,Pre-monsoon_WL_1994-2025.pdf,GWRA_2025.pdf,NULL,local_pdf,local_pdf,official_web_fallback,pdf_text,pdf_table,NULL,610,NULL,NULL,https://cgwb.gov.in
nagaland,dimapur,niuland,niuland,Nuiland Town (Project Colony),Nuiland Town (Project Colony) Station,25.92079,93.96577,2024,3,Pre-monsoon,7.1,2025.0,Safe,0.2273547,0.2099807,0.0140930999999999,6.71,NULL,NULL,normalized_exact,0.7,valid,Pre-monsoon_WL_1994-2025.pdf,GWRA_2025.pdf,NULL,local_pdf,local_pdf,official_web_fallback,pdf_text,pdf_table,NULL,611,NULL,NULL,https://cgwb.gov.in
nagaland,kohima,botsa,botsa,Botsa,Botsa Station,25.85201,94.15716,2024,3,Pre-monsoon,1.7,2025.0,Safe,0.0308144,0.027733,0.0021616,7.79,NULL,NULL,normalized_exact,0.7,valid,Pre-monsoon_WL_1994-2025.pdf,GWRA_2025.pdf,NULL,local_pdf,local_pdf,official_web_fallback,pdf_text,pdf_table,NULL,611,NULL,NULL,https://cgwb.gov.in
nagaland,kohima,chiephobozou,chiephobozou,Chiechama,Chiechama Station,25.81221,94.14026,2024,3,Pre-monsoon,3.8,2025.0,Safe,0.0308144,0.027733,0.0021616,7.79,NULL,NULL,normalized_exact,0.7,valid,Pre-monsoon_WL_1994-2025.pdf,GWRA_2025.pdf,NULL,local_pdf,local_pdf,official_web_fallback,pdf_text,pdf_table,NULL,611,NULL,NULL,https://cgwb.gov.in
nagaland,kohima,chiephobozou,chiephobozou,Chiephobozou,Chiephobozou Station,25.80534,94.13716,2024,3,Pre-monsoon,2.4,2025.0,Safe,0.0308144,0.027733,0.0021616,7.79,NULL,NULL,normalized_exact,0.7,valid,Pre-monsoon_WL_1994-2025.pdf,GWRA_2025.pdf,NULL,local_pdf,local_pdf,official_web_fallback,pdf_text,pdf_table,NULL,611,NULL,NULL,https://cgwb.gov.in
nagaland,kohima,chiephobozou,chiephobozou,Meriema,Meriema Station,25.72016,94.08607,2024,3,Pre-monsoon,9.5,2025.0,Safe,0.0308144,0.027733,0.0021616,7.79,NULL,NULL,normalized_exact,0.7,valid,Pre-monsoon_WL_1994-2025.pdf,GWRA_2025.pdf,NULL,local_pdf,local_pdf,official_web_fallback,pdf_text,pdf_table,NULL,611,NULL,NULL,https://cgwb.gov.in
nagaland,kohima,chiephobozou,chiephobozou,New Market,New Market Station,25.66934,94.09969,2024,3,Pre-monsoon,5.4,2025.0,Safe,0.0308144,0.027733,0.0021616,7.79,NULL,NULL,normalized_exact,0.7,valid,Pre-monsoon_WL_1994-2025.pdf,GWRA_2025.pdf,NULL,local_pdf,local_pdf,official_web_fallback,pdf_text,pdf_table,NULL,611,NULL,NULL,https://cgwb.gov.in
nagaland,kohima,chiephobozou,chiephobozou,New Secretariat,New Secretariat Station,25.70939,94.10149,2024,3,Pre-monsoon,5.5,2025.0,Safe,0.0308144,0.027733,0.0021616,7.79,NULL,NULL,normalized_exact,0.7,valid,Pre-monsoon_WL_1994-2025.pdf,GWRA_2025.pdf,NULL,local_pdf,local_pdf,official_web_fallback,pdf_text,pdf_table,NULL,611,NULL,NULL,https://cgwb.gov.in
nagaland,kohima,chiephobozou,chiephobozou,Thezema,Thezema Station,25.74228,94.10956,2024,3,Pre-monsoon,16.1,2025.0,Safe,0.0308144,0.027733,0.0021616,7.79,NULL,NULL,normalized_exact,0.7,valid,Pre-monsoon_WL_1994-2025.pdf,GWRA_2025.pdf,NULL,local_pdf,local_pdf,official_web_fallback,pdf_text,pdf_table,NULL,611,NULL,NULL,https://cgwb.gov.in
nagaland,kohima,jakhama,jakhama,Phesama,Phesama Station,25.62729,94.11324,2024,3,Pre-monsoon,0.1,2025.0,Safe,0.0308144,0.027733,0.0021616,7.79,NULL,NULL,normalized_exact,0.7,valid,Pre-monsoon_WL_1994-2025.pdf,GWRA_2025.pdf,NULL,local_pdf,local_pdf,official_web_fallback,pdf_text,pdf_table,NULL,611,NULL,NULL,https://cgwb.gov.in
nagaland,kohima,jakhama,jakhama,Upper Ag Colony,Upper Ag Colony Station,25.65406,94.10318,2024,3,Pre-monsoon,5.1,2025.0,Safe,0.0308144,0.027733,0.0021616,7.79,NULL,NULL,normalized_exact,0.7,valid,Pre-monsoon_WL_1994-2025.pdf,GWRA_2025.pdf,NULL,local_pdf,local_pdf,official_web_fallback,pdf_text,pdf_table,NULL,611,NULL,NULL,https://cgwb.gov.in
nagaland,kohima,kohima,kohima,Jail Colony,Jail Colony Station,25.65728,94.09759,2024,3,Pre-monsoon,3.2,2025.0,Safe,0.0308144,0.027733,0.0021616,7.79,NULL,NULL,normalized_exact,0.7,valid,Pre-monsoon_WL_1994-2025.pdf,GWRA_2025.pdf,NULL,local_pdf,local_pdf,official_web_fallback,pdf_text,pdf_table,NULL,611,NULL,NULL,https://cgwb.gov.in
nagaland,kohima,kohima,kohima,Keyake Bsf Camp,Keyake Bsf Camp Station,25.68138,94.12574,2024,3,Pre-monsoon,7.8,2025.0,Safe,0.0308144,0.027733,0.0021616,7.79,NULL,NULL,normalized_exact,0.7,valid,Pre-monsoon_WL_1994-2025.pdf,GWRA_2025.pdf,NULL,local_pdf,local_pdf,official_web_fallback,pdf_text,pdf_table,NULL,611,NULL,NULL,https://cgwb.gov.in
nagaland,kohima,kohima,kohima,Kohima Village,Kohima Village Station,25.6772,94.11493,2024,3,Pre-monsoon,6.4,2025.0,Safe,0.0308144,0.027733,0.0021616,7.79,NULL,NULL,normalized_exact,0.7,valid,Pre-monsoon_WL_1994-2025.pdf,GWRA_2025.pdf,NULL,local_pdf,local_pdf,official_web_fallback,pdf_text,pdf_table,NULL,611,NULL,NULL,https://cgwb.gov.in
nagaland,kohima,kohima,kohima,Krouliezie,Krouliezie Station,25.68554,94.11254,2024,3,Pre-monsoon,5.1,2025.0,Safe,0.0308144,0.027733,0.0021616,7.79,NULL,NULL,normalized_exact,0.7,valid,Pre-monsoon_WL_1994-2025.pdf,GWRA_2025.pdf,NULL,local_pdf,local_pdf,official_web_fallback,pdf_text,pdf_table,NULL,611,NULL,NULL,https://cgwb.gov.in
nagaland,kohima,sechu zubza,sechu zubza,Peducha,Peducha Station,25.73811,94.00656,2024,3,Pre-monsoon,0.5,2025.0,Safe,0.0308144,0.027733,0.0021616,7.79,NULL,NULL,normalized_exact,0.7,valid,Pre-monsoon_WL_1994-2025.pdf,GWRA_2025.pdf,NULL,local_pdf,local_pdf,official_web_fallback,pdf_text,pdf_table,NULL,611,NULL,NULL,https://cgwb.gov.in
nagaland,kohima,sechu zubza,sechu zubza,Sechu Zubza,Sechu Zubza Station,25.72553,94.03786,2024,3,Pre-monsoon,3.2,2025.0,Safe,0.0308144,0.027733,0.0021616,7.79,NULL,NULL,normalized_exact,0.7,valid,Pre-monsoon_WL_1994-2025.pdf,GWRA_2025.pdf,NULL,local_pdf,local_pdf,official_web_fallback,pdf_text,pdf_table,NULL,611,NULL,NULL,https://cgwb.gov.in
nagaland,mokokchung,mangkolemba,mangkolemba,Kumpani Ward 1,Kumpani Ward 1 Station,26.49831,94.43034,2024,3,Pre-monsoon,0.0,2025.0,Safe,0.0624481,0.056203,0.0009540999999999,1.7,NULL,NULL,normalized_exact,0.7,valid,Pre-monsoon_WL_1994-2025.pdf,GWRA_2025.pdf,NULL,local_pdf,local_pdf,official_web_fallback,pdf_text,pdf_table,NULL,611,NULL,NULL,https://cgwb.gov.in
nagaland,mokokchung,mangkolemba,mangkolemba,Kumpani Ward 2,Kumpani Ward 2 Station,26.49948,94.42929,2024,3,Pre-monsoon,0.0,2025.0,Safe,0.0624481,0.056203,0.0009540999999999,1.7,NULL,NULL,normalized_exact,0.7,valid,Pre-monsoon_WL_1994-2025.pdf,GWRA_2025.pdf,NULL,local_pdf,local_pdf,official_web_fallback,pdf_text,pdf_table,NULL,611,NULL,NULL,https://cgwb.gov.in
nagaland,mokokchung,mangkolemba,mangkolemba,Longpayimsen,Longpayimsen Station,26.55053,94.38991,2024,3,Pre-monsoon,0.7,2025.0,Safe,0.0624481,0.056203,0.0009540999999999,1.7,NULL,NULL,normalized_exact,0.7,valid,Pre-monsoon_WL_1994-2025.pdf,GWRA_2025.pdf,NULL,local_pdf,local_pdf,official_web_fallback,pdf_text,pdf_table,NULL,611,NULL,NULL,https://cgwb.gov.in
nagaland,mokokchung,mangkolemba,mangkolemba,Moayimti Junction,Moayimti Junction Station,26.50781,94.36663,2024,3,Pre-monsoon,0.7,2025.0,Safe,0.0624481,0.056203,0.0009540999999999,1.7,NULL,NULL,normalized_exact,0.7,valid,Pre-monsoon_WL_1994-2025.pdf,GWRA_2025.pdf,NULL,local_pdf,local_pdf,official_web_fallback,pdf_text,pdf_table,NULL,611,NULL,NULL,https://cgwb.gov.in
nagaland,mokokchung,mangkolemba,mangkolemba,Moayimti Village,Moayimti Village Station,26.52008,94.35636,2024,3,Pre-monsoon,0.9,2025.0,Safe,0.0624481,0.056203,0.0009540999999999,1.7,NULL,NULL,normalized_exact,0.7,valid,Pre-monsoon_WL_1994-2025.pdf,GWRA_2025.pdf,NULL,local_pdf,local_pdf,official_web_fallback,pdf_text,pdf_table,NULL,611,NULL,NULL,https://cgwb.gov.in
nagaland,mokokchung,mangkolemba,mangkolemba,Tzudayong Ward 1,Tzudayong Ward 1 Station,26.49469,94.43311,2024,3,Pre-monsoon,0.3,2025.0,Safe,0.0624481,0.056203,0.0009540999999999,1.7,NULL,NULL,normalized_exact,0.7,valid,Pre-monsoon_WL_1994-2025.pdf,GWRA_2025.pdf,NULL,local_pdf,local_pdf,official_web_fallback,pdf_text,pdf_table,NULL,611,NULL,NULL,https://cgwb.gov.in
nagaland,mokokchung,mangkolemba,mangkolemba,Tzudayong Ward 2,Tzudayong Ward 2 Station,26.49366,94.43485,2024,3,Pre-monsoon,0.9,2025.0,Safe,0.0624481,0.056203,0.0009540999999999,1.7,NULL,NULL,normalized_exact,0.7,valid,Pre-monsoon_WL_1994-2025.pdf,GWRA_2025.pdf,NULL,local_pdf,local_pdf,official_web_fallback,pdf_text,pdf_table,NULL,611,NULL,NULL,https://cgwb.gov.in
nagaland,mokokchung,ongpangkong(north),ongpangkong(north),Arkong Ward,Arkong Ward Station,26.32239,94.51157,2024,3,Pre-monsoon,1.6,2025.0,Safe,0.0624481,0.056203,0.0009540999999999,1.7,NULL,NULL,normalized_exact,0.7,valid,Pre-monsoon_WL_1994-2025.pdf,GWRA_2025.pdf,NULL,local_pdf,local_pdf,official_web_fallback,pdf_text,pdf_table,NULL,611,NULL,NULL,https://cgwb.gov.in
nagaland,mokokchung,ongpangkong(north),ongpangkong(north),D.C. Hills,D.C. Hills Station,26.32096,94.51472,2024,3,Pre-monsoon,4.9,2025.0,Safe,0.0624481,0.056203,0.0009540999999999,1.7,NULL,NULL,normalized_exact,0.7,valid,Pre-monsoon_WL_1994-2025.pdf,GWRA_2025.pdf,NULL,local_pdf,local_pdf,official_web_fallback,pdf_text,pdf_table,NULL,611,NULL,NULL,https://cgwb.gov.in
nagaland,mokokchung,ongpangkong(north),ongpangkong(north),Mongsenbai Colony,Mongsenbai Colony Station,26.31924,94.50625,2024,3,Pre-monsoon,4.8,2025.0,Safe,0.0624481,0.056203,0.0009540999999999,1.7,NULL,NULL,normalized_exact,0.7,valid,Pre-monsoon_WL_1994-2025.pdf,GWRA_2025.pdf,NULL,local_pdf,local_pdf,official_web_fallback,pdf_text,pdf_table,NULL,611,NULL,NULL,https://cgwb.gov.in
nagaland,mokokchung,ongpangkong(north),ongpangkong(north),Sangtemla Ward,Sangtemla Ward Station,26.32488,94.51845,2024,3,Pre-monsoon,9.2,2025.0,Safe,0.0624481,0.056203,0.0009540999999999,1.7,NULL,NULL,normalized_exact,0.7,valid,Pre-monsoon_WL_1994-2025.pdf,GWRA_2025.pdf,NULL,local_pdf,local_pdf,official_web_fallback,pdf_text,pdf_table,NULL,611,NULL,NULL,https://cgwb.gov.in
nagaland,mokokchung,tsurangkong,tsurangkong,Chungtiayimsen,Chungtiayimsen Station,26.52827,94.37358,2024,3,Pre-monsoon,0.8,2025.0,Safe,0.0624481,0.056203,0.0009540999999999,1.7,NULL,NULL,normalized_exact,0.7,valid,Pre-monsoon_WL_1994-2025.pdf,GWRA_2025.pdf,NULL,local_pdf,local_pdf,official_web_fallback,pdf_text,pdf_table,NULL,611,NULL,NULL,https://cgwb.gov.in
nagaland,mokokchung,tuli,tuli,Longli Lenden Ward,Longli Lenden Ward Station,26.64238,94.64338,2024,3,Pre-monsoon,0.9,2025.0,Safe,0.0624481,0.056203,0.0009540999999999,1.7,NULL,NULL,normalized_exact,0.7,valid,Pre-monsoon_WL_1994-2025.pdf,GWRA_2025.pdf,NULL,local_pdf,local_pdf,official_web_fallback,pdf_text,pdf_table,NULL,611,NULL,NULL,https://cgwb.gov.in
nagaland,mokokchung,tuli,tuli,Longpong Ward,Longpong Ward Station,26.65283,94.64617,2024,3,Pre-monsoon,1.1,2025.0,Safe,0.0624481,0.056203,0.0009540999999999,1.7,NULL,NULL,normalized_exact,0.7,valid,Pre-monsoon_WL_1994-2025.pdf,GWRA_2025.pdf,NULL,local_pdf,local_pdf,official_web_fallback,pdf_text,pdf_table,NULL,611,NULL,NULL,https://cgwb.gov.in
nagaland,mokokchung,tuli,tuli,Tulikong Ward,Tulikong Ward Station,26.67876,94.64428,2024,3,Pre-monsoon,0.6,2025.0,Safe,0.0624481,0.056203,0.0009540999999999,1.7,NULL,NULL,normalized_exact,0.7,valid,Pre-monsoon_WL_1994-2025.pdf,GWRA_2025.pdf,NULL,local_pdf,local_pdf,official_web_fallback,pdf_text,pdf_table,NULL,611,NULL,NULL,https://cgwb.gov.in
nagaland,mokokchung,tuli,tuli,Watiyongpang,Watiyongpang Station,26.75113,94.58411,2024,3,Pre-monsoon,0.6,2025.0,Safe,0.0624481,0.056203,0.0009540999999999,1.7,NULL,NULL,normalized_exact,0.7,valid,Pre-monsoon_WL_1994-2025.pdf,GWRA_2025.pdf,NULL,local_pdf,local_pdf,official_web_fallback,pdf_text,pdf_table,NULL,611,NULL,NULL,https://cgwb.gov.in
nagaland,mon,tizit,tizit,Forest Colony,Forest Colony Station,26.93828,95.06037,2024,3,Pre-monsoon,2.8,2025.0,Safe,0.0443039,0.0398736,0.0014663999999999,3.68,NULL,NULL,normalized_exact,0.7,valid,Pre-monsoon_WL_1994-2025.pdf,GWRA_2025.pdf,NULL,local_pdf,local_pdf,official_web_fallback,pdf_text,pdf_table,NULL,611,NULL,NULL,https://cgwb.gov.in
nagaland,mon,tizit,tizit,Industry Ward,Industry Ward Station,26.94157,95.05726,2024,3,Pre-monsoon,2.7,2025.0,Safe,0.0443039,0.0398736,0.0014663999999999,3.68,NULL,NULL,normalized_exact,0.7,valid,Pre-monsoon_WL_1994-2025.pdf,GWRA_2025.pdf,NULL,local_pdf,local_pdf,official_web_fallback,pdf_text,pdf_table,NULL,611,NULL,NULL,https://cgwb.gov.in
nagaland,peren,jalukie,jalukie,Chc Jalukie,Chc Jalukie Station,25.65717,93.66646,2024,3,Pre-monsoon,11.0,2025.0,Safe,0.0450353999999999,0.0405317,0.0017137,4.23,NULL,NULL,normalized_exact,0.7,valid,Pre-monsoon_WL_1994-2025.pdf,GWRA_2025.pdf,NULL,local_pdf,local_pdf,official_web_fallback,pdf_text,pdf_table,NULL,611,NULL,NULL,https://cgwb.gov.in
nagaland,peren,jalukie,jalukie,Jalukie 'B',Jalukie 'B' Station,25.6292,93.68243,2024,3,Pre-monsoon,3.0,2025.0,Safe,0.0450353999999999,0.0405317,0.0017137,4.23,NULL,NULL,normalized_exact,0.7,valid,Pre-monsoon_WL_1994-2025.pdf,GWRA_2025.pdf,NULL,local_pdf,local_pdf,official_web_fallback,pdf_text,pdf_table,NULL,611,NULL,NULL,https://cgwb.gov.in
nagaland,peren,jalukie,jalukie,Keleilwa Colony Jalukie,Keleilwa Colony Jalukie Station,25.65367,93.67336,2024,3,Pre-monsoon,5.4,2025.0,Safe,0.0450353999999999,0.0405317,0.0017137,4.23,NULL,NULL,normalized_exact,0.7,valid,Pre-monsoon_WL_1994-2025.pdf,GWRA_2025.pdf,NULL,local_pdf,local_pdf,official_web_fallback,pdf_text,pdf_table,NULL,611,NULL,NULL,https://cgwb.gov.in
nagaland,peren,jalukie,jalukie,Mhainamtsi,Mhainamtsi Station,25.67019,93.70176,2024,3,Pre-monsoon,2.2,2025.0,Safe,0.0450353999999999,0.0405317,0.0017137,4.23,NULL,NULL,normalized_exact,0.7,valid,Pre-monsoon_WL_1994-2025.pdf,GWRA_2025.pdf,NULL,local_pdf,local_pdf,official_web_fallback,pdf_text,pdf_table,NULL,611,NULL,NULL,https://cgwb.gov.in
nagaland,peren,peren,peren,Heningkunglwa,Heningkunglwa Station,25.66286,93.77959,2024,3,Pre-monsoon,5.2,2025.0,Safe,0.0450353999999999,0.0405317,0.0017137,4.23,NULL,NULL,normalized_exact,0.7,valid,Pre-monsoon_WL_1994-2025.pdf,GWRA_2025.pdf,NULL,local_pdf,local_pdf,official_web_fallback,pdf_text,pdf_table,NULL,612,NULL,NULL,https://cgwb.gov.in
nagaland,peren,peren,peren,Zbc Peren,Zbc Peren Station,25.53938,93.73462,2024,3,Pre-monsoon,2.9,2025.0,Safe,0.0450353999999999,0.0405317,0.0017137,4.23,NULL,NULL,normalized_exact,0.7,valid,Pre-monsoon_WL_1994-2025.pdf,GWRA_2025.pdf,NULL,local_pdf,local_pdf,official_web_fallback,pdf_text,pdf_table,NULL,612,NULL,NULL,https://cgwb.gov.in
nagaland,phek,pfutsero,pfutsero,Pwd Colony,Pwd Colony Station,25.56824,94.29248,2024,3,Pre-monsoon,7.2,2025.0,Safe,0.0118142,0.0106327,0.0003768,3.54,NULL,NULL,normalized_exact,0.7,valid,Pre-monsoon_WL_1994-2025.pdf,GWRA_2025.pdf,NULL,local_pdf,local_pdf,official_web_fallback,pdf_text,pdf_table,NULL,612,NULL,NULL,https://cgwb.gov.in
nagaland,phek,pfutsero,pfutsero,Reku Colony,Reku Colony Station,25.5703,94.3021,2024,3,Pre-monsoon,4.0,2025.0,Safe,0.0118142,0.0106327,0.0003768,3.54,NULL,NULL,normalized_exact,0.7,valid,Pre-monsoon_WL_1994-2025.pdf,GWRA_2025.pdf,NULL,local_pdf,local_pdf,official_web_fallback,pdf_text,pdf_table,NULL,612,NULL,NULL,https://cgwb.gov.in
nagaland,phek,phek,phek,Bethany I Colony,Bethany I Colony Station,25.71167,94.46645,2024,3,Pre-monsoon,1.8,2025.0,Safe,0.0118142,0.0106327,0.0003768,3.54,NULL,NULL,normalized_exact,0.7,valid,Pre-monsoon_WL_1994-2025.pdf,GWRA_2025.pdf,NULL,local_pdf,local_pdf,official_web_fallback,pdf_text,pdf_table,NULL,612,NULL,NULL,https://cgwb.gov.in
nagaland,phek,phek,phek,Hebron I Colony,Hebron I Colony Station,25.71309,94.46618,2024,3,Pre-monsoon,2.9,2025.0,Safe,0.0118142,0.0106327,0.0003768,3.54,NULL,NULL,normalized_exact,0.7,valid,Pre-monsoon_WL_1994-2025.pdf,GWRA_2025.pdf,NULL,local_pdf,local_pdf,official_web_fallback,pdf_text,pdf_table,NULL,612,NULL,NULL,https://cgwb.gov.in
nagaland,phek,phek,phek,New Colony,New Colony Station,25.70639,94.46259,2024,3,Pre-monsoon,2.5,2025.0,Safe,0.0118142,0.0106327,0.0003768,3.54,NULL,NULL,normalized_exact,0.7,valid,Pre-monsoon_WL_1994-2025.pdf,GWRA_2025.pdf,NULL,local_pdf,local_pdf,official_web_fallback,pdf_text,pdf_table,NULL,612,NULL,NULL,https://cgwb.gov.in
nagaland,tseminyu,chunlikha,chunlikha,Phc Chunlika,Phc Chunlika Station,25.98492,94.23479,2024,3,Pre-monsoon,2.8,NULL,Safe,NULL,NULL,NULL,NULL,NULL,NULL,unmatched,0.0,valid,Pre-monsoon_WL_1994-2025.pdf,NULL,NULL,local_pdf,official_web_fallback,official_web_fallback,pdf_text,NULL,NULL,612,NULL,NULL,https://cgwb.gov.in
nagaland,tseminyu,tseminyu,tseminyu,Rest House Colony,Rest House Colony Station,25.92594,94.22235,2024,3,Pre-monsoon,9.1,NULL,Safe,NULL,NULL,NULL,NULL,NULL,NULL,unmatched,0.0,valid,Pre-monsoon_WL_1994-2025.pdf,NULL,NULL,local_pdf,official_web_fallback,official_web_fallback,pdf_text,NULL,NULL,612,NULL,NULL,https://cgwb.gov.in
nagaland,tseminyu,tseminyu,tseminyu,Tseminyu Village,Tseminyu Village Station,25.92594,94.2172,2024,3,Pre-monsoon,9.5,NULL,Safe,NULL,NULL,NULL,NULL,NULL,NULL,unmatched,0.0,valid,Pre-monsoon_WL_1994-2025.pdf,NULL,NULL,local_pdf,official_web_fallback,official_web_fallback,pdf_text,NULL,NULL,612,NULL,NULL,https://cgwb.gov.in
nagaland,tseminyu,tseminyu,tseminyu,Ttbc,Ttbc Station,25.92206,94.22289,2024,3,Pre-monsoon,13.1,NULL,Safe,NULL,NULL,NULL,NULL,NULL,NULL,unmatched,0.0,valid,Pre-monsoon_WL_1994-2025.pdf,NULL,NULL,local_pdf,official_web_fallback,official_web_fallback,pdf_text,NULL,NULL,612,NULL,NULL,https://cgwb.gov.in
nagaland,tseminyu,tseminyu,tseminyu,Veterinary Colony,Veterinary Colony Station,25.91679,94.21792,2024,3,Pre-monsoon,2.2,NULL,Safe,NULL,NULL,NULL,NULL,NULL,NULL,unmatched,0.0,valid,Pre-monsoon_WL_1994-2025.pdf,NULL,NULL,local_pdf,official_web_fallback,official_web_fallback,pdf_text,NULL,NULL,612,NULL,NULL,https://cgwb.gov.in
nagaland,wokha,bhandari,bhandari,Merapani,Merapani Station,26.29997,94.09793,2024,3,Pre-monsoon,3.3,2025.0,Safe,0.0763383,0.0687044,0.0017815,2.59,NULL,NULL,normalized_exact,0.7,valid,Pre-monsoon_WL_1994-2025.pdf,GWRA_2025.pdf,NULL,local_pdf,local_pdf,official_web_fallback,pdf_text,pdf_table,NULL,612,NULL,NULL,https://cgwb.gov.in
nagaland,wokha,wokha,wokha,Blue Hill Colony,Blue Hill Colony Station,26.09011,94.26324,2024,3,Pre-monsoon,1.2,2025.0,Safe,0.0763383,0.0687044,0.0017815,2.59,NULL,NULL,normalized_exact,0.7,valid,Pre-monsoon_WL_1994-2025.pdf,GWRA_2025.pdf,NULL,local_pdf,local_pdf,official_web_fallback,pdf_text,pdf_table,NULL,612,NULL,NULL,https://cgwb.gov.in
nagaland,wokha,wokha,wokha,Wokha Village T-Khel,Wokha Village T-Khel Station,26.10883,94.25292,2024,3,Pre-monsoon,3.0,2025.0,Safe,0.0763383,0.0687044,0.0017815,2.59,NULL,NULL,normalized_exact,0.7,valid,Pre-monsoon_WL_1994-2025.pdf,GWRA_2025.pdf,NULL,local_pdf,local_pdf,official_web_fallback,pdf_text,pdf_table,NULL,612,NULL,NULL,https://cgwb.gov.in
nagaland,wokha,wokha,wokha,Zuvotong,Zuvotong Station,26.09111,94.2584,2024,3,Pre-monsoon,1.6,2025.0,Safe,0.0763383,0.0687044,0.0017815,2.59,NULL,NULL,normalized_exact,0.7,valid,Pre-monsoon_WL_1994-2025.pdf,GWRA_2025.pdf,NULL,local_pdf,local_pdf,official_web_fallback,pdf_text,pdf_table,NULL,612,NULL,NULL,https://cgwb.gov.in
nagaland,dimapur,chumukedima,chumukedima,3 Mile Bazar,3 Mile Bazar Station,25.88056,93.76222,2023,3,Pre-monsoon,2.8,2025.0,Safe,0.2273547,0.2099807,0.0140930999999999,6.71,NULL,NULL,normalized_exact,0.7,valid,Pre-monsoon_WL_1994-2025.pdf,GWRA_2025.pdf,NULL,local_pdf,local_pdf,official_web_fallback,pdf_text,pdf_table,NULL,1069,NULL,NULL,https://cgwb.gov.in
nagaland,dimapur,chumukedima,chumukedima,7Th Mile Colony,7Th Mile Colony Station,25.84389,93.77417,2023,3,Pre-monsoon,11.9,2025.0,Safe,0.2273547,0.2099807,0.0140930999999999,6.71,NULL,NULL,normalized_exact,0.7,valid,Pre-monsoon_WL_1994-2025.pdf,GWRA_2025.pdf,NULL,local_pdf,local_pdf,official_web_fallback,pdf_text,pdf_table,NULL,1069,NULL,NULL,https://cgwb.gov.in
nagaland,dimapur,chumukedima,chumukedima,Chumkidima,Chumkidima Station,25.8,93.79583,2023,3,Pre-monsoon,3.5,2025.0,Safe,0.2273547,0.2099807,0.0140930999999999,6.71,NULL,NULL,normalized_exact,0.7,valid,Pre-monsoon_WL_1994-2025.pdf,GWRA_2025.pdf,NULL,local_pdf,local_pdf,official_web_fallback,pdf_text,pdf_table,NULL,1069,NULL,NULL,https://cgwb.gov.in
nagaland,dimapur,chumukedima,chumukedima,Diphupar,Diphupar Station,25.86444,93.77333,2023,3,Pre-monsoon,10.6,2025.0,Safe,0.2273547,0.2099807,0.0140930999999999,6.71,NULL,NULL,normalized_exact,0.7,valid,Pre-monsoon_WL_1994-2025.pdf,GWRA_2025.pdf,NULL,local_pdf,local_pdf,official_web_fallback,pdf_text,pdf_table,NULL,1069,NULL,NULL,https://cgwb.gov.in
nagaland,dimapur,chumukedima,chumukedima,Seirujha Colony Chumukedi,Seirujha Colony Chumukedi Station,25.80028,93.76194,2023,3,Pre-monsoon,7.3,2025.0,Safe,0.2273547,0.2099807,0.0140930999999999,6.71,NULL,NULL,normalized_exact,0.7,valid,Pre-monsoon_WL_1994-2025.pdf,GWRA_2025.pdf,NULL,local_pdf,local_pdf,official_web_fallback,pdf_text,pdf_table,NULL,1069,NULL,NULL,https://cgwb.gov.in
nagaland,dimapur,dhansiripar,dhansiripar,Doyabur,Doyabur Station,25.76111,93.60056,2023,3,Pre-monsoon,6.3,2025.0,Safe,0.2273547,0.2099807,0.0140930999999999,6.71,NULL,NULL,normalized_exact,0.7,valid,Pre-monsoon_WL_1994-2025.pdf,GWRA_2025.pdf,NULL,local_pdf,local_pdf,official_web_fallback,pdf_text,pdf_table,NULL,1069,NULL,NULL,https://cgwb.gov.in
nagaland,dimapur,dhansiripar,dhansiripar,Maibiram,Maibiram Station,25.78278,93.62361,2023,3,Pre-monsoon,8.3,2025.0,Safe,0.2273547,0.2099807,0.0140930999999999,6.71,NULL,NULL,normalized_exact,0.7,valid,Pre-monsoon_WL_1994-2025.pdf,GWRA_2025.pdf,NULL,local_pdf,local_pdf,official_web_fallback,pdf_text,pdf_table,NULL,1069,NULL,NULL,https://cgwb.gov.in
nagaland,dimapur,dhansiripar,dhansiripar,Singrijan,Singrijan Station,25.83333,93.71667,2023,3,Pre-monsoon,6.8,2025.0,Safe,0.2273547,0.2099807,0.0140930999999999,6.71,NULL,NULL,normalized_exact,0.7,valid,Pre-monsoon_WL_1994-2025.pdf,GWRA_2025.pdf,NULL,local_pdf,local_pdf,official_web_fallback,pdf_text,pdf_table,NULL,1069,NULL,NULL,https://cgwb.gov.in
nagaland,dimapur,medziphema,medziphema,Marwari Colony,Marwari Colony Station,25.90278,93.72917,2023,3,Pre-monsoon,2.2,2025.0,Safe,0.2273547,0.2099807,0.0140930999999999,6.71,NULL,NULL,normalized_exact,0.7,valid,Pre-monsoon_WL_1994-2025.pdf,GWRA_2025.pdf,NULL,local_pdf,local_pdf,official_web_fallback,pdf_text,pdf_table,NULL,1069,NULL,NULL,https://cgwb.gov.in
nagaland,dimapur,medziphema,medziphema,Rilayan Colony,Rilayan Colony Station,25.90278,93.68444,2023,3,Pre-monsoon,13.6,2025.0,Safe,0.2273547,0.2099807,0.0140930999999999,6.71,NULL,NULL,normalized_exact,0.7,valid,Pre-monsoon_WL_1994-2025.pdf,GWRA_2025.pdf,NULL,local_pdf,local_pdf,official_web_fallback,pdf_text,pdf_table,NULL,1069,NULL,NULL,https://cgwb.gov.in
nagaland,dimapur,chumukedima,chumukedima,7Th Mile Colony,7Th Mile Colony Station,25.84389,93.77417,2022,3,Pre-monsoon,12.8,2025.0,Safe,0.2273547,0.2099807,0.0140930999999999,6.71,NULL,NULL,normalized_exact,0.7,valid,Pre-monsoon_WL_1994-2025.pdf,GWRA_2025.pdf,NULL,local_pdf,local_pdf,official_web_fallback,pdf_text,pdf_table,NULL,1513,NULL,NULL,https://cgwb.gov.in
nagaland,dimapur,chumukedima,chumukedima,Bade Bazar,Bade Bazar Station,25.82583,93.68528,2022,3,Pre-monsoon,8.4,2025.0,Safe,0.2273547,0.2099807,0.0140930999999999,6.71,NULL,NULL,normalized_exact,0.7,valid,Pre-monsoon_WL_1994-2025.pdf,GWRA_2025.pdf,NULL,local_pdf,local_pdf,official_web_fallback,pdf_text,pdf_table,NULL,1513,NULL,NULL,https://cgwb.gov.in
nagaland,dimapur,chumukedima,chumukedima,Chumkidima,Chumkidima Station,25.8,93.79583,2022,3,Pre-monsoon,6.3,2025.0,Safe,0.2273547,0.2099807,0.0140930999999999,6.71,NULL,NULL,normalized_exact,0.7,valid,Pre-monsoon_WL_1994-2025.pdf,GWRA_2025.pdf,NULL,local_pdf,local_pdf,official_web_fallback,pdf_text,pdf_table,NULL,1513,NULL,NULL,https://cgwb.gov.in
nagaland,dimapur,chumukedima,chumukedima,Diphupar,Diphupar Station,25.86444,93.77333,2022,3,Pre-monsoon,7.2,2025.0,Safe,0.2273547,0.2099807,0.0140930999999999,6.71,NULL,NULL,normalized_exact,0.7,valid,Pre-monsoon_WL_1994-2025.pdf,GWRA_2025.pdf,NULL,local_pdf,local_pdf,official_web_fallback,pdf_text,pdf_table,NULL,1513,NULL,NULL,https://cgwb.gov.in
nagaland,dimapur,chumukedima,chumukedima,Purana Bazar,Purana Bazar Station,25.915,93.74944,2022,3,Pre-monsoon,17.6,2025.0,Safe,0.2273547,0.2099807,0.0140930999999999,6.71,NULL,NULL,normalized_exact,0.7,valid,Pre-monsoon_WL_1994-2025.pdf,GWRA_2025.pdf,NULL,local_pdf,local_pdf,official_web_fallback,pdf_text,pdf_table,NULL,1513,NULL,NULL,https://cgwb.gov.in
nagaland,dimapur,chumukedima,chumukedima,Seirujha Colony Chumukedi,Seirujha Colony Chumukedi Station,25.80028,93.76194,2022,3,Pre-monsoon,7.0,2025.0,Safe,0.2273547,0.2099807,0.0140930999999999,6.71,NULL,NULL,normalized_exact,0.7,valid,Pre-monsoon_WL_1994-2025.pdf,GWRA_2025.pdf,NULL,local_pdf,local_pdf,official_web_fallback,pdf_text,pdf_table,NULL,1513,NULL,NULL,https://cgwb.gov.in
nagaland,dimapur,dhansiripar,dhansiripar,Doyabur,Doyabur Station,25.76111,93.60056,2022,3,Pre-monsoon,6.3,2025.0,Safe,0.2273547,0.2099807,0.0140930999999999,6.71,NULL,NULL,normalized_exact,0.7,valid,Pre-monsoon_WL_1994-2025.pdf,GWRA_2025.pdf,NULL,local_pdf,local_pdf,official_web_fallback,pdf_text,pdf_table,NULL,1513,NULL,NULL,https://cgwb.gov.in
nagaland,dimapur,dhansiripar,dhansiripar,Maibiram,Maibiram Station,25.78278,93.62361,2022,3,Pre-monsoon,2.5,2025.0,Safe,0.2273547,0.2099807,0.0140930999999999,6.71,NULL,NULL,normalized_exact,0.7,valid,Pre-monsoon_WL_1994-2025.pdf,GWRA_2025.pdf,NULL,local_pdf,local_pdf,official_web_fallback,pdf_text,pdf_table,NULL,1513,NULL,NULL,https://cgwb.gov.in
nagaland,dimapur,dhansiripar,dhansiripar,Singrijan,Singrijan Station,25.83333,93.71667,2022,3,Pre-monsoon,5.5,2025.0,Safe,0.2273547,0.2099807,0.0140930999999999,6.71,NULL,NULL,normalized_exact,0.7,valid,Pre-monsoon_WL_1994-2025.pdf,GWRA_2025.pdf,NULL,local_pdf,local_pdf,official_web_fallback,pdf_text,pdf_table,NULL,1513,NULL,NULL,https://cgwb.gov.in
nagaland,dimapur,medziphema,medziphema,Marwari Colony,Marwari Colony Station,25.90278,93.72917,2022,3,Pre-monsoon,6.9,2025.0,Safe,0.2273547,0.2099807,0.0140930999999999,6.71,NULL,NULL,normalized_exact,0.7,valid,Pre-monsoon_WL_1994-2025.pdf,GWRA_2025.pdf,NULL,local_pdf,local_pdf,official_web_fallback,pdf_text,pdf_table,NULL,1513,NULL,NULL,https://cgwb.gov.in
nagaland,dimapur,medziphema,medziphema,Rilayan Colony,Rilayan Colony Station,25.90278,93.68444,2022,3,Pre-monsoon,18.0,2025.0,Safe,0.2273547,0.2099807,0.0140930999999999,6.71,NULL,NULL,normalized_exact,0.7,valid,Pre-monsoon_WL_1994-2025.pdf,GWRA_2025.pdf,NULL,local_pdf,local_pdf,official_web_fallback,pdf_text,pdf_table,NULL,1513,NULL,NULL,https://cgwb.gov.in
nagaland,dimapur,medziphema,medziphema,Zakesatho Colony,Zakesatho Colony Station,25.91833,93.72889,2022,3,Pre-monsoon,1.5,2025.0,Safe,0.2273547,0.2099807,0.0140930999999999,6.71,NULL,NULL,normalized_exact,0.7,valid,Pre-monsoon_WL_1994-2025.pdf,GWRA_2025.pdf,NULL,local_pdf,local_pdf,official_web_fallback,pdf_text,pdf_table,NULL,1513,NULL,NULL,https://cgwb.gov.in
nagaland,dimapur,chumukedima,chumukedima,7Th Mile Colony,7Th Mile Colony Station,25.84389,93.77417,2020,3,Pre-monsoon,12.3,2025.0,Safe,0.2273547,0.2099807,0.0140930999999999,6.71,NULL,NULL,normalized_exact,0.7,valid,Pre-monsoon_WL_1994-2025.pdf,GWRA_2025.pdf,NULL,local_pdf,local_pdf,official_web_fallback,pdf_text,pdf_table,NULL,2075,NULL,NULL,https://cgwb.gov.in
nagaland,dimapur,chumukedima,chumukedima,Diphupar,Diphupar Station,25.86444,93.77333,2020,3,Pre-monsoon,10.5,2025.0,Safe,0.2273547,0.2099807,0.0140930999999999,6.71,NULL,NULL,normalized_exact,0.7,valid,Pre-monsoon_WL_1994-2025.pdf,GWRA_2025.pdf,NULL,local_pdf,local_pdf,official_web_fallback,pdf_text,pdf_table,NULL,2075,NULL,NULL,https://cgwb.gov.in
nagaland,dimapur,chumukedima,chumukedima,Purana Bazar,Purana Bazar Station,25.915,93.74944,2020,3,Pre-monsoon,16.8,2025.0,Safe,0.2273547,0.2099807,0.0140930999999999,6.71,NULL,NULL,normalized_exact,0.7,valid,Pre-monsoon_WL_1994-2025.pdf,GWRA_2025.pdf,NULL,local_pdf,local_pdf,official_web_fallback,pdf_text,pdf_table,NULL,2075,NULL,NULL,https://cgwb.gov.in
nagaland,dimapur,chumukedima,chumukedima,7Th Mile Colony,7Th Mile Colony Station,25.84389,93.77417,2019,3,Pre-monsoon,11.62,2025.0,Safe,0.2273547,0.2099807,0.0140930999999999,6.71,NULL,NULL,normalized_exact,0.7,valid,Pre-monsoon_WL_1994-2025.pdf,GWRA_2025.pdf,NULL,local_pdf,local_pdf,official_web_fallback,pdf_text,pdf_table,NULL,2458,NULL,NULL,https://cgwb.gov.in
nagaland,dimapur,chumukedima,chumukedima,Diphupar,Diphupar Station,25.86444,93.77333,2019,3,Pre-monsoon,4.78,2025.0,Safe,0.2273547,0.2099807,0.0140930999999999,6.71,NULL,NULL,normalized_exact,0.7,valid,Pre-monsoon_WL_1994-2025.pdf,GWRA_2025.pdf,NULL,local_pdf,local_pdf,official_web_fallback,pdf_text,pdf_table,NULL,2458,NULL,NULL,https://cgwb.gov.in
nagaland,dimapur,chumukedima,chumukedima,Thilaxu Block,Thilaxu Block Station,25.87722,93.7375,2019,3,Pre-monsoon,11.24,2025.0,Safe,0.2273547,0.2099807,0.0140930999999999,6.71,NULL,NULL,normalized_exact,0.7,valid,Pre-monsoon_WL_1994-2025.pdf,GWRA_2025.pdf,NULL,local_pdf,local_pdf,official_web_fallback,pdf_text,pdf_table,NULL,2458,NULL,NULL,https://cgwb.gov.in
nagaland,dimapur,dhansiripar,dhansiripar,Singrijan,Singrijan Station,25.83333,93.71667,2019,3,Pre-monsoon,4.97,2025.0,Safe,0.2273547,0.2099807,0.0140930999999999,6.71,NULL,NULL,normalized_exact,0.7,valid,Pre-monsoon_WL_1994-2025.pdf,GWRA_2025.pdf,NULL,local_pdf,local_pdf,official_web_fallback,pdf_text,pdf_table,NULL,2458,NULL,NULL,https://cgwb.gov.in
nagaland,dimapur,medziphema,medziphema,Zakesatho Colony,Zakesatho Colony Station,25.91833,93.72889,2019,3,Pre-monsoon,1.15,2025.0,Safe,0.2273547,0.2099807,0.0140930999999999,6.71,NULL,NULL,normalized_exact,0.7,valid,Pre-monsoon_WL_1994-2025.pdf,GWRA_2025.pdf,NULL,local_pdf,local_pdf,official_web_fallback,pdf_text,pdf_table,NULL,2458,NULL,NULL,https://cgwb.gov.in
nagaland,dimapur,chumukedima,chumukedima,3 Mile Bazar,3 Mile Bazar Station,25.88056,93.76222,2017,3,Pre-monsoon,12.9,2025.0,Safe,0.2273547,0.2099807,0.0140930999999999,6.71,NULL,NULL,normalized_exact,0.7,valid,Pre-monsoon_WL_1994-2025.pdf,GWRA_2025.pdf,NULL,local_pdf,local_pdf,official_web_fallback,pdf_text,pdf_table,NULL,3344,NULL,NULL,https://cgwb.gov.in
nagaland,dimapur,chumukedima,chumukedima,7Th Mile Colony,7Th Mile Colony Station,25.84389,93.77417,2017,3,Pre-monsoon,11.54,2025.0,Safe,0.2273547,0.2099807,0.0140930999999999,6.71,NULL,NULL,normalized_exact,0.7,valid,Pre-monsoon_WL_1994-2025.pdf,GWRA_2025.pdf,NULL,local_pdf,local_pdf,official_web_fallback,pdf_text,pdf_table,NULL,3344,NULL,NULL,https://cgwb.gov.in
nagaland,dimapur,chumukedima,chumukedima,Bade Bazar,Bade Bazar Station,25.82583,93.68528,2017,3,Pre-monsoon,5.13,2025.0,Safe,0.2273547,0.2099807,0.0140930999999999,6.71,NULL,NULL,normalized_exact,0.7,valid,Pre-monsoon_WL_1994-2025.pdf,GWRA_2025.pdf,NULL,local_pdf,local_pdf,official_web_fallback,pdf_text,pdf_table,NULL,3344,NULL,NULL,https://cgwb.gov.in
nagaland,dimapur,chumukedima,chumukedima,Chumkidima,Chumkidima Station,25.8,93.79583,2017,3,Pre-monsoon,3.04,2025.0,Safe,0.2273547,0.2099807,0.0140930999999999,6.71,NULL,NULL,normalized_exact,0.7,valid,Pre-monsoon_WL_1994-2025.pdf,GWRA_2025.pdf,NULL,local_pdf,local_pdf,official_web_fallback,pdf_text,pdf_table,NULL,3344,NULL,NULL,https://cgwb.gov.in
nagaland,dimapur,chumukedima,chumukedima,Diphupar,Diphupar Station,25.86444,93.77333,2017,3,Pre-monsoon,4.57,2025.0,Safe,0.2273547,0.2099807,0.0140930999999999,6.71,NULL,NULL,normalized_exact,0.7,valid,Pre-monsoon_WL_1994-2025.pdf,GWRA_2025.pdf,NULL,local_pdf,local_pdf,official_web_fallback,pdf_text,pdf_table,NULL,3344,NULL,NULL,https://cgwb.gov.in
nagaland,dimapur,chumukedima,chumukedima,Seirujha Colony Chumukedi,Seirujha Colony Chumukedi Station,25.80028,93.76194,2017,3,Pre-monsoon,5.7,2025.0,Safe,0.2273547,0.2099807,0.0140930999999999,6.71,NULL,NULL,normalized_exact,0.7,valid,Pre-monsoon_WL_1994-2025.pdf,GWRA_2025.pdf,NULL,local_pdf,local_pdf,official_web_fallback,pdf_text,pdf_table,NULL,3344,NULL,NULL,https://cgwb.gov.in
nagaland,dimapur,chumukedima,chumukedima,Thilaxu Block,Thilaxu Block Station,25.87722,93.7375,2017,3,Pre-monsoon,11.05,2025.0,Safe,0.2273547,0.2099807,0.0140930999999999,6.71,NULL,NULL,normalized_exact,0.7,valid,Pre-monsoon_WL_1994-2025.pdf,GWRA_2025.pdf,NULL,local_pdf,local_pdf,official_web_fallback,pdf_text,pdf_table,NULL,3344,NULL,NULL,https://cgwb.gov.in
nagaland,dimapur,dhansiripar,dhansiripar,Doyabur,Doyabur Station,25.76111,93.60056,2017,3,Pre-monsoon,6.71,2025.0,Safe,0.2273547,0.2099807,0.0140930999999999,6.71,NULL,NULL,normalized_exact,0.7,valid,Pre-monsoon_WL_1994-2025.pdf,GWRA_2025.pdf,NULL,local_pdf,local_pdf,official_web_fallback,pdf_text,pdf_table,NULL,3344,NULL,NULL,https://cgwb.gov.in
nagaland,dimapur,dhansiripar,dhansiripar,Maibiram,Maibiram Station,25.78278,93.62361,2017,3,Pre-monsoon,4.95,2025.0,Safe,0.2273547,0.2099807,0.0140930999999999,6.71,NULL,NULL,normalized_exact,0.7,valid,Pre-monsoon_WL_1994-2025.pdf,GWRA_2025.pdf,NULL,local_pdf,local_pdf,official_web_fallback,pdf_text,pdf_table,NULL,3344,NULL,NULL,https://cgwb.gov.in
nagaland,dimapur,dhansiripar,dhansiripar,Singrijan,Singrijan Station,25.83333,93.71667,2017,3,Pre-monsoon,6.4,2025.0,Safe,0.2273547,0.2099807,0.0140930999999999,6.71,NULL,NULL,normalized_exact,0.7,valid,Pre-monsoon_WL_1994-2025.pdf,GWRA_2025.pdf,NULL,local_pdf,local_pdf,official_web_fallback,pdf_text,pdf_table,NULL,3344,NULL,NULL,https://cgwb.gov.in
nagaland,dimapur,medziphema,medziphema,Marwari Colony,Marwari Colony Station,25.90278,93.72917,2017,3,Pre-monsoon,4.95,2025.0,Safe,0.2273547,0.2099807,0.0140930999999999,6.71,NULL,NULL,normalized_exact,0.7,valid,Pre-monsoon_WL_1994-2025.pdf,GWRA_2025.pdf,NULL,local_pdf,local_pdf,official_web_fallback,pdf_text,pdf_table,NULL,3344,NULL,NULL,https://cgwb.gov.in
nagaland,dimapur,medziphema,medziphema,Rilayan Colony,Rilayan Colony Station,25.90278,93.68444,2017,3,Pre-monsoon,20.3,2025.0,Safe,0.2273547,0.2099807,0.0140930999999999,6.71,NULL,NULL,normalized_exact,0.7,valid,Pre-monsoon_WL_1994-2025.pdf,GWRA_2025.pdf,NULL,local_pdf,local_pdf,official_web_fallback,pdf_text,pdf_table,NULL,3344,NULL,NULL,https://cgwb.gov.in
nagaland,dimapur,medziphema,medziphema,Zakesatho Colony,Zakesatho Colony Station,25.91833,93.72889,2017,3,Pre-monsoon,5.78,2025.0,Safe,0.2273547,0.2099807,0.0140930999999999,6.71,NULL,NULL,normalized_exact,0.7,valid,Pre-monsoon_WL_1994-2025.pdf,GWRA_2025.pdf,NULL,local_pdf,local_pdf,official_web_fallback,pdf_text,pdf_table,NULL,3344,NULL,NULL,https://cgwb.gov.in
nagaland,dimapur,chumukedima,chumukedima,3 Mile Bazar,3 Mile Bazar Station,25.88056,93.76222,2016,3,Pre-monsoon,11.77,2025.0,Safe,0.2273547,0.2099807,0.0140930999999999,6.71,NULL,NULL,normalized_exact,0.7,valid,Pre-monsoon_WL_1994-2025.pdf,GWRA_2025.pdf,NULL,local_pdf,local_pdf,official_web_fallback,pdf_text,pdf_table,NULL,3784,NULL,NULL,https://cgwb.gov.in
nagaland,dimapur,chumukedima,chumukedima,7Th Mile Colony,7Th Mile Colony Station,25.84389,93.77417,2016,3,Pre-monsoon,6.8,2025.0,Safe,0.2273547,0.2099807,0.0140930999999999,6.71,NULL,NULL,normalized_exact,0.7,valid,Pre-monsoon_WL_1994-2025.pdf,GWRA_2025.pdf,NULL,local_pdf,local_pdf,official_web_fallback,pdf_text,pdf_table,NULL,3784,NULL,NULL,https://cgwb.gov.in
nagaland,dimapur,chumukedima,chumukedima,Bade Bazar,Bade Bazar Station,25.82583,93.68528,2016,3,Pre-monsoon,6.05,2025.0,Safe,0.2273547,0.2099807,0.0140930999999999,6.71,NULL,NULL,normalized_exact,0.7,valid,Pre-monsoon_WL_1994-2025.pdf,GWRA_2025.pdf,NULL,local_pdf,local_pdf,official_web_fallback,pdf_text,pdf_table,NULL,3784,NULL,NULL,https://cgwb.gov.in
nagaland,dimapur,chumukedima,chumukedima,Chumkidima,Chumkidima Station,25.8,93.79583,2016,3,Pre-monsoon,8.11,2025.0,Safe,0.2273547,0.2099807,0.0140930999999999,6.71,NULL,NULL,normalized_exact,0.7,valid,Pre-monsoon_WL_1994-2025.pdf,GWRA_2025.pdf,NULL,local_pdf,local_pdf,official_web_fallback,pdf_text,pdf_table,NULL,3784,NULL,NULL,https://cgwb.gov.in
nagaland,dimapur,chumukedima,chumukedima,Diphupar,Diphupar Station,25.86444,93.77333,2016,3,Pre-monsoon,4.75,2025.0,Safe,0.2273547,0.2099807,0.0140930999999999,6.71,NULL,NULL,normalized_exact,0.7,valid,Pre-monsoon_WL_1994-2025.pdf,GWRA_2025.pdf,NULL,local_pdf,local_pdf,official_web_fallback,pdf_text,pdf_table,NULL,3784,NULL,NULL,https://cgwb.gov.in
nagaland,dimapur,chumukedima,chumukedima,Purana Bazar,Purana Bazar Station,25.915,93.74944,2016,3,Pre-monsoon,13.53,2025.0,Safe,0.2273547,0.2099807,0.0140930999999999,6.71,NULL,NULL,normalized_exact,0.7,valid,Pre-monsoon_WL_1994-2025.pdf,GWRA_2025.pdf,NULL,local_pdf,local_pdf,official_web_fallback,pdf_text,pdf_table,NULL,3784,NULL,NULL,https://cgwb.gov.in
nagaland,dimapur,chumukedima,chumukedima,Seirujha Colony Chumukedi,Seirujha Colony Chumukedi Station,25.80028,93.76194,2016,3,Pre-monsoon,14.12,2025.0,Safe,0.2273547,0.2099807,0.0140930999999999,6.71,NULL,NULL,normalized_exact,0.7,valid,Pre-monsoon_WL_1994-2025.pdf,GWRA_2025.pdf,NULL,local_pdf,local_pdf,official_web_fallback,pdf_text,pdf_table,NULL,3784,NULL,NULL,https://cgwb.gov.in
nagaland,dimapur,chumukedima,chumukedima,Thilaxu Block,Thilaxu Block Station,25.87722,93.7375,2016,3,Pre-monsoon,11.64,2025.0,Safe,0.2273547,0.2099807,0.0140930999999999,6.71,NULL,NULL,normalized_exact,0.7,valid,Pre-monsoon_WL_1994-2025.pdf,GWRA_2025.pdf,NULL,local_pdf,local_pdf,official_web_fallback,pdf_text,pdf_table,NULL,3784,NULL,NULL,https://cgwb.gov.in
nagaland,dimapur,chumukedima,chumukedima,Zion Hospital,Zion Hospital Station,25.91083,93.74611,2016,3,Pre-monsoon,8.04,2025.0,Safe,0.2273547,0.2099807,0.0140930999999999,6.71,NULL,NULL,normalized_exact,0.7,valid,Pre-monsoon_WL_1994-2025.pdf,GWRA_2025.pdf,NULL,local_pdf,local_pdf,official_web_fallback,pdf_text,pdf_table,NULL,3784,NULL,NULL,https://cgwb.gov.in
nagaland,dimapur,dhansiripar,dhansiripar,Dhansiripar,Dhansiripar Station,25.76667,93.61667,2016,3,Pre-monsoon,3.7,2025.0,Safe,0.2273547,0.2099807,0.0140930999999999,6.71,NULL,NULL,normalized_exact,0.7,valid,Pre-monsoon_WL_1994-2025.pdf,GWRA_2025.pdf,NULL,local_pdf,local_pdf,official_web_fallback,pdf_text,pdf_table,NULL,3784,NULL,NULL,https://cgwb.gov.in
nagaland,dimapur,dhansiripar,dhansiripar,Doyabur,Doyabur Station,25.76111,93.60056,2016,3,Pre-monsoon,6.58,2025.0,Safe,0.2273547,0.2099807,0.0140930999999999,6.71,NULL,NULL,normalized_exact,0.7,valid,Pre-monsoon_WL_1994-2025.pdf,GWRA_2025.pdf,NULL,local_pdf,local_pdf,official_web_fallback,pdf_text,pdf_table,NULL,3784,NULL,NULL,https://cgwb.gov.in
nagaland,dimapur,dhansiripar,dhansiripar,Maibiram,Maibiram Station,25.78278,93.62361,2016,3,Pre-monsoon,2.09,2025.0,Safe,0.2273547,0.2099807,0.0140930999999999,6.71,NULL,NULL,normalized_exact,0.7,valid,Pre-monsoon_WL_1994-2025.pdf,GWRA_2025.pdf,NULL,local_pdf,local_pdf,official_web_fallback,pdf_text,pdf_table,NULL,3784,NULL,NULL,https://cgwb.gov.in
nagaland,dimapur,dhansiripar,dhansiripar,Singrijan,Singrijan Station,25.83333,93.71667,2016,3,Pre-monsoon,5.87,2025.0,Safe,0.2273547,0.2099807,0.0140930999999999,6.71,NULL,NULL,normalized_exact,0.7,valid,Pre-monsoon_WL_1994-2025.pdf,GWRA_2025.pdf,NULL,local_pdf,local_pdf,official_web_fallback,pdf_text,pdf_table,NULL,3784,NULL,NULL,https://cgwb.gov.in
nagaland,dimapur,medziphema,medziphema,Industrial Estate,Industrial Estate Station,25.89944,93.69972,2016,3,Pre-monsoon,5.41,2025.0,Safe,0.2273547,0.2099807,0.0140930999999999,6.71,NULL,NULL,normalized_exact,0.7,valid,Pre-monsoon_WL_1994-2025.pdf,GWRA_2025.pdf,NULL,local_pdf,local_pdf,official_web_fallback,pdf_text,pdf_table,NULL,3784,NULL,NULL,https://cgwb.gov.in
nagaland,dimapur,medziphema,medziphema,Marwari Colony,Marwari Colony Station,25.90278,93.72917,2016,3,Pre-monsoon,6.89,2025.0,Safe,0.2273547,0.2099807,0.0140930999999999,6.71,NULL,NULL,normalized_exact,0.7,valid,Pre-monsoon_WL_1994-2025.pdf,GWRA_2025.pdf,NULL,local_pdf,local_pdf,official_web_fallback,pdf_text,pdf_table,NULL,3784,NULL,NULL,https://cgwb.gov.in
nagaland,dimapur,medziphema,medziphema,Rilayan Colony,Rilayan Colony Station,25.90278,93.68444,2016,3,Pre-monsoon,20.96,2025.0,Safe,0.2273547,0.2099807,0.0140930999999999,6.71,NULL,NULL,normalized_exact,0.7,valid,Pre-monsoon_WL_1994-2025.pdf,GWRA_2025.pdf,NULL,local_pdf,local_pdf,official_web_fallback,pdf_text,pdf_table,NULL,3784,NULL,NULL,https://cgwb.gov.in
nagaland,dimapur,medziphema,medziphema,Wild Life Office Dimapur,Wild Life Office Dimapur Station,25.90556,93.7125,2016,3,Pre-monsoon,7.8,2025.0,Safe,0.2273547,0.2099807,0.0140930999999999,6.71,NULL,NULL,normalized_exact,0.7,valid,Pre-monsoon_WL_1994-2025.pdf,GWRA_2025.pdf,NULL,local_pdf,local_pdf,official_web_fallback,pdf_text,pdf_table,NULL,3784,NULL,NULL,https://cgwb.gov.in
nagaland,dimapur,medziphema,medziphema,Zakesatho Colony,Zakesatho Colony Station,25.91833,93.72889,2016,3,Pre-monsoon,6.9,2025.0,Safe,0.2273547,0.2099807,0.0140930999999999,6.71,NULL,NULL,normalized_exact,0.7,valid,Pre-monsoon_WL_1994-2025.pdf,GWRA_2025.pdf,NULL,local_pdf,local_pdf,official_web_fallback,pdf_text,pdf_table,NULL,3784,NULL,NULL,https://cgwb.gov.in
nagaland,kohima,chiephobozou,chiephobozou,Sepfuzou Colony,Sepfuzou Colony Station,25.68417,94.10611,2016,3,Pre-monsoon,6.33,2025.0,Safe,0.0308144,0.027733,0.0021616,7.79,NULL,NULL,normalized_exact,0.7,valid,Pre-monsoon_WL_1994-2025.pdf,GWRA_2025.pdf,NULL,local_pdf,local_pdf,official_web_fallback,pdf_text,pdf_table,NULL,3784,NULL,NULL,https://cgwb.gov.in
nagaland,kohima,jakhama,jakhama,Cathedral Complex,Cathedral Complex Station,25.65,94.10694,2016,3,Pre-monsoon,2.93,2025.0,Safe,0.0308144,0.027733,0.0021616,7.79,NULL,NULL,normalized_exact,0.7,valid,Pre-monsoon_WL_1994-2025.pdf,GWRA_2025.pdf,NULL,local_pdf,local_pdf,official_web_fallback,pdf_text,pdf_table,NULL,3784,NULL,NULL,https://cgwb.gov.in
nagaland,mokokchung,mangkolemba,mangkolemba,Lampi,Lampi Station,26.45833,94.36944,2016,3,Pre-monsoon,2.82,2025.0,Safe,0.0624481,0.056203,0.0009540999999999,1.7,NULL,NULL,normalized_exact,0.7,valid,Pre-monsoon_WL_1994-2025.pdf,GWRA_2025.pdf,NULL,local_pdf,local_pdf,official_web_fallback,pdf_text,pdf_table,NULL,3784,NULL,NULL,https://cgwb.gov.in
nagaland,mon,mon,mon,Namsa,Namsa Station,26.85833,94.94167,2016,3,Pre-monsoon,3.69,2025.0,Safe,0.0443039,0.0398736,0.0014663999999999,3.68,NULL,NULL,normalized_exact,0.7,valid,Pre-monsoon_WL_1994-2025.pdf,GWRA_2025.pdf,NULL,local_pdf,local_pdf,official_web_fallback,pdf_text,pdf_table,NULL,3784,NULL,NULL,https://cgwb.gov.in
nagaland,peren,jalukie,jalukie,Jalukie,Jalukie Station,25.63333,93.65,2016,3,Pre-monsoon,8.05,2025.0,Safe,0.0450353999999999,0.0405317,0.0017137,4.23,NULL,NULL,normalized_exact,0.7,valid,Pre-monsoon_WL_1994-2025.pdf,GWRA_2025.pdf,NULL,local_pdf,local_pdf,official_web_fallback,pdf_text,pdf_table,NULL,3784,NULL,NULL,https://cgwb.gov.in
nagaland,wokha,wokha,wokha,New Market (Wk),New Market (Wk) Station,26.09417,94.25639,2016,3,Pre-monsoon,10.64,2025.0,Safe,0.0763383,0.0687044,0.0017815,2.59,NULL,NULL,normalized_exact,0.7,valid,Pre-monsoon_WL_1994-2025.pdf,GWRA_2025.pdf,NULL,local_pdf,local_pdf,official_web_fallback,pdf_text,pdf_table,NULL,3785,NULL,NULL,https://cgwb.gov.in
nagaland,wokha,wokha,wokha,Tourist Lodge,Tourist Lodge Station,26.10556,94.25722,2016,3,Pre-monsoon,6.97,2025.0,Safe,0.0763383,0.0687044,0.0017815,2.59,NULL,NULL,normalized_exact,0.7,valid,Pre-monsoon_WL_1994-2025.pdf,GWRA_2025.pdf,NULL,local_pdf,local_pdf,official_web_fallback,pdf_text,pdf_table,NULL,3785,NULL,NULL,https://cgwb.gov.in
nagaland,dimapur,chumukedima,chumukedima,Chumkidima,Chumkidima Station,25.8,93.79583,2015,3,Pre-monsoon,4.08,2025.0,Safe,0.2273547,0.2099807,0.0140930999999999,6.71,NULL,NULL,normalized_exact,0.7,valid,Pre-monsoon_WL_1994-2025.pdf,GWRA_2025.pdf,NULL,local_pdf,local_pdf,official_web_fallback,pdf_text,pdf_table,NULL,4204,NULL,NULL,https://cgwb.gov.in
nagaland,dimapur,chumukedima,chumukedima,Purana Bazar,Purana Bazar Station,25.915,93.74944,2015,3,Pre-monsoon,13.81,2025.0,Safe,0.2273547,0.2099807,0.0140930999999999,6.71,NULL,NULL,normalized_exact,0.7,valid,Pre-monsoon_WL_1994-2025.pdf,GWRA_2025.pdf,NULL,local_pdf,local_pdf,official_web_fallback,pdf_text,pdf_table,NULL,4204,NULL,NULL,https://cgwb.gov.in
nagaland,dimapur,chumukedima,chumukedima,Seirujha Colony Chumukedi,Seirujha Colony Chumukedi Station,25.80028,93.76194,2015,3,Pre-monsoon,14.38,2025.0,Safe,0.2273547,0.2099807,0.0140930999999999,6.71,NULL,NULL,normalized_exact,0.7,valid,Pre-monsoon_WL_1994-2025.pdf,GWRA_2025.pdf,NULL,local_pdf,local_pdf,official_web_fallback,pdf_text,pdf_table,NULL,4204,NULL,NULL,https://cgwb.gov.in
nagaland,dimapur,dhansiripar,dhansiripar,Dhansiripar,Dhansiripar Station,25.76667,93.61667,2015,3,Pre-monsoon,5.42,2025.0,Safe,0.2273547,0.2099807,0.0140930999999999,6.71,NULL,NULL,normalized_exact,0.7,valid,Pre-monsoon_WL_1994-2025.pdf,GWRA_2025.pdf,NULL,local_pdf,local_pdf,official_web_fallback,pdf_text,pdf_table,NULL,4204,NULL,NULL,https://cgwb.gov.in
nagaland,dimapur,dhansiripar,dhansiripar,Singrijan,Singrijan Station,25.83333,93.71667,2015,3,Pre-monsoon,6.05,2025.0,Safe,0.2273547,0.2099807,0.0140930999999999,6.71,NULL,NULL,normalized_exact,0.7,valid,Pre-monsoon_WL_1994-2025.pdf,GWRA_2025.pdf,NULL,local_pdf,local_pdf,official_web_fallback,pdf_text,pdf_table,NULL,4204,NULL,NULL,https://cgwb.gov.in
nagaland,dimapur,medziphema,medziphema,Industrial Estate,Industrial Estate Station,25.89944,93.69972,2015,3,Pre-monsoon,5.85,2025.0,Safe,0.2273547,0.2099807,0.0140930999999999,6.71,NULL,NULL,normalized_exact,0.7,valid,Pre-monsoon_WL_1994-2025.pdf,GWRA_2025.pdf,NULL,local_pdf,local_pdf,official_web_fallback,pdf_text,pdf_table,NULL,4204,NULL,NULL,https://cgwb.gov.in
nagaland,dimapur,medziphema,medziphema,Wild Life Office Dimapur,Wild Life Office Dimapur Station,25.90556,93.7125,2015,3,Pre-monsoon,15.02,2025.0,Safe,0.2273547,0.2099807,0.0140930999999999,6.71,NULL,NULL,normalized_exact,0.7,valid,Pre-monsoon_WL_1994-2025.pdf,GWRA_2025.pdf,NULL,local_pdf,local_pdf,official_web_fallback,pdf_text,pdf_table,NULL,4204,NULL,NULL,https://cgwb.gov.in
nagaland,kohima,chiephobozou,chiephobozou,Sepfuzou Colony,Sepfuzou Colony Station,25.68417,94.10611,2015,3,Pre-monsoon,7.27,2025.0,Safe,0.0308144,0.027733,0.0021616,7.79,NULL,NULL,normalized_exact,0.7,valid,Pre-monsoon_WL_1994-2025.pdf,GWRA_2025.pdf,NULL,local_pdf,local_pdf,official_web_fallback,pdf_text,pdf_table,NULL,4204,NULL,NULL,https://cgwb.gov.in
nagaland,kohima,jakhama,jakhama,Cathedral Complex,Cathedral Complex Station,25.65,94.10694,2015,3,Pre-monsoon,3.87,2025.0,Safe,0.0308144,0.027733,0.0021616,7.79,NULL,NULL,normalized_exact,0.7,valid,Pre-monsoon_WL_1994-2025.pdf,GWRA_2025.pdf,NULL,local_pdf,local_pdf,official_web_fallback,pdf_text,pdf_table,NULL,4204,NULL,NULL,https://cgwb.gov.in
nagaland,mokokchung,mangkolemba,mangkolemba,Lampi,Lampi Station,26.45833,94.36944,2015,3,Pre-monsoon,3.52,2025.0,Safe,0.0624481,0.056203,0.0009540999999999,1.7,NULL,NULL,normalized_exact,0.7,valid,Pre-monsoon_WL_1994-2025.pdf,GWRA_2025.pdf,NULL,local_pdf,local_pdf,official_web_fallback,pdf_text,pdf_table,NULL,4204,NULL,NULL,https://cgwb.gov.in
nagaland,mon,mon,mon,Namsa,Namsa Station,26.85833,94.94167,2015,3,Pre-monsoon,5.62,2025.0,Safe,0.0443039,0.0398736,0.0014663999999999,3.68,NULL,NULL,normalized_exact,0.7,valid,Pre-monsoon_WL_1994-2025.pdf,GWRA_2025.pdf,NULL,local_pdf,local_pdf,official_web_fallback,pdf_text,pdf_table,NULL,4204,NULL,NULL,https://cgwb.gov.in
nagaland,peren,jalukie,jalukie,Jalukie,Jalukie Station,25.63333,93.65,2015,3,Pre-monsoon,9.92,2025.0,Safe,0.0450353999999999,0.0405317,0.0017137,4.23,NULL,NULL,normalized_exact,0.7,valid,Pre-monsoon_WL_1994-2025.pdf,GWRA_2025.pdf,NULL,local_pdf,local_pdf,official_web_fallback,pdf_text,pdf_table,NULL,4204,NULL,NULL,https://cgwb.gov.in
nagaland,wokha,wokha,wokha,New Market (Wk),New Market (Wk) Station,26.09417,94.25639,2015,3,Pre-monsoon,11.92,2025.0,Safe,0.0763383,0.0687044,0.0017815,2.59,NULL,NULL,normalized_exact,0.7,valid,Pre-monsoon_WL_1994-2025.pdf,GWRA_2025.pdf,NULL,local_pdf,local_pdf,official_web_fallback,pdf_text,pdf_table,NULL,4204,NULL,NULL,https://cgwb.gov.in
nagaland,wokha,wokha,wokha,Tourist Lodge,Tourist Lodge Station,26.10556,94.25722,2015,3,Pre-monsoon,6.25,2025.0,Safe,0.0763383,0.0687044,0.0017815,2.59,NULL,NULL,normalized_exact,0.7,valid,Pre-monsoon_WL_1994-2025.pdf,GWRA_2025.pdf,NULL,local_pdf,local_pdf,official_web_fallback,pdf_text,pdf_table,NULL,4204,NULL,NULL,https://cgwb.gov.in
nagaland,wokha,wokha,wokha,Wokha,Wokha Station,26.17583,94.25306,2015,3,Pre-monsoon,30.25,2025.0,Safe,0.0763383,0.0687044,0.0017815,2.59,NULL,NULL,normalized_exact,0.7,valid,Pre-monsoon_WL_1994-2025.pdf,GWRA_2025.pdf,NULL,local_pdf,local_pdf,official_web_fallback,pdf_text,pdf_table,NULL,4204,NULL,NULL,https://cgwb.gov.in
nagaland,dimapur,chumukedima,chumukedima,3 Mile Bazar,3 Mile Bazar Station,25.88056,93.76222,2014,3,Pre-monsoon,8.15,2025.0,Safe,0.2273547,0.2099807,0.0140930999999999,6.71,NULL,NULL,normalized_exact,0.7,valid,Pre-monsoon_WL_1994-2025.pdf,GWRA_2025.pdf,NULL,local_pdf,local_pdf,official_web_fallback,pdf_text,pdf_table,NULL,4582,NULL,NULL,https://cgwb.gov.in
nagaland,dimapur,chumukedima,chumukedima,7Th Mile Colony,7Th Mile Colony Station,25.84389,93.77417,2014,3,Pre-monsoon,11.8,2025.0,Safe,0.2273547,0.2099807,0.0140930999999999,6.71,NULL,NULL,normalized_exact,0.7,valid,Pre-monsoon_WL_1994-2025.pdf,GWRA_2025.pdf,NULL,local_pdf,local_pdf,official_web_fallback,pdf_text,pdf_table,NULL,4582,NULL,NULL,https://cgwb.gov.in
nagaland,dimapur,chumukedima,chumukedima,Bade Bazar,Bade Bazar Station,25.82583,93.68528,2014,3,Pre-monsoon,6.85,2025.0,Safe,0.2273547,0.2099807,0.0140930999999999,6.71,NULL,NULL,normalized_exact,0.7,valid,Pre-monsoon_WL_1994-2025.pdf,GWRA_2025.pdf,NULL,local_pdf,local_pdf,official_web_fallback,pdf_text,pdf_table,NULL,4582,NULL,NULL,https://cgwb.gov.in
nagaland,dimapur,chumukedima,chumukedima,Chumkidima,Chumkidima Station,25.8,93.79583,2014,3,Pre-monsoon,3.53,2025.0,Safe,0.2273547,0.2099807,0.0140930999999999,6.71,NULL,NULL,normalized_exact,0.7,valid,Pre-monsoon_WL_1994-2025.pdf,GWRA_2025.pdf,NULL,local_pdf,local_pdf,official_web_fallback,pdf_text,pdf_table,NULL,4582,NULL,NULL,https://cgwb.gov.in
nagaland,dimapur,chumukedima,chumukedima,Diphupar,Diphupar Station,25.86444,93.77333,2014,3,Pre-monsoon,8.75,2025.0,Safe,0.2273547,0.2099807,0.0140930999999999,6.71,NULL,NULL,normalized_exact,0.7,valid,Pre-monsoon_WL_1994-2025.pdf,GWRA_2025.pdf,NULL,local_pdf,local_pdf,official_web_fallback,pdf_text,pdf_table,NULL,4582,NULL,NULL,https://cgwb.gov.in
nagaland,dimapur,chumukedima,chumukedima,Purana Bazar,Purana Bazar Station,25.915,93.74944,2014,3,Pre-monsoon,13.36,2025.0,Safe,0.2273547,0.2099807,0.0140930999999999,6.71,NULL,NULL,normalized_exact,0.7,valid,Pre-monsoon_WL_1994-2025.pdf,GWRA_2025.pdf,NULL,local_pdf,local_pdf,official_web_fallback,pdf_text,pdf_table,NULL,4582,NULL,NULL,https://cgwb.gov.in
nagaland,dimapur,chumukedima,chumukedima,Seirujha Colony Chumukedi,Seirujha Colony Chumukedi Station,25.80028,93.76194,2014,3,Pre-monsoon,18.81,2025.0,Safe,0.2273547,0.2099807,0.0140930999999999,6.71,NULL,NULL,normalized_exact,0.7,valid,Pre-monsoon_WL_1994-2025.pdf,GWRA_2025.pdf,NULL,local_pdf,local_pdf,official_web_fallback,pdf_text,pdf_table,NULL,4582,NULL,NULL,https://cgwb.gov.in
nagaland,dimapur,chumukedima,chumukedima,Thilaxu Block,Thilaxu Block Station,25.87722,93.7375,2014,3,Pre-monsoon,9.79,2025.0,Safe,0.2273547,0.2099807,0.0140930999999999,6.71,NULL,NULL,normalized_exact,0.7,valid,Pre-monsoon_WL_1994-2025.pdf,GWRA_2025.pdf,NULL,local_pdf,local_pdf,official_web_fallback,pdf_text,pdf_table,NULL,4582,NULL,NULL,https://cgwb.gov.in
nagaland,dimapur,chumukedima,chumukedima,Zion Hospital,Zion Hospital Station,25.91083,93.74611,2014,3,Pre-monsoon,8.15,2025.0,Safe,0.2273547,0.2099807,0.0140930999999999,6.71,NULL,NULL,normalized_exact,0.7,valid,Pre-monsoon_WL_1994-2025.pdf,GWRA_2025.pdf,NULL,local_pdf,local_pdf,official_web_fallback,pdf_text,pdf_table,NULL,4582,NULL,NULL,https://cgwb.gov.in
nagaland,dimapur,dhansiripar,dhansiripar,Dhansiripar,Dhansiripar Station,25.76667,93.61667,2014,3,Pre-monsoon,4.28,2025.0,Safe,0.2273547,0.2099807,0.0140930999999999,6.71,NULL,NULL,normalized_exact,0.7,valid,Pre-monsoon_WL_1994-2025.pdf,GWRA_2025.pdf,NULL,local_pdf,local_pdf,official_web_fallback,pdf_text,pdf_table,NULL,4582,NULL,NULL,https://cgwb.gov.in
nagaland,dimapur,dhansiripar,dhansiripar,Doyabur,Doyabur Station,25.76111,93.60056,2014,3,Pre-monsoon,7.47,2025.0,Safe,0.2273547,0.2099807,0.0140930999999999,6.71,NULL,NULL,normalized_exact,0.7,valid,Pre-monsoon_WL_1994-2025.pdf,GWRA_2025.pdf,NULL,local_pdf,local_pdf,official_web_fallback,pdf_text,pdf_table,NULL,4582,NULL,NULL,https://cgwb.gov.in
nagaland,dimapur,dhansiripar,dhansiripar,Singrijan,Singrijan Station,25.83333,93.71667,2014,3,Pre-monsoon,5.59,2025.0,Safe,0.2273547,0.2099807,0.0140930999999999,6.71,NULL,NULL,normalized_exact,0.7,valid,Pre-monsoon_WL_1994-2025.pdf,GWRA_2025.pdf,NULL,local_pdf,local_pdf,official_web_fallback,pdf_text,pdf_table,NULL,4582,NULL,NULL,https://cgwb.gov.in
nagaland,dimapur,medziphema,medziphema,Industrial Estate,Industrial Estate Station,25.89944,93.69972,2014,3,Pre-monsoon,4.44,2025.0,Safe,0.2273547,0.2099807,0.0140930999999999,6.71,NULL,NULL,normalized_exact,0.7,valid,Pre-monsoon_WL_1994-2025.pdf,GWRA_2025.pdf,NULL,local_pdf,local_pdf,official_web_fallback,pdf_text,pdf_table,NULL,4583,NULL,NULL,https://cgwb.gov.in
nagaland,dimapur,medziphema,medziphema,Marwari Colony,Marwari Colony Station,25.90278,93.72917,2014,3,Pre-monsoon,6.34,2025.0,Safe,0.2273547,0.2099807,0.0140930999999999,6.71,NULL,NULL,normalized_exact,0.7,valid,Pre-monsoon_WL_1994-2025.pdf,GWRA_2025.pdf,NULL,local_pdf,local_pdf,official_web_fallback,pdf_text,pdf_table,NULL,4583,NULL,NULL,https://cgwb.gov.in
nagaland,dimapur,medziphema,medziphema,Rilayan Colony,Rilayan Colony Station,25.90278,93.68444,2014,3,Pre-monsoon,18.81,2025.0,Safe,0.2273547,0.2099807,0.0140930999999999,6.71,NULL,NULL,normalized_exact,0.7,valid,Pre-monsoon_WL_1994-2025.pdf,GWRA_2025.pdf,NULL,local_pdf,local_pdf,official_web_fallback,pdf_text,pdf_table,NULL,4583,NULL,NULL,https://cgwb.gov.in
nagaland,dimapur,medziphema,medziphema,Wild Life Office Dimapur,Wild Life Office Dimapur Station,25.90556,93.7125,2014,3,Pre-monsoon,14.25,2025.0,Safe,0.2273547,0.2099807,0.0140930999999999,6.71,NULL,NULL,normalized_exact,0.7,valid,Pre-monsoon_WL_1994-2025.pdf,GWRA_2025.pdf,NULL,local_pdf,local_pdf,official_web_fallback,pdf_text,pdf_table,NULL,4583,NULL,NULL,https://cgwb.gov.in
nagaland,dimapur,medziphema,medziphema,Zakesatho Colony,Zakesatho Colony Station,25.91833,93.72889,2014,3,Pre-monsoon,4.9,2025.0,Safe,0.2273547,0.2099807,0.0140930999999999,6.71,NULL,NULL,normalized_exact,0.7,valid,Pre-monsoon_WL_1994-2025.pdf,GWRA_2025.pdf,NULL,local_pdf,local_pdf,official_web_fallback,pdf_text,pdf_table,NULL,4583,NULL,NULL,https://cgwb.gov.in
nagaland,kohima,chiephobozou,chiephobozou,Sepfuzou Colony,Sepfuzou Colony Station,25.68417,94.10611,2014,3,Pre-monsoon,6.29,2025.0,Safe,0.0308144,0.027733,0.0021616,7.79,NULL,NULL,normalized_exact,0.7,valid,Pre-monsoon_WL_1994-2025.pdf,GWRA_2025.pdf,NULL,local_pdf,local_pdf,official_web_fallback,pdf_text,pdf_table,NULL,4583,NULL,NULL,https://cgwb.gov.in
nagaland,kohima,jakhama,jakhama,Cathedral Complex,Cathedral Complex Station,25.65,94.10694,2014,3,Pre-monsoon,2.86,2025.0,Safe,0.0308144,0.027733,0.0021616,7.79,NULL,NULL,normalized_exact,0.7,valid,Pre-monsoon_WL_1994-2025.pdf,GWRA_2025.pdf,NULL,local_pdf,local_pdf,official_web_fallback,pdf_text,pdf_table,NULL,4583,NULL,NULL,https://cgwb.gov.in
nagaland,mokokchung,mangkolemba,mangkolemba,Lampi,Lampi Station,26.45833,94.36944,2014,3,Pre-monsoon,3.17,2025.0,Safe,0.0624481,0.056203,0.0009540999999999,1.7,NULL,NULL,normalized_exact,0.7,valid,Pre-monsoon_WL_1994-2025.pdf,GWRA_2025.pdf,NULL,local_pdf,local_pdf,official_web_fallback,pdf_text,pdf_table,NULL,4583,NULL,NULL,https://cgwb.gov.in
nagaland,mon,mon,mon,Namsa,Namsa Station,26.85833,94.94167,2014,3,Pre-monsoon,4.25,2025.0,Safe,0.0443039,0.0398736,0.0014663999999999,3.68,NULL,NULL,normalized_exact,0.7,valid,Pre-monsoon_WL_1994-2025.pdf,GWRA_2025.pdf,NULL,local_pdf,local_pdf,official_web_fallback,pdf_text,pdf_table,NULL,4583,NULL,NULL,https://cgwb.gov.in
nagaland,peren,jalukie,jalukie,Jalukie,Jalukie Station,25.63333,93.65,2014,3,Pre-monsoon,9.2,2025.0,Safe,0.0450353999999999,0.0405317,0.0017137,4.23,NULL,NULL,normalized_exact,0.7,valid,Pre-monsoon_WL_1994-2025.pdf,GWRA_2025.pdf,NULL,local_pdf,local_pdf,official_web_fallback,pdf_text,pdf_table,NULL,4583,NULL,NULL,https://cgwb.gov.in
nagaland,wokha,wokha,wokha,New Market (Wk),New Market (Wk) Station,26.09417,94.25639,2014,3,Pre-monsoon,11.58,2025.0,Safe,0.0763383,0.0687044,0.0017815,2.59,NULL,NULL,normalized_exact,0.7,valid,Pre-monsoon_WL_1994-2025.pdf,GWRA_2025.pdf,NULL,local_pdf,local_pdf,official_web_fallback,pdf_text,pdf_table,NULL,4583,NULL,NULL,https://cgwb.gov.in
nagaland,wokha,wokha,wokha,Tourist Lodge,Tourist Lodge Station,26.10556,94.25722,2014,3,Pre-monsoon,5.52,2025.0,Safe,0.0763383,0.0687044,0.0017815,2.59,NULL,NULL,normalized_exact,0.7,valid,Pre-monsoon_WL_1994-2025.pdf,GWRA_2025.pdf,NULL,local_pdf,local_pdf,official_web_fallback,pdf_text,pdf_table,NULL,4583,NULL,NULL,https://cgwb.gov.in
nagaland,wokha,wokha,wokha,Wokha,Wokha Station,26.17583,94.25306,2014,3,Pre-monsoon,28.08,2025.0,Safe,0.0763383,0.0687044,0.0017815,2.59,NULL,NULL,normalized_exact,0.7,valid,Pre-monsoon_WL_1994-2025.pdf,GWRA_2025.pdf,NULL,local_pdf,local_pdf,official_web_fallback,pdf_text,pdf_table,NULL,4583,NULL,NULL,https://cgwb.gov.in
nagaland,dimapur,chumukedima,chumukedima,Chumkidima,Chumkidima Station,25.8,93.79583,2013,3,Pre-monsoon,3.63,2025.0,Safe,0.2273547,0.2099807,0.0140930999999999,6.71,NULL,NULL,normalized_exact,0.7,valid,Pre-monsoon_WL_1994-2025.pdf,GWRA_2025.pdf,NULL,local_pdf,local_pdf,official_web_fallback,pdf_text,pdf_table,NULL,4931,NULL,NULL,https://cgwb.gov.in
nagaland,dimapur,chumukedima,chumukedima,Purana Bazar,Purana Bazar Station,25.915,93.74944,2013,3,Pre-monsoon,13.47,2025.0,Safe,0.2273547,0.2099807,0.0140930999999999,6.71,NULL,NULL,normalized_exact,0.7,valid,Pre-monsoon_WL_1994-2025.pdf,GWRA_2025.pdf,NULL,local_pdf,local_pdf,official_web_fallback,pdf_text,pdf_table,NULL,4931,NULL,NULL,https://cgwb.gov.in
nagaland,dimapur,chumukedima,chumukedima,Seirujha Colony Chumukedi,Seirujha Colony Chumukedi Station,25.80028,93.76194,2013,3,Pre-monsoon,13.42,2025.0,Safe,0.2273547,0.2099807,0.0140930999999999,6.71,NULL,NULL,normalized_exact,0.7,valid,Pre-monsoon_WL_1994-2025.pdf,GWRA_2025.pdf,NULL,local_pdf,local_pdf,official_web_fallback,pdf_text,pdf_table,NULL,4931,NULL,NULL,https://cgwb.gov.in
nagaland,dimapur,dhansiripar,dhansiripar,Dhansiripar,Dhansiripar Station,25.76667,93.61667,2013,3,Pre-monsoon,3.65,2025.0,Safe,0.2273547,0.2099807,0.0140930999999999,6.71,NULL,NULL,normalized_exact,0.7,valid,Pre-monsoon_WL_1994-2025.pdf,GWRA_2025.pdf,NULL,local_pdf,local_pdf,official_web_fallback,pdf_text,pdf_table,NULL,4931,NULL,NULL,https://cgwb.gov.in
nagaland,dimapur,dhansiripar,dhansiripar,Singrijan,Singrijan Station,25.83333,93.71667,2013,3,Pre-monsoon,5.39,2025.0,Safe,0.2273547,0.2099807,0.0140930999999999,6.71,NULL,NULL,normalized_exact,0.7,valid,Pre-monsoon_WL_1994-2025.pdf,GWRA_2025.pdf,NULL,local_pdf,local_pdf,official_web_fallback,pdf_text,pdf_table,NULL,4931,NULL,NULL,https://cgwb.gov.in
nagaland,dimapur,medziphema,medziphema,Industrial Estate,Industrial Estate Station,25.89944,93.69972,2013,3,Pre-monsoon,3.54,2025.0,Safe,0.2273547,0.2099807,0.0140930999999999,6.71,NULL,NULL,normalized_exact,0.7,valid,Pre-monsoon_WL_1994-2025.pdf,GWRA_2025.pdf,NULL,local_pdf,local_pdf,official_web_fallback,pdf_text,pdf_table,NULL,4931,NULL,NULL,https://cgwb.gov.in
nagaland,dimapur,medziphema,medziphema,Marwari Colony,Marwari Colony Station,25.90278,93.72917,2013,3,Pre-monsoon,4.24,2025.0,Safe,0.2273547,0.2099807,0.0140930999999999,6.71,NULL,NULL,normalized_exact,0.7,valid,Pre-monsoon_WL_1994-2025.pdf,GWRA_2025.pdf,NULL,local_pdf,local_pdf,official_web_fallback,pdf_text,pdf_table,NULL,4931,NULL,NULL,https://cgwb.gov.in
nagaland,dimapur,medziphema,medziphema,Wild Life Office Dimapur,Wild Life Office Dimapur Station,25.90556,93.7125,2013,3,Pre-monsoon,13.9,2025.0,Safe,0.2273547,0.2099807,0.0140930999999999,6.71,NULL,NULL,normalized_exact,0.7,valid,Pre-monsoon_WL_1994-2025.pdf,GWRA_2025.pdf,NULL,local_pdf,local_pdf,official_web_fallback,pdf_text,pdf_table,NULL,4931,NULL,NULL,https://cgwb.gov.in
nagaland,kohima,chiephobozou,chiephobozou,Sepfuzou Colony,Sepfuzou Colony Station,25.68417,94.10611,2013,3,Pre-monsoon,6.25,2025.0,Safe,0.0308144,0.027733,0.0021616,7.79,NULL,NULL,normalized_exact,0.7,valid,Pre-monsoon_WL_1994-2025.pdf,GWRA_2025.pdf,NULL,local_pdf,local_pdf,official_web_fallback,pdf_text,pdf_table,NULL,4931,NULL,NULL,https://cgwb.gov.in
nagaland,kohima,jakhama,jakhama,Cathedral Complex,Cathedral Complex Station,25.65,94.10694,2013,3,Pre-monsoon,2.84,2025.0,Safe,0.0308144,0.027733,0.0021616,7.79,NULL,NULL,normalized_exact,0.7,valid,Pre-monsoon_WL_1994-2025.pdf,GWRA_2025.pdf,NULL,local_pdf,local_pdf,official_web_fallback,pdf_text,pdf_table,NULL,4931,NULL,NULL,https://cgwb.gov.in
nagaland,mokokchung,mangkolemba,mangkolemba,Lampi,Lampi Station,26.45833,94.36944,2013,3,Pre-monsoon,3.32,2025.0,Safe,0.0624481,0.056203,0.0009540999999999,1.7,NULL,NULL,normalized_exact,0.7,valid,Pre-monsoon_WL_1994-2025.pdf,GWRA_2025.pdf,NULL,local_pdf,local_pdf,official_web_fallback,pdf_text,pdf_table,NULL,4931,NULL,NULL,https://cgwb.gov.in
nagaland,mon,mon,mon,Namsa,Namsa Station,26.85833,94.94167,2013,3,Pre-monsoon,4.93,2025.0,Safe,0.0443039,0.0398736,0.0014663999999999,3.68,NULL,NULL,normalized_exact,0.7,valid,Pre-monsoon_WL_1994-2025.pdf,GWRA_2025.pdf,NULL,local_pdf,local_pdf,official_web_fallback,pdf_text,pdf_table,NULL,4931,NULL,NULL,https://cgwb.gov.in
nagaland,peren,jalukie,jalukie,Jalukie,Jalukie Station,25.63333,93.65,2013,3,Pre-monsoon,8.92,2025.0,Safe,0.0450353999999999,0.0405317,0.0017137,4.23,NULL,NULL,normalized_exact,0.7,valid,Pre-monsoon_WL_1994-2025.pdf,GWRA_2025.pdf,NULL,local_pdf,local_pdf,official_web_fallback,pdf_text,pdf_table,NULL,4931,NULL,NULL,https://cgwb.gov.in
nagaland,wokha,wokha,wokha,New Market (Wk),New Market (Wk) Station,26.09417,94.25639,2013,3,Pre-monsoon,11.21,2025.0,Safe,0.0763383,0.0687044,0.0017815,2.59,NULL,NULL,normalized_exact,0.7,valid,Pre-monsoon_WL_1994-2025.pdf,GWRA_2025.pdf,NULL,local_pdf,local_pdf,official_web_fallback,pdf_text,pdf_table,NULL,4931,NULL,NULL,https://cgwb.gov.in
nagaland,wokha,wokha,wokha,Tourist Lodge,Tourist Lodge Station,26.10556,94.25722,2013,3,Pre-monsoon,5.63,2025.0,Safe,0.0763383,0.0687044,0.0017815,2.59,NULL,NULL,normalized_exact,0.7,valid,Pre-monsoon_WL_1994-2025.pdf,GWRA_2025.pdf,NULL,local_pdf,local_pdf,official_web_fallback,pdf_text,pdf_table,NULL,4931,NULL,NULL,https://cgwb.gov.in
nagaland,dimapur,chumukedima,chumukedima,Chumkidima,Chumkidima Station,25.8,93.79583,2012,3,Pre-monsoon,4.18,2025.0,Safe,0.2273547,0.2099807,0.0140930999999999,6.71,NULL,NULL,normalized_exact,0.7,valid,Pre-monsoon_WL_1994-2025.pdf,GWRA_2025.pdf,NULL,local_pdf,local_pdf,official_web_fallback,pdf_text,pdf_table,NULL,5222,NULL,NULL,https://cgwb.gov.in
nagaland,dimapur,dhansiripar,dhansiripar,Dhansiripar,Dhansiripar Station,25.76667,93.61667,2012,3,Pre-monsoon,4.2,2025.0,Safe,0.2273547,0.2099807,0.0140930999999999,6.71,NULL,NULL,normalized_exact,0.7,valid,Pre-monsoon_WL_1994-2025.pdf,GWRA_2025.pdf,NULL,local_pdf,local_pdf,official_web_fallback,pdf_text,pdf_table,NULL,5222,NULL,NULL,https://cgwb.gov.in
nagaland,dimapur,dhansiripar,dhansiripar,Singrijan,Singrijan Station,25.83333,93.71667,2012,3,Pre-monsoon,6.9,2025.0,Safe,0.2273547,0.2099807,0.0140930999999999,6.71,NULL,NULL,normalized_exact,0.7,valid,Pre-monsoon_WL_1994-2025.pdf,GWRA_2025.pdf,NULL,local_pdf,local_pdf,official_web_fallback,pdf_text,pdf_table,NULL,5222,NULL,NULL,https://cgwb.gov.in
nagaland,dimapur,medziphema,medziphema,Wild Life Office Dimapur,Wild Life Office Dimapur Station,25.90556,93.7125,2012,3,Pre-monsoon,11.23,2025.0,Safe,0.2273547,0.2099807,0.0140930999999999,6.71,NULL,NULL,normalized_exact,0.7,valid,Pre-monsoon_WL_1994-2025.pdf,GWRA_2025.pdf,NULL,local_pdf,local_pdf,official_web_fallback,pdf_text,pdf_table,NULL,5222,NULL,NULL,https://cgwb.gov.in
nagaland,mokokchung,mangkolemba,mangkolemba,Lampi,Lampi Station,26.45833,94.36944,2012,3,Pre-monsoon,3.23,2025.0,Safe,0.0624481,0.056203,0.0009540999999999,1.7,NULL,NULL,normalized_exact,0.7,valid,Pre-monsoon_WL_1994-2025.pdf,GWRA_2025.pdf,NULL,local_pdf,local_pdf,official_web_fallback,pdf_text,pdf_table,NULL,5222,NULL,NULL,https://cgwb.gov.in
nagaland,peren,jalukie,jalukie,Jalukie,Jalukie Station,25.63333,93.65,2012,3,Pre-monsoon,8.54,2025.0,Safe,0.0450353999999999,0.0405317,0.0017137,4.23,NULL,NULL,normalized_exact,0.7,valid,Pre-monsoon_WL_1994-2025.pdf,GWRA_2025.pdf,NULL,local_pdf,local_pdf,official_web_fallback,pdf_text,pdf_table,NULL,5222,NULL,NULL,https://cgwb.gov.in
nagaland,dimapur,chumukedima,chumukedima,Chumkidima,Chumkidima Station,25.8,93.79583,2011,3,Pre-monsoon,3.74,2025.0,Safe,0.2273547,0.2099807,0.0140930999999999,6.71,NULL,NULL,normalized_exact,0.7,valid,Pre-monsoon_WL_1994-2025.pdf,GWRA_2025.pdf,NULL,local_pdf,local_pdf,official_web_fallback,pdf_text,pdf_table,NULL,5490,NULL,NULL,https://cgwb.gov.in
nagaland,dimapur,chumukedima,chumukedima,Purana Bazar,Purana Bazar Station,25.915,93.74944,2011,3,Pre-monsoon,9.83,2025.0,Safe,0.2273547,0.2099807,0.0140930999999999,6.71,NULL,NULL,normalized_exact,0.7,valid,Pre-monsoon_WL_1994-2025.pdf,GWRA_2025.pdf,NULL,local_pdf,local_pdf,official_web_fallback,pdf_text,pdf_table,NULL,5490,NULL,NULL,https://cgwb.gov.in
nagaland,dimapur,chumukedima,chumukedima,Seirujha Colony Chumukedi,Seirujha Colony Chumukedi Station,25.80028,93.76194,2011,3,Pre-monsoon,14.2,2025.0,Safe,0.2273547,0.2099807,0.0140930999999999,6.71,NULL,NULL,normalized_exact,0.7,valid,Pre-monsoon_WL_1994-2025.pdf,GWRA_2025.pdf,NULL,local_pdf,local_pdf,official_web_fallback,pdf_text,pdf_table,NULL,5490,NULL,NULL,https://cgwb.gov.in
nagaland,dimapur,dhansiripar,dhansiripar,Dhansiripar,Dhansiripar Station,25.76667,93.61667,2011,3,Pre-monsoon,1.95,2025.0,Safe,0.2273547,0.2099807,0.0140930999999999,6.71,NULL,NULL,normalized_exact,0.7,valid,Pre-monsoon_WL_1994-2025.pdf,GWRA_2025.pdf,NULL,local_pdf,local_pdf,official_web_fallback,pdf_text,pdf_table,NULL,5490,NULL,NULL,https://cgwb.gov.in
nagaland,dimapur,dhansiripar,dhansiripar,Singrijan,Singrijan Station,25.83333,93.71667,2011,3,Pre-monsoon,5.99,2025.0,Safe,0.2273547,0.2099807,0.0140930999999999,6.71,NULL,NULL,normalized_exact,0.7,valid,Pre-monsoon_WL_1994-2025.pdf,GWRA_2025.pdf,NULL,local_pdf,local_pdf,official_web_fallback,pdf_text,pdf_table,NULL,5490,NULL,NULL,https://cgwb.gov.in
nagaland,dimapur,medziphema,medziphema,Industrial Estate,Industrial Estate Station,25.89944,93.69972,2011,3,Pre-monsoon,4.16,2025.0,Safe,0.2273547,0.2099807,0.0140930999999999,6.71,NULL,NULL,normalized_exact,0.7,valid,Pre-monsoon_WL_1994-2025.pdf,GWRA_2025.pdf,NULL,local_pdf,local_pdf,official_web_fallback,pdf_text,pdf_table,NULL,5490,NULL,NULL,https://cgwb.gov.in
nagaland,dimapur,medziphema,medziphema,Marwari Colony,Marwari Colony Station,25.90278,93.72917,2011,3,Pre-monsoon,5.16,2025.0,Safe,0.2273547,0.2099807,0.0140930999999999,6.71,NULL,NULL,normalized_exact,0.7,valid,Pre-monsoon_WL_1994-2025.pdf,GWRA_2025.pdf,NULL,local_pdf,local_pdf,official_web_fallback,pdf_text,pdf_table,NULL,5490,NULL,NULL,https://cgwb.gov.in
nagaland,dimapur,medziphema,medziphema,Wild Life Office Dimapur,Wild Life Office Dimapur Station,25.90556,93.7125,2011,3,Pre-monsoon,15.6,2025.0,Safe,0.2273547,0.2099807,0.0140930999999999,6.71,NULL,NULL,normalized_exact,0.7,valid,Pre-monsoon_WL_1994-2025.pdf,GWRA_2025.pdf,NULL,local_pdf,local_pdf,official_web_fallback,pdf_text,pdf_table,NULL,5490,NULL,NULL,https://cgwb.gov.in
nagaland,kohima,chiephobozou,chiephobozou,Sepfuzou Colony,Sepfuzou Colony Station,25.68417,94.10611,2011,3,Pre-monsoon,7.2,2025.0,Safe,0.0308144,0.027733,0.0021616,7.79,NULL,NULL,normalized_exact,0.7,valid,Pre-monsoon_WL_1994-2025.pdf,GWRA_2025.pdf,NULL,local_pdf,local_pdf,official_web_fallback,pdf_text,pdf_table,NULL,5490,NULL,NULL,https://cgwb.gov.in
nagaland,kohima,jakhama,jakhama,Cathedral Complex,Cathedral Complex Station,25.65,94.10694,2011,3,Pre-monsoon,3.78,2025.0,Safe,0.0308144,0.027733,0.0021616,7.79,NULL,NULL,normalized_exact,0.7,valid,Pre-monsoon_WL_1994-2025.pdf,GWRA_2025.pdf,NULL,local_pdf,local_pdf,official_web_fallback,pdf_text,pdf_table,NULL,5490,NULL,NULL,https://cgwb.gov.in
nagaland,mokokchung,mangkolemba,mangkolemba,Lampi,Lampi Station,26.45833,94.36944,2011,3,Pre-monsoon,3.2,2025.0,Safe,0.0624481,0.056203,0.0009540999999999,1.7,NULL,NULL,normalized_exact,0.7,valid,Pre-monsoon_WL_1994-2025.pdf,GWRA_2025.pdf,NULL,local_pdf,local_pdf,official_web_fallback,pdf_text,pdf_table,NULL,5490,NULL,NULL,https://cgwb.gov.in
nagaland,mon,mon,mon,Namsa,Namsa Station,26.85833,94.94167,2011,3,Pre-monsoon,4.3,2025.0,Safe,0.0443039,0.0398736,0.0014663999999999,3.68,NULL,NULL,normalized_exact,0.7,valid,Pre-monsoon_WL_1994-2025.pdf,GWRA_2025.pdf,NULL,local_pdf,local_pdf,official_web_fallback,pdf_text,pdf_table,NULL,5490,NULL,NULL,https://cgwb.gov.in
nagaland,peren,jalukie,jalukie,Jalukie,Jalukie Station,25.63333,93.65,2011,3,Pre-monsoon,9.3,2025.0,Safe,0.0450353999999999,0.0405317,0.0017137,4.23,NULL,NULL,normalized_exact,0.7,valid,Pre-monsoon_WL_1994-2025.pdf,GWRA_2025.pdf,NULL,local_pdf,local_pdf,official_web_fallback,pdf_text,pdf_table,NULL,5490,NULL,NULL,https://cgwb.gov.in
nagaland,wokha,wokha,wokha,New Market (Wk),New Market (Wk) Station,26.09417,94.25639,2011,3,Pre-monsoon,3.04,2025.0,Safe,0.0763383,0.0687044,0.0017815,2.59,NULL,NULL,normalized_exact,0.7,valid,Pre-monsoon_WL_1994-2025.pdf,GWRA_2025.pdf,NULL,local_pdf,local_pdf,official_web_fallback,pdf_text,pdf_table,NULL,5490,NULL,NULL,https://cgwb.gov.in
nagaland,wokha,wokha,wokha,Tourist Lodge,Tourist Lodge Station,26.10556,94.25722,2011,3,Pre-monsoon,7.14,2025.0,Safe,0.0763383,0.0687044,0.0017815,2.59,NULL,NULL,normalized_exact,0.7,valid,Pre-monsoon_WL_1994-2025.pdf,GWRA_2025.pdf,NULL,local_pdf,local_pdf,official_web_fallback,pdf_text,pdf_table,NULL,5490,NULL,NULL,https://cgwb.gov.in
nagaland,dimapur,chumukedima,chumukedima,Purana Bazar,Purana Bazar Station,25.915,93.74944444,2001,4,Pre-monsoon,4.0,2025.0,Safe,0.2273547,0.2099807,0.0140930999999999,6.71,NULL,NULL,normalized_exact,0.7,valid,Pre-monsoon_WL_1994-2025.pdf,GWRA_2025.pdf,NULL,local_pdf,local_pdf,official_web_fallback,pdf_text,pdf_table,NULL,8193,NULL,NULL,https://cgwb.gov.in
nagaland,dimapur,medziphema,medziphema,Industrial Estate,Industrial Estate Station,25.8994444,93.69972222,2001,4,Pre-monsoon,3.4,2025.0,Safe,0.2273547,0.2099807,0.0140930999999999,6.71,NULL,NULL,normalized_exact,0.7,valid,Pre-monsoon_WL_1994-2025.pdf,GWRA_2025.pdf,NULL,local_pdf,local_pdf,official_web_fallback,pdf_text,pdf_table,NULL,8193,NULL,NULL,https://cgwb.gov.in
nagaland,dimapur,medziphema,medziphema,Marwari Colony,Marwari Colony Station,25.9027778,93.72916667,2001,4,Pre-monsoon,5.68,2025.0,Safe,0.2273547,0.2099807,0.0140930999999999,6.71,NULL,NULL,normalized_exact,0.7,valid,Pre-monsoon_WL_1994-2025.pdf,GWRA_2025.pdf,NULL,local_pdf,local_pdf,official_web_fallback,pdf_text,pdf_table,NULL,8193,NULL,NULL,https://cgwb.gov.in
nagaland,kohima,chiephobozou,chiephobozou,Sepfuzou Colony,Sepfuzou Colony Station,25.6841667,94.10611111,2001,4,Pre-monsoon,6.24,2025.0,Safe,0.0308144,0.027733,0.0021616,7.79,NULL,NULL,normalized_exact,0.7,valid,Pre-monsoon_WL_1994-2025.pdf,GWRA_2025.pdf,NULL,local_pdf,local_pdf,official_web_fallback,pdf_text,pdf_table,NULL,8193,NULL,NULL,https://cgwb.gov.in
nagaland,kohima,jakhama,jakhama,Cathedral Complex,Cathedral Complex Station,25.65,94.10694444,2001,4,Pre-monsoon,2.98,2025.0,Safe,0.0308144,0.027733,0.0021616,7.79,NULL,NULL,normalized_exact,0.7,valid,Pre-monsoon_WL_1994-2025.pdf,GWRA_2025.pdf,NULL,local_pdf,local_pdf,official_web_fallback,pdf_text,pdf_table,NULL,8193,NULL,NULL,https://cgwb.gov.in
nagaland,mon,mon,mon,Namsa,Namsa Station,26.85833,94.94167,2000,4,Pre-monsoon,1.37,2025.0,Safe,0.0443039,0.0398736,0.0014663999999999,3.68,NULL,NULL,normalized_exact,0.7,valid,Pre-monsoon_WL_1994-2025.pdf,GWRA_2025.pdf,NULL,local_pdf,local_pdf,official_web_fallback,pdf_text,pdf_table,NULL,8468,NULL,NULL,https://cgwb.gov.in
nagaland,mon,mon,mon,Namsa,Namsa Station,26.85833,94.94167,1998,4,Pre-monsoon,1.92,2025.0,Safe,0.0443039,0.0398736,0.0014663999999999,3.68,NULL,NULL,normalized_exact,0.7,valid,Pre-monsoon_WL_1994-2025.pdf,GWRA_2025.pdf,NULL,local_pdf,local_pdf,official_web_fallback,pdf_text,pdf_table,NULL,9034,NULL,NULL,https://cgwb.gov.in
nagaland,mon,mon,mon,Namsa,Namsa Station,26.85833,94.94167,1997,4,Pre-monsoon,2.11,2025.0,Safe,0.0443039,0.0398736,0.0014663999999999,3.68,NULL,NULL,normalized_exact,0.7,valid,Pre-monsoon_WL_1994-2025.pdf,GWRA_2025.pdf,NULL,local_pdf,local_pdf,official_web_fallback,pdf_text,pdf_table,NULL,9319,NULL,NULL,https://cgwb.gov.in
nagaland,mokokchung,mangkolemba,mangkolemba,Lampi,Lampi Station,26.45833,94.36944,1996,4,Pre-monsoon,3.01,2025.0,Safe,0.0624481,0.056203,0.0009540999999999,1.7,NULL,NULL,normalized_exact,0.7,valid,Pre-monsoon_WL_1994-2025.pdf,GWRA_2025.pdf,NULL,local_pdf,local_pdf,official_web_fallback,pdf_text,pdf_table,NULL,9603,NULL,NULL,https://cgwb.gov.in
nagaland,mon,mon,mon,Namsa,Namsa Station,26.85833,94.94167,1996,4,Pre-monsoon,1.91,2025.0,Safe,0.0443039,0.0398736,0.0014663999999999,3.68,NULL,NULL,normalized_exact,0.7,valid,Pre-monsoon_WL_1994-2025.pdf,GWRA_2025.pdf,NULL,local_pdf,local_pdf,official_web_fallback,pdf_text,pdf_table,NULL,9603,NULL,NULL,https://cgwb.gov.in
nagaland,mon,mon,mon,Namsa,Namsa Station,26.85833,94.94167,1994,4,Pre-monsoon,1.79,2025.0,Safe,0.0443039,0.0398736,0.0014663999999999,3.68,NULL,NULL,normalized_exact,0.7,valid,Pre-monsoon_WL_1994-2025.pdf,GWRA_2025.pdf,NULL,local_pdf,local_pdf,official_web_fallback,pdf_text,pdf_table,NULL,10157,NULL,NULL,https://cgwb.gov.in
nagaland,dimapur,chumukedima,chumukedima,3 Mile Bazar,3 Mile Bazar Station,25.88056,93.76222,2026,1,January,5.24,2025.0,Safe,0.2273547,0.2099807,0.0140930999999999,6.71,NULL,NULL,normalized_exact,0.7,valid,January 2026.xlsx.pdf,GWRA_2025.pdf,NULL,local_pdf,local_pdf,official_web_fallback,pdf_text,pdf_table,NULL,268,NULL,NULL,https://cgwb.gov.in
nagaland,dimapur,chumukedima,chumukedima,7Th Mile Colony,7Th Mile Colony Station,25.84389,93.77417,2026,1,January,10.6,2025.0,Safe,0.2273547,0.2099807,0.0140930999999999,6.71,NULL,NULL,normalized_exact,0.7,valid,January 2026.xlsx.pdf,GWRA_2025.pdf,NULL,local_pdf,local_pdf,official_web_fallback,pdf_text,pdf_table,NULL,268,NULL,NULL,https://cgwb.gov.in
nagaland,dimapur,chumukedima,chumukedima,Bade Bazar,Bade Bazar Station,25.82583,93.68528,2026,1,January,7.2,2025.0,Safe,0.2273547,0.2099807,0.0140930999999999,6.71,NULL,NULL,normalized_exact,0.7,valid,January 2026.xlsx.pdf,GWRA_2025.pdf,NULL,local_pdf,local_pdf,official_web_fallback,pdf_text,pdf_table,NULL,268,NULL,NULL,https://cgwb.gov.in
nagaland,dimapur,chumukedima,chumukedima,Chumkidima,Chumkidima Station,25.8,93.79583,2026,1,January,4.28,2025.0,Safe,0.2273547,0.2099807,0.0140930999999999,6.71,NULL,NULL,normalized_exact,0.7,valid,January 2026.xlsx.pdf,GWRA_2025.pdf,NULL,local_pdf,local_pdf,official_web_fallback,pdf_text,pdf_table,NULL,268,NULL,NULL,https://cgwb.gov.in
nagaland,dimapur,chumukedima,chumukedima,Diphupar,Diphupar Station,25.86444,93.77333,2026,1,January,3.34,2025.0,Safe,0.2273547,0.2099807,0.0140930999999999,6.71,NULL,NULL,normalized_exact,0.7,valid,January 2026.xlsx.pdf,GWRA_2025.pdf,NULL,local_pdf,local_pdf,official_web_fallback,pdf_text,pdf_table,NULL,268,NULL,NULL,https://cgwb.gov.in
nagaland,dimapur,chumukedima,chumukedima,Kacharigaon,Kacharigaon Station,25.89156,93.69056,2026,1,January,9.0,2025.0,Safe,0.2273547,0.2099807,0.0140930999999999,6.71,NULL,NULL,normalized_exact,0.7,valid,January 2026.xlsx.pdf,GWRA_2025.pdf,NULL,local_pdf,local_pdf,official_web_fallback,pdf_text,pdf_table,NULL,268,NULL,NULL,https://cgwb.gov.in
nagaland,dimapur,chumukedima,chumukedima,Model Colony,Model Colony Station,25.91569,93.74824,2026,1,January,3.67,2025.0,Safe,0.2273547,0.2099807,0.0140930999999999,6.71,NULL,NULL,normalized_exact,0.7,valid,January 2026.xlsx.pdf,GWRA_2025.pdf,NULL,local_pdf,local_pdf,official_web_fallback,pdf_text,pdf_table,NULL,268,NULL,NULL,https://cgwb.gov.in
nagaland,dimapur,chumukedima,chumukedima,Thilaxu Block,Thilaxu Block Station,25.87722,93.7375,2026,1,January,10.34,2025.0,Safe,0.2273547,0.2099807,0.0140930999999999,6.71,NULL,NULL,normalized_exact,0.7,valid,January 2026.xlsx.pdf,GWRA_2025.pdf,NULL,local_pdf,local_pdf,official_web_fallback,pdf_text,pdf_table,NULL,268,NULL,NULL,https://cgwb.gov.in
nagaland,dimapur,dhansiripar,dhansiripar,Doyabur,Doyabur Station,25.76111,93.60056,2026,1,January,6.17,2025.0,Safe,0.2273547,0.2099807,0.0140930999999999,6.71,NULL,NULL,normalized_exact,0.7,valid,January 2026.xlsx.pdf,GWRA_2025.pdf,NULL,local_pdf,local_pdf,official_web_fallback,pdf_text,pdf_table,NULL,268,NULL,NULL,https://cgwb.gov.in
nagaland,dimapur,dhansiripar,dhansiripar,Pimla,Pimla Station,25.73583,93.68666,2026,1,January,5.58,2025.0,Safe,0.2273547,0.2099807,0.0140930999999999,6.71,NULL,NULL,normalized_exact,0.7,valid,January 2026.xlsx.pdf,GWRA_2025.pdf,NULL,local_pdf,local_pdf,official_web_fallback,pdf_text,pdf_table,NULL,268,NULL,NULL,https://cgwb.gov.in
nagaland,dimapur,dhansiripar,dhansiripar,Singrijan,Singrijan Station,25.83333,93.71667,2026,1,January,5.32,2025.0,Safe,0.2273547,0.2099807,0.0140930999999999,6.71,NULL,NULL,normalized_exact,0.7,valid,January 2026.xlsx.pdf,GWRA_2025.pdf,NULL,local_pdf,local_pdf,official_web_fallback,pdf_text,pdf_table,NULL,268,NULL,NULL,https://cgwb.gov.in
nagaland,dimapur,kuhuboto,kuhuboto,Old Showuba,Old Showuba Station,25.85869,93.81163,2026,1,January,2.34,2025.0,Safe,0.2273547,0.2099807,0.0140930999999999,6.71,NULL,NULL,normalized_exact,0.7,valid,January 2026.xlsx.pdf,GWRA_2025.pdf,NULL,local_pdf,local_pdf,official_web_fallback,pdf_text,pdf_table,NULL,268,NULL,NULL,https://cgwb.gov.in
nagaland,dimapur,kuhuboto,kuhuboto,Vihokhu,Vihokhu Station,25.87042,93.86407,2026,1,January,1.52,2025.0,Safe,0.2273547,0.2099807,0.0140930999999999,6.71,NULL,NULL,normalized_exact,0.7,valid,January 2026.xlsx.pdf,GWRA_2025.pdf,NULL,local_pdf,local_pdf,official_web_fallback,pdf_text,pdf_table,NULL,268,NULL,NULL,https://cgwb.gov.in
nagaland,dimapur,medziphema,medziphema,CHC Medziphema,CHC Medziphema Station,25.76236,93.88403,2026,1,January,5.24,2025.0,Safe,0.2273547,0.2099807,0.0140930999999999,6.71,NULL,NULL,normalized_exact,0.7,valid,January 2026.xlsx.pdf,GWRA_2025.pdf,NULL,local_pdf,local_pdf,official_web_fallback,pdf_text,pdf_table,NULL,268,NULL,NULL,https://cgwb.gov.in
nagaland,dimapur,medziphema,medziphema,Kuki Dolong,Kuki Dolong Station,25.76849,93.82097,2026,1,January,2.86,2025.0,Safe,0.2273547,0.2099807,0.0140930999999999,6.71,NULL,NULL,normalized_exact,0.7,valid,January 2026.xlsx.pdf,GWRA_2025.pdf,NULL,local_pdf,local_pdf,official_web_fallback,pdf_text,pdf_table,NULL,268,NULL,NULL,https://cgwb.gov.in
nagaland,dimapur,medziphema,medziphema,Marwari Colony,Marwari Colony Station,25.90278,93.72916,2026,1,January,2.95,2025.0,Safe,0.2273547,0.2099807,0.0140930999999999,6.71,NULL,NULL,normalized_exact,0.7,valid,January 2026.xlsx.pdf,GWRA_2025.pdf,NULL,local_pdf,local_pdf,official_web_fallback,pdf_text,pdf_table,NULL,268,NULL,NULL,https://cgwb.gov.in
nagaland,dimapur,medziphema,medziphema,Piphema,Piphema Station,25.75448,93.95539,2026,1,January,6.54,2025.0,Safe,0.2273547,0.2099807,0.0140930999999999,6.71,NULL,NULL,normalized_exact,0.7,valid,January 2026.xlsx.pdf,GWRA_2025.pdf,NULL,local_pdf,local_pdf,official_web_fallback,pdf_text,pdf_table,NULL,268,NULL,NULL,https://cgwb.gov.in
nagaland,dimapur,medziphema,medziphema,Rilayan Colony,Rilayan Colony Station,25.90278,93.68444,2026,1,January,19.59,2025.0,Safe,0.2273547,0.2099807,0.0140930999999999,6.71,NULL,NULL,normalized_exact,0.7,valid,January 2026.xlsx.pdf,GWRA_2025.pdf,NULL,local_pdf,local_pdf,official_web_fallback,pdf_text,pdf_table,NULL,268,NULL,NULL,https://cgwb.gov.in
nagaland,dimapur,medziphema,medziphema,Seithekima,Seithekima Station,25.80933,93.79916,2026,1,January,1.72,2025.0,Safe,0.2273547,0.2099807,0.0140930999999999,6.71,NULL,NULL,normalized_exact,0.7,valid,January 2026.xlsx.pdf,GWRA_2025.pdf,NULL,local_pdf,local_pdf,official_web_fallback,pdf_text,pdf_table,NULL,268,NULL,NULL,https://cgwb.gov.in
nagaland,dimapur,medziphema,medziphema,Seiuruzha Bazar,Seiuruzha Bazar Station,25.80079,93.76372,2026,1,January,2.87,2025.0,Safe,0.2273547,0.2099807,0.0140930999999999,6.71,NULL,NULL,normalized_exact,0.7,valid,January 2026.xlsx.pdf,GWRA_2025.pdf,NULL,local_pdf,local_pdf,official_web_fallback,pdf_text,pdf_table,NULL,268,NULL,NULL,https://cgwb.gov.in
nagaland,dimapur,medziphema,medziphema,Shokhuvi,Shokhuvi Station,25.76451,93.71977,2026,1,January,2.83,2025.0,Safe,0.2273547,0.2099807,0.0140930999999999,6.71,NULL,NULL,normalized_exact,0.7,valid,January 2026.xlsx.pdf,GWRA_2025.pdf,NULL,local_pdf,local_pdf,official_web_fallback,pdf_text,pdf_table,NULL,268,NULL,NULL,https://cgwb.gov.in
nagaland,dimapur,medziphema,medziphema,Zakesatho Colony,Zakesatho Colony Station,25.91833,93.72889,2026,1,January,7.99,2025.0,Safe,0.2273547,0.2099807,0.0140930999999999,6.71,NULL,NULL,normalized_exact,0.7,valid,January 2026.xlsx.pdf,GWRA_2025.pdf,NULL,local_pdf,local_pdf,official_web_fallback,pdf_text,pdf_table,NULL,268,NULL,NULL,https://cgwb.gov.in
nagaland,dimapur,niuland,niuland,Dc Office,Dc Office Station,25.93171,93.96775,2026,1,January,6.83,2025.0,Safe,0.2273547,0.2099807,0.0140930999999999,6.71,NULL,NULL,normalized_exact,0.7,valid,January 2026.xlsx.pdf,GWRA_2025.pdf,NULL,local_pdf,local_pdf,official_web_fallback,pdf_text,pdf_table,NULL,268,NULL,NULL,https://cgwb.gov.in
nagaland,dimapur,niuland,niuland,Hozukhe,Hozukhe Station,25.90277,93.95495,2026,1,January,5.79,2025.0,Safe,0.2273547,0.2099807,0.0140930999999999,6.71,NULL,NULL,normalized_exact,0.7,valid,January 2026.xlsx.pdf,GWRA_2025.pdf,NULL,local_pdf,local_pdf,official_web_fallback,pdf_text,pdf_table,NULL,268,NULL,NULL,https://cgwb.gov.in
nagaland,dimapur,niuland,niuland,Nihokhu,Nihokhu Station,25.88619,93.90513,2026,1,January,4.48,2025.0,Safe,0.2273547,0.2099807,0.0140930999999999,6.71,NULL,NULL,normalized_exact,0.7,valid,January 2026.xlsx.pdf,GWRA_2025.pdf,NULL,local_pdf,local_pdf,official_web_fallback,pdf_text,pdf_table,NULL,268,NULL,NULL,https://cgwb.gov.in
nagaland,dimapur,niuland,niuland,Nikhekhu,Nikhekhu Station,25.89327,93.93265,2026,1,January,10.36,2025.0,Safe,0.2273547,0.2099807,0.0140930999999999,6.71,NULL,NULL,normalized_exact,0.7,valid,January 2026.xlsx.pdf,GWRA_2025.pdf,NULL,local_pdf,local_pdf,official_web_fallback,pdf_text,pdf_table,NULL,268,NULL,NULL,https://cgwb.gov.in
nagaland,dimapur,niuland,niuland,Nuiland Town (Project Colo,Nuiland Town (Project Colo Station,25.92079,93.96577,2026,1,January,5.61,2025.0,Safe,0.2273547,0.2099807,0.0140930999999999,6.71,NULL,NULL,normalized_exact,0.7,valid,January 2026.xlsx.pdf,GWRA_2025.pdf,NULL,local_pdf,local_pdf,official_web_fallback,pdf_text,pdf_table,NULL,268,NULL,NULL,https://cgwb.gov.in
nagaland,kohima,chiephobozou,chiephobozou,Chiechama,Chiechama Station,25.81221,94.14026,2026,1,January,3.64,2025.0,Safe,0.0308144,0.027733,0.0021616,7.79,NULL,NULL,normalized_exact,0.7,valid,January 2026.xlsx.pdf,GWRA_2025.pdf,NULL,local_pdf,local_pdf,official_web_fallback,pdf_text,pdf_table,NULL,268,NULL,NULL,https://cgwb.gov.in
nagaland,kohima,chiephobozou,chiephobozou,New Market,New Market Station,25.66934,94.09969,2026,1,January,5.26,2025.0,Safe,0.0308144,0.027733,0.0021616,7.79,NULL,NULL,normalized_exact,0.7,valid,January 2026.xlsx.pdf,GWRA_2025.pdf,NULL,local_pdf,local_pdf,official_web_fallback,pdf_text,pdf_table,NULL,268,NULL,NULL,https://cgwb.gov.in
nagaland,kohima,chiephobozou,chiephobozou,New Secretariat,New Secretariat Station,25.70939,94.10149,2026,1,January,6.72,2025.0,Safe,0.0308144,0.027733,0.0021616,7.79,NULL,NULL,normalized_exact,0.7,valid,January 2026.xlsx.pdf,GWRA_2025.pdf,NULL,local_pdf,local_pdf,official_web_fallback,pdf_text,pdf_table,NULL,268,NULL,NULL,https://cgwb.gov.in
nagaland,kohima,chiephobozou,chiephobozou,Thezema,Thezema Station,25.74228,94.10956,2026,1,January,15.08,2025.0,Safe,0.0308144,0.027733,0.0021616,7.79,NULL,NULL,normalized_exact,0.7,valid,January 2026.xlsx.pdf,GWRA_2025.pdf,NULL,local_pdf,local_pdf,official_web_fallback,pdf_text,pdf_table,NULL,269,NULL,NULL,https://cgwb.gov.in
nagaland,kohima,jakhama,jakhama,Phesama,Phesama Station,25.62729,94.11324,2026,1,January,3.01,2025.0,Safe,0.0308144,0.027733,0.0021616,7.79,NULL,NULL,normalized_exact,0.7,valid,January 2026.xlsx.pdf,GWRA_2025.pdf,NULL,local_pdf,local_pdf,official_web_fallback,pdf_text,pdf_table,NULL,269,NULL,NULL,https://cgwb.gov.in
nagaland,kohima,kohima,kohima,Keyake Bsf Camp,Keyake Bsf Camp Station,25.68138,94.12573,2026,1,January,7.22,2025.0,Safe,0.0308144,0.027733,0.0021616,7.79,NULL,NULL,normalized_exact,0.7,valid,January 2026.xlsx.pdf,GWRA_2025.pdf,NULL,local_pdf,local_pdf,official_web_fallback,pdf_text,pdf_table,NULL,269,NULL,NULL,https://cgwb.gov.in
nagaland,kohima,kohima,kohima,Kohima Village,Kohima Village Station,25.6772,94.11492,2026,1,January,8.82,2025.0,Safe,0.0308144,0.027733,0.0021616,7.79,NULL,NULL,normalized_exact,0.7,valid,January 2026.xlsx.pdf,GWRA_2025.pdf,NULL,local_pdf,local_pdf,official_web_fallback,pdf_text,pdf_table,NULL,269,NULL,NULL,https://cgwb.gov.in
nagaland,kohima,kohima,kohima,Krouliezie,Krouliezie Station,25.68554,94.11253,2026,1,January,9.42,2025.0,Safe,0.0308144,0.027733,0.0021616,7.79,NULL,NULL,normalized_exact,0.7,valid,January 2026.xlsx.pdf,GWRA_2025.pdf,NULL,local_pdf,local_pdf,official_web_fallback,pdf_text,pdf_table,NULL,269,NULL,NULL,https://cgwb.gov.in
nagaland,kohima,kohima,kohima,Naga Hospital Kohima,Naga Hospital Kohima Station,25.66903,94.09952,2026,1,January,10.2,2025.0,Safe,0.0308144,0.027733,0.0021616,7.79,NULL,NULL,normalized_exact,0.7,valid,January 2026.xlsx.pdf,GWRA_2025.pdf,NULL,local_pdf,local_pdf,official_web_fallback,pdf_text,pdf_table,NULL,269,NULL,NULL,https://cgwb.gov.in
nagaland,kohima,sechu zubza,sechu zubza,Peducha,Peducha Station,25.73811,94.00655,2026,1,January,0.6,2025.0,Safe,0.0308144,0.027733,0.0021616,7.79,NULL,NULL,normalized_exact,0.7,valid,January 2026.xlsx.pdf,GWRA_2025.pdf,NULL,local_pdf,local_pdf,official_web_fallback,pdf_text,pdf_table,NULL,269,NULL,NULL,https://cgwb.gov.in
nagaland,kohima,sechu zubza,sechu zubza,Sechu Zubza,Sechu Zubza Station,25.72552,94.03786,2026,1,January,4.22,2025.0,Safe,0.0308144,0.027733,0.0021616,7.79,NULL,NULL,normalized_exact,0.7,valid,January 2026.xlsx.pdf,GWRA_2025.pdf,NULL,local_pdf,local_pdf,official_web_fallback,pdf_text,pdf_table,NULL,269,NULL,NULL,https://cgwb.gov.in
nagaland,mokokchung,mangkolemba,mangkolemba,Longpayimsen,Longpayimsen Station,26.55053,94.38992,2026,1,January,2.46,2025.0,Safe,0.0624481,0.056203,0.0009540999999999,1.7,NULL,NULL,normalized_exact,0.7,valid,January 2026.xlsx.pdf,GWRA_2025.pdf,NULL,local_pdf,local_pdf,official_web_fallback,pdf_text,pdf_table,NULL,269,NULL,NULL,https://cgwb.gov.in
nagaland,mokokchung,mangkolemba,mangkolemba,Tzudayong Ward 2,Tzudayong Ward 2 Station,26.49366,94.43485,2026,1,January,2.93,2025.0,Safe,0.0624481,0.056203,0.0009540999999999,1.7,NULL,NULL,normalized_exact,0.7,valid,January 2026.xlsx.pdf,GWRA_2025.pdf,NULL,local_pdf,local_pdf,official_web_fallback,pdf_text,pdf_table,NULL,269,NULL,NULL,https://cgwb.gov.in
nagaland,mokokchung,mokokchung,mokokchung,Kapayong Ward,Kapayong Ward Station,26.32823,94.53387,2026,1,January,2.88,2025.0,Safe,0.0624481,0.056203,0.0009540999999999,1.7,NULL,NULL,normalized_exact,0.7,valid,January 2026.xlsx.pdf,GWRA_2025.pdf,NULL,local_pdf,local_pdf,official_web_fallback,pdf_text,pdf_table,NULL,269,NULL,NULL,https://cgwb.gov.in
nagaland,mokokchung,mokokchung,mokokchung,Yimyu Ward,Yimyu Ward Station,26.33432,94.50015,2026,1,January,8.26,2025.0,Safe,0.0624481,0.056203,0.0009540999999999,1.7,NULL,NULL,normalized_exact,0.7,valid,January 2026.xlsx.pdf,GWRA_2025.pdf,NULL,local_pdf,local_pdf,official_web_fallback,pdf_text,pdf_table,NULL,269,NULL,NULL,https://cgwb.gov.in
nagaland,mokokchung,ongpangkong(north),ongpangkong(north),D.C. Hills,D.C. Hills Station,26.32096,94.51472,2026,1,January,17.51,2025.0,Safe,0.0624481,0.056203,0.0009540999999999,1.7,NULL,NULL,normalized_exact,0.7,valid,January 2026.xlsx.pdf,GWRA_2025.pdf,NULL,local_pdf,local_pdf,official_web_fallback,pdf_text,pdf_table,NULL,269,NULL,NULL,https://cgwb.gov.in
nagaland,mokokchung,ongpangkong(north),ongpangkong(north),Sangtemla Ward,Sangtemla Ward Station,26.32487,94.51845,2026,1,January,9.17,2025.0,Safe,0.0624481,0.056203,0.0009540999999999,1.7,NULL,NULL,normalized_exact,0.7,valid,January 2026.xlsx.pdf,GWRA_2025.pdf,NULL,local_pdf,local_pdf,official_web_fallback,pdf_text,pdf_table,NULL,269,NULL,NULL,https://cgwb.gov.in
nagaland,mokokchung,tuli,tuli,Longpong Ward,Longpong Ward Station,26.65283,94.64617,2026,1,January,4.13,2025.0,Safe,0.0624481,0.056203,0.0009540999999999,1.7,NULL,NULL,normalized_exact,0.7,valid,January 2026.xlsx.pdf,GWRA_2025.pdf,NULL,local_pdf,local_pdf,official_web_fallback,pdf_text,pdf_table,NULL,269,NULL,NULL,https://cgwb.gov.in
nagaland,mokokchung,tuli,tuli,Tulikong Ward,Tulikong Ward Station,26.67876,94.64428,2026,1,January,1.29,2025.0,Safe,0.0624481,0.056203,0.0009540999999999,1.7,NULL,NULL,normalized_exact,0.7,valid,January 2026.xlsx.pdf,GWRA_2025.pdf,NULL,local_pdf,local_pdf,official_web_fallback,pdf_text,pdf_table,NULL,269,NULL,NULL,https://cgwb.gov.in
nagaland,mokokchung,tuli,tuli,Watiyongpang,Watiyongpang Station,26.75113,94.58411,2026,1,January,1.77,2025.0,Safe,0.0624481,0.056203,0.0009540999999999,1.7,NULL,NULL,normalized_exact,0.7,valid,January 2026.xlsx.pdf,GWRA_2025.pdf,NULL,local_pdf,local_pdf,official_web_fallback,pdf_text,pdf_table,NULL,269,NULL,NULL,https://cgwb.gov.in
nagaland,mon,mon,mon,Shamtham Ward,Shamtham Ward Station,26.73063,95.02982,2026,1,January,7.88,2025.0,Safe,0.0443039,0.0398736,0.0014663999999999,3.68,NULL,NULL,normalized_exact,0.7,valid,January 2026.xlsx.pdf,GWRA_2025.pdf,NULL,local_pdf,local_pdf,official_web_fallback,pdf_text,pdf_table,NULL,269,NULL,NULL,https://cgwb.gov.in
nagaland,mon,mon,mon,Tammong Village,Tammong Village Station,26.72731,95.04193,2026,1,January,4.05,2025.0,Safe,0.0443039,0.0398736,0.0014663999999999,3.68,NULL,NULL,normalized_exact,0.7,valid,January 2026.xlsx.pdf,GWRA_2025.pdf,NULL,local_pdf,local_pdf,official_web_fallback,pdf_text,pdf_table,NULL,269,NULL,NULL,https://cgwb.gov.in
nagaland,mon,mon,mon,Walo Ward,Walo Ward Station,26.72061,95.02449,2026,1,January,1.8,2025.0,Safe,0.0443039,0.0398736,0.0014663999999999,3.68,NULL,NULL,normalized_exact,0.7,valid,January 2026.xlsx.pdf,GWRA_2025.pdf,NULL,local_pdf,local_pdf,official_web_fallback,pdf_text,pdf_table,NULL,269,NULL,NULL,https://cgwb.gov.in
nagaland,mon,tizit,tizit,Industry Ward,Industry Ward Station,26.94157,95.05726,2026,1,January,2.81,2025.0,Safe,0.0443039,0.0398736,0.0014663999999999,3.68,NULL,NULL,normalized_exact,0.7,valid,January 2026.xlsx.pdf,GWRA_2025.pdf,NULL,local_pdf,local_pdf,official_web_fallback,pdf_text,pdf_table,NULL,269,NULL,NULL,https://cgwb.gov.in
nagaland,mon,tizit,tizit,Tizit Village,Tizit Village Station,26.88129,95.07476,2026,1,January,4.82,2025.0,Safe,0.0443039,0.0398736,0.0014663999999999,3.68,NULL,NULL,normalized_exact,0.7,valid,January 2026.xlsx.pdf,GWRA_2025.pdf,NULL,local_pdf,local_pdf,official_web_fallback,pdf_text,pdf_table,NULL,269,NULL,NULL,https://cgwb.gov.in
nagaland,mon,wakching,wakching,Naginimora,Naginimora Station,26.81278,94.81139,2026,1,January,6.03,2025.0,Safe,0.0443039,0.0398736,0.0014663999999999,3.68,NULL,NULL,normalized_exact,0.7,valid,January 2026.xlsx.pdf,GWRA_2025.pdf,NULL,local_pdf,local_pdf,official_web_fallback,pdf_text,pdf_table,NULL,269,NULL,NULL,https://cgwb.gov.in
nagaland,peren,jalukie,jalukie,Chc Jalukie,Chc Jalukie Station,25.65717,93.66646,2026,1,January,10.82,2025.0,Safe,0.0450353999999999,0.0405317,0.0017137,4.23,NULL,NULL,normalized_exact,0.7,valid,January 2026.xlsx.pdf,GWRA_2025.pdf,NULL,local_pdf,local_pdf,official_web_fallback,pdf_text,pdf_table,NULL,269,NULL,NULL,https://cgwb.gov.in
nagaland,peren,jalukie,jalukie,Jalukie 'B',Jalukie 'B' Station,25.6292,93.68243,2026,1,January,2.06,2025.0,Safe,0.0450353999999999,0.0405317,0.0017137,4.23,NULL,NULL,normalized_exact,0.7,valid,January 2026.xlsx.pdf,GWRA_2025.pdf,NULL,local_pdf,local_pdf,official_web_fallback,pdf_text,pdf_table,NULL,269,NULL,NULL,https://cgwb.gov.in
nagaland,peren,jalukie,jalukie,Mhainamtsi,Mhainamtsi Station,25.67019,93.70176,2026,1,January,4.81,2025.0,Safe,0.0450353999999999,0.0405317,0.0017137,4.23,NULL,NULL,normalized_exact,0.7,valid,January 2026.xlsx.pdf,GWRA_2025.pdf,NULL,local_pdf,local_pdf,official_web_fallback,pdf_text,pdf_table,NULL,269,NULL,NULL,https://cgwb.gov.in
nagaland,peren,peren,peren,Heningkunglwa,Heningkunglwa Station,25.66286,93.77959,2026,1,January,5.09,2025.0,Safe,0.0450353999999999,0.0405317,0.0017137,4.23,NULL,NULL,normalized_exact,0.7,valid,January 2026.xlsx.pdf,GWRA_2025.pdf,NULL,local_pdf,local_pdf,official_web_fallback,pdf_text,pdf_table,NULL,269,NULL,NULL,https://cgwb.gov.in
nagaland,peren,peren,peren,Zbc Peren,Zbc Peren Station,25.53938,93.73462,2026,1,January,4.62,2025.0,Safe,0.0450353999999999,0.0405317,0.0017137,4.23,NULL,NULL,normalized_exact,0.7,valid,January 2026.xlsx.pdf,GWRA_2025.pdf,NULL,local_pdf,local_pdf,official_web_fallback,pdf_text,pdf_table,NULL,269,NULL,NULL,https://cgwb.gov.in
nagaland,phek,pfutsero,pfutsero,Pwd Colony,Pwd Colony Station,25.56824,94.29247,2026,1,January,7.21,2025.0,Safe,0.0118142,0.0106327,0.0003768,3.54,NULL,NULL,normalized_exact,0.7,valid,January 2026.xlsx.pdf,GWRA_2025.pdf,NULL,local_pdf,local_pdf,official_web_fallback,pdf_text,pdf_table,NULL,269,NULL,NULL,https://cgwb.gov.in
nagaland,phek,pfutsero,pfutsero,Reku Colony,Reku Colony Station,25.5703,94.3021,2026,1,January,4.02,2025.0,Safe,0.0118142,0.0106327,0.0003768,3.54,NULL,NULL,normalized_exact,0.7,valid,January 2026.xlsx.pdf,GWRA_2025.pdf,NULL,local_pdf,local_pdf,official_web_fallback,pdf_text,pdf_table,NULL,269,NULL,NULL,https://cgwb.gov.in
nagaland,phek,phek,phek,Bethany I Colony,Bethany I Colony Station,25.71167,94.46645,2026,1,January,1.98,2025.0,Safe,0.0118142,0.0106327,0.0003768,3.54,NULL,NULL,normalized_exact,0.7,valid,January 2026.xlsx.pdf,GWRA_2025.pdf,NULL,local_pdf,local_pdf,official_web_fallback,pdf_text,pdf_table,NULL,269,NULL,NULL,https://cgwb.gov.in
nagaland,phek,phek,phek,New Colony,New Colony Station,25.70639,94.46259,2026,1,January,2.59,2025.0,Safe,0.0118142,0.0106327,0.0003768,3.54,NULL,NULL,normalized_exact,0.7,valid,January 2026.xlsx.pdf,GWRA_2025.pdf,NULL,local_pdf,local_pdf,official_web_fallback,pdf_text,pdf_table,NULL,269,NULL,NULL,https://cgwb.gov.in
nagaland,phek,phek,phek,Phek Village,Phek Village Station,25.66427,94.46945,2026,1,January,1.2,2025.0,Safe,0.0118142,0.0106327,0.0003768,3.54,NULL,NULL,normalized_exact,0.7,valid,January 2026.xlsx.pdf,GWRA_2025.pdf,NULL,local_pdf,local_pdf,official_web_fallback,pdf_text,pdf_table,NULL,269,NULL,NULL,https://cgwb.gov.in
nagaland,tseminyu,chunlikha,chunlikha,Phc Chunlika,Phc Chunlika Station,25.98492,94.23479,2026,1,January,3.08,NULL,Safe,NULL,NULL,NULL,NULL,NULL,NULL,unmatched,0.0,valid,January 2026.xlsx.pdf,NULL,NULL,local_pdf,official_web_fallback,official_web_fallback,pdf_text,NULL,NULL,269,NULL,NULL,https://cgwb.gov.in
nagaland,tseminyu,tseminyu,tseminyu,Rest House Colony,Rest House Colony Station,25.92594,94.22235,2026,1,January,13.08,NULL,Safe,NULL,NULL,NULL,NULL,NULL,NULL,unmatched,0.0,valid,January 2026.xlsx.pdf,NULL,NULL,local_pdf,official_web_fallback,official_web_fallback,pdf_text,NULL,NULL,269,NULL,NULL,https://cgwb.gov.in
nagaland,wokha,bhandari,bhandari,Merapani,Merapani Station,26.29997,94.09793,2026,1,January,2.98,2025.0,Safe,0.0763383,0.0687044,0.0017815,2.59,NULL,NULL,normalized_exact,0.7,valid,January 2026.xlsx.pdf,GWRA_2025.pdf,NULL,local_pdf,local_pdf,official_web_fallback,pdf_text,pdf_table,NULL,269,NULL,NULL,https://cgwb.gov.in
nagaland,wokha,wokha,wokha,Wokha Village T-Khel,Wokha Village T-Khel Station,26.10883,94.25291,2026,1,January,2.84,2025.0,Safe,0.0763383,0.0687044,0.0017815,2.59,NULL,NULL,normalized_exact,0.7,valid,January 2026.xlsx.pdf,GWRA_2025.pdf,NULL,local_pdf,local_pdf,official_web_fallback,pdf_text,pdf_table,NULL,269,NULL,NULL,https://cgwb.gov.in
nagaland,wokha,wokha,wokha,Zuvotong,Zuvotong Station,26.09111,94.2584,2026,1,January,2.51,2025.0,Safe,0.0763383,0.0687044,0.0017815,2.59,NULL,NULL,normalized_exact,0.7,valid,January 2026.xlsx.pdf,GWRA_2025.pdf,NULL,local_pdf,local_pdf,official_web_fallback,pdf_text,pdf_table,NULL,269,NULL,NULL,https://cgwb.gov.in
